thermocouple,experiment,measured_C,predicted_C
0.95 mm,celsio_A549_N1_n1,23.38542857142859,27.622247619047634
0.95 mm,celsio_A549_N1_n1,14.695809523809533,22.92302640559442
0.95 mm,celsio_A549_N1_n1,4.164333333333335,13.333875485272692
0.95 mm,celsio_A549_N1_n1,-5.128857142857147,3.205104825609241
0.95 mm,celsio_A549_N1_n1,-9.975095238095246,-4.247279214550781
0.95 mm,celsio_A549_N1_n1,-12.04033333333334,-9.190665546719718
0.95 mm,celsio_A549_N1_n1,-14.49500000000001,-13.530501162586999
0.95 mm,celsio_A549_N1_n1,-15.922190476190487,-17.29644876305612
0.95 mm,celsio_A549_N1_n1,-17.29957142857144,-20.230177508896855
0.95 mm,celsio_A549_N1_n1,-18.432238095238105,-21.785661195002046
0.95 mm,celsio_A549_N1_n1,-19.636904761904773,-23.76735525301688
0.95 mm,celsio_A549_N1_n1,-19.810904761904773,-26.396213960104166
0.95 mm,celsio_A549_N1_n1,-18.242761904761917,-27.86220403562765
0.95 mm,celsio_A549_N1_n1,-15.046190476190485,-8.577088710676273
0.95 mm,celsio_A549_N1_n1,-11.063142857142864,-2.5616820198623134
0.95 mm,celsio_A549_N1_n1,-7.34576190476191,-1.2222291889254822
0.95 mm,celsio_A549_N1_n1,-5.089523809523813,-1.028051766090787
0.95 mm,celsio_A549_N1_n1,-3.6810000000000027,-1.018011963308549
0.95 mm,celsio_A549_N1_n1,-2.7450952380952396,-1.011953426033858
0.95 mm,celsio_A549_N1_n1,-2.120666666666668,-1.0011910065011667
0.95 mm,celsio_A549_N1_n1,-1.662761904761906,-0.984532725950702
0.95 mm,celsio_A549_N1_n1,-1.167333333333334,-0.9609321437106111
0.95 mm,celsio_A549_N1_n1,-0.6983809523809528,-0.9291433485556361
0.95 mm,celsio_A549_N1_n1,-0.3154285714285716,-0.8880053936152739
0.95 mm,celsio_A549_N1_n1,-0.002761904761904757,-0.8360831560766275
0.95 mm,celsio_A549_N1_n3,9.053190476190483,29.868657142857167
0.95 mm,celsio_A549_N1_n3,-1.2561904761904776,23.506465034171008
0.95 mm,celsio_A549_N1_n3,-7.896571428571434,11.859981207783042
0.95 mm,celsio_A549_N1_n3,-9.719619047619055,2.2176147837364946
0.95 mm,celsio_A549_N1_n3,-11.694619047619057,-3.738366420787023
0.95 mm,celsio_A549_N1_n3,-13.385476190476199,-8.638482256335228
0.95 mm,celsio_A549_N1_n3,-14.375619047619058,-12.499468488745178
0.95 mm,celsio_A549_N1_n3,-14.45590476190477,-14.632426946077372
0.95 mm,celsio_A549_N1_n3,-15.109238095238105,-16.463365130087166
0.95 mm,celsio_A549_N1_n3,-16.027952380952392,-19.251737825912677
0.95 mm,celsio_A549_N1_n3,-15.639333333333346,-4.196182951836295
0.95 mm,celsio_A549_N1_n3,-13.730380952380962,-1.2299693549677408
0.95 mm,celsio_A549_N1_n3,-10.743190476190485,-1.0009573826903706
0.95 mm,celsio_A549_N1_n3,-6.933285714285719,-0.9545316962582402
0.95 mm,celsio_A549_N1_n3,-4.49261904761905,-0.8799582850812024
0.95 mm,celsio_A549_N1_n3,-3.121047619047621,-0.7634391616045694
0.95 mm,celsio_A549_N1_n3,-2.2587142857142872,-0.5963390990426343
0.95 mm,celsio_A549_N1_n3,-1.6246190476190485,-0.3579903883412489
0.95 mm,celsio_A549_N1_n3,-1.1197142857142866,0.0035622245280218373
0.95 mm,celsio_A549_N1_n3,-0.6365238095238099,0.6523082923479839
0.95 mm,celsio_A549_N1_n3,-0.24728571428571444,1.2505941726638727
0.95 mm,celsio_A549_N1_n3,0.08100000000000004,1.806616412452578
0.95 mm,celsio_A549_N1_n3,0.3422857142857145,2.286094415521344
0.95 mm,celsio_A549_N1_n3,0.5679523809523814,2.757732647949967
0.95 mm,celsio_A549_N1_n3,0.7706666666666673,3.1640194685792418
0.95 mm,celsio_A549_N1_n4,24.738523809523826,32.00586666666669
0.95 mm,celsio_A549_N1_n4,13.91942857142858,26.60223808986119
0.95 mm,celsio_A549_N1_n4,2.0220000000000016,15.663895726601321
0.95 mm,celsio_A549_N1_n4,-7.679190476190482,3.429067221208542
0.95 mm,celsio_A549_N1_n4,-11.64990476190477,-6.864262900255751
0.95 mm,celsio_A549_N1_n4,-13.817142857142866,-12.520666647769733
0.95 mm,celsio_A549_N1_n4,-15.70200000000001,-17.36069948268793
0.95 mm,celsio_A549_N1_n4,-17.141333333333346,-20.450339477153896
0.95 mm,celsio_A549_N1_n4,-18.278619047619063,-23.932459984992185
0.95 mm,celsio_A549_N1_n4,-18.878904761904778,-26.608865479124166
0.95 mm,celsio_A549_N1_n4,-20.11438095238097,-28.146186880314445
0.95 mm,celsio_A549_N1_n4,-20.43319047619049,-30.964953537542257
0.95 mm,celsio_A549_N1_n4,-18.990380952380967,-8.531124240709843
0.95 mm,celsio_A549_N1_n4,-16.25728571428573,-2.3376460408170674
0.95 mm,celsio_A549_N1_n4,-12.739238095238104,-1.1497352135032843
0.95 mm,celsio_A549_N1_n4,-8.952571428571435,-1.0193004660044962
0.95 mm,celsio_A549_N1_n4,-6.710000000000006,-1.0123164538281109
0.95 mm,celsio_A549_N1_n4,-4.9139047619047656,-0.9977922712864342
0.95 mm,celsio_A549_N1_n4,-3.442333333333336,-0.9728015438797379
0.95 mm,celsio_A549_N1_n4,-2.471142857142859,-0.9347362095073675
0.95 mm,celsio_A549_N1_n4,-1.76957142857143,-0.8801725661668998
0.95 mm,celsio_A549_N1_n4,-1.2523809523809533,-0.8033677796986243
0.95 mm,celsio_A549_N1_n4,-0.8718571428571436,-0.6939979080837857
0.95 mm,celsio_A549_N1_n4,-0.5547619047619051,-0.5473066185471565
0.95 mm,celsio_A549_N1_n4,-0.2524761904761907,-0.34698776710865
0.95 mm,celsio_A549_N2_n1,21.412904761904777,29.102428571428597
0.95 mm,celsio_A549_N2_n1,11.456285714285723,24.110797003649427
0.95 mm,celsio_A549_N2_n1,1.3266666666666673,14.307721584345755
0.95 mm,celsio_A549_N2_n1,-5.923047619047624,4.8298947033012025
0.95 mm,celsio_A549_N2_n1,-8.881047619047624,-1.1351050090322463
0.95 mm,celsio_A549_N2_n1,-9.64776190476191,-3.837903876220608
0.95 mm,celsio_A549_N2_n1,-11.12495238095239,-8.32818001762675
0.95 mm,celsio_A549_N2_n1,-12.510285714285722,-11.948176038004164
0.95 mm,celsio_A549_N2_n1,-13.55095238095239,-14.167167558172048
0.95 mm,celsio_A549_N2_n1,-15.151857142857153,-16.301809792766846
0.95 mm,celsio_A549_N2_n1,-15.692380952380963,-18.959106310898193
0.95 mm,celsio_A549_N2_n1,-14.87752380952382,-4.299247342568275
0.95 mm,celsio_A549_N2_n1,-12.296571428571436,-1.274898380563259
0.95 mm,celsio_A549_N2_n1,-8.871857142857149,-1.005883092762328
0.95 mm,celsio_A549_N2_n1,-5.362428571428575,-0.9794710330456983
0.95 mm,celsio_A549_N2_n1,-3.5584761904761937,-0.9259801259391498
0.95 mm,celsio_A549_N2_n1,-2.564380952380954,-0.8470474457923715
0.95 mm,celsio_A549_N2_n1,-2.0739523809523828,-0.7373114115056818
0.95 mm,celsio_A549_N2_n1,-1.4548571428571435,-0.5838473440315786
0.95 mm,celsio_A549_N2_n1,-0.8804285714285719,-0.36146842296578907
0.95 mm,celsio_A549_N2_n1,-0.3174761904761907,-0.019462319929509586
0.95 mm,celsio_A549_N2_n1,0.1492857142857144,0.5883114018457835
0.95 mm,celsio_A549_N2_n1,0.4608095238095241,1.1133946529182006
0.95 mm,celsio_A549_N2_n1,0.7330476190476196,1.6211864469106785
0.95 mm,celsio_A549_N2_n1,0.9405238095238102,2.053986521522825
0.95 mm,celsio_A549_N2_n2,12.727142857142866,30.646704761904783
0.95 mm,celsio_A549_N2_n2,1.2801904761904772,25.11573308407615
0.95 mm,celsio_A549_N2_n2,-7.970095238095245,14.469570038870936
0.95 mm,celsio_A549_N2_n2,-12.642380952380963,4.424321328317081
0.95 mm,celsio_A549_N2_n2,-13.059809523809534,-1.511488222714702
0.95 mm,celsio_A549_N2_n2,-11.983523809523817,-5.978740073367868
0.95 mm,celsio_A549_N2_n2,-9.563809523809532,-7.946907680469147
0.95 mm,celsio_A549_N2_n2,-8.427571428571435,-9.757533008713224
0.95 mm,celsio_A549_N2_n2,-9.446285714285722,-11.792301662125627
0.95 mm,celsio_A549_N2_n2,-13.571619047619055,-14.457564621365055
0.95 mm,celsio_A549_N2_n2,-16.88261904761906,-18.036353706212644
0.95 mm,celsio_A549_N2_n2,-17.049238095238106,-3.75433072254238
0.95 mm,celsio_A549_N2_n2,-14.41800000000001,-1.1536623527515881
0.95 mm,celsio_A549_N2_n2,-11.094238095238103,-0.988117515110553
0.95 mm,celsio_A549_N2_n2,-7.3302380952381,-0.9261700021899615
0.95 mm,celsio_A549_N2_n2,-5.010904761904766,-0.8236456340050496
0.95 mm,celsio_A549_N2_n2,-4.425380952380956,-0.6763601665390752
0.95 mm,celsio_A549_N2_n2,-3.174571428571431,-0.4636464436416725
0.95 mm,celsio_A549_N2_n2,-3.246047619047621,-0.12646318831981768
0.95 mm,celsio_A549_N2_n2,-3.9572857142857174,0.5231174124687816
0.95 mm,celsio_A549_N2_n2,-4.522857142857147,1.1241246077780254
0.95 mm,celsio_A549_N2_n2,-4.6479047619047655,1.68551506463714
0.95 mm,celsio_A549_N2_n2,-3.9586666666666694,2.213740116670757
0.95 mm,celsio_A549_N2_n2,-2.2268095238095253,2.642075021880711
0.95 mm,celsio_A549_N2_n2,-1.3089523809523818,3.0996232845359684
0.95 mm,celsio_A549_N2_n3,10.692238095238103,30.66582857142859
0.95 mm,celsio_A549_N2_n3,-0.14023809523809583,25.405329716806914
0.95 mm,celsio_A549_N2_n3,-7.303904761904768,14.639190979050534
0.95 mm,celsio_A549_N2_n3,-8.29576190476191,4.25114931157704
0.95 mm,celsio_A549_N2_n3,-10.503952380952388,-3.2176918453702266
0.95 mm,celsio_A549_N2_n3,-12.160190476190486,-6.912844079760097
0.95 mm,celsio_A549_N2_n3,-13.190238095238104,-11.333658758745013
0.95 mm,celsio_A549_N2_n3,-14.23857142857144,-14.95092427201661
0.95 mm,celsio_A549_N2_n3,-14.931238095238106,-17.01579619972249
0.95 mm,celsio_A549_N2_n3,-15.931333333333345,-19.132456810574496
0.95 mm,celsio_A549_N2_n3,-15.53461904761906,-3.941619872909292
0.95 mm,celsio_A549_N2_n3,-13.781095238095249,-1.158232831327393
0.95 mm,celsio_A549_N2_n3,-10.728619047619055,-0.9903364661910397
0.95 mm,celsio_A549_N2_n3,-7.513238095238101,-0.9278119553884525
0.95 mm,celsio_A549_N2_n3,-5.128000000000004,-0.8236860463427154
0.95 mm,celsio_A549_N2_n3,-3.9746190476190506,-0.6587099791765896
0.95 mm,celsio_A549_N2_n3,-2.9965238095238114,-0.41642785516629943
0.95 mm,celsio_A549_N2_n3,-2.2305238095238114,-0.0466186315952242
0.95 mm,celsio_A549_N2_n3,-1.39404761904762,0.6310897363185249
0.95 mm,celsio_A549_N2_n3,-0.6308571428571433,1.254173240510182
0.95 mm,celsio_A549_N2_n3,-0.1307142857142858,1.8322047882393326
0.95 mm,celsio_A549_N2_n3,0.2755238095238097,2.3725676228691457
0.95 mm,celsio_A549_N2_n3,0.5646666666666671,2.8810235113719562
0.95 mm,celsio_A549_N2_n3,0.8535714285714292,3.312582389536989
0.95 mm,celsio_A549_N2_n3,1.0940000000000007,3.75102967358892
0.95 mm,celsio_A549_N4_n1,26.302523809523827,31.818057142857164
0.95 mm,celsio_A549_N4_n1,15.938000000000011,26.240589112930692
0.95 mm,celsio_A549_N4_n1,4.167714285714288,16.72438009717686
0.95 mm,celsio_A549_N4_n1,-5.485142857142861,6.212214861473847
0.95 mm,celsio_A549_N4_n1,-9.634000000000007,-3.780202113527883
0.95 mm,celsio_A549_N4_n1,-11.487809523809533,-9.449638494968541
0.95 mm,celsio_A549_N4_n1,-13.826047619047628,-14.278888388073721
0.95 mm,celsio_A549_N4_n1,-15.83109523809525,-17.340773761236054
0.95 mm,celsio_A549_N4_n1,-17.5527142857143,-21.399580587430275
0.95 mm,celsio_A549_N4_n1,-17.211190476190488,-4.049893152878765
0.95 mm,celsio_A549_N4_n1,-14.914190476190488,-1.1335206179912105
0.95 mm,celsio_A549_N4_n1,-11.219476190476197,-0.9824158959530344
0.95 mm,celsio_A549_N4_n1,-7.2888571428571485,-0.905084673532216
0.95 mm,celsio_A549_N4_n1,-4.522952380952384,-0.766497907481245
0.95 mm,celsio_A549_N4_n1,-2.9860476190476213,-0.5466664980452325
0.95 mm,celsio_A549_N4_n1,-1.8462380952380966,-0.14081022927121267
0.95 mm,celsio_A549_N4_n1,-1.0269523809523817,0.597026839303309
0.95 mm,celsio_A549_N4_n1,-0.4020952380952384,1.267300727016312
0.95 mm,celsio_A549_N4_n1,0.04438095238095243,1.8862364212634537
0.95 mm,celsio_A549_N4_n1,0.4112380952380955,2.463686293004554
0.95 mm,celsio_A549_N4_n1,0.7326190476190482,3.0064681379703053
0.95 mm,celsio_A549_N4_n1,0.9576190476190483,3.519621529637131
0.95 mm,celsio_A549_N4_n1,1.1692857142857151,4.007040277889282
0.95 mm,celsio_A549_N4_n1,1.340761904761906,4.471837541154224
0.95 mm,celsio_A549_N4_n1,1.4846666666666677,4.916572958311502
0.95 mm,celsio_A549_N4_n2,27.907952380952402,30.817752380952403
0.95 mm,celsio_A549_N4_n2,18.61423809523811,25.5669764423505
0.95 mm,celsio_A549_N4_n2,7.287761904761911,15.064555843556098
0.95 mm,celsio_A549_N4_n2,-2.7293333333333356,4.4917996899416845
0.95 mm,celsio_A549_N4_n2,-8.944857142857149,-3.4351198259373303
0.95 mm,celsio_A549_N4_n2,-10.89880952380953,-8.599205297493281
0.95 mm,celsio_A549_N4_n2,-12.980333333333341,-11.951313935604613
0.95 mm,celsio_A549_N4_n2,-14.808904761904772,-16.071448090034966
0.95 mm,celsio_A549_N4_n2,-16.04404761904763,-19.37086517525733
0.95 mm,celsio_A549_N4_n2,-17.19519047619049,-20.429610780870682
0.95 mm,celsio_A549_N4_n2,-18.30019047619049,-23.526983451234802
0.95 mm,celsio_A549_N4_n2,-17.518904761904775,-5.4950057290218925
0.95 mm,celsio_A549_N4_n2,-14.630000000000011,-1.4901012986501996
0.95 mm,celsio_A549_N4_n2,-10.682333333333343,-1.0227660788524435
0.95 mm,celsio_A549_N4_n2,-6.513857142857147,-0.9982557894433638
0.95 mm,celsio_A549_N4_n2,-3.8496666666666695,-0.9620114461897297
0.95 mm,celsio_A549_N4_n2,-2.586142857142859,-0.9031717611732053
0.95 mm,celsio_A549_N4_n2,-1.685809523809525,-0.8182696645516241
0.95 mm,celsio_A549_N4_n2,-0.8926666666666674,-0.6986695665789412
0.95 mm,celsio_A549_N4_n2,-0.34523809523809545,-0.5243463262312104
0.95 mm,celsio_A549_N4_n2,0.0633333333333334,-0.24393535822767895
0.95 mm,celsio_A549_N4_n2,0.3760476190476193,0.33128593481552016
0.95 mm,celsio_A549_N4_n2,0.6157619047619052,0.6745931673087536
0.95 mm,celsio_A549_N4_n2,0.8228571428571434,1.22858662521325
0.95 mm,celsio_A549_N4_n2,1.0040952380952388,1.7607341606212978
0.95 mm,celsio_A549_N4_n3,25.442714285714302,31.03809523809526
0.95 mm,celsio_A549_N4_n3,14.973333333333343,25.85900376294743
0.95 mm,celsio_A549_N4_n3,3.3736190476190497,16.298539825214007
0.95 mm,celsio_A549_N4_n3,-6.175190476190481,6.348983396479639
0.95 mm,celsio_A549_N4_n3,-9.992761904761911,-1.1767872927994563
0.95 mm,celsio_A549_N4_n3,-11.895047619047627,-8.42168279003416
0.95 mm,celsio_A549_N4_n3,-13.820095238095245,-9.862667580391433
0.95 mm,celsio_A549_N4_n3,-15.397952380952391,-15.50437411826993
0.95 mm,celsio_A549_N4_n3,-16.604142857142868,-17.735670700130797
0.95 mm,celsio_A549_N4_n3,-17.957952380952396,-20.073270518266177
0.95 mm,celsio_A549_N4_n3,-19.193238095238108,-23.096899440054017
0.95 mm,celsio_A549_N4_n3,-19.44614285714287,-5.305710518699726
0.95 mm,celsio_A549_N4_n3,-18.133666666666677,-1.4410142497063934
0.95 mm,celsio_A549_N4_n3,-15.191380952380964,-1.0106679499276736
0.95 mm,celsio_A549_N4_n3,-11.029714285714293,-0.9914671419285657
0.95 mm,celsio_A549_N4_n3,-7.202952380952385,-0.9510373324891701
0.95 mm,celsio_A549_N4_n3,-4.430047619047622,-0.8855381012131921
0.95 mm,celsio_A549_N4_n3,-2.6752380952380967,-0.7914205467674906
0.95 mm,celsio_A549_N4_n3,-1.6656190476190487,-0.6580541984151678
0.95 mm,celsio_A549_N4_n3,-1.0011904761904769,-0.4609305922031413
0.95 mm,celsio_A549_N4_n3,-0.5037619047619052,-0.14200840192727437
0.95 mm,celsio_A549_N4_n3,-0.1334285714285715,0.47359073656354217
0.95 mm,celsio_A549_N4_n3,0.1863809523809525,1.048423249298067
0.95 mm,celsio_A549_N4_n3,0.4695238095238099,1.5058702850115024
0.95 mm,celsio_A549_N4_n3,0.7286666666666672,1.9987955950993508
0.95 mm,celsio_CALU1_N1_n1,31.266238095238116,30.986523809523828
0.95 mm,celsio_CALU1_N1_n1,28.003142857142876,27.453678069492923
0.95 mm,celsio_CALU1_N1_n1,22.44676190476192,20.341864250001795
0.95 mm,celsio_CALU1_N1_n1,14.705428571428584,12.951078275356046
0.95 mm,celsio_CALU1_N1_n1,7.200619047619053,6.282865251365923
0.95 mm,celsio_CALU1_N1_n1,1.548619047619049,1.4622797735340336
0.95 mm,celsio_CALU1_N1_n1,-1.4984285714285728,-1.3382905558981013
0.95 mm,celsio_CALU1_N1_n1,-3.942476190476193,-5.561437518049289
0.95 mm,celsio_CALU1_N1_n1,-5.61871428571429,-8.000403118809828
0.95 mm,celsio_CALU1_N1_n1,-7.560571428571434,-11.186974911466415
0.95 mm,celsio_CALU1_N1_n1,-7.3401428571428635,-1.7187792873277532
0.95 mm,celsio_CALU1_N1_n1,-5.734142857142861,-0.8865529305527866
0.95 mm,celsio_CALU1_N1_n1,-3.1419523809523833,-0.713028120977431
0.95 mm,celsio_CALU1_N1_n1,-0.5726190476190479,-0.4115574444927659
0.95 mm,celsio_CALU1_N1_n1,0.7297619047619053,0.4848937779993925
0.95 mm,celsio_CALU1_N1_n1,0.7554761904761911,1.229332943975352
0.95 mm,celsio_CALU1_N1_n1,1.0643333333333342,2.011373505548673
0.95 mm,celsio_CALU1_N1_n1,1.290095238095239,2.6478204719165515
0.95 mm,celsio_CALU1_N1_n1,1.5415714285714297,3.2246613379504296
0.95 mm,celsio_CALU1_N1_n1,1.8109523809523822,3.7592459999183996
0.95 mm,celsio_CALU1_N1_n1,2.05157142857143,4.260291794487281
0.95 mm,celsio_CALU1_N1_n1,2.329380952380954,4.733422181254335
0.95 mm,celsio_CALU1_N1_n1,2.4884285714285728,5.182706580562865
0.95 mm,celsio_CALU1_N1_n1,2.5487142857142873,5.611289456109163
0.95 mm,celsio_CALU1_N1_n1,2.4664761904761923,6.021710826166416
0.95 mm,celsio_CALU1_N1_n2,30.289428571428594,29.414257142857167
0.95 mm,celsio_CALU1_N1_n2,28.043571428571447,26.522972856989597
0.95 mm,celsio_CALU1_N1_n2,23.181666666666683,20.52534369602497
0.95 mm,celsio_CALU1_N1_n2,16.817380952380965,14.059359066574126
0.95 mm,celsio_CALU1_N1_n2,9.398714285714293,7.8529996460309155
0.95 mm,celsio_CALU1_N1_n2,3.3353809523809548,3.0976186855272783
0.95 mm,celsio_CALU1_N1_n2,-0.5503333333333339,-1.0877741550517672
0.95 mm,celsio_CALU1_N1_n2,-4.052000000000003,-3.255787727957532
0.95 mm,celsio_CALU1_N1_n2,-6.61271428571429,-7.223938587237245
0.95 mm,celsio_CALU1_N1_n2,-8.631380952380958,-9.622202327373232
0.95 mm,celsio_CALU1_N1_n2,-10.582142857142866,-12.437856024078222
0.95 mm,celsio_CALU1_N1_n2,-10.79785714285715,-2.15438166717511
0.95 mm,celsio_CALU1_N1_n2,-9.783142857142863,-0.9611906279932343
0.95 mm,celsio_CALU1_N1_n2,-7.118380952380958,-0.8592079203160413
0.95 mm,celsio_CALU1_N1_n2,-4.14619047619048,-0.6734749782420439
0.95 mm,celsio_CALU1_N1_n2,-2.0561904761904777,-0.4100535381701054
0.95 mm,celsio_CALU1_N1_n2,-0.9506190476190483,0.02107837084995659
0.95 mm,celsio_CALU1_N1_n2,-0.22257142857142867,0.7554167937217667
0.95 mm,celsio_CALU1_N1_n2,0.03533333333333337,1.414896589320143
0.95 mm,celsio_CALU1_N1_n2,0.3723333333333336,2.0161946440446816
0.95 mm,celsio_CALU1_N1_n2,0.5223809523809528,2.5705146051106724
0.95 mm,celsio_CALU1_N1_n2,0.7122380952380958,3.086087024275871
0.95 mm,celsio_CALU1_N1_n2,0.888333333333334,3.5691939561128923
0.95 mm,celsio_CALU1_N1_n2,1.0370476190476197,3.9861599324493597
0.95 mm,celsio_CALU1_N1_n2,1.1878095238095248,4.400283647347544
0.95 mm,celsio_CALU1_N1_n3,30.385142857142878,30.415542857142878
0.95 mm,celsio_CALU1_N1_n3,26.98638095238097,27.004039119614035
0.95 mm,celsio_CALU1_N1_n3,21.9429523809524,20.76370076775322
0.95 mm,celsio_CALU1_N1_n3,14.773904761904772,14.497912034078865
0.95 mm,celsio_CALU1_N1_n3,7.77276190476191,6.660712133904012
0.95 mm,celsio_CALU1_N1_n3,2.553666666666669,2.890280301535398
0.95 mm,celsio_CALU1_N1_n3,-1.886761904761906,-1.3222917385887096
0.95 mm,celsio_CALU1_N1_n3,-5.226571428571432,-5.602685978775357
0.95 mm,celsio_CALU1_N1_n3,-7.036952380952386,-9.46488882017541
0.95 mm,celsio_CALU1_N1_n3,-9.153809523809532,-11.935295985266821
0.95 mm,celsio_CALU1_N1_n3,-9.77790476190477,-1.900444164170585
0.95 mm,celsio_CALU1_N1_n3,-9.425142857142864,-0.9245175451492837
0.95 mm,celsio_CALU1_N1_n3,-7.479857142857148,-0.7400789117699237
0.95 mm,celsio_CALU1_N1_n3,-5.011761904761908,-0.4303769279685438
0.95 mm,celsio_CALU1_N1_n3,-2.5357619047619067,0.05188478016249434
0.95 mm,celsio_CALU1_N1_n3,-1.148333333333334,1.1550713188145691
0.95 mm,celsio_CALU1_N1_n3,-0.1971904761904763,1.83294892384861
0.95 mm,celsio_CALU1_N1_n3,0.17938095238095259,2.4451623220396197
0.95 mm,celsio_CALU1_N1_n3,0.42476190476190506,3.011364883148412
0.95 mm,celsio_CALU1_N1_n3,0.5578571428571433,3.5403947647549856
0.95 mm,celsio_CALU1_N1_n3,0.7262857142857149,4.03797849651191
0.95 mm,celsio_CALU1_N1_n3,0.8971904761904768,4.5084153426394655
0.95 mm,celsio_CALU1_N1_n3,1.0275238095238102,4.955155182363139
0.95 mm,celsio_CALU1_N1_n3,1.1588571428571437,5.3810624310081785
0.95 mm,celsio_CALU1_N1_n3,1.299238095238096,5.788566782462929
0.95 mm,celsio_CALU1_N2_n1,28.33376190476193,29.46984761904764
0.95 mm,celsio_CALU1_N2_n1,22.64390476190478,25.407289353730647
0.95 mm,celsio_CALU1_N2_n1,14.148809523809534,17.48955598515928
0.95 mm,celsio_CALU1_N2_n1,5.3316666666666706,8.94668794109631
0.95 mm,celsio_CALU1_N2_n1,-1.520380952380954,1.3678027604898284
0.95 mm,celsio_CALU1_N2_n1,-4.263619047619051,-3.9950082283781407
0.95 mm,celsio_CALU1_N2_n1,-6.558095238095244,-8.402664729666093
0.95 mm,celsio_CALU1_N2_n1,-7.652571428571434,-10.763863311169354
0.95 mm,celsio_CALU1_N2_n1,-9.098476190476198,-14.492316477932226
0.95 mm,celsio_CALU1_N2_n1,-9.18933333333334,-2.5283052247151576
0.95 mm,celsio_CALU1_N2_n1,-7.764428571428578,-1.008936383460059
0.95 mm,celsio_CALU1_N2_n1,-6.9058571428571485,-0.9019488975973583
0.95 mm,celsio_CALU1_N2_n1,-5.0654285714285745,-0.7284343364130696
0.95 mm,celsio_CALU1_N2_n1,-3.5389523809523835,-0.4420267617594218
0.95 mm,celsio_CALU1_N2_n1,-2.7473809523809547,-0.027587318700857677
0.95 mm,celsio_CALU1_N2_n1,-1.5836190476190488,0.7111242486096365
0.95 mm,celsio_CALU1_N2_n1,0.03147619047619049,1.375392371117212
0.95 mm,celsio_CALU1_N2_n1,0.06642857142857145,1.9811490055680612
0.95 mm,celsio_CALU1_N2_n1,0.9842857142857151,2.5397592899317694
0.95 mm,celsio_CALU1_N2_n1,1.5585238095238105,3.059615825868999
0.95 mm,celsio_CALU1_N2_n1,2.04757142857143,3.5470715312841663
0.95 mm,celsio_CALU1_N2_n1,2.341047619047621,4.007037486620162
0.95 mm,celsio_CALU1_N2_n1,2.549047619047621,4.443384188410271
0.95 mm,celsio_CALU1_N2_n1,2.6077619047619063,4.822366294267645
0.95 mm,celsio_CALU1_N2_n1,2.758190476190478,5.202556798465308
0.95 mm,celsio_CALU1_N2_n2,29.877238095238116,30.827914285714307
0.95 mm,celsio_CALU1_N2_n2,25.218238095238114,26.787551934446824
0.95 mm,celsio_CALU1_N2_n2,17.595428571428585,19.634640866345993
0.95 mm,celsio_CALU1_N2_n2,9.453190476190482,11.956291178598969
0.95 mm,celsio_CALU1_N2_n2,2.8797619047619056,6.246528825000471
0.95 mm,celsio_CALU1_N2_n2,-1.3153809523809534,1.644962869931755
0.95 mm,celsio_CALU1_N2_n2,-4.252095238095241,-2.763902487713494
0.95 mm,celsio_CALU1_N2_n2,-5.727000000000004,-5.493329245563488
0.95 mm,celsio_CALU1_N2_n2,-7.332380952380957,-7.994909704625242
0.95 mm,celsio_CALU1_N2_n2,-8.493619047619053,-11.205470573788205
0.95 mm,celsio_CALU1_N2_n2,-9.239047619047625,-13.287151163901136
0.95 mm,celsio_CALU1_N2_n2,-8.366190476190482,-2.3296656413789814
0.95 mm,celsio_CALU1_N2_n2,-6.599285714285719,-1.0044330366365226
0.95 mm,celsio_CALU1_N2_n2,-4.052523809523812,-0.8867463265625899
0.95 mm,celsio_CALU1_N2_n2,-1.7115714285714296,-0.6891867892245209
0.95 mm,celsio_CALU1_N2_n2,-0.37080952380952403,-0.41388033534389196
0.95 mm,celsio_CALU1_N2_n2,0.21500000000000016,0.03140634235807155
0.95 mm,celsio_CALU1_N2_n2,0.7616666666666673,0.793862433966372
0.95 mm,celsio_CALU1_N2_n2,1.1066666666666674,1.4798935523966759
0.95 mm,celsio_CALU1_N2_n2,1.4710952380952393,2.1062651140460913
0.95 mm,celsio_CALU1_N2_n2,1.784857142857144,2.6842969916617085
0.95 mm,celsio_CALU1_N2_n2,2.0032380952380966,3.2223504290259752
0.95 mm,celsio_CALU1_N2_n2,2.2030000000000016,3.7268358473503804
0.95 mm,celsio_CALU1_N2_n2,2.3595714285714307,4.202781096384309
0.95 mm,celsio_CALU1_N2_n2,2.5107619047619067,4.654199362990182
0.95 mm,celsio_CALU1_N2_n3,29.780047619047643,31.419342857142887
0.95 mm,celsio_CALU1_N2_n3,23.370857142857158,27.029957926857833
0.95 mm,celsio_CALU1_N2_n3,14.323095238095249,18.70662231531551
0.95 mm,celsio_CALU1_N2_n3,5.497428571428575,10.075159173219149
0.95 mm,celsio_CALU1_N2_n3,-0.8966666666666674,3.600284183756647
0.95 mm,celsio_CALU1_N2_n3,-3.818285714285717,-0.9430972629742365
0.95 mm,celsio_CALU1_N2_n3,-6.308809523809529,-6.371768491145303
0.95 mm,celsio_CALU1_N2_n3,-7.9971428571428635,-10.570243113536542
0.95 mm,celsio_CALU1_N2_n3,-9.671428571428578,-13.261086019836196
0.95 mm,celsio_CALU1_N2_n3,-10.762761904761913,-16.469929175575967
0.95 mm,celsio_CALU1_N2_n3,-10.965190476190484,-3.100871786224204
0.95 mm,celsio_CALU1_N2_n3,-9.251095238095246,-1.009942941490022
0.95 mm,celsio_CALU1_N2_n3,-6.4182380952381,-0.932466233336289
0.95 mm,celsio_CALU1_N2_n3,-3.740666666666669,-0.8089747920316647
0.95 mm,celsio_CALU1_N2_n3,-1.6149523809523822,-0.586391638291049
0.95 mm,celsio_CALU1_N2_n3,-0.7397142857142862,-0.22545468198388585
0.95 mm,celsio_CALU1_N2_n3,-0.32666666666666694,0.48033628830681685
0.95 mm,celsio_CALU1_N2_n3,0.2634285714285717,1.139384447364474
0.95 mm,celsio_CALU1_N2_n3,0.8451904761904767,1.7573517445098232
0.95 mm,celsio_CALU1_N2_n3,1.258000000000001,2.338671474322424
0.95 mm,celsio_CALU1_N2_n3,1.602952380952382,2.8871808753364623
0.95 mm,celsio_CALU1_N2_n3,1.8456666666666681,3.4063092463159093
0.95 mm,celsio_CALU1_N2_n3,2.0611904761904776,3.89913471256655
0.95 mm,celsio_CALU1_N2_n3,2.224523809523811,4.3684112874021785
0.95 mm,celsio_CALU1_N2_n3,2.4018095238095256,4.816593737008832
0.95 mm,celsio_CALU1_N3_n1,31.65409523809526,31.48947619047621
0.95 mm,celsio_CALU1_N3_n1,27.878095238095256,27.50836459805721
0.95 mm,celsio_CALU1_N3_n1,21.6597142857143,20.31980942040893
0.95 mm,celsio_CALU1_N3_n1,13.413095238095249,12.014304120416018
0.95 mm,celsio_CALU1_N3_n1,5.591047619047622,4.212064366153616
0.95 mm,celsio_CALU1_N3_n1,0.3511904761904765,-0.624618001011491
0.95 mm,celsio_CALU1_N3_n1,-2.435904761904764,-5.720552733335074
0.95 mm,celsio_CALU1_N3_n1,-4.870476190476194,-8.703039064711204
0.95 mm,celsio_CALU1_N3_n1,-6.3060000000000045,-12.080240071595284
0.95 mm,celsio_CALU1_N3_n1,-8.537904761904768,-14.47812988891352
0.95 mm,celsio_CALU1_N3_n1,-9.184523809523817,-2.511925892771787
0.95 mm,celsio_CALU1_N3_n1,-8.301857142857148,-0.9948841965246833
0.95 mm,celsio_CALU1_N3_n1,-7.369619047619054,-0.8920146181116688
0.95 mm,celsio_CALU1_N3_n1,-5.746142857142861,-0.7187014065634918
0.95 mm,celsio_CALU1_N3_n1,-4.227619047619051,-0.42810470186950933
0.95 mm,celsio_CALU1_N3_n1,-3.4579047619047643,0.03914036825291067
0.95 mm,celsio_CALU1_N3_n1,-1.9696666666666678,0.8332550941466343
0.95 mm,celsio_CALU1_N3_n1,-0.462714285714286,1.5457436216414626
0.95 mm,celsio_CALU1_N3_n1,0.2010476190476192,2.1948016416527323
0.95 mm,celsio_CALU1_N3_n1,0.7625714285714291,2.792618248316381
0.95 mm,celsio_CALU1_N3_n1,1.0994761904761914,3.348169230854875
0.95 mm,celsio_CALU1_N3_n1,1.4129523809523818,3.868320351099307
0.95 mm,celsio_CALU1_N3_n1,1.6531428571428584,4.358444204258404
0.95 mm,celsio_CALU1_N3_n1,1.9053333333333347,4.822818912463715
0.95 mm,celsio_CALU1_N3_n1,2.142619047619049,5.264904409977971
0.95 mm,celsio_CALU1_N3_n2,23.50642857142859,28.695628571428593
0.95 mm,celsio_CALU1_N3_n2,14.715952380952393,24.250140764872775
0.95 mm,celsio_CALU1_N3_n2,4.999619047619051,15.541293685584211
0.95 mm,celsio_CALU1_N3_n2,-2.6731428571428593,6.4030583601252316
0.95 mm,celsio_CALU1_N3_n2,-5.946000000000005,1.0507359806643382
0.95 mm,celsio_CALU1_N3_n2,-8.173190476190483,-5.854548880297912
0.95 mm,celsio_CALU1_N3_n2,-9.68233333333334,-10.13188169049575
0.95 mm,celsio_CALU1_N3_n2,-11.258571428571436,-12.867337949233605
0.95 mm,celsio_CALU1_N3_n2,-13.054619047619056,-16.018872728333303
0.95 mm,celsio_CALU1_N3_n2,-14.327714285714297,-18.22572194710333
0.95 mm,celsio_CALU1_N3_n2,-14.832333333333345,-20.704430967844278
0.95 mm,celsio_CALU1_N3_n2,-13.253238095238105,-4.98571356031557
0.95 mm,celsio_CALU1_N3_n2,-10.486619047619055,-1.4466567796083876
0.95 mm,celsio_CALU1_N3_n2,-6.9770476190476245,-1.0198102488101297
0.95 mm,celsio_CALU1_N3_n2,-4.39766666666667,-0.9990165509982384
0.95 mm,celsio_CALU1_N3_n2,-2.7597619047619064,-0.9647919199984745
0.95 mm,celsio_CALU1_N3_n2,-1.9013333333333344,-0.9118377757014184
0.95 mm,celsio_CALU1_N3_n2,-1.190285714285715,-0.8367616180352662
0.95 mm,celsio_CALU1_N3_n2,-0.7776666666666672,-0.7324532495889833
0.95 mm,celsio_CALU1_N3_n2,-0.36100000000000027,-0.5853523237723727
0.95 mm,celsio_CALU1_N3_n2,-0.04128571428571433,-0.3706046166248212
0.95 mm,celsio_CALU1_N3_n2,0.27766666666666684,-0.071891464622941
0.95 mm,celsio_CALU1_N3_n2,0.5562857142857147,0.49357879527900267
0.95 mm,celsio_CALU1_N3_n2,0.7578571428571435,0.9757427758184051
0.95 mm,celsio_CALU1_N3_n2,0.9369523809523815,1.3792089941949977
0.95 mm,celsio_CALU1_N3_n3,29.565190476190498,31.32266666666669
0.95 mm,celsio_CALU1_N3_n3,21.775523809523825,26.501318040892112
0.95 mm,celsio_CALU1_N3_n3,11.368285714285722,17.12319621021854
0.95 mm,celsio_CALU1_N3_n3,1.2790476190476197,7.493850235081584
0.95 mm,celsio_CALU1_N3_n3,-5.476095238095242,-0.7575408015785026
0.95 mm,celsio_CALU1_N3_n3,-7.507523809523815,-6.560315152062877
0.95 mm,celsio_CALU1_N3_n3,-9.98233333333334,-9.395806730024539
0.95 mm,celsio_CALU1_N3_n3,-11.70000000000001,-15.083669230669237
0.95 mm,celsio_CALU1_N3_n3,-13.193380952380963,-16.401254812612965
0.95 mm,celsio_CALU1_N3_n3,-14.454809523809534,-19.873424285073344
0.95 mm,celsio_CALU1_N3_n3,-14.904285714285725,-22.49301653602712
0.95 mm,celsio_CALU1_N3_n3,-14.319333333333343,-5.254476257212278
0.95 mm,celsio_CALU1_N3_n3,-12.012904761904771,-1.3833122213695055
0.95 mm,celsio_CALU1_N3_n3,-8.891142857142864,-1.0141661749057809
0.95 mm,celsio_CALU1_N3_n3,-5.559857142857147,-0.9838367037397304
0.95 mm,celsio_CALU1_N3_n3,-3.287428571428574,-0.9332167334943785
0.95 mm,celsio_CALU1_N3_n3,-1.8072857142857153,-0.853169070863641
0.95 mm,celsio_CALU1_N3_n3,-1.1057619047619054,-0.7392296057615354
0.95 mm,celsio_CALU1_N3_n3,-0.4308095238095241,-0.5793310641696489
0.95 mm,celsio_CALU1_N3_n3,-0.024238095238095232,-0.3476547178686019
0.95 mm,celsio_CALU1_N3_n3,0.3461428571428574,0.009923089876046634
0.95 mm,celsio_CALU1_N3_n3,0.6171904761904766,0.6609662229697764
0.95 mm,celsio_CALU1_N3_n3,0.8874761904761911,1.2647516896108153
0.95 mm,celsio_CALU1_N3_n3,1.1173333333333342,1.8285450702893697
0.95 mm,celsio_CALU1_N3_n3,1.311095238095239,2.316953970688379
0.95 mm,celsio_CALU6_N1_n1,27.12138095238097,30.55549523809526
0.95 mm,celsio_CALU6_N1_n1,17.726333333333347,25.597656522663804
0.95 mm,celsio_CALU6_N1_n1,6.31219047619048,16.28667535954799
0.95 mm,celsio_CALU6_N1_n1,-3.6399047619047646,6.252435963443996
0.95 mm,celsio_CALU6_N1_n1,-9.368571428571435,-4.373285042290657
0.95 mm,celsio_CALU6_N1_n1,-10.593666666666675,-9.706699248641643
0.95 mm,celsio_CALU6_N1_n1,-12.887428571428579,-14.369936075239114
0.95 mm,celsio_CALU6_N1_n1,-14.822666666666677,-17.116071945566755
0.95 mm,celsio_CALU6_N1_n1,-17.39204761904763,-21.05993176863826
0.95 mm,celsio_CALU6_N1_n1,-18.646333333333345,-24.690295339965118
0.95 mm,celsio_CALU6_N1_n1,-18.53204761904763,-27.50707622731121
0.95 mm,celsio_CALU6_N1_n1,-15.372190476190486,-7.229041411882552
0.95 mm,celsio_CALU6_N1_n1,-11.445095238095245,-1.8949042231314936
0.95 mm,celsio_CALU6_N1_n1,-7.01280952380953,-1.065698120477328
0.95 mm,celsio_CALU6_N1_n1,-3.5868571428571454,-1.0134173609116854
0.95 mm,celsio_CALU6_N1_n1,-0.9119523809523815,-0.9975742244814938
0.95 mm,celsio_CALU6_N1_n1,0.6870952380952388,-0.9689062173860463
0.95 mm,celsio_CALU6_N1_n1,1.96457142857143,-0.92305275314422
0.95 mm,celsio_CALU6_N1_n1,2.374952380952383,-0.8557559232291891
0.95 mm,celsio_CALU6_N1_n1,2.0708571428571445,-0.7603300183683993
0.95 mm,celsio_CALU6_N1_n1,2.111428571428573,-0.623832574942836
0.95 mm,celsio_CALU6_N1_n1,2.1455714285714302,-0.42100072472449884
0.95 mm,celsio_CALU6_N1_n1,2.1888571428571444,-0.1390705049059477
0.95 mm,celsio_CALU6_N1_n1,2.2401428571428585,0.42271028691314544
0.95 mm,celsio_CALU6_N1_n1,2.292952380952382,0.8768552136364058
0.95 mm,celsio_CALU6_N1_n2,31.653714285714308,31.73524761904764
0.95 mm,celsio_CALU6_N1_n2,24.98385714285716,28.25708716947905
0.95 mm,celsio_CALU6_N1_n2,15.502428571428585,21.523900990233457
0.95 mm,celsio_CALU6_N1_n2,5.036142857142861,13.83873019291392
0.95 mm,celsio_CALU6_N1_n2,-3.2143809523809557,6.412474935423526
0.95 mm,celsio_CALU6_N1_n2,-6.670523809523814,-0.3313659973183696
0.95 mm,celsio_CALU6_N1_n2,-8.783047619047625,-3.808985572819644
0.95 mm,celsio_CALU6_N1_n2,-10.702047619047626,-6.494973297909148
0.95 mm,celsio_CALU6_N1_n2,-11.933571428571437,-10.35130931509635
0.95 mm,celsio_CALU6_N1_n2,-13.172333333333343,-13.506706910029035
0.95 mm,celsio_CALU6_N1_n2,-13.98409523809525,-14.509529241611068
0.95 mm,celsio_CALU6_N1_n2,-14.230952380952392,-16.931900660873605
0.95 mm,celsio_CALU6_N1_n2,-14.722619047619059,-18.359086929644953
0.95 mm,celsio_CALU6_N1_n2,-15.603857142857153,-20.114465323672228
0.95 mm,celsio_CALU6_N1_n2,-15.764666666666677,-21.447921915601373
0.95 mm,celsio_CALU6_N1_n2,-14.419380952380962,-5.582140635446482
0.95 mm,celsio_CALU6_N1_n2,-11.765761904761913,-1.6107107065955861
0.95 mm,celsio_CALU6_N1_n2,-7.908095238095244,-1.041162501195559
0.95 mm,celsio_CALU6_N1_n2,-4.832904761904766,-1.0113411958587568
0.95 mm,celsio_CALU6_N1_n2,-3.1990476190476214,-0.9913607417364461
0.95 mm,celsio_CALU6_N1_n2,-2.1318571428571444,-0.9569503752271749
0.95 mm,celsio_CALU6_N1_n2,-1.2697619047619058,-0.9053736416269185
0.95 mm,celsio_CALU6_N1_n2,-0.7618571428571433,-0.8323219089739863
0.95 mm,celsio_CALU6_N1_n2,-0.2790952380952383,-0.7299234030285193
0.95 mm,celsio_CALU6_N1_n2,0.0644285714285715,-0.5840314581710114
0.95 mm,celsio_CALU6_N1_n3,30.091142857142877,31.425466666666686
0.95 mm,celsio_CALU6_N1_n3,22.334952380952394,27.456000399506827
0.95 mm,celsio_CALU6_N1_n3,11.587238095238105,20.065538087117375
0.95 mm,celsio_CALU6_N1_n3,1.1450000000000005,11.251444419396343
0.95 mm,celsio_CALU6_N1_n3,-5.832904761904766,2.159002312958882
0.95 mm,celsio_CALU6_N1_n3,-7.109476190476196,-3.516441285779655
0.95 mm,celsio_CALU6_N1_n3,-8.563666666666673,-6.570584435075374
0.95 mm,celsio_CALU6_N1_n3,-9.677047619047627,-10.857181348201802
0.95 mm,celsio_CALU6_N1_n3,-10.747095238095245,-14.179180425519132
0.95 mm,celsio_CALU6_N1_n3,-11.827285714285724,-16.08044594987971
0.95 mm,celsio_CALU6_N1_n3,-13.163000000000011,-18.020540317348196
0.95 mm,celsio_CALU6_N1_n3,-14.715333333333344,-19.837278309258608
0.95 mm,celsio_CALU6_N1_n3,-14.206333333333344,-4.299346466035986
0.95 mm,celsio_CALU6_N1_n3,-12.379190476190486,-1.2644321945352788
0.95 mm,celsio_CALU6_N1_n3,-8.86490476190477,-1.0067864614663786
0.95 mm,celsio_CALU6_N1_n3,-5.4257619047619094,-0.9707649708731381
0.95 mm,celsio_CALU6_N1_n3,-2.9096666666666686,-0.9077983075679317
0.95 mm,celsio_CALU6_N1_n3,-1.8898571428571442,-0.8100337311053994
0.95 mm,celsio_CALU6_N1_n3,-0.9367619047619056,-0.6694818237934543
0.95 mm,celsio_CALU6_N1_n3,-0.4062857142857146,-0.46376410983318883
0.95 mm,celsio_CALU6_N1_n3,0.07328571428571436,-0.13426455534553441
0.95 mm,celsio_CALU6_N1_n3,0.37514285714285744,0.5016833665194683
0.95 mm,celsio_CALU6_N1_n3,0.7095238095238101,1.0938762236547788
0.95 mm,celsio_CALU6_N1_n3,1.0091428571428578,1.6499521171752805
0.95 mm,celsio_CALU6_N1_n3,1.2169523809523817,2.095795876855491
0.95 mm,celsio_CALU6_N2_n1,27.660809523809544,32.4145523809524
0.95 mm,celsio_CALU6_N2_n1,15.95566666666668,26.98405031493111
0.95 mm,celsio_CALU6_N2_n1,2.200095238095239,15.652179564261852
0.95 mm,celsio_CALU6_N2_n1,-8.880476190476198,6.761390307504115
0.95 mm,celsio_CALU6_N2_n1,-14.104857142857153,-5.946935715728476
0.95 mm,celsio_CALU6_N2_n1,-14.527190476190487,-12.992692649035451
0.95 mm,celsio_CALU6_N2_n1,-17.15066666666668,-17.94487106191417
0.95 mm,celsio_CALU6_N2_n1,-19.29790476190478,-22.189139859005333
0.95 mm,celsio_CALU6_N2_n1,-21.439904761904778,-25.55541036713151
0.95 mm,celsio_CALU6_N2_n1,-22.28990476190478,-27.24677712789064
0.95 mm,celsio_CALU6_N2_n1,-22.849904761904778,-30.541103317713983
0.95 mm,celsio_CALU6_N2_n1,-20.710761904761924,-7.836230748319869
0.95 mm,celsio_CALU6_N2_n1,-16.573285714285728,-1.9792165059746252
0.95 mm,celsio_CALU6_N2_n1,-11.323095238095249,-1.0858448169287174
0.95 mm,celsio_CALU6_N2_n1,-6.626523809523815,-1.0119151281815535
0.95 mm,celsio_CALU6_N2_n1,-3.62661904761905,-0.9969492799404851
0.95 mm,celsio_CALU6_N2_n1,-2.741333333333335,-0.9672104337058441
0.95 mm,celsio_CALU6_N2_n1,-1.696142857142858,-0.9197924702141267
0.95 mm,celsio_CALU6_N2_n1,-0.7891904761904767,-0.8510342679513305
0.95 mm,celsio_CALU6_N2_n1,-0.07228571428571434,-0.7538941021546987
0.95 mm,celsio_CALU6_N2_n1,0.46542857142857175,-0.6146933872710424
0.95 mm,celsio_CALU6_N2_n1,0.818476190476191,-0.40689030313706176
0.95 mm,celsio_CALU6_N2_n1,1.1245714285714294,-0.0746087863571768
0.95 mm,celsio_CALU6_N2_n1,1.3269047619047627,0.5401429445107631
0.95 mm,celsio_CALU6_N2_n1,1.5158095238095246,1.0647708278027508
0.95 mm,celsio_CALU6_N2_n2,31.019571428571453,31.70041904761907
0.95 mm,celsio_CALU6_N2_n2,24.48985714285716,27.74992148131488
0.95 mm,celsio_CALU6_N2_n2,14.746904761904773,20.09607735727964
0.95 mm,celsio_CALU6_N2_n2,4.420904761904765,11.590638136056484
0.95 mm,celsio_CALU6_N2_n2,-3.2748095238095263,3.914598762189214
0.95 mm,celsio_CALU6_N2_n2,-5.581142857142861,-0.8612220630081681
0.95 mm,celsio_CALU6_N2_n2,-7.462047619047625,-6.092341056801805
0.95 mm,celsio_CALU6_N2_n2,-8.55980952380953,-10.15943711916589
0.95 mm,celsio_CALU6_N2_n2,-9.744380952380958,-12.541501104441103
0.95 mm,celsio_CALU6_N2_n2,-11.20690476190477,-14.416795267542966
0.95 mm,celsio_CALU6_N2_n2,-11.777666666666676,-16.49346934486979
0.95 mm,celsio_CALU6_N2_n2,-10.88295238095239,-3.1335546159763794
0.95 mm,celsio_CALU6_N2_n2,-9.245761904761912,-1.058833244462979
0.95 mm,celsio_CALU6_N2_n2,-7.401238095238101,-0.9619223933875554
0.95 mm,celsio_CALU6_N2_n2,-5.476571428571432,-0.8538709600420824
0.95 mm,celsio_CALU6_N2_n2,-4.364857142857145,-0.6734318738549623
0.95 mm,celsio_CALU6_N2_n2,-3.156666666666669,-0.41301129984442153
0.95 mm,celsio_CALU6_N2_n2,-1.6332380952380965,-0.02223951757781084
0.95 mm,celsio_CALU6_N2_n2,-0.6854761904761909,0.7005955464948448
0.95 mm,celsio_CALU6_N2_n2,-0.171952380952381,1.361616559239825
0.95 mm,celsio_CALU6_N2_n2,0.2984285714285716,1.9722147577060913
0.95 mm,celsio_CALU6_N2_n2,0.635619047619048,2.541045084921187
0.95 mm,celsio_CALU6_N2_n2,0.9803333333333341,3.0747754734967883
0.95 mm,celsio_CALU6_N2_n2,1.277190476190477,3.5786166234395322
0.95 mm,celsio_CALU6_N2_n2,1.4876666666666678,4.056700814959538
0.95 mm,celsio_CALU6_N2_n3,30.14952380952383,31.179685714285732
0.95 mm,celsio_CALU6_N2_n3,25.122523809523827,27.274730322024947
0.95 mm,celsio_CALU6_N2_n3,16.71352380952382,19.877186961743465
0.95 mm,celsio_CALU6_N2_n3,7.6097619047619105,11.910236259428967
0.95 mm,celsio_CALU6_N2_n3,0.07571428571428562,4.627814165713074
0.95 mm,celsio_CALU6_N2_n3,-4.06919047619048,-0.8231332295182361
0.95 mm,celsio_CALU6_N2_n3,-6.576523809523815,-3.947386736277013
0.95 mm,celsio_CALU6_N2_n3,-8.13876190476191,-8.075155939032191
0.95 mm,celsio_CALU6_N2_n3,-9.47638095238096,-11.629383105929344
0.95 mm,celsio_CALU6_N2_n3,-10.171142857142865,-12.680291535076947
0.95 mm,celsio_CALU6_N2_n3,-10.946428571428578,-15.457195412511807
0.95 mm,celsio_CALU6_N2_n3,-11.127095238095247,-16.955384009182033
0.95 mm,celsio_CALU6_N2_n3,-10.620428571428578,-3.5679744740945964
0.95 mm,celsio_CALU6_N2_n3,-8.941190476190483,-1.1050997969393206
0.95 mm,celsio_CALU6_N2_n3,-6.348476190476195,-0.9865243260115606
0.95 mm,celsio_CALU6_N2_n3,-3.9586190476190506,-0.9238055941938198
0.95 mm,celsio_CALU6_N2_n3,-2.3333809523809537,-0.8208226116184371
0.95 mm,celsio_CALU6_N2_n3,-1.4987619047619058,-0.6578239615502494
0.95 mm,celsio_CALU6_N2_n3,-1.0436666666666674,-0.41756373785915807
0.95 mm,celsio_CALU6_N2_n3,-0.45638095238095266,-0.0498443827224157
0.95 mm,celsio_CALU6_N2_n3,0.1044285714285715,0.6240113491756071
0.95 mm,celsio_CALU6_N2_n3,0.4935238095238099,1.2451061848972858
0.95 mm,celsio_CALU6_N2_n3,0.8325714285714292,1.822552466215691
0.95 mm,celsio_CALU6_N2_n3,1.0769047619047627,2.3633962662362675
0.95 mm,celsio_CALU6_N2_n3,1.2948571428571438,2.8731502861541536
0.95 mm,celsio_CALU6_N3_n1,16.634428571428586,30.774000000000022
0.95 mm,celsio_CALU6_N3_n1,7.017047619047624,25.50914456026687
0.95 mm,celsio_CALU6_N3_n1,-1.7324761904761916,15.234608670936758
0.95 mm,celsio_CALU6_N3_n1,-4.920476190476194,6.777406246787358
0.95 mm,celsio_CALU6_N3_n1,-7.120952380952386,1.329708503866598
0.95 mm,celsio_CALU6_N3_n1,-7.336285714285719,-3.4811688911092173
0.95 mm,celsio_CALU6_N3_n1,-5.967571428571432,-5.75263959676079
0.95 mm,celsio_CALU6_N3_n1,-4.3755714285714316,-7.475746913657671
0.95 mm,celsio_CALU6_N3_n1,-2.1405238095238115,-8.286965889219326
0.95 mm,celsio_CALU6_N3_n1,-0.3371428571428571,-8.357117202024927
0.95 mm,celsio_CALU6_N3_n1,-3.0974285714285736,-9.91723780130278
0.95 mm,celsio_CALU6_N3_n1,-5.903523809523813,-12.322684926877354
0.95 mm,celsio_CALU6_N3_n1,-9.74485714285715,-15.034742821014541
0.95 mm,celsio_CALU6_N3_n1,-12.227523809523817,-18.40799295084371
0.95 mm,celsio_CALU6_N3_n1,-11.551904761904769,-4.20452888941729
0.95 mm,celsio_CALU6_N3_n1,-9.116476190476197,-1.3003350988547269
0.95 mm,celsio_CALU6_N3_n1,-6.365190476190481,-1.0049942105158658
0.95 mm,celsio_CALU6_N3_n1,-4.400095238095242,-0.9798747783047551
0.95 mm,celsio_CALU6_N3_n1,-5.189238095238099,-0.9317103640182224
0.95 mm,celsio_CALU6_N3_n1,-6.557380952380957,-0.860688551637767
0.95 mm,celsio_CALU6_N3_n1,-7.934952380952385,-0.7611134143239846
0.95 mm,celsio_CALU6_N3_n1,-8.288238095238102,-0.620118413836763
0.95 mm,celsio_CALU6_N3_n1,-6.781285714285719,-0.411903209522432
0.95 mm,celsio_CALU6_N3_n1,-5.9456190476190525,-0.08198944397509103
0.95 mm,celsio_CALU6_N3_n1,-5.100571428571433,0.5214353671986643
0.95 mm,celsio_CALU6_N3_n2,30.699,30.999076190476217
0.95 mm,celsio_CALU6_N3_n2,28.995,27.14277482699191
0.95 mm,celsio_CALU6_N3_n2,15.107,20.92541097878059
0.95 mm,celsio_CALU6_N3_n2,15.56,15.756084759272218
0.95 mm,celsio_CALU6_N3_n2,15.058,8.897732491402584
0.95 mm,celsio_CALU6_N3_n2,8.105,3.2616129279695754
0.95 mm,celsio_CALU6_N3_n2,-0.169,-3.670166144348244
0.95 mm,celsio_CALU6_N3_n2,-7.723,-11.587258255904295
0.95 mm,celsio_CALU6_N3_n2,-9.27,-16.38959395474161
0.95 mm,celsio_CALU6_N3_n2,-12.582,-20.146655284796203
0.95 mm,celsio_CALU6_N3_n2,-11.864,-3.965924661921191
0.95 mm,celsio_CALU6_N3_n2,-14.145,-1.1513134830672027
0.95 mm,celsio_CALU6_N3_n2,-15.164,-0.9745585191086106
0.95 mm,celsio_CALU6_N3_n2,-14.805,-0.898193022278696
0.95 mm,celsio_CALU6_N3_n2,-14.141,-0.7621678970684581
0.95 mm,celsio_CALU6_N3_n2,-13.199,-0.5456420063551009
0.95 mm,celsio_CALU6_N3_n2,-10.095,-0.14556201305479377
0.95 mm,celsio_CALU6_N3_n2,-7.387,0.579450791129242
0.95 mm,celsio_CALU6_N3_n2,-4.353,1.236842778967592
0.95 mm,celsio_CALU6_N3_n2,-3.441,1.8430352302399649
0.95 mm,celsio_CALU6_N3_n2,-2.727,2.4079957691853613
0.95 mm,celsio_CALU6_N3_n2,-1.75,2.9386024742231722
0.95 mm,celsio_CALU6_N3_n2,-1.373,3.439922969815407
0.95 mm,celsio_CALU6_N3_n2,-0.784,3.915860189015285
0.95 mm,celsio_CALU6_N3_n2,-0.571,4.369525094376331
0.95 mm,celsio_CALU6_N3_n3,29.315285714285736,31.552219047619076
0.95 mm,celsio_CALU6_N3_n3,22.620095238095256,26.746760050509664
0.95 mm,celsio_CALU6_N3_n3,12.80942857142858,19.14332466504507
0.95 mm,celsio_CALU6_N3_n3,2.5718095238095255,9.272424074967402
0.95 mm,celsio_CALU6_N3_n3,-4.847523809523813,-1.3285939154786066
0.95 mm,celsio_CALU6_N3_n3,-7.585190476190482,-7.5049930653141335
0.95 mm,celsio_CALU6_N3_n3,-10.267333333333342,-12.722940010690603
0.95 mm,celsio_CALU6_N3_n3,-11.997238095238103,-17.163967725010377
0.95 mm,celsio_CALU6_N3_n3,-14.65452380952382,-20.884356292184187
0.95 mm,celsio_CALU6_N3_n3,-14.81357142857144,-4.19445470861563
0.95 mm,celsio_CALU6_N3_n3,-14.258380952380962,-1.172780511188884
0.95 mm,celsio_CALU6_N3_n3,-13.185666666666677,-0.991030821967384
0.95 mm,celsio_CALU6_N3_n3,-10.916904761904771,-0.9238469756556511
0.95 mm,celsio_CALU6_N3_n3,-8.375190476190483,-0.806996935503699
0.95 mm,celsio_CALU6_N3_n3,-6.6630476190476235,-0.615540379061703
0.95 mm,celsio_CALU6_N3_n3,-3.734476190476193,-0.26073509943145134
0.95 mm,celsio_CALU6_N3_n3,-2.153761904761906,0.44116977625853765
0.95 mm,celsio_CALU6_N3_n3,-1.330238095238096,1.0936301689433148
0.95 mm,celsio_CALU6_N3_n3,-0.6307142857142861,1.7057377939187235
0.95 mm,celsio_CALU6_N3_n3,-0.219809523809524,2.2824993424873607
0.95 mm,celsio_CALU6_N3_n3,0.16561904761904772,2.8276696757205673
0.95 mm,celsio_CALU6_N3_n3,0.4484285714285718,3.3444708234251723
0.95 mm,celsio_CALU6_N3_n3,0.7452857142857148,3.835776931985881
0.95 mm,celsio_CALU6_N3_n3,1.007428571428572,4.304170008334072
0.95 mm,celsio_CALU6_N3_n3,1.2046666666666674,4.751966825346193
1.25 mm,celsio_A549_N1_n1,27.03923809523811,27.622247619047634
1.25 mm,celsio_A549_N1_n1,24.791619047619065,26.156326946643297
1.25 mm,celsio_A549_N1_n1,20.821142857142874,21.42971328703485
1.25 mm,celsio_A549_N1_n1,16.312476190476204,15.103930902395458
1.25 mm,celsio_A549_N1_n1,12.098095238095247,8.901105156545105
1.25 mm,celsio_A549_N1_n1,8.279095238095245,4.442336829018978
1.25 mm,celsio_A549_N1_n1,4.745000000000003,0.7699408923107807
1.25 mm,celsio_A549_N1_n1,2.1112380952380967,-3.165625477892134
1.25 mm,celsio_A549_N1_n1,-0.5674761904761909,-6.587872199149575
1.25 mm,celsio_A549_N1_n1,-2.491333333333335,-8.625130344169001
1.25 mm,celsio_A549_N1_n1,-4.084428571428575,-10.528598167460109
1.25 mm,celsio_A549_N1_n1,-5.104285714285718,-13.41137010340422
1.25 mm,celsio_A549_N1_n1,-5.213904761904765,-15.05914943185701
1.25 mm,celsio_A549_N1_n1,-4.35971428571429,-5.118291049611602
1.25 mm,celsio_A549_N1_n1,-3.031952380952383,-1.6642603185653146
1.25 mm,celsio_A549_N1_n1,-1.3034761904761916,-1.033852852074235
1.25 mm,celsio_A549_N1_n1,0.1167619047619049,-0.9785393557663952
1.25 mm,celsio_A549_N1_n1,1.160000000000001,-0.9184696850007023
1.25 mm,celsio_A549_N1_n1,1.9690476190476205,-0.8342168374763617
1.25 mm,celsio_A549_N1_n1,2.5803809523809544,-0.7224408271035345
1.25 mm,celsio_A549_N1_n1,2.9793809523809545,-0.5799102950482627
1.25 mm,celsio_A549_N1_n1,3.475761904761907,-0.3757262170392217
1.25 mm,celsio_A549_N1_n1,3.9810476190476223,-0.09173645023447921
1.25 mm,celsio_A549_N1_n1,4.388523809523813,0.39491599122806886
1.25 mm,celsio_A549_N1_n1,4.736904761904765,0.7972487961960986
1.25 mm,celsio_A549_N1_n3,20.795380952380967,29.868657142857167
1.25 mm,celsio_A549_N1_n3,13.799761904761915,27.880511246678992
1.25 mm,celsio_A549_N1_n3,7.290095238095244,21.871036650307534
1.25 mm,celsio_A549_N1_n3,2.664000000000002,15.114306574419295
1.25 mm,celsio_A549_N1_n3,-0.7405714285714292,9.961551858883187
1.25 mm,celsio_A549_N1_n3,-3.457190476190479,5.435301325810044
1.25 mm,celsio_A549_N1_n3,-5.112761904761909,1.5163413774255414
1.25 mm,celsio_A549_N1_n3,-5.970761904761909,-1.0285507651397343
1.25 mm,celsio_A549_N1_n3,-6.780095238095243,-2.7619258961422553
1.25 mm,celsio_A549_N1_n3,-7.815142857142863,-6.180259600212687
1.25 mm,celsio_A549_N1_n3,-8.228190476190482,-1.4891073982553307
1.25 mm,celsio_A549_N1_n3,-7.598857142857149,-0.6239138591548934
1.25 mm,celsio_A549_N1_n3,-6.099000000000005,-0.10809859879729772
1.25 mm,celsio_A549_N1_n3,-3.7252857142857168,0.8150508546591939
1.25 mm,celsio_A549_N1_n3,-1.8569523809523822,1.5660572770202412
1.25 mm,celsio_A549_N1_n3,-0.7687142857142862,2.2726586810097533
1.25 mm,celsio_A549_N1_n3,-0.04723809523809521,2.8770870513118525
1.25 mm,celsio_A549_N1_n3,0.5796190476190481,3.419363553499396
1.25 mm,celsio_A549_N1_n3,1.1131904761904772,3.915361318952321
1.25 mm,celsio_A549_N1_n3,1.6285238095238106,4.374657097545793
1.25 mm,celsio_A549_N1_n3,2.0320952380952395,4.803873253112765
1.25 mm,celsio_A549_N1_n3,2.384857142857145,5.207892795112054
1.25 mm,celsio_A549_N1_n3,2.6932380952380974,5.559433213442776
1.25 mm,celsio_A549_N1_n3,2.980142857142859,5.906959533373891
1.25 mm,celsio_A549_N1_n3,3.2461904761904785,6.221418162647694
1.25 mm,celsio_A549_N1_n4,29.898619047619068,32.00586666666669
1.25 mm,celsio_A549_N1_n4,25.530809523809545,30.290898496177938
1.25 mm,celsio_A549_N1_n4,19.207523809523824,24.79216764153428
1.25 mm,celsio_A549_N1_n4,12.362714285714295,17.42042815937295
1.25 mm,celsio_A549_N1_n4,6.636523809523814,9.69048169976822
1.25 mm,celsio_A549_N1_n4,2.5863333333333354,4.191809004181624
1.25 mm,celsio_A549_N1_n4,-0.33323809523809556,-0.7959505574156005
1.25 mm,celsio_A549_N1_n4,-2.2886666666666686,-3.7768135742349456
1.25 mm,celsio_A549_N1_n4,-3.885571428571432,-7.774845342608854
1.25 mm,celsio_A549_N1_n4,-4.8984761904761935,-11.292286760269942
1.25 mm,celsio_A549_N1_n4,-5.990904761904767,-12.56170814158565
1.25 mm,celsio_A549_N1_n4,-6.869095238095244,-15.805497440413301
1.25 mm,celsio_A549_N1_n4,-6.895523809523815,-4.709212013743363
1.25 mm,celsio_A549_N1_n4,-6.021666666666671,-1.446845811939794
1.25 mm,celsio_A549_N1_n4,-4.564380952380955,-0.9783747059862878
1.25 mm,celsio_A549_N1_n4,-2.6086190476190496,-0.9004876594261397
1.25 mm,celsio_A549_N1_n4,-0.9905714285714292,-0.7637657000138895
1.25 mm,celsio_A549_N1_n4,0.3278095238095241,-0.554174353917175
1.25 mm,celsio_A549_N1_n4,1.5410952380952392,-0.2328486804735404
1.25 mm,celsio_A549_N1_n4,2.605190476190478,0.4087082215597121
1.25 mm,celsio_A549_N1_n4,3.4745714285714313,1.012907204817268
1.25 mm,celsio_A549_N1_n4,4.121857142857146,1.582535627941467
1.25 mm,celsio_A549_N1_n4,4.624952380952385,2.1204098830678317
1.25 mm,celsio_A549_N1_n4,5.040238095238099,2.5375181782360414
1.25 mm,celsio_A549_N1_n4,5.441523809523813,3.010455818196734
1.25 mm,celsio_A549_N2_n1,27.99490476190478,29.102428571428597
1.25 mm,celsio_A549_N2_n1,25.041761904761927,27.54254498254222
1.25 mm,celsio_A549_N2_n1,21.27666666666668,22.64302007467014
1.25 mm,celsio_A549_N2_n1,16.461761904761914,16.462731557114054
1.25 mm,celsio_A549_N2_n1,11.945380952380962,11.309582616496206
1.25 mm,celsio_A549_N2_n1,8.0492380952381,7.703523522754152
1.25 mm,celsio_A549_N2_n1,4.2643809523809555,4.2544794360242975
1.25 mm,celsio_A549_N2_n1,1.097428571428572,1.1119853309671999
1.25 mm,celsio_A549_N2_n1,-0.8950476190476196,-1.100211871031084
1.25 mm,celsio_A549_N2_n1,-2.747857142857145,-3.2471834987322206
1.25 mm,celsio_A549_N2_n1,-3.9190952380952413,-6.4050957959876085
1.25 mm,celsio_A549_N2_n1,-4.7364761904761945,-1.6734401039341233
1.25 mm,celsio_A549_N2_n1,-4.418380952380955,-0.7903033466039657
1.25 mm,celsio_A549_N2_n1,-3.534285714285717,-0.4478525822989231
1.25 mm,celsio_A549_N2_n1,-2.1931904761904777,0.04143714543412526
1.25 mm,celsio_A549_N2_n1,-1.0288095238095245,0.8339688982717716
1.25 mm,celsio_A549_N2_n1,-0.36995238095238114,1.520828633322106
1.25 mm,celsio_A549_N2_n1,-0.0075238095238095055,2.1310687946322213
1.25 mm,celsio_A549_N2_n1,0.37228571428571455,2.6826487627566658
1.25 mm,celsio_A549_N2_n1,0.6856190476190482,3.187771043176361
1.25 mm,celsio_A549_N2_n1,1.0247619047619054,3.6551730537894933
1.25 mm,celsio_A549_N2_n1,1.3222857142857154,4.091341229306929
1.25 mm,celsio_A549_N2_n1,1.5224285714285726,4.465479070751114
1.25 mm,celsio_A549_N2_n1,1.6650000000000014,4.835899099929352
1.25 mm,celsio_A549_N2_n1,1.8438095238095251,5.1637400887257225
1.25 mm,celsio_A549_N2_n2,26.735000000000017,30.646704761904783
1.25 mm,celsio_A549_N2_n2,22.618523809523825,28.883318956296748
1.25 mm,celsio_A549_N2_n2,17.04857142857144,23.579807156093068
1.25 mm,celsio_A549_N2_n2,11.094190476190484,16.91985197082558
1.25 mm,celsio_A549_N2_n2,6.401095238095243,11.56766940127545
1.25 mm,celsio_A549_N2_n2,2.562000000000002,7.334459523923428
1.25 mm,celsio_A549_N2_n2,0.6730952380952384,4.508959369952159
1.25 mm,celsio_A549_N2_n2,0.3435238095238098,2.44621524205787
1.25 mm,celsio_A549_N2_n2,-0.12523809523809537,0.5582031678782297
1.25 mm,celsio_A549_N2_n2,-1.6664761904761916,-1.2935146638109407
1.25 mm,celsio_A549_N2_n2,-3.7276666666666696,-4.751601946320019
1.25 mm,celsio_A549_N2_n2,-5.03719047619048,-1.1943412279742582
1.25 mm,celsio_A549_N2_n2,-5.0681904761904795,-0.4806167497771921
1.25 mm,celsio_A549_N2_n2,-4.197761904761908,0.5514506397151651
1.25 mm,celsio_A549_N2_n2,-2.700285714285716,1.4682985839170213
1.25 mm,celsio_A549_N2_n2,-1.6794761904761915,2.1726942618690184
1.25 mm,celsio_A549_N2_n2,-1.1790000000000007,2.7872299497820117
1.25 mm,celsio_A549_N2_n2,-0.610571428571429,3.3418018031239907
1.25 mm,celsio_A549_N2_n2,-0.39014285714285746,3.8513193289533785
1.25 mm,celsio_A549_N2_n2,-0.4149523809523813,4.32492850076722
1.25 mm,celsio_A549_N2_n2,-0.5351904761904765,4.768876451060436
1.25 mm,celsio_A549_N2_n2,-0.6392380952380958,5.187726951947141
1.25 mm,celsio_A549_N2_n2,-0.5069523809523814,5.584972671720111
1.25 mm,celsio_A549_N2_n2,0.03433333333333334,5.9361388013016825
1.25 mm,celsio_A549_N2_n2,0.5131904761904764,6.2793975145064636
1.25 mm,celsio_A549_N2_n3,25.654714285714306,30.66582857142859
1.25 mm,celsio_A549_N2_n3,20.954333333333352,29.033842853235292
1.25 mm,celsio_A549_N2_n3,16.065476190476204,23.637318128115318
1.25 mm,celsio_A549_N2_n3,11.360380952380961,16.881803540572
1.25 mm,celsio_A549_N2_n3,6.731333333333338,10.900433296481934
1.25 mm,celsio_A549_N2_n3,2.721333333333335,7.035898543056693
1.25 mm,celsio_A549_N2_n3,0.0680952380952381,2.9425668356229324
1.25 mm,celsio_A549_N2_n3,-1.9891428571428584,-0.392364448295861
1.25 mm,celsio_A549_N2_n3,-3.2453333333333356,-3.100238292225991
1.25 mm,celsio_A549_N2_n3,-4.626904761904765,-5.056830574923832
1.25 mm,celsio_A549_N2_n3,-5.1945238095238135,-1.2634313322963515
1.25 mm,celsio_A549_N2_n3,-5.156047619047623,-0.49973521470500676
1.25 mm,celsio_A549_N2_n3,-4.205523809523813,0.5756649277759947
1.25 mm,celsio_A549_N2_n3,-2.7067142857142876,1.5184598225166785
1.25 mm,celsio_A549_N2_n3,-1.4761428571428583,2.2366655551672587
1.25 mm,celsio_A549_N2_n3,-0.6694285714285719,2.935666445910003
1.25 mm,celsio_A549_N2_n3,-0.0970476190476191,3.5202359292131433
1.25 mm,celsio_A549_N2_n3,0.34909523809523835,4.044699859029657
1.25 mm,celsio_A549_N2_n3,0.8626190476190483,4.526267184825504
1.25 mm,celsio_A549_N2_n3,1.3594285714285723,4.974287748244672
1.25 mm,celsio_A549_N2_n3,1.7580952380952393,5.394882127989904
1.25 mm,celsio_A549_N2_n3,2.08157142857143,5.792435299551463
1.25 mm,celsio_A549_N2_n3,2.3284761904761924,6.170260549423876
1.25 mm,celsio_A549_N2_n3,2.603904761904764,6.50540262221298
1.25 mm,celsio_A549_N2_n3,2.9264285714285734,6.834470816136833
1.25 mm,celsio_A549_N4_n1,30.56880952380955,31.818057142857164
1.25 mm,celsio_A549_N4_n1,26.89476190476193,30.076130454393713
1.25 mm,celsio_A549_N4_n1,20.94538095238097,25.130205604480576
1.25 mm,celsio_A549_N4_n1,14.10709523809525,18.744199303655588
1.25 mm,celsio_A549_N4_n1,8.126619047619055,11.563841937747352
1.25 mm,celsio_A549_N4_n1,3.421285714285717,6.279475433503486
1.25 mm,celsio_A549_N4_n1,-0.4254285714285716,1.5342507020270684
1.25 mm,celsio_A549_N4_n1,-2.7335238095238115,-1.206977826362585
1.25 mm,celsio_A549_N4_n1,-5.121476190476194,-5.75873572916572
1.25 mm,celsio_A549_N4_n1,-6.348904761904767,-0.9964644373499145
1.25 mm,celsio_A549_N4_n1,-6.289952380952386,-0.23240514821757166
1.25 mm,celsio_A549_N4_n1,-5.050380952380956,0.9078999600803186
1.25 mm,celsio_A549_N4_n1,-3.129000000000002,1.8591468884486149
1.25 mm,celsio_A549_N4_n1,-1.18004761904762,2.869910152352177
1.25 mm,celsio_A549_N4_n1,-0.044904761904761906,3.545594306950846
1.25 mm,celsio_A549_N4_n1,0.8252857142857148,4.219610541820967
1.25 mm,celsio_A549_N4_n1,1.4690952380952393,4.770234006914782
1.25 mm,celsio_A549_N4_n1,1.968380952380954,5.264115293917149
1.25 mm,celsio_A549_N4_n1,2.3166190476190494,5.719907837299415
1.25 mm,celsio_A549_N4_n1,2.6562380952380975,6.146453839277015
1.25 mm,celsio_A549_N4_n1,3.03809523809524,6.549134637295421
1.25 mm,celsio_A549_N4_n1,3.481952380952383,6.931678479619095
1.25 mm,celsio_A549_N4_n1,3.966857142857146,7.296872471374601
1.25 mm,celsio_A549_N4_n1,4.533809523809527,7.646904241062382
1.25 mm,celsio_A549_N4_n1,5.069761904761909,7.983549924634481
1.25 mm,celsio_A549_N4_n2,30.38766666666669,30.817752380952403
1.25 mm,celsio_A549_N4_n2,26.72857142857145,29.17811944230164
1.25 mm,celsio_A549_N4_n2,20.72033333333335,23.964374556317022
1.25 mm,celsio_A549_N4_n2,13.468047619047628,17.204862608213972
1.25 mm,celsio_A549_N4_n2,6.452428571428575,10.961401142834664
1.25 mm,celsio_A549_N4_n2,1.451952380952382,6.189371995453449
1.25 mm,celsio_A549_N4_n2,-1.9637619047619066,2.7063223349533407
1.25 mm,celsio_A549_N4_n2,-4.1937619047619075,-1.0078618239083563
1.25 mm,celsio_A549_N4_n2,-5.649190476190481,-4.754805962203643
1.25 mm,celsio_A549_N4_n2,-7.005714285714291,-5.7519245616378125
1.25 mm,celsio_A549_N4_n2,-8.83180952380953,-9.318401856086131
1.25 mm,celsio_A549_N4_n2,-9.49585714285715,-2.3062103443810402
1.25 mm,celsio_A549_N4_n2,-8.492476190476197,-0.9384082721029197
1.25 mm,celsio_A549_N4_n2,-6.396190476190481,-0.6959308618124798
1.25 mm,celsio_A549_N4_n2,-3.699190476190479,-0.27326815042851016
1.25 mm,celsio_A549_N4_n2,-1.505000000000001,0.49229864069970863
1.25 mm,celsio_A549_N4_n2,-0.49238095238095275,1.1752300082286091
1.25 mm,celsio_A549_N4_n2,0.26138095238095255,1.7980650278169776
1.25 mm,celsio_A549_N4_n2,0.9528571428571435,2.3726816378898463
1.25 mm,celsio_A549_N4_n2,1.4256666666666677,2.906890194068912
1.25 mm,celsio_A549_N4_n2,1.7620476190476202,3.406505973189577
1.25 mm,celsio_A549_N4_n2,2.0539047619047635,3.876141745864915
1.25 mm,celsio_A549_N4_n2,2.294619047619049,4.279533268466288
1.25 mm,celsio_A549_N4_n2,2.4938571428571445,4.678729348172944
1.25 mm,celsio_A549_N4_n2,2.6815714285714307,5.070170793849101
1.25 mm,celsio_A549_N4_n3,29.72209523809526,31.03809523809526
1.25 mm,celsio_A549_N4_n3,25.160761904761923,29.42208432310078
1.25 mm,celsio_A549_N4_n3,18.239476190476203,24.570764218044104
1.25 mm,celsio_A549_N4_n3,10.524857142857151,18.388919977881855
1.25 mm,celsio_A549_N4_n3,4.175095238095241,11.956781218825704
1.25 mm,celsio_A549_N4_n3,-0.18319047619047624,6.544906889545727
1.25 mm,celsio_A549_N4_n3,-3.162809523809526,4.143723588721266
1.25 mm,celsio_A549_N4_n3,-5.1001428571428615,-0.36018311364456584
1.25 mm,celsio_A549_N4_n3,-6.6928095238095295,-3.2791203855308213
1.25 mm,celsio_A549_N4_n3,-8.120428571428578,-5.4647521278163245
1.25 mm,celsio_A549_N4_n3,-9.407476190476197,-9.026511955321753
1.25 mm,celsio_A549_N4_n3,-10.371142857142864,-2.1524147529196003
1.25 mm,celsio_A549_N4_n3,-10.441619047619056,-0.9143086398272116
1.25 mm,celsio_A549_N4_n3,-9.256095238095245,-0.6289717094611444
1.25 mm,celsio_A549_N4_n3,-7.0317142857142905,-0.13962027876495559
1.25 mm,celsio_A549_N4_n3,-4.512714285714289,0.6735662830212311
1.25 mm,celsio_A549_N4_n3,-2.296285714285716,1.3806954645918292
1.25 mm,celsio_A549_N4_n3,-0.8843333333333339,2.0136492977406526
1.25 mm,celsio_A549_N4_n3,-0.006285714285714256,2.5906382203967935
1.25 mm,celsio_A549_N4_n3,0.6113333333333337,3.1233051051455996
1.25 mm,celsio_A549_N4_n3,1.05104761904762,3.6196593231753074
1.25 mm,celsio_A549_N4_n3,1.3433333333333342,4.0855163621580095
1.25 mm,celsio_A549_N4_n3,1.5980000000000012,4.525279978409626
1.25 mm,celsio_A549_N4_n3,1.8742857142857157,4.902745317266824
1.25 mm,celsio_A549_N4_n3,2.1418571428571447,5.2810738894513625
1.25 mm,celsio_CALU1_N1_n1,31.059428571428594,30.986523809523828
1.25 mm,celsio_CALU1_N1_n1,29.59209523809526,29.865121181537333
1.25 mm,celsio_CALU1_N1_n1,27.31371428571431,26.366998590651292
1.25 mm,celsio_CALU1_N1_n1,23.670380952380967,21.64566096999131
1.25 mm,celsio_CALU1_N1_n1,19.684857142857155,16.853083387694387
1.25 mm,celsio_CALU1_N1_n1,15.299857142857155,12.690234178358047
1.25 mm,celsio_CALU1_N1_n1,11.506238095238103,9.363028907572188
1.25 mm,celsio_CALU1_N1_n1,7.943666666666672,6.217787606711228
1.25 mm,celsio_CALU1_N1_n1,4.889142857142861,3.867246152056731
1.25 mm,celsio_CALU1_N1_n1,1.8719047619047628,1.078483981597747
1.25 mm,celsio_CALU1_N1_n1,0.363809523809524,1.425107010831652
1.25 mm,celsio_CALU1_N1_n1,-0.27919047619047643,2.785523804871626
1.25 mm,celsio_CALU1_N1_n1,0.2760476190476192,3.653023081778626
1.25 mm,celsio_CALU1_N1_n1,1.4272380952380963,4.366186129870675
1.25 mm,celsio_CALU1_N1_n1,2.10509523809524,5.072701872525765
1.25 mm,celsio_CALU1_N1_n1,2.3406190476190494,5.61738903459174
1.25 mm,celsio_CALU1_N1_n1,2.6948571428571446,6.140839308858781
1.25 mm,celsio_CALU1_N1_n1,3.227428571428574,6.590786895360441
1.25 mm,celsio_CALU1_N1_n1,3.9748571428571453,6.9964944752958065
1.25 mm,celsio_CALU1_N1_n1,4.873571428571432,7.373146208805922
1.25 mm,celsio_CALU1_N1_n1,5.645952380952384,7.7281016971899446
1.25 mm,celsio_CALU1_N1_n1,6.285285714285719,8.065678487876106
1.25 mm,celsio_CALU1_N1_n1,6.814190476190481,8.388753107396722
1.25 mm,celsio_CALU1_N1_n1,7.315714285714291,8.699413496475845
1.25 mm,celsio_CALU1_N1_n1,7.779428571428577,8.999270589826361
1.25 mm,celsio_CALU1_N1_n2,29.99757142857145,29.414257142857167
1.25 mm,celsio_CALU1_N1_n2,29.14147619047621,28.506148621398207
1.25 mm,celsio_CALU1_N1_n2,27.268523809523828,25.571275448128624
1.25 mm,celsio_CALU1_N1_n2,24.832857142857158,21.528862780927422
1.25 mm,celsio_CALU1_N1_n2,21.151619047619064,17.146954321146204
1.25 mm,celsio_CALU1_N1_n2,17.26928571428573,13.20263442871436
1.25 mm,celsio_CALU1_N1_n2,12.880190476190485,9.781121063183514
1.25 mm,celsio_CALU1_N1_n2,8.13480952380953,7.1022983159400805
1.25 mm,celsio_CALU1_N1_n2,3.719333333333336,4.278713764639962
1.25 mm,celsio_CALU1_N1_n2,0.3390476190476193,2.0807787198138183
1.25 mm,celsio_CALU1_N1_n2,-2.4126666666666683,-0.6591483156833159
1.25 mm,celsio_CALU1_N1_n2,-3.427095238095241,0.059747954265202935
1.25 mm,celsio_CALU1_N1_n2,-3.700523809523812,1.6002205939580558
1.25 mm,celsio_CALU1_N1_n2,-2.647000000000002,2.5028822061777696
1.25 mm,celsio_CALU1_N1_n2,-1.2650476190476199,3.2411125671024354
1.25 mm,celsio_CALU1_N1_n2,-0.040761904761904694,3.8268526717307947
1.25 mm,celsio_CALU1_N1_n2,0.7511428571428577,4.3947193806022495
1.25 mm,celsio_CALU1_N1_n2,1.2314761904761915,4.881412315992045
1.25 mm,celsio_CALU1_N1_n2,1.4131428571428581,5.321537279474879
1.25 mm,celsio_CALU1_N1_n2,1.6734761904761917,5.728318460019852
1.25 mm,celsio_CALU1_N1_n2,1.7877142857142871,6.1090760363104835
1.25 mm,celsio_CALU1_N1_n2,1.8875714285714298,6.468589195591722
1.25 mm,celsio_CALU1_N1_n2,1.9379523809523824,6.810268079957783
1.25 mm,celsio_CALU1_N1_n2,1.9453809523809538,7.113596285599543
1.25 mm,celsio_CALU1_N1_n2,1.9273333333333347,7.411634930801666
1.25 mm,celsio_CALU1_N1_n3,30.638571428571453,30.415542857142878
1.25 mm,celsio_CALU1_N1_n3,29.077333333333357,29.332073005977662
1.25 mm,celsio_CALU1_N1_n3,26.81957142857145,26.16510283932707
1.25 mm,celsio_CALU1_N1_n3,22.958428571428588,22.202702394030197
1.25 mm,celsio_CALU1_N1_n3,18.638809523809538,17.24211466898237
1.25 mm,celsio_CALU1_N1_n3,13.52900000000001,13.071621343991636
1.25 mm,celsio_CALU1_N1_n3,8.212476190476195,9.420394144173724
1.25 mm,celsio_CALU1_N1_n3,3.182714285714288,6.163978545285923
1.25 mm,celsio_CALU1_N1_n3,-0.3909523809523812,3.0735707654568127
1.25 mm,celsio_CALU1_N1_n3,-3.3784285714285742,0.7648022733939556
1.25 mm,celsio_CALU1_N1_n3,-4.4837142857142895,1.28886501857482
1.25 mm,celsio_CALU1_N1_n3,-4.893714285714289,2.667165223446673
1.25 mm,celsio_CALU1_N1_n3,-3.9370952380952406,3.546427828164079
1.25 mm,celsio_CALU1_N1_n3,-2.6339047619047635,4.259831069540244
1.25 mm,celsio_CALU1_N1_n3,-1.0936190476190486,4.882665765591426
1.25 mm,celsio_CALU1_N1_n3,-0.06542857142857145,5.453394285319934
1.25 mm,celsio_CALU1_N1_n3,0.7170476190476196,5.939022160412617
1.25 mm,celsio_CALU1_N1_n3,1.2018571428571438,6.36858766400724
1.25 mm,celsio_CALU1_N1_n3,1.561904761904763,6.763490720894792
1.25 mm,celsio_CALU1_N1_n3,1.9151904761904774,7.133100108919885
1.25 mm,celsio_CALU1_N1_n3,2.3454761904761923,7.482695334305929
1.25 mm,celsio_CALU1_N1_n3,2.922142857142859,7.8157327881197425
1.25 mm,celsio_CALU1_N1_n3,3.505428571428574,8.134695167370221
1.25 mm,celsio_CALU1_N1_n3,4.041000000000002,8.441477949460126
1.25 mm,celsio_CALU1_N1_n3,4.512190476190479,8.737592758715547
1.25 mm,celsio_CALU1_N2_n1,28.87861904761907,29.46984761904764
1.25 mm,celsio_CALU1_N2_n1,27.105571428571444,28.195936396822255
1.25 mm,celsio_CALU1_N2_n1,24.48942857142859,24.237001345730413
1.25 mm,celsio_CALU1_N2_n1,21.832000000000015,18.959880534689823
1.25 mm,celsio_CALU1_N2_n1,19.08809523809525,13.436841642479534
1.25 mm,celsio_CALU1_N2_n1,16.730142857142873,8.845364203441203
1.25 mm,celsio_CALU1_N2_n1,14.432190476190488,4.92331488164818
1.25 mm,celsio_CALU1_N2_n1,12.347571428571438,2.3903866224578123
1.25 mm,celsio_CALU1_N2_n1,10.347523809523818,-0.9424771206407935
1.25 mm,celsio_CALU1_N2_n1,8.723142857142863,-0.04355761266769864
1.25 mm,celsio_CALU1_N2_n1,7.276523809523815,1.160625005753556
1.25 mm,celsio_CALU1_N2_n1,5.692761904761909,2.373161960620074
1.25 mm,celsio_CALU1_N2_n1,6.123904761904766,3.1967088550765106
1.25 mm,celsio_CALU1_N2_n1,7.193571428571435,3.8835598715521282
1.25 mm,celsio_CALU1_N2_n1,8.175857142857149,4.433198323023545
1.25 mm,celsio_CALU1_N2_n1,8.60280952380953,4.917279506261634
1.25 mm,celsio_CALU1_N2_n1,8.449571428571435,5.358062135399032
1.25 mm,celsio_CALU1_N2_n1,7.527476190476196,5.766553569986961
1.25 mm,celsio_CALU1_N2_n1,7.1719047619047664,6.149422623258464
1.25 mm,celsio_CALU1_N2_n1,6.782142857142862,6.511186786371402
1.25 mm,celsio_CALU1_N2_n1,6.3482380952381,6.8551265353892985
1.25 mm,celsio_CALU1_N2_n1,6.218666666666671,7.1837399048079735
1.25 mm,celsio_CALU1_N2_n1,6.496333333333339,7.498996875392653
1.25 mm,celsio_CALU1_N2_n1,7.353380952380957,7.786871837299806
1.25 mm,celsio_CALU1_N2_n1,7.7812380952381,8.065789570879254
1.25 mm,celsio_CALU1_N2_n2,30.84728571428574,30.827914285714307
1.25 mm,celsio_CALU1_N2_n2,29.619857142857164,29.556658370949425
1.25 mm,celsio_CALU1_N2_n2,27.392047619047638,25.89740872995789
1.25 mm,celsio_CALU1_N2_n2,24.879904761904783,21.088621890902317
1.25 mm,celsio_CALU1_N2_n2,22.046190476190493,16.44818323956058
1.25 mm,celsio_CALU1_N2_n2,19.201428571428586,12.757755723810849
1.25 mm,celsio_CALU1_N2_n2,16.062333333333342,9.175614588382718
1.25 mm,celsio_CALU1_N2_n2,13.240666666666677,6.4477391927388465
1.25 mm,celsio_CALU1_N2_n2,10.608238095238104,3.888992263704587
1.25 mm,celsio_CALU1_N2_n2,8.223714285714292,1.0595326237517555
1.25 mm,celsio_CALU1_N2_n2,5.779571428571432,-0.8439840613003994
1.25 mm,celsio_CALU1_N2_n2,4.159333333333336,-0.014246091537419264
1.25 mm,celsio_CALU1_N2_n2,2.9707619047619067,1.5988150846190599
1.25 mm,celsio_CALU1_N2_n2,2.8480952380952402,2.5568617945510685
1.25 mm,celsio_CALU1_N2_n2,3.6247619047619075,3.3371577208034386
1.25 mm,celsio_CALU1_N2_n2,4.394476190476194,3.955405086085879
1.25 mm,celsio_CALU1_N2_n2,5.145095238095242,4.553096306975103
1.25 mm,celsio_CALU1_N2_n2,5.812285714285719,5.065393039624642
1.25 mm,celsio_CALU1_N2_n2,6.415714285714291,5.5286042858707996
1.25 mm,celsio_CALU1_N2_n2,7.081428571428576,5.9566471424163066
1.25 mm,celsio_CALU1_N2_n2,7.701238095238102,6.357232925689603
1.25 mm,celsio_CALU1_N2_n2,8.1892380952381,6.735398560697567
1.25 mm,celsio_CALU1_N2_n2,8.611904761904768,7.094739241266294
1.25 mm,celsio_CALU1_N2_n2,8.94576190476191,7.4379655286389905
1.25 mm,celsio_CALU1_N2_n2,9.277190476190484,7.767199638361982
1.25 mm,celsio_CALU1_N2_n3,31.149380952380977,31.419342857142887
1.25 mm,celsio_CALU1_N2_n3,29.135285714285732,30.040729993469785
1.25 mm,celsio_CALU1_N2_n3,25.638523809523832,25.838366512845766
1.25 mm,celsio_CALU1_N2_n3,21.754047619047633,20.407094286910297
1.25 mm,celsio_CALU1_N2_n3,17.3397142857143,15.14886885869497
1.25 mm,celsio_CALU1_N2_n3,13.162714285714294,10.630478108235542
1.25 mm,celsio_CALU1_N2_n3,8.998380952380959,6.755981130465189
1.25 mm,celsio_CALU1_N2_n3,5.453857142857148,3.1615113083159434
1.25 mm,celsio_CALU1_N2_n3,2.3152857142857157,0.6342109598548458
1.25 mm,celsio_CALU1_N2_n3,0.2314761904761906,-2.922967067741303
1.25 mm,celsio_CALU1_N2_n3,-1.3147142857142868,-0.669994318268957
1.25 mm,celsio_CALU1_N2_n3,-1.5770952380952392,0.8026505168772171
1.25 mm,celsio_CALU1_N2_n3,-0.8450952380952387,1.8306147738352945
1.25 mm,celsio_CALU1_N2_n3,-0.01838095238095236,2.6807791760885546
1.25 mm,celsio_CALU1_N2_n3,1.1590952380952388,3.5620947161244776
1.25 mm,celsio_CALU1_N2_n3,1.9863333333333348,4.187900332419182
1.25 mm,celsio_CALU1_N2_n3,2.5528571428571447,4.729388031116894
1.25 mm,celsio_CALU1_N2_n3,3.1094285714285737,5.220380861680975
1.25 mm,celsio_CALU1_N2_n3,3.38261904761905,5.674490736839252
1.25 mm,celsio_CALU1_N2_n3,3.2971428571428594,6.099356929396384
1.25 mm,celsio_CALU1_N2_n3,3.2796666666666687,6.500039491224137
1.25 mm,celsio_CALU1_N2_n3,3.4898095238095257,6.880215736789445
1.25 mm,celsio_CALU1_N2_n3,3.9214285714285744,7.242711753481155
1.25 mm,celsio_CALU1_N2_n3,4.642952380952384,7.589779803973122
1.25 mm,celsio_CALU1_N2_n3,5.3416190476190515,7.923261528936308
1.25 mm,celsio_CALU1_N3_n1,30.85961904761907,31.48947619047621
1.25 mm,celsio_CALU1_N3_n1,28.87852380952383,30.22614696098697
1.25 mm,celsio_CALU1_N3_n1,25.736952380952403,26.54247707196555
1.25 mm,celsio_CALU1_N3_n1,20.974714285714303,21.691321266796656
1.25 mm,celsio_CALU1_N3_n1,15.732619047619059,15.847755173677564
1.25 mm,celsio_CALU1_N3_n1,10.954666666666673,11.30421395537904
1.25 mm,celsio_CALU1_N3_n1,6.836952380952386,7.578154047311977
1.25 mm,celsio_CALU1_N3_n1,3.0832380952380976,4.437146042076558
1.25 mm,celsio_CALU1_N3_n1,0.3710000000000002,1.2162232910228954
1.25 mm,celsio_CALU1_N3_n1,-2.36709523809524,-0.9597787766984648
1.25 mm,celsio_CALU1_N3_n1,-3.70714285714286,-0.02460279638715912
1.25 mm,celsio_CALU1_N3_n1,-3.8047619047619072,1.215871349719956
1.25 mm,celsio_CALU1_N3_n1,-3.666000000000002,2.4846753300496505
1.25 mm,celsio_CALU1_N3_n1,-2.79161904761905,3.350812870923686
1.25 mm,celsio_CALU1_N3_n1,-1.919476190476192,4.076015641691779
1.25 mm,celsio_CALU1_N3_n1,-1.3219047619047628,4.717763923753553
1.25 mm,celsio_CALU1_N3_n1,-0.32080952380952404,5.255499188601071
1.25 mm,celsio_CALU1_N3_n1,0.6450000000000005,5.736655540963512
1.25 mm,celsio_CALU1_N3_n1,1.1607142857142865,6.178725902820799
1.25 mm,celsio_CALU1_N3_n1,1.586619047619049,6.590961541281587
1.25 mm,celsio_CALU1_N3_n1,1.8629523809523825,6.979190486127914
1.25 mm,celsio_CALU1_N3_n1,2.1151428571428585,7.347465226969995
1.25 mm,celsio_CALU1_N3_n1,2.3584761904761917,7.698783648483261
1.25 mm,celsio_CALU1_N3_n1,2.698904761904764,8.035459915959434
1.25 mm,celsio_CALU1_N3_n1,3.160238095238097,8.359338430126385
1.25 mm,celsio_CALU1_N3_n2,27.876333333333353,28.695628571428593
1.25 mm,celsio_CALU1_N3_n2,25.007095238095257,27.281412404356708
1.25 mm,celsio_CALU1_N3_n2,20.921952380952398,22.979864265847898
1.25 mm,celsio_CALU1_N3_n2,16.791904761904775,17.216302863250252
1.25 mm,celsio_CALU1_N3_n2,12.530238095238104,12.020312637259737
1.25 mm,celsio_CALU1_N3_n2,8.438428571428577,7.306273519860074
1.25 mm,celsio_CALU1_N3_n2,4.976523809523813,3.311945943241419
1.25 mm,celsio_CALU1_N3_n2,1.7675238095238108,0.5732598238659479
1.25 mm,celsio_CALU1_N3_n2,-0.9311904761904768,-2.8988915852432156
1.25 mm,celsio_CALU1_N3_n2,-2.6343809523809543,-5.000849460862861
1.25 mm,celsio_CALU1_N3_n2,-3.9973333333333363,-7.998274334911844
1.25 mm,celsio_CALU1_N3_n2,-4.056238095238098,-2.164934855981614
1.25 mm,celsio_CALU1_N3_n2,-3.3109523809523838,-0.9616981106849061
1.25 mm,celsio_CALU1_N3_n2,-1.7641428571428583,-0.702955615003713
1.25 mm,celsio_CALU1_N3_n2,-0.4073809523809526,-0.385047450720396
1.25 mm,celsio_CALU1_N3_n2,0.5481428571428575,0.041064960244548865
1.25 mm,celsio_CALU1_N3_n2,1.124238095238096,0.7748771394794214
1.25 mm,celsio_CALU1_N3_n2,1.6080476190476203,1.422573544588893
1.25 mm,celsio_CALU1_N3_n2,1.9412857142857154,2.0045712495532753
1.25 mm,celsio_CALU1_N3_n2,2.2525714285714304,2.5347483728934916
1.25 mm,celsio_CALU1_N3_n2,2.5098571428571446,3.023042654629058
1.25 mm,celsio_CALU1_N3_n2,2.720190476190478,3.436727416548776
1.25 mm,celsio_CALU1_N3_n2,2.985047619047621,3.8438996988515948
1.25 mm,celsio_CALU1_N3_n2,3.3189523809523833,4.1954524404152345
1.25 mm,celsio_CALU1_N3_n2,3.7298571428571456,4.5165849818802055
1.25 mm,celsio_CALU1_N3_n3,31.109428571428595,31.32266666666669
1.25 mm,celsio_CALU1_N3_n3,29.10690476190478,29.812088884528293
1.25 mm,celsio_CALU1_N3_n3,25.212666666666685,25.11316052904082
1.25 mm,celsio_CALU1_N3_n3,20.46314285714287,19.024528895690413
1.25 mm,celsio_CALU1_N3_n3,15.55509523809525,12.991932688046706
1.25 mm,celsio_CALU1_N3_n3,10.95295238095239,7.914343641595533
1.25 mm,celsio_CALU1_N3_n3,6.652904761904767,4.652325366536392
1.25 mm,celsio_CALU1_N3_n3,3.17461904761905,-0.2648200709491144
1.25 mm,celsio_CALU1_N3_n3,0.0888095238095239,-1.1656616069476717
1.25 mm,celsio_CALU1_N3_n3,-2.2191428571428586,-5.255175906100831
1.25 mm,celsio_CALU1_N3_n3,-3.8498571428571458,-8.613199129664917
1.25 mm,celsio_CALU1_N3_n3,-4.423571428571432,-2.226817246120934
1.25 mm,celsio_CALU1_N3_n3,-3.667714285714288,-0.8634835621869341
1.25 mm,celsio_CALU1_N3_n3,-2.4452380952380968,-0.5238784074933286
1.25 mm,celsio_CALU1_N3_n3,-0.7870000000000006,-0.01576974426030353
1.25 mm,celsio_CALU1_N3_n3,0.35690476190476206,0.8716340555137659
1.25 mm,celsio_CALU1_N3_n3,1.0473809523809532,1.6199235956653015
1.25 mm,celsio_CALU1_N3_n3,1.6839523809523822,2.2812952836876224
1.25 mm,celsio_CALU1_N3_n3,2.211047619047621,2.8780856328319904
1.25 mm,celsio_CALU1_N3_n3,2.5426190476190493,3.4241698688007633
1.25 mm,celsio_CALU1_N3_n3,2.862809523809526,3.929210660478806
1.25 mm,celsio_CALU1_N3_n3,3.1935238095238114,4.4003102435833386
1.25 mm,celsio_CALU1_N3_n3,3.5833333333333357,4.842865610002714
1.25 mm,celsio_CALU1_N3_n3,4.007285714285717,5.261078481870215
1.25 mm,celsio_CALU1_N3_n3,4.48366666666667,5.6268447091113964
1.25 mm,celsio_CALU6_N1_n1,30.74709523809526,30.55549523809526
1.25 mm,celsio_CALU6_N1_n1,29.64780952380955,29.0096792798031
1.25 mm,celsio_CALU6_N1_n1,27.345761904761925,24.261104722824708
1.25 mm,celsio_CALU6_N1_n1,24.45723809523811,18.154236313787063
1.25 mm,celsio_CALU6_N1_n1,20.839380952380967,10.935488374937094
1.25 mm,celsio_CALU6_N1_n1,17.296714285714298,5.644310379893644
1.25 mm,celsio_CALU6_N1_n1,13.604571428571438,1.1369590923066697
1.25 mm,celsio_CALU6_N1_n1,10.00133333333334,-1.2443916867379545
1.25 mm,celsio_CALU6_N1_n1,6.296952380952386,-5.633268561628791
1.25 mm,celsio_CALU6_N1_n1,3.202857142857145,-9.605637695361077
1.25 mm,celsio_CALU6_N1_n1,0.7194761904761909,-12.860834429983576
1.25 mm,celsio_CALU6_N1_n1,-0.08876190476190482,-3.73153318828816
1.25 mm,celsio_CALU6_N1_n1,-0.07609523809523819,-1.1596430190614437
1.25 mm,celsio_CALU6_N1_n1,0.8913809523809529,-0.9050198863697321
1.25 mm,celsio_CALU6_N1_n1,2.137476190476192,-0.7334541518529573
1.25 mm,celsio_CALU6_N1_n1,3.009000000000002,-0.48421872688313755
1.25 mm,celsio_CALU6_N1_n1,3.6384761904761933,-0.05886029330194946
1.25 mm,celsio_CALU6_N1_n1,4.177571428571431,0.6670184539391801
1.25 mm,celsio_CALU6_N1_n1,4.653000000000004,1.3155533172099136
1.25 mm,celsio_CALU6_N1_n1,5.190238095238099,1.9051307152409274
1.25 mm,celsio_CALU6_N1_n1,5.976476190476195,2.4476513519719654
1.25 mm,celsio_CALU6_N1_n1,6.620428571428576,2.951606811710189
1.25 mm,celsio_CALU6_N1_n1,7.207190476190482,3.3729865835207424
1.25 mm,celsio_CALU6_N1_n1,7.700619047619053,3.798416396043096
1.25 mm,celsio_CALU6_N1_n1,8.181190476190482,4.166067372901663
1.25 mm,celsio_CALU6_N1_n2,32.03714285714288,31.73524761904764
1.25 mm,celsio_CALU6_N1_n2,30.53266666666669,30.64156185729706
1.25 mm,celsio_CALU6_N1_n2,28.12385714285716,27.27862927840294
1.25 mm,celsio_CALU6_N1_n2,24.234000000000016,22.646559588455624
1.25 mm,celsio_CALU6_N1_n2,20.0077142857143,17.338158383901266
1.25 mm,celsio_CALU6_N1_n2,15.491619047619059,12.45891480512491
1.25 mm,celsio_CALU6_N1_n2,11.123761904761913,8.9157941588454
1.25 mm,celsio_CALU6_N1_n2,7.054142857142863,5.875278869244033
1.25 mm,celsio_CALU6_N1_n2,3.8418571428571457,2.793956691389791
1.25 mm,celsio_CALU6_N1_n2,1.0745238095238103,-0.3554335716588908
1.25 mm,celsio_CALU6_N1_n2,-0.6225238095238099,-1.0866994679714064
1.25 mm,celsio_CALU6_N1_n2,-1.8680000000000014,-4.408814103396722
1.25 mm,celsio_CALU6_N1_n2,-2.9080952380952403,-6.107947797514697
1.25 mm,celsio_CALU6_N1_n2,-4.03719047619048,-7.824262239932735
1.25 mm,celsio_CALU6_N1_n2,-4.904380952380956,-9.35149277583637
1.25 mm,celsio_CALU6_N1_n2,-4.862000000000004,-2.7203030590028607
1.25 mm,celsio_CALU6_N1_n2,-4.021380952380955,-1.0540582586650247
1.25 mm,celsio_CALU6_N1_n2,-2.258809523809526,-0.8542343471006403
1.25 mm,celsio_CALU6_N1_n2,-0.6760952380952386,-0.6657972200125626
1.25 mm,celsio_CALU6_N1_n2,0.42261904761904795,-0.37847745369227137
1.25 mm,celsio_CALU6_N1_n2,1.185380952380953,0.029381681150535202
1.25 mm,celsio_CALU6_N1_n2,1.8294761904761918,0.7470540277131078
1.25 mm,celsio_CALU6_N1_n2,2.2309523809523824,1.3950197785879155
1.25 mm,celsio_CALU6_N1_n2,2.5921904761904777,1.987428997112495
1.25 mm,celsio_CALU6_N1_n2,2.8262857142857163,2.5344957985751084
1.25 mm,celsio_CALU6_N1_n3,31.41852380952383,31.425466666666686
1.25 mm,celsio_CALU6_N1_n3,29.640571428571448,30.180529345088605
1.25 mm,celsio_CALU6_N1_n3,26.233666666666686,26.44824625005987
1.25 mm,celsio_CALU6_N1_n3,21.9549523809524,21.20533343842106
1.25 mm,celsio_CALU6_N1_n3,17.98076190476192,15.109856415732718
1.25 mm,celsio_CALU6_N1_n3,14.316238095238107,10.063868922126542
1.25 mm,celsio_CALU6_N1_n3,10.82095238095239,6.457659976031506
1.25 mm,celsio_CALU6_N1_n3,7.726571428571433,2.8863606138078555
1.25 mm,celsio_CALU6_N1_n3,4.737904761904765,-0.5100837700588547
1.25 mm,celsio_CALU6_N1_n3,2.2093333333333347,-2.752833735371853
1.25 mm,celsio_CALU6_N1_n3,0.37328571428571444,-4.806468691422202
1.25 mm,celsio_CALU6_N1_n3,-1.4953809523809536,-6.705821199543847
1.25 mm,celsio_CALU6_N1_n3,-2.141380952380954,-1.4791458809858904
1.25 mm,celsio_CALU6_N1_n3,-2.1562380952380966,-0.7645408100185088
1.25 mm,celsio_CALU6_N1_n3,-1.127238095238096,-0.27218718635453665
1.25 mm,celsio_CALU6_N1_n3,0.20723809523809536,0.5577049901294785
1.25 mm,celsio_CALU6_N1_n3,1.3960000000000008,1.4034786218586848
1.25 mm,celsio_CALU6_N1_n3,2.019523809523811,2.081436078021053
1.25 mm,celsio_CALU6_N1_n3,2.5510476190476212,2.6850578704882366
1.25 mm,celsio_CALU6_N1_n3,2.905571428571431,3.236369313377537
1.25 mm,celsio_CALU6_N1_n3,3.2805714285714314,3.746940271688377
1.25 mm,celsio_CALU6_N1_n3,3.681238095238098,4.224220529670186
1.25 mm,celsio_CALU6_N1_n3,4.138238095238099,4.673497642198576
1.25 mm,celsio_CALU6_N1_n3,4.623761904761908,5.098751398481224
1.25 mm,celsio_CALU6_N1_n3,5.049714285714289,5.469761048293743
1.25 mm,celsio_CALU6_N2_n1,32.557047619047644,32.4145523809524
1.25 mm,celsio_CALU6_N2_n1,32.07942857142859,30.723025297842767
1.25 mm,celsio_CALU6_N2_n1,30.875714285714306,25.179204953051933
1.25 mm,celsio_CALU6_N2_n1,29.421666666666685,18.465908575468063
1.25 mm,celsio_CALU6_N2_n1,27.65752380952383,10.858047817219791
1.25 mm,celsio_CALU6_N2_n1,25.89919047619049,4.130323774588516
1.25 mm,celsio_CALU6_N2_n1,23.766238095238112,-0.9697267505620522
1.25 mm,celsio_CALU6_N2_n1,21.641714285714304,-5.6376290534446944
1.25 mm,celsio_CALU6_N2_n1,19.4477142857143,-9.50485273106584
1.25 mm,celsio_CALU6_N2_n1,17.320857142857154,-10.75621105334238
1.25 mm,celsio_CALU6_N2_n1,15.338190476190487,-14.544021760258072
1.25 mm,celsio_CALU6_N2_n1,13.6914761904762,-4.006000748111467
1.25 mm,celsio_CALU6_N2_n1,12.271333333333342,-1.15158411755957
1.25 mm,celsio_CALU6_N2_n1,11.498285714285721,-0.9140803625592258
1.25 mm,celsio_CALU6_N2_n1,11.506333333333341,-0.7369246680746738
1.25 mm,celsio_CALU6_N2_n1,11.74990476190477,-0.4446302039547711
1.25 mm,celsio_CALU6_N2_n1,12.246761904761915,-0.02320638245095398
1.25 mm,celsio_CALU6_N2_n1,12.573095238095247,0.7302799132858138
1.25 mm,celsio_CALU6_N2_n1,12.932666666666677,1.4087466583824038
1.25 mm,celsio_CALU6_N2_n1,13.268809523809534,2.027849831862549
1.25 mm,celsio_CALU6_N2_n1,13.640238095238104,2.598840538333846
1.25 mm,celsio_CALU6_N2_n1,14.013190476190488,3.130072193536702
1.25 mm,celsio_CALU6_N2_n1,14.31404761904763,3.6278939900610268
1.25 mm,celsio_CALU6_N2_n1,14.576142857142868,4.097229255718405
1.25 mm,celsio_CALU6_N2_n1,14.803857142857154,4.499147436877082
1.25 mm,celsio_CALU6_N2_n2,31.710238095238118,31.70041904761907
1.25 mm,celsio_CALU6_N2_n2,30.31666666666669,30.46055410141676
1.25 mm,celsio_CALU6_N2_n2,27.421619047619068,26.632589244635316
1.25 mm,celsio_CALU6_N2_n2,23.633238095238113,21.445176470001147
1.25 mm,celsio_CALU6_N2_n2,19.996761904761918,15.717579140330127
1.25 mm,celsio_CALU6_N2_n2,16.51866666666668,10.935714324279674
1.25 mm,celsio_CALU6_N2_n2,13.180761904761916,7.0559427830247
1.25 mm,celsio_CALU6_N2_n2,9.951666666666673,3.4990189070945186
1.25 mm,celsio_CALU6_N2_n2,6.66776190476191,0.9435783315604991
1.25 mm,celsio_CALU6_N2_n2,3.794714285714289,-0.6483723421587262
1.25 mm,celsio_CALU6_N2_n2,1.9350000000000014,-3.206132384611304
1.25 mm,celsio_CALU6_N2_n2,0.7822380952380957,-0.7462887638463106
1.25 mm,celsio_CALU6_N2_n2,0.704666666666667,0.04601938934456423
1.25 mm,celsio_CALU6_N2_n2,0.7805714285714292,1.4864596364562364
1.25 mm,celsio_CALU6_N2_n2,1.2804761904761914,2.397128455575439
1.25 mm,celsio_CALU6_N2_n2,1.6769523809523823,3.1651619843907155
1.25 mm,celsio_CALU6_N2_n2,2.1187142857142875,3.78841531557111
1.25 mm,celsio_CALU6_N2_n2,2.686428571428573,4.340234905306895
1.25 mm,celsio_CALU6_N2_n2,3.1441428571428593,4.84329013132442
1.25 mm,celsio_CALU6_N2_n2,3.552476190476193,5.309241757823785
1.25 mm,celsio_CALU6_N2_n2,3.9774285714285735,5.745394216751682
1.25 mm,celsio_CALU6_N2_n2,4.478857142857146,6.156815926392426
1.25 mm,celsio_CALU6_N2_n2,5.064333333333337,6.547248678828442
1.25 mm,celsio_CALU6_N2_n2,5.74671428571429,6.9195735039996755
1.25 mm,celsio_CALU6_N2_n2,6.29376190476191,7.276078664166375
1.25 mm,celsio_CALU6_N2_n3,30.79866666666669,31.179685714285732
1.25 mm,celsio_CALU6_N2_n3,29.594428571428594,29.952191505799945
1.25 mm,celsio_CALU6_N2_n3,26.930523809523827,26.223728401021997
1.25 mm,celsio_CALU6_N2_n3,23.579714285714303,21.292911749873255
1.25 mm,celsio_CALU6_N2_n3,19.569809523809536,16.11461209319992
1.25 mm,celsio_CALU6_N2_n3,15.55957142857144,11.634769251804652
1.25 mm,celsio_CALU6_N2_n3,11.453476190476199,8.00289153923629
1.25 mm,celsio_CALU6_N2_n3,7.962857142857148,4.714830558584342
1.25 mm,celsio_CALU6_N2_n3,4.927904761904765,1.5566754005785959
1.25 mm,celsio_CALU6_N2_n3,2.817047619047621,0.3891992458377963
1.25 mm,celsio_CALU6_N2_n3,1.0980476190476198,-2.444837075572223
1.25 mm,celsio_CALU6_N2_n3,0.10657142857142865,-4.508165333462092
1.25 mm,celsio_CALU6_N2_n3,-0.6696190476190482,-1.1200790247554684
1.25 mm,celsio_CALU6_N2_n3,-0.7483809523809529,-0.4530004549279998
1.25 mm,celsio_CALU6_N2_n3,-0.076952380952381,0.5739863160244437
1.25 mm,celsio_CALU6_N2_n3,0.7406190476190482,1.4963039948612962
1.25 mm,celsio_CALU6_N2_n3,1.5551904761904773,2.2064775860779204
1.25 mm,celsio_CALU6_N2_n3,2.0250476190476205,2.9014787069031933
1.25 mm,celsio_CALU6_N2_n3,2.367190476190478,3.485728965026418
1.25 mm,celsio_CALU6_N2_n3,2.7504285714285737,4.0117703877333515
1.25 mm,celsio_CALU6_N2_n3,3.2161428571428594,4.496091390215998
1.25 mm,celsio_CALU6_N2_n3,3.6994761904761937,4.94763589699347
1.25 mm,celsio_CALU6_N2_n3,4.181809523809527,5.372268914755448
1.25 mm,celsio_CALU6_N2_n3,4.714476190476194,5.77420527631023
1.25 mm,celsio_CALU6_N2_n3,5.2930476190476226,6.156641112262801
1.25 mm,celsio_CALU6_N3_n1,26.1077142857143,30.774000000000022
1.25 mm,celsio_CALU6_N3_n1,22.097095238095257,29.12884772618574
1.25 mm,celsio_CALU6_N3_n1,18.181523809523824,23.97986186591271
1.25 mm,celsio_CALU6_N3_n1,15.578238095238108,17.855991124550318
1.25 mm,celsio_CALU6_N3_n1,13.25757142857144,13.009325445289974
1.25 mm,celsio_CALU6_N3_n1,11.665952380952389,9.03312375457863
1.25 mm,celsio_CALU6_N3_n1,10.985047619047627,6.068484664645239
1.25 mm,celsio_CALU6_N3_n1,10.675714285714294,3.951756886045789
1.25 mm,celsio_CALU6_N3_n1,11.051571428571437,2.499142797087966
1.25 mm,celsio_CALU6_N3_n1,11.636857142857151,1.771216118419085
1.25 mm,celsio_CALU6_N3_n1,11.269238095238103,0.6498094767057607
1.25 mm,celsio_CALU6_N3_n1,10.381095238095245,-1.0550617139436307
1.25 mm,celsio_CALU6_N3_n1,8.928190476190482,-3.0157055633672716
1.25 mm,celsio_CALU6_N3_n1,7.397238095238101,-6.146097939758017
1.25 mm,celsio_CALU6_N3_n1,6.480333333333338,-1.6366111094258025
1.25 mm,celsio_CALU6_N3_n1,6.5245714285714325,-0.8344268522357625
1.25 mm,celsio_CALU6_N3_n1,6.874428571428577,-0.47443207017547906
1.25 mm,celsio_CALU6_N3_n1,7.530095238095243,-0.023480440779862805
1.25 mm,celsio_CALU6_N3_n1,7.771095238095244,0.7440892939762543
1.25 mm,celsio_CALU6_N3_n1,7.38676190476191,1.41900419610556
1.25 mm,celsio_CALU6_N3_n1,6.5457619047619096,2.0258746469190054
1.25 mm,celsio_CALU6_N3_n1,5.769000000000004,2.580167603915379
1.25 mm,celsio_CALU6_N3_n1,5.471190476190481,3.092410914808336
1.25 mm,celsio_CALU6_N3_n1,5.5138095238095275,3.570142479802496
1.25 mm,celsio_CALU6_N3_n1,6.058666666666671,4.018961151131252
1.25 mm,celsio_CALU6_N3_n2,30.852,30.999076190476217
1.25 mm,celsio_CALU6_N3_n2,30.142,29.784540415000453
1.25 mm,celsio_CALU6_N3_n2,19.558,26.457858728975694
1.25 mm,celsio_CALU6_N3_n2,19.696,22.857853353490807
1.25 mm,celsio_CALU6_N3_n2,19.309,18.5651375812086
1.25 mm,celsio_CALU6_N3_n2,17.864,14.227555171510957
1.25 mm,celsio_CALU6_N3_n2,15.397,9.197143295613646
1.25 mm,celsio_CALU6_N3_n2,9.104,3.7921923910326694
1.25 mm,celsio_CALU6_N3_n2,5.985,-0.934792993539771
1.25 mm,celsio_CALU6_N3_n2,1.177,-5.108147280693798
1.25 mm,celsio_CALU6_N3_n2,0.01,-1.1280283002686968
1.25 mm,celsio_CALU6_N3_n2,-2.533,-0.18489700164991046
1.25 mm,celsio_CALU6_N3_n2,-3.248,0.9127262962458327
1.25 mm,celsio_CALU6_N3_n2,-3.807,1.843759307406759
1.25 mm,celsio_CALU6_N3_n2,-4.445,2.8334125772079
1.25 mm,celsio_CALU6_N3_n2,-4.244,3.4918254220696547
1.25 mm,celsio_CALU6_N3_n2,-3.544,4.1482689138153015
1.25 mm,celsio_CALU6_N3_n2,-2.134,4.683793078007022
1.25 mm,celsio_CALU6_N3_n2,-0.461,5.163833822455048
1.25 mm,celsio_CALU6_N3_n2,0.093,5.6067208178373305
1.25 mm,celsio_CALU6_N3_n2,0.536,6.021135077643064
1.25 mm,celsio_CALU6_N3_n2,1.155,6.412349525947441
1.25 mm,celsio_CALU6_N3_n2,1.425,6.78400948817626
1.25 mm,celsio_CALU6_N3_n2,1.887,7.13883482132631
1.25 mm,celsio_CALU6_N3_n2,2.067,7.478956955959689
1.25 mm,celsio_CALU6_N3_n3,30.259238095238118,31.552219047619076
1.25 mm,celsio_CALU6_N3_n3,28.54090476190478,30.045610423804856
1.25 mm,celsio_CALU6_N3_n3,25.26738095238097,25.907882998763316
1.25 mm,celsio_CALU6_N3_n3,21.194523809523826,20.314219442612384
1.25 mm,celsio_CALU6_N3_n3,17.39809523809525,13.321877626085717
1.25 mm,celsio_CALU6_N3_n3,13.621714285714294,7.755891146524371
1.25 mm,celsio_CALU6_N3_n3,9.648238095238101,2.956826638654269
1.25 mm,celsio_CALU6_N3_n3,6.121904761904766,-1.137177842602576
1.25 mm,celsio_CALU6_N3_n3,2.4176666666666686,-5.5138003056976155
1.25 mm,celsio_CALU6_N3_n3,0.10847619047619039,-1.2786058466106365
1.25 mm,celsio_CALU6_N3_n3,-0.8341904761904769,-0.46570273698752573
1.25 mm,celsio_CALU6_N3_n3,-1.3747619047619057,0.6984496223282836
1.25 mm,celsio_CALU6_N3_n3,-1.0107619047619054,1.707701865697741
1.25 mm,celsio_CALU6_N3_n3,-0.4142857142857146,2.552221362881159
1.25 mm,celsio_CALU6_N3_n3,0.23719047619047634,3.293433732784992
1.25 mm,celsio_CALU6_N3_n3,1.314952380952382,4.008622191218996
1.25 mm,celsio_CALU6_N3_n3,2.1880476190476204,4.57755468417565
1.25 mm,celsio_CALU6_N3_n3,2.738285714285716,5.081708290848926
1.25 mm,celsio_CALU6_N3_n3,3.1615238095238114,5.544680769408494
1.25 mm,celsio_CALU6_N3_n3,3.5415714285714315,5.976531754919266
1.25 mm,celsio_CALU6_N3_n3,4.016809523809527,6.383165614774655
1.25 mm,celsio_CALU6_N3_n3,4.599761904761908,6.768625493168184
1.25 mm,celsio_CALU6_N3_n3,5.238761904761908,7.135922888124479
1.25 mm,celsio_CALU6_N3_n3,5.859523809523814,7.48741650001699
1.25 mm,celsio_CALU6_N3_n3,6.347904761904767,7.825015617390906
1.55 mm,celsio_A549_N1_n1,26.839523809523826,27.622247619047634
1.55 mm,celsio_A549_N1_n1,25.53890476190478,27.18957780874983
1.55 mm,celsio_A549_N1_n1,23.550476190476207,25.096027463548165
1.55 mm,celsio_A549_N1_n1,21.415904761904777,21.510738885597537
1.55 mm,celsio_A549_N1_n1,19.4687142857143,17.226345282276277
1.55 mm,celsio_A549_N1_n1,17.465000000000014,13.329575119772901
1.55 mm,celsio_A549_N1_n1,15.190047619047629,9.97925331523326
1.55 mm,celsio_A549_N1_n1,13.109333333333343,6.968698117057089
1.55 mm,celsio_A549_N1_n1,10.70090476190477,4.141873502056892
1.55 mm,celsio_A549_N1_n1,8.481523809523814,2.1624720865556504
1.55 mm,celsio_A549_N1_n1,6.435523809523815,0.47981144789813435
1.55 mm,celsio_A549_N1_n1,4.809523809523814,-2.2811230609119098
1.55 mm,celsio_A549_N1_n1,3.5491428571428596,-4.225682584610676
1.55 mm,celsio_A549_N1_n1,2.86109523809524,-1.5603936212588176
1.55 mm,celsio_A549_N1_n1,2.562809523809525,-0.7474893772954345
1.55 mm,celsio_A549_N1_n1,2.7512380952380973,-0.2841876755307894
1.55 mm,celsio_A549_N1_n1,3.1652380952380974,0.43104479995552547
1.55 mm,celsio_A549_N1_n1,3.77614285714286,1.0516852430350958
1.55 mm,celsio_A549_N1_n1,4.263190476190479,1.6076099317371164
1.55 mm,celsio_A549_N1_n1,4.686190476190479,1.9901730559875437
1.55 mm,celsio_A549_N1_n1,5.061190476190481,2.4565550863552286
1.55 mm,celsio_A549_N1_n1,5.456047619047624,2.8976749548863774
1.55 mm,celsio_A549_N1_n1,5.871333333333337,3.272097038360104
1.55 mm,celsio_A549_N1_n1,6.319095238095242,3.6001123313126877
1.55 mm,celsio_A549_N1_n1,6.6335238095238145,3.8979361332084785
1.55 mm,celsio_A549_N1_n3,28.003142857142876,29.868657142857167
1.55 mm,celsio_A549_N1_n3,26.749190476190492,29.28149422059928
1.55 mm,celsio_A549_N1_n3,25.56942857142859,26.554507865462792
1.55 mm,celsio_A549_N1_n3,24.496142857142875,22.439535669286826
1.55 mm,celsio_A549_N1_n3,23.218523809523827,18.471394358691057
1.55 mm,celsio_A549_N1_n3,21.697333333333347,14.79488316731036
1.55 mm,celsio_A549_N1_n3,20.09857142857144,11.479243308700987
1.55 mm,celsio_A549_N1_n3,18.542619047619063,8.920341233186473
1.55 mm,celsio_A549_N1_n3,17.13452380952382,6.713116447363224
1.55 mm,celsio_A549_N1_n3,15.744809523809536,4.442381451988576
1.55 mm,celsio_A549_N1_n3,14.275380952380962,3.821853654914902
1.55 mm,celsio_A549_N1_n3,12.934523809523819,4.550264103925338
1.55 mm,celsio_A549_N1_n3,11.819619047619057,5.145363725079426
1.55 mm,celsio_A549_N1_n3,11.205571428571437,5.665130556370261
1.55 mm,celsio_A549_N1_n3,11.00780952380953,6.0827984597928735
1.55 mm,celsio_A549_N1_n3,10.98290476190477,6.501760067790585
1.55 mm,celsio_A549_N1_n3,10.97195238095239,6.86595621817659
1.55 mm,celsio_A549_N1_n3,11.031666666666673,7.198670006572979
1.55 mm,celsio_A549_N1_n3,11.11542857142858,7.509713362114302
1.55 mm,celsio_A549_N1_n3,11.235952380952387,7.804174332176077
1.55 mm,celsio_A549_N1_n3,11.342619047619056,8.085157985213867
1.55 mm,celsio_A549_N1_n3,11.45838095238096,8.354775693021445
1.55 mm,celsio_A549_N1_n3,11.574095238095246,8.598845880448744
1.55 mm,celsio_A549_N1_n3,11.705047619047628,8.83697143665277
1.55 mm,celsio_A549_N1_n3,11.805523809523818,9.062519621090107
1.55 mm,celsio_A549_N1_n4,30.941857142857167,32.00586666666669
1.55 mm,celsio_A549_N1_n4,29.041857142857165,31.4923186528952
1.55 mm,celsio_A549_N1_n4,26.523333333333355,29.047624148251387
1.55 mm,celsio_A549_N1_n4,23.999571428571446,24.898945994955806
1.55 mm,celsio_A549_N1_n4,21.98980952380954,19.78833478660937
1.55 mm,celsio_A549_N1_n4,20.40633333333335,15.287293419142474
1.55 mm,celsio_A549_N1_n4,19.01861904761906,11.134987994477399
1.55 mm,celsio_A549_N1_n4,17.847809523809538,7.773112641842176
1.55 mm,celsio_A549_N1_n4,16.794476190476203,4.628116437596384
1.55 mm,celsio_A549_N1_n4,15.855285714285726,1.5403718676041587
1.55 mm,celsio_A549_N1_n4,15.103619047619057,0.3661063262176697
1.55 mm,celsio_A549_N1_n4,14.253428571428582,-2.7500031195150725
1.55 mm,celsio_A549_N1_n4,13.292571428571438,-0.8199378330367135
1.55 mm,celsio_A549_N1_n4,12.595333333333343,-0.10746079951373388
1.55 mm,celsio_A549_N1_n4,12.162666666666675,0.9456865632074651
1.55 mm,celsio_A549_N1_n4,12.02042857142858,1.8269704642799045
1.55 mm,celsio_A549_N1_n4,12.406619047619056,2.7202348269903784
1.55 mm,celsio_A549_N1_n4,12.868238095238105,3.339067195447781
1.55 mm,celsio_A549_N1_n4,13.164809523809534,3.882415075341565
1.55 mm,celsio_A549_N1_n4,13.497619047619057,4.377300502332184
1.55 mm,celsio_A549_N1_n4,13.685190476190485,4.835204154279372
1.55 mm,celsio_A549_N1_n4,13.763571428571439,5.263001611441934
1.55 mm,celsio_A549_N1_n4,13.900714285714296,5.665481746516578
1.55 mm,celsio_A549_N1_n4,14.139095238095248,6.028525412947408
1.55 mm,celsio_A549_N1_n4,14.370333333333342,6.368037992882029
1.55 mm,celsio_A549_N2_n1,28.25447619047621,29.102428571428597
1.55 mm,celsio_A549_N2_n1,27.104619047619067,28.64145880732319
1.55 mm,celsio_A549_N2_n1,25.859380952380974,26.453487339922738
1.55 mm,celsio_A549_N2_n1,24.469809523809545,22.860940272977047
1.55 mm,celsio_A549_N2_n1,23.147238095238116,19.060171362568035
1.55 mm,celsio_A549_N2_n1,21.666190476190494,15.729283396068048
1.55 mm,celsio_A549_N2_n1,20.025476190476205,12.77799372890953
1.55 mm,celsio_A549_N2_n1,18.128095238095252,10.115248741913923
1.55 mm,celsio_A549_N2_n1,16.356190476190488,7.904719198438652
1.55 mm,celsio_A549_N2_n1,14.687666666666676,5.879240353938908
1.55 mm,celsio_A549_N2_n1,13.071809523809534,3.5757870908068914
1.55 mm,celsio_A549_N2_n1,11.451809523809532,3.338484203646783
1.55 mm,celsio_A549_N2_n1,10.399857142857151,3.8813246447462038
1.55 mm,celsio_A549_N2_n1,9.58580952380953,4.387670899213385
1.55 mm,celsio_A549_N2_n1,9.36442857142858,4.900140490183154
1.55 mm,celsio_A549_N2_n1,9.67185714285715,5.332452039536976
1.55 mm,celsio_A549_N2_n1,9.940333333333342,5.721694595203647
1.55 mm,celsio_A549_N2_n1,10.25133333333334,6.0808630045501975
1.55 mm,celsio_A549_N2_n1,10.612761904761912,6.416822491287147
1.55 mm,celsio_A549_N2_n1,10.886047619047627,6.733934142739533
1.55 mm,celsio_A549_N2_n1,11.177714285714295,7.0352529251122595
1.55 mm,celsio_A549_N2_n1,11.473285714285723,7.323051625597424
1.55 mm,celsio_A549_N2_n1,11.74942857142858,7.578883560011261
1.55 mm,celsio_A549_N2_n1,12.041380952380962,7.830319183300225
1.55 mm,celsio_A549_N2_n1,12.33900000000001,8.065176056908138
1.55 mm,celsio_A549_N2_n2,28.97761904761907,30.646704761904783
1.55 mm,celsio_A549_N2_n2,27.686095238095263,30.120312098310574
1.55 mm,celsio_A549_N2_n2,26.106761904761925,27.7404802420635
1.55 mm,celsio_A549_N2_n2,24.534523809523826,23.844916363568036
1.55 mm,celsio_A549_N2_n2,22.849714285714306,19.78812598373865
1.55 mm,celsio_A549_N2_n2,21.106523809523825,16.224083844032535
1.55 mm,celsio_A549_N2_n2,19.598523809523826,13.303677069228323
1.55 mm,celsio_A549_N2_n2,18.632190476190495,11.065038710980824
1.55 mm,celsio_A549_N2_n2,17.910476190476203,9.132753038035252
1.55 mm,celsio_A549_N2_n2,17.01476190476192,7.293945917684938
1.55 mm,celsio_A549_N2_n2,15.750666666666678,5.050908949950639
1.55 mm,celsio_A549_N2_n2,14.239952380952392,4.64755719934898
1.55 mm,celsio_A549_N2_n2,12.632285714285723,5.053446094492407
1.55 mm,celsio_A549_N2_n2,11.411190476190484,5.650774683983668
1.55 mm,celsio_A549_N2_n2,10.741619047619055,6.177273319118484
1.55 mm,celsio_A549_N2_n2,10.444666666666674,6.592607551052777
1.55 mm,celsio_A549_N2_n2,10.484904761904769,6.958515792489248
1.55 mm,celsio_A549_N2_n2,10.58785714285715,7.295951598560697
1.55 mm,celsio_A549_N2_n2,10.640714285714292,7.613371552652996
1.55 mm,celsio_A549_N2_n2,10.613619047619054,7.915132527560836
1.55 mm,celsio_A549_N2_n2,10.49533333333334,8.203898700484372
1.55 mm,celsio_A549_N2_n2,10.451333333333341,8.48150558652104
1.55 mm,celsio_A549_N2_n2,10.380523809523815,8.749325229467235
1.55 mm,celsio_A549_N2_n2,10.480142857142866,9.00056270546274
1.55 mm,celsio_A549_N2_n2,10.624476190476198,9.238391563251398
1.55 mm,celsio_A549_N2_n3,28.970666666666688,30.66582857142859
1.55 mm,celsio_A549_N2_n3,27.80052380952383,30.183251448563794
1.55 mm,celsio_A549_N2_n3,26.782190476190497,27.782434272251738
1.55 mm,celsio_A549_N2_n3,25.856476190476208,23.859793637999363
1.55 mm,celsio_A549_N2_n3,24.794238095238114,19.589298507894725
1.55 mm,celsio_A549_N2_n3,23.589809523809542,16.05728298644954
1.55 mm,celsio_A549_N2_n3,22.4227142857143,12.617507080186352
1.55 mm,celsio_A549_N2_n3,21.29780952380954,9.562459495921333
1.55 mm,celsio_A549_N2_n3,20.14880952380954,7.3657200596181704
1.55 mm,celsio_A549_N2_n3,18.913333333333348,5.197116157307409
1.55 mm,celsio_A549_N2_n3,17.644190476190488,4.792486469419074
1.55 mm,celsio_A549_N2_n3,16.331380952380965,5.208289886267474
1.55 mm,celsio_A549_N2_n3,15.309285714285727,5.814228955262789
1.55 mm,celsio_A549_N2_n3,14.742428571428583,6.344714920538815
1.55 mm,celsio_A549_N2_n3,14.405571428571438,6.758454984181382
1.55 mm,celsio_A549_N2_n3,14.37104761904763,7.168951184733609
1.55 mm,celsio_A549_N2_n3,14.30652380952382,7.525132720534433
1.55 mm,celsio_A549_N2_n3,14.309238095238106,7.849395857139571
1.55 mm,celsio_A549_N2_n3,14.326238095238104,8.152728009841024
1.55 mm,celsio_A549_N2_n3,14.387190476190487,8.440524347111454
1.55 mm,celsio_A549_N2_n3,14.449952380952393,8.715887555660855
1.55 mm,celsio_A549_N2_n3,14.52652380952382,8.980831661361684
1.55 mm,celsio_A549_N2_n3,14.596000000000013,9.236785156589086
1.55 mm,celsio_A549_N2_n3,14.65095238095239,9.4752389151962
1.55 mm,celsio_A549_N2_n3,14.65904761904763,9.704293413086756
1.55 mm,celsio_A549_N4_n1,31.376285714285736,31.818057142857164
1.55 mm,celsio_A549_N4_n1,30.713190476190498,31.303503224622727
1.55 mm,celsio_A549_N4_n1,29.770809523809543,29.03219925964384
1.55 mm,celsio_A549_N4_n1,28.828809523809547,25.400041642031756
1.55 mm,celsio_A549_N4_n1,27.952952380952404,20.75836317770521
1.55 mm,celsio_A549_N4_n1,27.004857142857162,16.504421632826098
1.55 mm,celsio_A549_N4_n1,25.842238095238113,12.574819232178413
1.55 mm,celsio_A549_N4_n1,24.62185714285716,9.29582804364987
1.55 mm,celsio_A549_N4_n1,22.91623809523811,6.047162868531611
1.55 mm,celsio_A549_N4_n1,21.150000000000013,5.43762961082218
1.55 mm,celsio_A549_N4_n1,19.52680952380954,6.077582580835911
1.55 mm,celsio_A549_N4_n1,18.271000000000015,6.626850057309441
1.55 mm,celsio_A549_N4_n1,17.515428571428586,7.113875507120902
1.55 mm,celsio_A549_N4_n1,17.299857142857157,7.595479173103745
1.55 mm,celsio_A549_N4_n1,17.138190476190488,7.999604542298603
1.55 mm,celsio_A549_N4_n1,17.11223809523811,8.379935081069707
1.55 mm,celsio_A549_N4_n1,17.135904761904776,8.722072601041134
1.55 mm,celsio_A549_N4_n1,17.191380952380964,9.032757719358996
1.55 mm,celsio_A549_N4_n1,17.241857142857157,9.323015537133944
1.55 mm,celsio_A549_N4_n1,17.27152380952382,9.598616646337106
1.55 mm,celsio_A549_N4_n1,17.274619047619062,9.862828122667455
1.55 mm,celsio_A549_N4_n1,17.274714285714296,10.117699764328174
1.55 mm,celsio_A549_N4_n1,17.26461904761906,10.36463325038509
1.55 mm,celsio_A549_N4_n1,17.28423809523811,10.604655145624506
1.55 mm,celsio_A549_N4_n1,17.299523809523826,10.838559173419359
1.55 mm,celsio_A549_N4_n2,30.579000000000022,30.817752380952403
1.55 mm,celsio_A549_N4_n2,30.014285714285734,30.33346950274676
1.55 mm,celsio_A549_N4_n2,29.18047619047621,28.014281959924322
1.55 mm,celsio_A549_N4_n2,28.224428571428593,24.130602783907058
1.55 mm,celsio_A549_N4_n2,27.07776190476192,19.76165078808231
1.55 mm,celsio_A549_N4_n2,25.89142857142859,15.881092004808412
1.55 mm,celsio_A549_N4_n2,24.73947619047621,12.52227357279294
1.55 mm,celsio_A549_N4_n2,23.561190476190497,9.260711922923873
1.55 mm,celsio_A549_N4_n2,22.313952380952397,6.313661181728185
1.55 mm,celsio_A549_N4_n2,20.96990476190478,4.770333553651114
1.55 mm,celsio_A549_N4_n2,19.265952380952395,2.1430168164303245
1.55 mm,celsio_A549_N4_n2,17.428761904761917,2.242409829970117
1.55 mm,celsio_A549_N4_n2,15.887857142857154,2.9731527989827407
1.55 mm,celsio_A549_N4_n2,14.745238095238106,3.701613881483021
1.55 mm,celsio_A549_N4_n2,14.095666666666677,4.448023111627831
1.55 mm,celsio_A549_N4_n2,13.899142857142866,4.987829223850115
1.55 mm,celsio_A549_N4_n2,13.896523809523819,5.449580509620095
1.55 mm,celsio_A549_N4_n2,13.970904761904773,5.866995441959688
1.55 mm,celsio_A549_N4_n2,14.090857142857153,6.253017783381698
1.55 mm,celsio_A549_N4_n2,14.19757142857144,6.6145426588276965
1.55 mm,celsio_A549_N4_n2,14.281857142857154,6.955961767867457
1.55 mm,celsio_A549_N4_n2,14.360428571428582,7.2803807501567555
1.55 mm,celsio_A549_N4_n2,14.408761904761915,7.582409161231675
1.55 mm,celsio_A549_N4_n2,14.47414285714287,7.860522760959815
1.55 mm,celsio_A549_N4_n2,14.53457142857144,8.133671134819565
1.55 mm,celsio_A549_N4_n3,30.680952380952405,31.03809523809526
1.55 mm,celsio_A549_N4_n3,29.96742857142859,30.56104445483681
1.55 mm,celsio_A549_N4_n3,28.97742857142859,28.365275291785856
1.55 mm,celsio_A549_N4_n3,27.851571428571447,24.824767936593386
1.55 mm,celsio_A549_N4_n3,26.730523809523827,20.465916647349605
1.55 mm,celsio_A549_N4_n3,25.641857142857162,16.34950718297545
1.55 mm,celsio_A549_N4_n3,24.45100000000002,13.271265276825872
1.55 mm,celsio_A549_N4_n3,23.115238095238112,9.872485662199031
1.55 mm,celsio_A549_N4_n3,21.636190476190492,7.527239137927016
1.55 mm,celsio_A549_N4_n3,19.95433333333335,5.170658356217536
1.55 mm,celsio_A549_N4_n3,18.133190476190492,2.4467691288592945
1.55 mm,celsio_A549_N4_n3,16.320285714285724,2.4388913992776624
1.55 mm,celsio_A549_N4_n3,14.650000000000011,3.2223719745601165
1.55 mm,celsio_A549_N4_n3,13.302761904761914,4.0807381045594555
1.55 mm,celsio_A549_N4_n3,12.383000000000008,4.7570770949746235
1.55 mm,celsio_A549_N4_n3,11.891571428571435,5.268353724659312
1.55 mm,celsio_A549_N4_n3,11.801619047619056,5.713956402499284
1.55 mm,celsio_A549_N4_n3,11.869476190476199,6.119670119646804
1.55 mm,celsio_A549_N4_n3,12.080190476190484,6.496547689579242
1.55 mm,celsio_A549_N4_n3,12.289238095238105,6.850735571673341
1.55 mm,celsio_A549_N4_n3,12.4684761904762,7.186196789188874
1.55 mm,celsio_A549_N4_n3,12.601761904761915,7.505739875590283
1.55 mm,celsio_A549_N4_n3,12.73395238095239,7.811485035125811
1.55 mm,celsio_A549_N4_n3,12.870333333333342,8.092876192816101
1.55 mm,celsio_A549_N4_n3,13.03790476190477,8.360015161541888
1.55 mm,celsio_CALU1_N1_n1,30.78552380952383,30.986523809523828
1.55 mm,celsio_CALU1_N1_n1,30.16042857142859,30.65111663899949
1.55 mm,celsio_CALU1_N1_n1,29.296809523809543,29.095995757759198
1.55 mm,celsio_CALU1_N1_n1,28.02404761904764,26.41513680530282
1.55 mm,celsio_CALU1_N1_n1,26.68066666666669,23.220069251103585
1.55 mm,celsio_CALU1_N1_n1,25.007047619047636,20.013761001688778
1.55 mm,celsio_CALU1_N1_n1,23.297523809523828,17.13587694283091
1.55 mm,celsio_CALU1_N1_n1,21.64209523809525,14.493306050759978
1.55 mm,celsio_CALU1_N1_n1,19.87180952380954,12.190112026777266
1.55 mm,celsio_CALU1_N1_n1,17.521333333333345,9.996619981703137
1.55 mm,celsio_CALU1_N1_n1,16.548761904761918,8.80407904624283
1.55 mm,celsio_CALU1_N1_n1,15.440000000000012,8.773384289648174
1.55 mm,celsio_CALU1_N1_n1,14.841523809523819,8.968676986207678
1.55 mm,celsio_CALU1_N1_n1,14.874190476190488,9.21910695307572
1.55 mm,celsio_CALU1_N1_n1,14.834047619047627,9.502320245984553
1.55 mm,celsio_CALU1_N1_n1,14.543190476190485,9.770734958483768
1.55 mm,celsio_CALU1_N1_n1,15.280190476190489,10.029068507467056
1.55 mm,celsio_CALU1_N1_n1,15.489761904761917,10.276959407868446
1.55 mm,celsio_CALU1_N1_n1,15.66357142857144,10.508885392841181
1.55 mm,celsio_CALU1_N1_n1,15.784190476190487,10.730106380229063
1.55 mm,celsio_CALU1_N1_n1,15.823190476190488,10.943974747644098
1.55 mm,celsio_CALU1_N1_n1,15.96909523809525,11.15236977028379
1.55 mm,celsio_CALU1_N1_n1,16.177571428571444,11.356391983831227
1.55 mm,celsio_CALU1_N1_n1,16.39166666666668,11.556733980359729
1.55 mm,celsio_CALU1_N1_n1,16.571952380952393,11.753868711565564
1.55 mm,celsio_CALU1_N1_n2,29.450238095238117,29.414257142857167
1.55 mm,celsio_CALU1_N1_n2,28.99285714285716,29.14415257803335
1.55 mm,celsio_CALU1_N1_n2,28.131428571428593,27.848031887831777
1.55 mm,celsio_CALU1_N1_n2,27.08047619047621,25.576985250666542
1.55 mm,celsio_CALU1_N1_n2,25.57890476190478,22.747259281204386
1.55 mm,celsio_CALU1_N1_n2,24.03238095238097,19.82520278547774
1.55 mm,celsio_CALU1_N1_n2,22.09023809523811,17.044318233722358
1.55 mm,celsio_CALU1_N1_n2,19.905428571428587,14.541684565270154
1.55 mm,celsio_CALU1_N1_n2,17.332285714285725,12.277278366442495
1.55 mm,celsio_CALU1_N1_n2,14.950857142857155,10.22576695887823
1.55 mm,celsio_CALU1_N1_n2,12.253428571428579,8.111693247722354
1.55 mm,celsio_CALU1_N1_n2,10.029238095238103,7.1110166721703285
1.55 mm,celsio_CALU1_N1_n2,7.5272857142857195,7.242863096791628
1.55 mm,celsio_CALU1_N1_n2,8.574285714285722,7.533277509046099
1.55 mm,celsio_CALU1_N1_n2,10.732523809523817,7.846028138880945
1.55 mm,celsio_CALU1_N1_n2,12.64742857142858,8.11582573744416
1.55 mm,celsio_CALU1_N1_n2,13.389952380952392,8.402244181477224
1.55 mm,celsio_CALU1_N1_n2,12.823809523809533,8.6625190472104
1.55 mm,celsio_CALU1_N1_n2,10.952142857142864,8.906759450650496
1.55 mm,celsio_CALU1_N1_n2,11.277095238095246,9.140581378811019
1.55 mm,celsio_CALU1_N1_n2,11.841619047619055,9.36671629973026
1.55 mm,celsio_CALU1_N1_n2,12.123333333333342,9.58664496203006
1.55 mm,celsio_CALU1_N1_n2,12.368047619047626,9.80127082672843
1.55 mm,celsio_CALU1_N1_n2,12.527190476190485,10.000921253533056
1.55 mm,celsio_CALU1_N1_n2,12.702000000000009,10.195740011676538
1.55 mm,celsio_CALU1_N1_n3,30.17728571428573,30.415542857142878
1.55 mm,celsio_CALU1_N1_n3,29.48157142857145,30.091320848500867
1.55 mm,celsio_CALU1_N1_n3,28.626142857142874,28.658018654963996
1.55 mm,celsio_CALU1_N1_n3,27.336571428571446,26.35720546384818
1.55 mm,celsio_CALU1_N1_n3,26.034857142857163,23.326833116516717
1.55 mm,celsio_CALU1_N1_n3,24.42019047619049,20.07360741022846
1.55 mm,celsio_CALU1_N1_n3,22.50147619047621,17.124988490366793
1.55 mm,celsio_CALU1_N1_n3,20.029571428571444,14.338057567468862
1.55 mm,celsio_CALU1_N1_n3,17.60014285714287,11.885577510996665
1.55 mm,celsio_CALU1_N1_n3,15.262333333333345,9.587599003807638
1.55 mm,celsio_CALU1_N1_n3,13.177380952380961,8.528298589873831
1.55 mm,celsio_CALU1_N1_n3,11.50742857142858,8.547943189142483
1.55 mm,celsio_CALU1_N1_n3,10.251190476190484,8.765268318931636
1.55 mm,celsio_CALU1_N1_n3,8.9562380952381,9.024990618592945
1.55 mm,celsio_CALU1_N1_n3,8.53771428571429,9.295891755299923
1.55 mm,celsio_CALU1_N1_n3,8.906095238095244,9.546291330337416
1.55 mm,celsio_CALU1_N1_n3,9.55033333333334,9.796111995054051
1.55 mm,celsio_CALU1_N1_n3,10.636428571428578,10.028119697480046
1.55 mm,celsio_CALU1_N1_n3,11.36742857142858,10.24863159975781
1.55 mm,celsio_CALU1_N1_n3,11.794142857142866,10.461638326093276
1.55 mm,celsio_CALU1_N1_n3,12.23085714285715,10.669214525648231
1.55 mm,celsio_CALU1_N1_n3,12.583619047619056,10.872493438377308
1.55 mm,celsio_CALU1_N1_n3,12.838476190476198,11.072147236878417
1.55 mm,celsio_CALU1_N1_n3,13.052380952380961,11.268613551911304
1.55 mm,celsio_CALU1_N1_n3,13.195095238095249,11.46220682163583
1.55 mm,celsio_CALU1_N2_n1,28.827000000000023,29.46984761904764
1.55 mm,celsio_CALU1_N2_n1,26.8561904761905,29.09235496216367
1.55 mm,celsio_CALU1_N2_n1,23.09980952380954,27.321162586189953
1.55 mm,celsio_CALU1_N2_n1,18.588380952380966,24.331987743594294
1.55 mm,celsio_CALU1_N2_n1,13.38095238095239,20.67007769747194
1.55 mm,celsio_CALU1_N2_n1,8.843095238095245,17.080423105667226
1.55 mm,celsio_CALU1_N2_n1,4.731761904761908,13.833865643942563
1.55 mm,celsio_CALU1_N2_n1,1.766952380952382,11.067296432103424
1.55 mm,celsio_CALU1_N2_n1,-0.7050000000000007,8.396122449390605
1.55 mm,celsio_CALU1_N2_n1,-1.723476190476192,7.374590622707528
1.55 mm,celsio_CALU1_N2_n1,-2.1456666666666684,7.364534228388813
1.55 mm,celsio_CALU1_N2_n1,-3.163476190476193,7.650808332784496
1.55 mm,celsio_CALU1_N2_n1,-0.16838095238095263,7.971020660206933
1.55 mm,celsio_CALU1_N2_n1,4.307809523809526,8.28881325020864
1.55 mm,celsio_CALU1_N2_n1,8.920619047619056,8.5607452704289
1.55 mm,celsio_CALU1_N2_n1,12.758857142857153,8.809207936504258
1.55 mm,celsio_CALU1_N2_n1,14.727571428571439,9.044876888731046
1.55 mm,celsio_CALU1_N2_n1,13.392666666666678,9.272154399170113
1.55 mm,celsio_CALU1_N2_n1,13.87452380952382,9.493085480555933
1.55 mm,celsio_CALU1_N2_n1,14.289809523809534,9.708752337520329
1.55 mm,celsio_CALU1_N2_n1,14.82761904761906,9.919808144339934
1.55 mm,celsio_CALU1_N2_n1,15.201571428571441,10.126699705412108
1.55 mm,celsio_CALU1_N2_n1,15.330857142857154,10.329767368114654
1.55 mm,celsio_CALU1_N2_n1,15.038476190476201,10.523958221805506
1.55 mm,celsio_CALU1_N2_n1,14.725761904761915,10.711144023330649
1.55 mm,celsio_CALU1_N2_n2,30.31166666666669,30.827914285714307
1.55 mm,celsio_CALU1_N2_n2,29.13547619047621,30.45044471597859
1.55 mm,celsio_CALU1_N2_n2,26.782142857142876,28.78388881633004
1.55 mm,celsio_CALU1_N2_n2,23.98038095238097,26.03578110097414
1.55 mm,celsio_CALU1_N2_n2,20.573857142857157,22.84126049069677
1.55 mm,celsio_CALU1_N2_n2,17.247285714285724,19.9019418741426
1.55 mm,celsio_CALU1_N2_n2,13.541142857142866,17.07184958628055
1.55 mm,celsio_CALU1_N2_n2,10.104047619047627,14.559889206163817
1.55 mm,celsio_CALU1_N2_n2,6.822619047619053,12.184510973010987
1.55 mm,celsio_CALU1_N2_n2,4.189904761904765,9.960200527168455
1.55 mm,celsio_CALU1_N2_n2,1.9282857142857155,7.9431200933165
1.55 mm,celsio_CALU1_N2_n2,0.9799047619047623,7.161301451731171
1.55 mm,celsio_CALU1_N2_n2,0.5632380952380958,7.385610331804474
1.55 mm,celsio_CALU1_N2_n2,0.8718095238095245,7.7326011841651185
1.55 mm,celsio_CALU1_N2_n2,1.6175714285714298,8.086879571880582
1.55 mm,celsio_CALU1_N2_n2,2.2059523809523824,8.387889760040718
1.55 mm,celsio_CALU1_N2_n2,2.8105714285714303,8.700998183014976
1.55 mm,celsio_CALU1_N2_n2,3.4759047619047645,8.983649672892424
1.55 mm,celsio_CALU1_N2_n2,4.229857142857146,9.247449426688906
1.55 mm,celsio_CALU1_N2_n2,4.977761904761908,9.498884179722202
1.55 mm,celsio_CALU1_N2_n2,5.691476190476195,9.741198047895205
1.55 mm,celsio_CALU1_N2_n2,6.253428571428575,9.97619701101744
1.55 mm,celsio_CALU1_N2_n2,6.737904761904767,10.205004295174358
1.55 mm,celsio_CALU1_N2_n2,7.116095238095244,10.42838995003282
1.55 mm,celsio_CALU1_N2_n2,7.469238095238101,10.646926480171777
1.55 mm,celsio_CALU1_N2_n3,30.92257142857145,31.419342857142887
1.55 mm,celsio_CALU1_N2_n3,29.68128571428574,31.010368463355977
1.55 mm,celsio_CALU1_N2_n3,27.465714285714306,29.11924115072051
1.55 mm,celsio_CALU1_N2_n3,24.90933333333335,26.003687185099903
1.55 mm,celsio_CALU1_N2_n3,21.939000000000014,22.391003249835297
1.55 mm,celsio_CALU1_N2_n3,19.137476190476203,18.805659841127362
1.55 mm,celsio_CALU1_N2_n3,16.360523809523823,15.650229934841853
1.55 mm,celsio_CALU1_N2_n3,13.62852380952382,12.661207170325486
1.55 mm,celsio_CALU1_N2_n3,10.906285714285723,9.992755164374689
1.55 mm,celsio_CALU1_N2_n3,8.243285714285719,7.4593934619160045
1.55 mm,celsio_CALU1_N2_n3,5.637619047619052,6.493653374659039
1.55 mm,celsio_CALU1_N2_n3,3.948857142857146,6.888529123887421
1.55 mm,celsio_CALU1_N2_n3,3.512380952380955,7.316236528520593
1.55 mm,celsio_CALU1_N2_n3,3.6920476190476217,7.717423774215577
1.55 mm,celsio_CALU1_N2_n3,4.508476190476193,8.126437110380532
1.55 mm,celsio_CALU1_N2_n3,5.194476190476195,8.484125196823571
1.55 mm,celsio_CALU1_N2_n3,5.935142857142861,8.796950267457214
1.55 mm,celsio_CALU1_N2_n3,7.009238095238101,9.085039617907368
1.55 mm,celsio_CALU1_N2_n3,7.326619047619053,9.357190966684952
1.55 mm,celsio_CALU1_N2_n3,6.967000000000006,9.61770806022739
1.55 mm,celsio_CALU1_N2_n3,6.172619047619053,9.868999163809578
1.55 mm,celsio_CALU1_N2_n3,5.4384761904761945,10.112575316425083
1.55 mm,celsio_CALU1_N2_n3,5.172761904761909,10.349477493100082
1.55 mm,celsio_CALU1_N2_n3,5.675142857142862,10.580478059625346
1.55 mm,celsio_CALU1_N2_n3,5.974761904761909,10.806184199601045
1.55 mm,celsio_CALU1_N3_n1,31.181809523809548,31.48947619047621
1.55 mm,celsio_CALU1_N3_n1,29.725809523809545,31.113061621936858
1.55 mm,celsio_CALU1_N3_n1,27.645238095238113,29.437404130483177
1.55 mm,celsio_CALU1_N3_n1,24.730952380952395,26.714384328225737
1.55 mm,celsio_CALU1_N3_n1,21.644571428571446,23.011063583690493
1.55 mm,celsio_CALU1_N3_n1,18.93009523809525,19.439533299675816
1.55 mm,celsio_CALU1_N3_n1,16.06009523809525,16.35304376618526
1.55 mm,celsio_CALU1_N3_n1,13.11352380952382,13.47236394363851
1.55 mm,celsio_CALU1_N3_n1,10.125380952380958,10.79859024094856
1.55 mm,celsio_CALU1_N3_n1,6.865428571428577,8.475118755479485
1.55 mm,celsio_CALU1_N3_n1,4.006333333333336,7.5716572430129485
1.55 mm,celsio_CALU1_N3_n1,2.3743333333333347,7.621844180722433
1.55 mm,celsio_CALU1_N3_n1,1.2634761904761913,7.958079920529269
1.55 mm,celsio_CALU1_N3_n1,1.1987142857142863,8.320422525063481
1.55 mm,celsio_CALU1_N3_n1,1.331238095238096,8.674777015188715
1.55 mm,celsio_CALU1_N3_n1,1.6606190476190488,9.016274256438376
1.55 mm,celsio_CALU1_N3_n1,2.019428571428573,9.31331431236552
1.55 mm,celsio_CALU1_N3_n1,2.702333333333335,9.585408416188693
1.55 mm,celsio_CALU1_N3_n1,3.381904761904764,9.842275121339
1.55 mm,celsio_CALU1_N3_n1,4.050238095238098,10.08857771654194
1.55 mm,celsio_CALU1_N3_n1,4.7160952380952414,10.326802491024234
1.55 mm,celsio_CALU1_N3_n1,5.336047619047623,10.558422040337643
1.55 mm,celsio_CALU1_N3_n1,5.859904761904765,10.784395311474189
1.55 mm,celsio_CALU1_N3_n1,6.431095238095242,11.005400836581192
1.55 mm,celsio_CALU1_N3_n1,6.979619047619053,11.221954055285881
1.55 mm,celsio_CALU1_N3_n2,28.369380952380972,28.695628571428593
1.55 mm,celsio_CALU1_N3_n2,27.51342857142859,28.27371336711733
1.55 mm,celsio_CALU1_N3_n2,26.253476190476206,26.351936432331282
1.55 mm,celsio_CALU1_N3_n2,24.92680952380954,23.073297404879384
1.55 mm,celsio_CALU1_N3_n2,23.26385714285716,19.317430285073584
1.55 mm,celsio_CALU1_N3_n2,21.44414285714287,15.787789538383485
1.55 mm,celsio_CALU1_N3_n2,19.281190476190492,12.514709824373934
1.55 mm,celsio_CALU1_N3_n2,16.952952380952397,9.739811810189522
1.55 mm,celsio_CALU1_N3_n2,14.399666666666677,7.098805711882188
1.55 mm,celsio_CALU1_N3_n2,12.017142857142865,4.8620620262737875
1.55 mm,celsio_CALU1_N3_n2,9.637523809523817,2.4885582499205494
1.55 mm,celsio_CALU1_N3_n2,7.787047619047624,2.289477530890087
1.55 mm,celsio_CALU1_N3_n2,6.3371904761904805,2.95201083806234
1.55 mm,celsio_CALU1_N3_n2,5.812619047619052,3.5372466827498292
1.55 mm,celsio_CALU1_N3_n2,5.700952380952385,4.110031807783578
1.55 mm,celsio_CALU1_N3_n2,5.981523809523814,4.586819226283655
1.55 mm,celsio_CALU1_N3_n2,6.444380952380957,5.0110825960807
1.55 mm,celsio_CALU1_N3_n2,6.836000000000004,5.398762461548865
1.55 mm,celsio_CALU1_N3_n2,7.191571428571433,5.758433039698346
1.55 mm,celsio_CALU1_N3_n2,7.499523809523815,6.095571063065804
1.55 mm,celsio_CALU1_N3_n2,7.774095238095244,6.414013446296293
1.55 mm,celsio_CALU1_N3_n2,8.032238095238101,6.690631085474885
1.55 mm,celsio_CALU1_N3_n2,8.278761904761911,6.963931907957276
1.55 mm,celsio_CALU1_N3_n2,8.443428571428576,7.214004700153184
1.55 mm,celsio_CALU1_N3_n2,8.576476190476196,7.449603662356443
1.55 mm,celsio_CALU1_N3_n3,31.033952380952403,31.32266666666669
1.55 mm,celsio_CALU1_N3_n3,30.323238095238118,30.875665285759688
1.55 mm,celsio_CALU1_N3_n3,28.95504761904764,28.772110703509128
1.55 mm,celsio_CALU1_N3_n3,27.251476190476208,25.27992003262667
1.55 mm,celsio_CALU1_N3_n3,25.34704761904764,21.204724719063346
1.55 mm,celsio_CALU1_N3_n3,23.219476190476207,17.24319990247622
1.55 mm,celsio_CALU1_N3_n3,21.046380952380968,13.862374962851941
1.55 mm,celsio_CALU1_N3_n3,18.60157142857144,10.606727785212676
1.55 mm,celsio_CALU1_N3_n3,16.049285714285723,8.30763749440549
1.55 mm,celsio_CALU1_N3_n3,13.357761904761913,5.547183476370773
1.55 mm,celsio_CALU1_N3_n3,10.686952380952388,2.8732226658998545
1.55 mm,celsio_CALU1_N3_n3,8.290190476190482,2.609067502128884
1.55 mm,celsio_CALU1_N3_n3,6.847476190476195,3.674287608403831
1.55 mm,celsio_CALU1_N3_n3,5.977000000000004,4.428944480941479
1.55 mm,celsio_CALU1_N3_n3,6.085428571428576,5.0546732947923845
1.55 mm,celsio_CALU1_N3_n3,6.439619047619052,5.608329370542466
1.55 mm,celsio_CALU1_N3_n3,6.9745714285714335,6.0668981986196515
1.55 mm,celsio_CALU1_N3_n3,7.570714285714291,6.476000767459833
1.55 mm,celsio_CALU1_N3_n3,8.113380952380957,6.8522012773057135
1.55 mm,celsio_CALU1_N3_n3,8.471714285714292,7.20379060930558
1.55 mm,celsio_CALU1_N3_n3,8.681666666666672,7.535750399273834
1.55 mm,celsio_CALU1_N3_n3,8.821523809523814,7.851429492882696
1.55 mm,celsio_CALU1_N3_n3,8.965666666666673,8.153250165279532
1.55 mm,celsio_CALU1_N3_n3,9.220523809523817,8.443055072048551
1.55 mm,celsio_CALU1_N3_n3,9.506000000000007,8.70634842574545
1.55 mm,celsio_CALU6_N1_n1,30.434000000000022,30.55549523809526
1.55 mm,celsio_CALU6_N1_n1,29.912333333333354,30.099405146016988
1.55 mm,celsio_CALU6_N1_n1,28.901238095238117,27.95353366714978
1.55 mm,celsio_CALU6_N1_n1,27.668428571428592,24.467722901304505
1.55 mm,celsio_CALU6_N1_n1,26.024666666666686,19.933912917073737
1.55 mm,celsio_CALU6_N1_n1,24.31538095238097,15.57857199437664
1.55 mm,celsio_CALU6_N1_n1,22.235952380952398,11.81298492867271
1.55 mm,celsio_CALU6_N1_n1,20.020190476190493,8.728604850410454
1.55 mm,celsio_CALU6_N1_n1,17.62814285714287,5.650416743337139
1.55 mm,celsio_CALU6_N1_n1,14.933761904761916,2.6239024885106152
1.55 mm,celsio_CALU6_N1_n1,11.998952380952389,-0.5014675872985219
1.55 mm,celsio_CALU6_N1_n1,9.603238095238101,-0.029270423234653203
1.55 mm,celsio_CALU6_N1_n1,7.87680952380953,1.1428670265857368
1.55 mm,celsio_CALU6_N1_n1,7.918190476190483,2.3399217623209183
1.55 mm,celsio_CALU6_N1_n1,7.768714285714292,3.14585087464738
1.55 mm,celsio_CALU6_N1_n1,6.893952380952387,3.7407764994817563
1.55 mm,celsio_CALU6_N1_n1,5.7938571428571475,4.325074398676499
1.55 mm,celsio_CALU6_N1_n1,4.775619047619052,4.812232062399625
1.55 mm,celsio_CALU6_N1_n1,4.56419047619048,5.249091011633236
1.55 mm,celsio_CALU6_N1_n1,5.654904761904765,5.651203496484853
1.55 mm,celsio_CALU6_N1_n1,6.443285714285718,6.026554985808385
1.55 mm,celsio_CALU6_N1_n1,7.059476190476195,6.380144972272288
1.55 mm,celsio_CALU6_N1_n1,7.659142857142863,6.689247052515286
1.55 mm,celsio_CALU6_N1_n1,8.171761904761912,6.9920352525555245
1.55 mm,celsio_CALU6_N1_n1,8.638238095238101,7.274163739421034
1.55 mm,celsio_CALU6_N1_n2,31.66657142857145,31.73524761904764
1.55 mm,celsio_CALU6_N1_n2,31.010333333333353,31.410654338040807
1.55 mm,celsio_CALU6_N1_n2,30.040571428571454,29.90438037898502
1.55 mm,celsio_CALU6_N1_n2,28.487714285714308,27.316244947811214
1.55 mm,celsio_CALU6_N1_n2,26.80547619047621,23.94354510006403
1.55 mm,celsio_CALU6_N1_n2,24.76433333333335,20.442216988839412
1.55 mm,celsio_CALU6_N1_n2,22.57657142857144,17.293650429700026
1.55 mm,celsio_CALU6_N1_n2,20.189285714285727,14.442496878179693
1.55 mm,celsio_CALU6_N1_n2,17.812333333333346,11.765805777601654
1.55 mm,celsio_CALU6_N1_n2,15.619714285714299,9.468003395260432
1.55 mm,celsio_CALU6_N1_n2,13.348190476190487,7.6882741118956215
1.55 mm,celsio_CALU6_N1_n2,10.976952380952389,5.575583238609293
1.55 mm,celsio_CALU6_N1_n2,8.672857142857149,3.885999821462941
1.55 mm,celsio_CALU6_N1_n2,6.465095238095243,2.269166756003827
1.55 mm,celsio_CALU6_N1_n2,4.429523809523812,0.7954079761157777
1.55 mm,celsio_CALU6_N1_n2,3.1919047619047642,1.018024759230603
1.55 mm,celsio_CALU6_N1_n2,2.318428571428573,1.8213102392355012
1.55 mm,celsio_CALU6_N1_n2,2.353190476190478,2.630031895180295
1.55 mm,celsio_CALU6_N1_n2,2.940809523809526,3.271288571764888
1.55 mm,celsio_CALU6_N1_n2,3.4233333333333356,3.88843969427246
1.55 mm,celsio_CALU6_N1_n2,3.704904761904765,4.41335681831042
1.55 mm,celsio_CALU6_N1_n2,3.9214761904761932,4.885801639760834
1.55 mm,celsio_CALU6_N1_n2,4.20314285714286,5.320468483702352
1.55 mm,celsio_CALU6_N1_n2,4.679714285714288,5.72552210134469
1.55 mm,celsio_CALU6_N1_n2,5.438333333333337,6.106331783593766
1.55 mm,celsio_CALU6_N1_n3,31.13361904761907,31.425466666666686
1.55 mm,celsio_CALU6_N1_n3,30.307952380952404,31.056643205700453
1.55 mm,celsio_CALU6_N1_n3,28.789904761904783,29.370485605913938
1.55 mm,celsio_CALU6_N1_n3,26.897238095238116,26.464604148211077
1.55 mm,celsio_CALU6_N1_n3,25.172190476190494,22.646205396106822
1.55 mm,celsio_CALU6_N1_n3,23.387714285714303,18.76365903771039
1.55 mm,celsio_CALU6_N1_n3,21.481095238095254,15.400454579158817
1.55 mm,celsio_CALU6_N1_n3,19.43252380952383,12.370759252723596
1.55 mm,celsio_CALU6_N1_n3,17.29961904761906,9.650744467227577
1.55 mm,celsio_CALU6_N1_n3,14.899761904761917,7.454707114478822
1.55 mm,celsio_CALU6_N1_n3,12.63090476190477,5.362371689198409
1.55 mm,celsio_CALU6_N1_n3,10.26438095238096,3.5855203442152472
1.55 mm,celsio_CALU6_N1_n3,8.290000000000006,3.4922199132926792
1.55 mm,celsio_CALU6_N1_n3,6.699380952380957,4.115024291342475
1.55 mm,celsio_CALU6_N1_n3,6.1064761904761955,4.849174444435115
1.55 mm,celsio_CALU6_N1_n3,6.034952380952386,5.378578535517139
1.55 mm,celsio_CALU6_N1_n3,6.195857142857147,5.901884998813365
1.55 mm,celsio_CALU6_N1_n3,6.469238095238101,6.3367961872234675
1.55 mm,celsio_CALU6_N1_n3,6.649619047619053,6.726179033389071
1.55 mm,celsio_CALU6_N1_n3,6.869619047619052,7.086671875347209
1.55 mm,celsio_CALU6_N1_n3,7.231904761904767,7.425722407563356
1.55 mm,celsio_CALU6_N1_n3,7.784666666666672,7.74754103849025
1.55 mm,celsio_CALU6_N1_n3,8.18028571428572,8.054887497367606
1.55 mm,celsio_CALU6_N1_n3,8.543761904761912,8.349751820517971
1.55 mm,celsio_CALU6_N1_n3,8.838000000000005,8.62372871620071
1.55 mm,celsio_CALU6_N2_n1,32.42214285714289,32.4145523809524
1.55 mm,celsio_CALU6_N2_n1,32.123285714285736,31.915813609733554
1.55 mm,celsio_CALU6_N2_n1,31.28866666666669,29.471891265007674
1.55 mm,celsio_CALU6_N2_n1,30.234952380952404,25.42103541649824
1.55 mm,celsio_CALU6_N2_n1,28.993761904761925,20.666711290489364
1.55 mm,celsio_CALU6_N2_n1,27.969761904761924,15.549451224274463
1.55 mm,celsio_CALU6_N2_n1,26.742428571428594,11.256679911943797
1.55 mm,celsio_CALU6_N2_n1,25.472761904761924,7.337865534507696
1.55 mm,celsio_CALU6_N2_n1,24.114476190476203,3.7830320905729677
1.55 mm,celsio_CALU6_N2_n1,22.604000000000017,2.2870437447941825
1.55 mm,celsio_CALU6_N2_n1,20.99033333333335,-0.767976207156106
1.55 mm,celsio_CALU6_N2_n1,19.275809523809535,-0.15348746626593385
1.55 mm,celsio_CALU6_N2_n1,17.583190476190488,1.1619460211366017
1.55 mm,celsio_CALU6_N2_n1,16.33857142857144,2.424702290722302
1.55 mm,celsio_CALU6_N2_n1,15.777333333333344,3.280481279050248
1.55 mm,celsio_CALU6_N2_n1,15.61457142857144,3.9956742612042304
1.55 mm,celsio_CALU6_N2_n1,15.664714285714297,4.569047562723856
1.55 mm,celsio_CALU6_N2_n1,15.580428571428584,5.0740592414011685
1.55 mm,celsio_CALU6_N2_n1,15.594666666666678,5.533558537491334
1.55 mm,celsio_CALU6_N2_n1,15.646428571428583,5.95889004093715
1.55 mm,celsio_CALU6_N2_n1,15.76466666666668,6.356958590768405
1.55 mm,celsio_CALU6_N2_n1,16.010904761904776,6.732460594434303
1.55 mm,celsio_CALU6_N2_n1,16.14204761904763,7.088817609105343
1.55 mm,celsio_CALU6_N2_n1,16.26961904761906,7.428641307121214
1.55 mm,celsio_CALU6_N2_n1,16.428285714285725,7.734594042073245
1.55 mm,celsio_CALU6_N2_n2,31.50938095238098,31.70041904761907
1.55 mm,celsio_CALU6_N2_n2,30.72109523809526,31.33291601282755
1.55 mm,celsio_CALU6_N2_n2,29.273809523809543,29.61853882419659
1.55 mm,celsio_CALU6_N2_n2,27.47671428571431,26.700506333671974
1.55 mm,celsio_CALU6_N2_n2,25.856190476190495,22.989106766328852
1.55 mm,celsio_CALU6_N2_n2,24.30838095238097,19.23178035460164
1.55 mm,celsio_CALU6_N2_n2,22.671523809523826,16.003484106863873
1.55 mm,celsio_CALU6_N2_n2,20.856666666666683,13.048505207007468
1.55 mm,celsio_CALU6_N2_n2,18.915142857142868,10.577558630380437
1.55 mm,celsio_CALU6_N2_n2,16.80766666666668,8.363791078821466
1.55 mm,celsio_CALU6_N2_n2,14.936333333333346,6.500928299636193
1.55 mm,celsio_CALU6_N2_n2,13.253238095238103,6.016677213274149
1.55 mm,celsio_CALU6_N2_n2,12.017666666666674,6.303701985869926
1.55 mm,celsio_CALU6_N2_n2,11.047190476190483,6.804223122621481
1.55 mm,celsio_CALU6_N2_n2,10.624238095238104,7.272392834741073
1.55 mm,celsio_CALU6_N2_n2,10.327904761904769,7.704236796736781
1.55 mm,celsio_CALU6_N2_n2,10.326571428571436,8.065743270243772
1.55 mm,celsio_CALU6_N2_n2,10.56933333333334,8.390763210469931
1.55 mm,celsio_CALU6_N2_n2,10.82338095238096,8.693802431900885
1.55 mm,celsio_CALU6_N2_n2,11.073190476190485,8.981373558134708
1.55 mm,celsio_CALU6_N2_n2,11.250857142857152,9.256925948870753
1.55 mm,celsio_CALU6_N2_n2,11.425095238095246,9.522551625813813
1.55 mm,celsio_CALU6_N2_n2,11.636285714285723,9.77966167371439
1.55 mm,celsio_CALU6_N2_n2,11.86800000000001,10.029288495588862
1.55 mm,celsio_CALU6_N2_n2,12.085142857142866,10.27223488514939
1.55 mm,celsio_CALU6_N2_n3,30.812476190476215,31.179685714285732
1.55 mm,celsio_CALU6_N2_n3,30.132857142857162,30.81544996013814
1.55 mm,celsio_CALU6_N2_n3,28.935809523809546,29.13761727481436
1.55 mm,celsio_CALU6_N2_n3,27.60438095238097,26.336013000206393
1.55 mm,celsio_CALU6_N2_n3,26.136714285714305,22.927048542975378
1.55 mm,celsio_CALU6_N2_n3,24.708714285714304,19.5354972613714
1.55 mm,celsio_CALU6_N2_n3,23.05228571428573,16.36183635703627
1.55 mm,celsio_CALU6_N2_n3,21.441571428571443,13.457208367642725
1.55 mm,celsio_CALU6_N2_n3,19.885571428571446,11.036816997789154
1.55 mm,celsio_CALU6_N2_n3,18.35866666666668,9.046807639207731
1.55 mm,celsio_CALU6_N2_n3,16.83819047619049,6.847144806915429
1.55 mm,celsio_CALU6_N2_n3,15.358809523809533,5.283223411862579
1.55 mm,celsio_CALU6_N2_n3,13.741333333333344,4.72777188776439
1.55 mm,celsio_CALU6_N2_n3,12.433142857142865,5.127989810361453
1.55 mm,celsio_CALU6_N2_n3,11.738809523809532,5.725463757341912
1.55 mm,celsio_CALU6_N2_n3,11.348238095238102,6.255946435579318
1.55 mm,celsio_CALU6_N2_n3,11.520190476190486,6.675897332403894
1.55 mm,celsio_CALU6_N2_n3,11.747380952380961,7.094095363124885
1.55 mm,celsio_CALU6_N2_n3,12.028666666666675,7.4590810891603105
1.55 mm,celsio_CALU6_N2_n3,12.278809523809533,7.792357169399226
1.55 mm,celsio_CALU6_N2_n3,12.50800000000001,8.104552335345957
1.55 mm,celsio_CALU6_N2_n3,12.64695238095239,8.400926902643993
1.55 mm,celsio_CALU6_N2_n3,12.816333333333343,8.684538033318447
1.55 mm,celsio_CALU6_N2_n3,13.042000000000009,8.957392464298596
1.55 mm,celsio_CALU6_N2_n3,13.254619047619059,9.220928261821074
1.55 mm,celsio_CALU6_N3_n1,28.064952380952402,30.774000000000022
1.55 mm,celsio_CALU6_N3_n1,25.41419047619049,30.28785546358951
1.55 mm,celsio_CALU6_N3_n1,22.711809523809542,27.98531631779089
1.55 mm,celsio_CALU6_N3_n1,20.647142857142875,24.304447887130344
1.55 mm,celsio_CALU6_N3_n1,18.75176190476192,20.646875642364755
1.55 mm,celsio_CALU6_N3_n1,17.25009523809525,17.329559541441288
1.55 mm,celsio_CALU6_N3_n1,16.373952380952392,14.48445427813407
1.55 mm,celsio_CALU6_N3_n1,15.742714285714296,12.250262051096568
1.55 mm,celsio_CALU6_N3_n1,15.710904761904775,10.460466696021967
1.55 mm,celsio_CALU6_N3_n1,15.897666666666677,9.284724190079537
1.55 mm,celsio_CALU6_N3_n1,15.58552380952382,8.093669578000373
1.55 mm,celsio_CALU6_N3_n1,14.829238095238106,6.826105541266671
1.55 mm,celsio_CALU6_N3_n1,13.65452380952382,5.3119333421182775
1.55 mm,celsio_CALU6_N3_n1,12.311047619047628,3.3259737107069056
1.55 mm,celsio_CALU6_N3_n1,11.379571428571438,3.1692392037357875
1.55 mm,celsio_CALU6_N3_n1,11.00385714285715,3.6269155509971216
1.55 mm,celsio_CALU6_N3_n1,10.869571428571437,4.220122477325453
1.55 mm,celsio_CALU6_N3_n1,11.121285714285722,4.715534287262075
1.55 mm,celsio_CALU6_N3_n1,11.178000000000008,5.16000056885693
1.55 mm,celsio_CALU6_N3_n1,10.788095238095245,5.568970421994061
1.55 mm,celsio_CALU6_N3_n1,10.111333333333341,5.950677459887493
1.55 mm,celsio_CALU6_N3_n1,9.40776190476191,6.310244380448902
1.55 mm,celsio_CALU6_N3_n1,9.06028571428572,6.651208433057609
1.55 mm,celsio_CALU6_N3_n1,9.175904761904768,6.976187104822724
1.55 mm,celsio_CALU6_N3_n1,9.52785714285715,7.287210061508516
1.55 mm,celsio_CALU6_N3_n2,30.736,30.999076190476217
1.55 mm,celsio_CALU6_N3_n2,30.273,30.636728510210325
1.55 mm,celsio_CALU6_N3_n2,20.99,29.08974017372997
1.55 mm,celsio_CALU6_N3_n2,21.02,26.869988130917733
1.55 mm,celsio_CALU6_N3_n2,20.729,24.17627631388757
1.55 mm,celsio_CALU6_N3_n2,19.93,21.095360237547194
1.55 mm,celsio_CALU6_N3_n2,18.856,17.620378971083635
1.55 mm,celsio_CALU6_N3_n2,16.318,13.946247660054308
1.55 mm,celsio_CALU6_N3_n2,15.021,10.180617958862038
1.55 mm,celsio_CALU6_N3_n2,12.134,6.708032920389846
1.55 mm,celsio_CALU6_N3_n2,10.707,5.6063114066211845
1.55 mm,celsio_CALU6_N3_n2,7.869,6.112876458836982
1.55 mm,celsio_CALU6_N3_n2,6.676,6.6002692891224
1.55 mm,celsio_CALU6_N3_n2,5.321,7.04610295337852
1.55 mm,celsio_CALU6_N3_n2,3.448,7.498229371526986
1.55 mm,celsio_CALU6_N3_n2,2.596,7.879608976519934
1.55 mm,celsio_CALU6_N3_n2,1.654,8.240803735355943
1.55 mm,celsio_CALU6_N3_n2,1.823,8.56676032955669
1.55 mm,celsio_CALU6_N3_n2,2.397,8.86343644867163
1.55 mm,celsio_CALU6_N3_n2,2.739,9.14123501718168
1.55 mm,celsio_CALU6_N3_n2,3.088,9.405542504484934
1.55 mm,celsio_CALU6_N3_n2,3.831,9.659372565376238
1.55 mm,celsio_CALU6_N3_n2,4.173,9.904597853864455
1.55 mm,celsio_CALU6_N3_n2,4.792,10.142490780654912
1.55 mm,celsio_CALU6_N3_n2,5.066,10.373980411694392
1.55 mm,celsio_CALU6_N3_n3,30.959047619047645,31.552219047619076
1.55 mm,celsio_CALU6_N3_n3,29.164523809523832,31.10618207454882
1.55 mm,celsio_CALU6_N3_n3,26.436428571428593,29.17439180758385
1.55 mm,celsio_CALU6_N3_n3,23.441619047619064,26.071676582166123
1.55 mm,celsio_CALU6_N3_n3,21.09319047619049,21.779924452557722
1.55 mm,celsio_CALU6_N3_n3,19.489238095238107,17.41580200505118
1.55 mm,celsio_CALU6_N3_n3,17.853714285714297,13.378881333756897
1.55 mm,celsio_CALU6_N3_n3,16.262857142857158,9.725536096657816
1.55 mm,celsio_CALU6_N3_n3,14.586523809523818,6.496033399647295
1.55 mm,celsio_CALU6_N3_n3,13.19242857142858,5.531348223822426
1.55 mm,celsio_CALU6_N3_n3,12.21942857142858,5.847850169857582
1.55 mm,celsio_CALU6_N3_n3,11.45985714285715,6.428401965049592
1.55 mm,celsio_CALU6_N3_n3,11.191238095238102,6.943781156122068
1.55 mm,celsio_CALU6_N3_n3,11.00538095238096,7.40480614434699
1.55 mm,celsio_CALU6_N3_n3,11.239285714285721,7.82824184132061
1.55 mm,celsio_CALU6_N3_n3,11.71085714285715,8.203894143825458
1.55 mm,celsio_CALU6_N3_n3,12.273809523809533,8.554664288435415
1.55 mm,celsio_CALU6_N3_n3,12.812714285714295,8.87025725248657
1.55 mm,celsio_CALU6_N3_n3,13.19395238095239,9.163267240279616
1.55 mm,celsio_CALU6_N3_n3,13.441666666666677,9.440432084876042
1.55 mm,celsio_CALU6_N3_n3,13.72609523809525,9.705490793749705
1.55 mm,celsio_CALU6_N3_n3,13.994428571428582,9.96074480914077
1.55 mm,celsio_CALU6_N3_n3,14.27990476190477,10.207742133464148
1.55 mm,celsio_CALU6_N3_n3,14.594380952380963,10.447600151518456
1.55 mm,celsio_CALU6_N3_n3,14.811428571428582,10.681171593475916
1.95 mm,celsio_A549_N1_n1,28.013904761904783,27.622247619047634
1.95 mm,celsio_A549_N1_n1,27.6949523809524,27.542600089044107
1.95 mm,celsio_A549_N1_n1,27.04142857142859,26.9190583490795
1.95 mm,celsio_A549_N1_n1,26.169571428571444,25.440508458697547
1.95 mm,celsio_A549_N1_n1,25.06880952380954,23.232843869918092
1.95 mm,celsio_A549_N1_n1,23.778190476190495,20.71445762290457
1.95 mm,celsio_A549_N1_n1,22.335809523809537,18.248913053899805
1.95 mm,celsio_A549_N1_n1,20.634857142857157,15.962471053401053
1.95 mm,celsio_A549_N1_n1,18.583095238095254,13.723073152650802
1.95 mm,celsio_A549_N1_n1,16.565190476190487,11.855581459888898
1.95 mm,celsio_A549_N1_n1,14.7524761904762,10.016449097703303
1.95 mm,celsio_A549_N1_n1,13.10242857142858,8.210975575784929
1.95 mm,celsio_A549_N1_n1,11.65695238095239,6.697728824268644
1.95 mm,celsio_A549_N1_n1,10.511285714285723,5.802329818498135
1.95 mm,celsio_A549_N1_n1,9.464952380952388,5.717535417775351
1.95 mm,celsio_A549_N1_n1,8.742714285714293,5.905021124530416
1.95 mm,celsio_A549_N1_n1,8.413761904761913,6.142062385008051
1.95 mm,celsio_A549_N1_n1,8.26828571428572,6.384778909931798
1.95 mm,celsio_A549_N1_n1,8.236952380952387,6.624440940710169
1.95 mm,celsio_A549_N1_n1,8.263523809523814,6.844555832298281
1.95 mm,celsio_A549_N1_n1,8.321619047619052,7.050096912992627
1.95 mm,celsio_A549_N1_n1,8.374857142857149,7.258815004721184
1.95 mm,celsio_A549_N1_n1,8.455095238095243,7.446937931422428
1.95 mm,celsio_A549_N1_n1,8.551238095238102,7.623028299538678
1.95 mm,celsio_A549_N1_n1,8.659476190476196,7.793180280103645
1.95 mm,celsio_A549_N1_n3,29.759904761904785,29.868657142857167
1.95 mm,celsio_A549_N1_n3,28.950000000000024,29.76056847656467
1.95 mm,celsio_A549_N1_n3,27.774714285714303,28.93430977283981
1.95 mm,celsio_A549_N1_n3,26.33157142857145,27.134701152193188
1.95 mm,celsio_A549_N1_n3,24.709523809523827,24.821404490025984
1.95 mm,celsio_A549_N1_n3,22.931523809523824,22.383064655071742
1.95 mm,celsio_A549_N1_n3,21.138857142857155,19.97292275411106
1.95 mm,celsio_A549_N1_n3,19.512476190476207,17.77316443170359
1.95 mm,celsio_A549_N1_n3,18.039428571428584,15.746945113666282
1.95 mm,celsio_A549_N1_n3,16.596190476190486,14.012290453674847
1.95 mm,celsio_A549_N1_n3,15.148857142857153,12.516209884771325
1.95 mm,celsio_A549_N1_n3,13.758380952380962,11.890806633440704
1.95 mm,celsio_A549_N1_n3,12.526761904761916,11.66765110604889
1.95 mm,celsio_A549_N1_n3,11.729000000000008,11.607059876740221
1.95 mm,celsio_A549_N1_n3,11.329857142857152,11.605519190234403
1.95 mm,celsio_A549_N1_n3,11.153238095238104,11.655632423579862
1.95 mm,celsio_A549_N1_n3,11.069571428571436,11.725690047116618
1.95 mm,celsio_A549_N1_n3,11.014333333333342,11.807357102573857
1.95 mm,celsio_A549_N1_n3,10.97990476190477,11.898187242063091
1.95 mm,celsio_A549_N1_n3,10.987476190476198,11.996451050207726
1.95 mm,celsio_A549_N1_n3,11.03828571428572,12.100690621014476
1.95 mm,celsio_A549_N1_n3,11.10138095238096,12.209690840005766
1.95 mm,celsio_A549_N1_n3,11.157619047619056,12.317884513915637
1.95 mm,celsio_A549_N1_n3,11.205809523809531,12.426384302320653
1.95 mm,celsio_A549_N1_n3,11.259000000000007,12.53575424630472
1.95 mm,celsio_A549_N1_n4,30.854809523809543,32.00586666666669
1.95 mm,celsio_A549_N1_n4,30.52814285714288,31.90993726915648
1.95 mm,celsio_A549_N1_n4,29.851809523809546,31.180323830914862
1.95 mm,celsio_A549_N1_n4,28.815333333333353,29.467189430701495
1.95 mm,celsio_A549_N1_n4,27.474380952380976,26.878978660546622
1.95 mm,celsio_A549_N1_n4,25.85828571428573,23.965084771917788
1.95 mm,celsio_A549_N1_n4,24.238476190476206,21.039989605455066
1.95 mm,celsio_A549_N1_n4,22.5987142857143,18.254003092308288
1.95 mm,celsio_A549_N1_n4,20.915000000000013,15.627475792225075
1.95 mm,celsio_A549_N1_n4,19.15776190476192,13.387552278251537
1.95 mm,celsio_A549_N1_n4,17.323857142857157,11.390011938959374
1.95 mm,celsio_A549_N1_n4,15.378190476190488,9.2266217314738
1.95 mm,celsio_A549_N1_n4,13.620095238095248,8.21944421036504
1.95 mm,celsio_A549_N1_n4,12.193380952380961,8.04334774050158
1.95 mm,celsio_A549_N1_n4,11.184285714285725,8.221105202809648
1.95 mm,celsio_A549_N1_n4,10.572190476190485,8.480933782503609
1.95 mm,celsio_A549_N1_n4,10.292285714285722,8.74063715005427
1.95 mm,celsio_A549_N1_n4,10.195190476190483,9.001976264980819
1.95 mm,celsio_A549_N1_n4,10.184666666666674,9.243444388205106
1.95 mm,celsio_A549_N1_n4,10.264571428571436,9.473163692048898
1.95 mm,celsio_A549_N1_n4,10.380571428571436,9.69498823706813
1.95 mm,celsio_A549_N1_n4,10.497238095238103,9.910688820851455
1.95 mm,celsio_A549_N1_n4,10.592714285714294,10.121185489818384
1.95 mm,celsio_A549_N1_n4,10.679333333333341,10.325029140462036
1.95 mm,celsio_A549_N1_n4,10.772190476190485,10.515008098320187
1.95 mm,celsio_A549_N2_n1,29.379809523809545,29.102428571428597
1.95 mm,celsio_A549_N2_n1,29.09504761904764,29.017473991762188
1.95 mm,celsio_A549_N2_n1,28.67809523809526,28.36149950740623
1.95 mm,celsio_A549_N2_n1,27.90904761904764,26.850072105929076
1.95 mm,celsio_A549_N2_n1,26.994428571428593,24.755453214917477
1.95 mm,celsio_A549_N2_n1,25.8709523809524,22.497707061496673
1.95 mm,celsio_A549_N2_n1,24.71390476190478,20.331202520148153
1.95 mm,celsio_A549_N2_n1,23.447571428571443,18.286219817399893
1.95 mm,celsio_A549_N2_n1,22.288095238095256,16.388975408761972
1.95 mm,celsio_A549_N2_n1,21.20366666666668,14.581965102050573
1.95 mm,celsio_A549_N2_n1,20.12919047619049,12.82906576202998
1.95 mm,celsio_A549_N2_n1,19.0197142857143,11.57051190085112
1.95 mm,celsio_A549_N2_n1,17.868904761904773,11.022055170134239
1.95 mm,celsio_A549_N2_n1,17.058333333333344,10.803342613230193
1.95 mm,celsio_A549_N2_n1,16.754428571428583,10.756015947706212
1.95 mm,celsio_A549_N2_n1,16.954857142857158,10.768313476448636
1.95 mm,celsio_A549_N2_n1,17.22657142857144,10.814695545915372
1.95 mm,celsio_A549_N2_n1,17.4527142857143,10.884055267430659
1.95 mm,celsio_A549_N2_n1,17.286857142857155,10.969592653236319
1.95 mm,celsio_A549_N2_n1,17.21123809523811,11.066772871807158
1.95 mm,celsio_A549_N2_n1,17.13814285714287,11.172449533471234
1.95 mm,celsio_A549_N2_n1,17.07809523809525,11.284380061157707
1.95 mm,celsio_A549_N2_n1,17.04252380952382,11.394572009894539
1.95 mm,celsio_A549_N2_n1,17.031476190476205,11.505966226490795
1.95 mm,celsio_A549_N2_n1,17.055333333333344,11.61822040530731
1.95 mm,celsio_A549_N2_n2,30.522142857142878,30.646704761904783
1.95 mm,celsio_A549_N2_n2,30.11261904761907,30.549033616627987
1.95 mm,celsio_A549_N2_n2,29.324190476190495,29.828916160681608
1.95 mm,celsio_A549_N2_n2,28.37947619047621,28.183538006215706
1.95 mm,celsio_A549_N2_n2,27.158476190476208,25.91613298301189
1.95 mm,celsio_A549_N2_n2,25.859714285714304,23.519214433226683
1.95 mm,celsio_A549_N2_n2,24.538761904761923,21.24503703388817
1.95 mm,celsio_A549_N2_n2,23.48185714285716,19.25024742222712
1.95 mm,celsio_A549_N2_n2,22.62990476190478,17.492762620846076
1.95 mm,celsio_A549_N2_n2,21.88009523809525,15.84884221671747
1.95 mm,celsio_A549_N2_n2,21.02276190476192,14.153927635832666
1.95 mm,celsio_A549_N2_n2,19.969428571428587,12.914054388600116
1.95 mm,celsio_A549_N2_n2,18.775571428571443,12.313039876712972
1.95 mm,celsio_A549_N2_n2,17.64609523809525,12.09514209975135
1.95 mm,celsio_A549_N2_n2,16.85304761904763,12.043920418043859
1.95 mm,celsio_A549_N2_n2,16.27752380952382,12.057270944903948
1.95 mm,celsio_A549_N2_n2,15.99909523809525,12.098701751309967
1.95 mm,celsio_A549_N2_n2,15.756285714285724,12.15980927253307
1.95 mm,celsio_A549_N2_n2,15.605190476190486,12.235967394425035
1.95 mm,celsio_A549_N2_n2,15.441761904761917,12.323761866896795
1.95 mm,celsio_A549_N2_n2,15.265857142857154,12.420576490648338
1.95 mm,celsio_A549_N2_n2,15.099285714285724,12.524399699721467
1.95 mm,celsio_A549_N2_n2,14.932761904761916,12.633680916589123
1.95 mm,celsio_A549_N2_n2,14.789238095238106,12.745935964375512
1.95 mm,celsio_A549_N2_n2,14.668428571428583,12.857027465123755
1.95 mm,celsio_A549_N2_n3,30.710190476190498,30.66582857142859
1.95 mm,celsio_A549_N2_n3,30.170333333333353,30.57634493446434
1.95 mm,celsio_A549_N2_n3,29.443904761904783,29.86260930450791
1.95 mm,celsio_A549_N2_n3,28.409238095238116,28.212541546792625
1.95 mm,celsio_A549_N2_n3,27.238523809523826,25.897169304202432
1.95 mm,celsio_A549_N2_n3,25.93233333333335,23.446458914093217
1.95 mm,celsio_A549_N2_n3,24.72114285714288,21.029549843929267
1.95 mm,celsio_A549_N2_n3,23.593000000000018,18.695287746545556
1.95 mm,celsio_A549_N2_n3,22.475476190476208,16.651668205703622
1.95 mm,celsio_A549_N2_n3,21.338619047619062,14.681671519622729
1.95 mm,celsio_A549_N2_n3,20.168380952380964,13.344545593545377
1.95 mm,celsio_A549_N2_n3,18.925380952380966,12.683177503754491
1.95 mm,celsio_A549_N2_n3,17.798333333333346,12.426125786484466
1.95 mm,celsio_A549_N2_n3,17.03800000000001,12.34704198225281
1.95 mm,celsio_A549_N2_n3,16.47133333333334,12.338198697058024
1.95 mm,celsio_A549_N2_n3,16.215095238095248,12.37489865772062
1.95 mm,celsio_A549_N2_n3,15.998476190476204,12.436657915307395
1.95 mm,celsio_A549_N2_n3,15.87609523809525,12.510967844496317
1.95 mm,celsio_A549_N2_n3,15.748380952380964,12.594890955871296
1.95 mm,celsio_A549_N2_n3,15.639857142857153,12.686755385572429
1.95 mm,celsio_A549_N2_n3,15.574238095238107,12.78516210905126
1.95 mm,celsio_A549_N2_n3,15.543523809523823,12.888910831598707
1.95 mm,celsio_A549_N2_n3,15.54414285714287,12.996993957050432
1.95 mm,celsio_A549_N2_n3,15.542714285714297,13.106523714634832
1.95 mm,celsio_A549_N2_n3,15.55014285714287,13.21535520876597
1.95 mm,celsio_A549_N4_n1,32.07900000000002,31.818057142857164
1.95 mm,celsio_A549_N4_n1,31.849476190476214,31.723263769535027
1.95 mm,celsio_A549_N4_n1,31.068476190476215,31.025735232268126
1.95 mm,celsio_A549_N4_n1,29.912285714285737,29.492406876516444
1.95 mm,celsio_A549_N4_n1,28.461142857142878,27.172154978760354
1.95 mm,celsio_A549_N4_n1,26.859809523809545,24.482969614742814
1.95 mm,celsio_A549_N4_n1,25.156571428571446,21.749640495210354
1.95 mm,celsio_A549_N4_n1,23.54680952380954,19.117248634675313
1.95 mm,celsio_A549_N4_n1,21.44523809523811,16.624824978156102
1.95 mm,celsio_A549_N4_n1,19.33761904761906,14.816298402511299
1.95 mm,celsio_A549_N4_n1,17.481333333333346,14.011874064174664
1.95 mm,celsio_A549_N4_n1,16.07666666666668,13.658251378103547
1.95 mm,celsio_A549_N4_n1,15.225523809523823,13.503037294279606
1.95 mm,celsio_A549_N4_n1,14.912666666666679,13.45727097786633
1.95 mm,celsio_A549_N4_n1,14.67952380952382,13.469134497767573
1.95 mm,celsio_A549_N4_n1,14.57342857142858,13.509198249650447
1.95 mm,celsio_A549_N4_n1,14.569142857142866,13.573242656761295
1.95 mm,celsio_A549_N4_n1,14.597285714285725,13.648041432341282
1.95 mm,celsio_A549_N4_n1,14.649238095238108,13.730465246399808
1.95 mm,celsio_A549_N4_n1,14.712476190476202,13.819446209762418
1.95 mm,celsio_A549_N4_n1,14.779571428571439,13.91415144569455
1.95 mm,celsio_A549_N4_n1,14.846333333333343,14.01378998051084
1.95 mm,celsio_A549_N4_n1,14.920571428571439,14.117630711175464
1.95 mm,celsio_A549_N4_n1,14.979952380952392,14.225023909086902
1.95 mm,celsio_A549_N4_n1,15.029285714285724,14.335407550946355
1.95 mm,celsio_A549_N4_n2,31.18666666666669,30.817752380952403
1.95 mm,celsio_A549_N4_n2,30.980761904761927,30.72854496353002
1.95 mm,celsio_A549_N4_n2,30.38761904761907,30.035388371881194
1.95 mm,celsio_A549_N4_n2,29.397190476190495,28.416593647969208
1.95 mm,celsio_A549_N4_n2,27.834190476190496,26.092427755619326
1.95 mm,celsio_A549_N4_n2,26.05200000000002,23.55378441352085
1.95 mm,celsio_A549_N4_n2,24.40257142857145,21.064194628838173
1.95 mm,celsio_A549_N4_n2,22.840952380952395,18.63381282462441
1.95 mm,celsio_A549_N4_n2,21.298761904761918,16.308703583567556
1.95 mm,celsio_A549_N4_n2,19.73109523809525,14.39445497942166
1.95 mm,celsio_A549_N4_n2,17.81495238095239,12.421234252708977
1.95 mm,celsio_A549_N4_n2,15.84557142857144,11.166941136610115
1.95 mm,celsio_A549_N4_n2,14.169857142857152,10.66941515439162
1.95 mm,celsio_A549_N4_n2,12.940000000000008,10.560376438497181
1.95 mm,celsio_A549_N4_n2,12.236857142857154,10.613070815298974
1.95 mm,celsio_A549_N4_n2,11.979476190476198,10.716524091897863
1.95 mm,celsio_A549_N4_n2,11.94995238095239,10.829255011148986
1.95 mm,celsio_A549_N4_n2,12.026666666666676,10.949803407903339
1.95 mm,celsio_A549_N4_n2,12.133619047619057,11.077209510655939
1.95 mm,celsio_A549_N4_n2,12.269380952380962,11.210077282809644
1.95 mm,celsio_A549_N4_n2,12.408809523809532,11.347060494247625
1.95 mm,celsio_A549_N4_n2,12.529142857142865,11.487027163795421
1.95 mm,celsio_A549_N4_n2,12.635190476190484,11.628201690545637
1.95 mm,celsio_A549_N4_n2,12.745000000000008,11.763810096801596
1.95 mm,celsio_A549_N4_n2,12.851333333333343,11.89936981989278
1.95 mm,celsio_A549_N4_n3,31.26409523809526,31.03809523809526
1.95 mm,celsio_A549_N4_n3,30.935666666666688,30.9502638617757
1.95 mm,celsio_A549_N4_n3,30.175190476190497,30.283875667191644
1.95 mm,celsio_A549_N4_n3,28.97552380952383,28.79196170196559
1.95 mm,celsio_A549_N4_n3,27.37790476190478,26.56636038908907
1.95 mm,celsio_A549_N4_n3,25.75438095238097,24.002463595814017
1.95 mm,celsio_A549_N4_n3,24.153952380952397,21.521871542019603
1.95 mm,celsio_A549_N4_n3,22.497571428571447,19.146919246312574
1.95 mm,celsio_A549_N4_n3,20.73080952380954,17.00868260800665
1.95 mm,celsio_A549_N4_n3,18.83519047619049,14.927985768115608
1.95 mm,celsio_A549_N4_n3,16.784952380952394,12.898980054915349
1.95 mm,celsio_A549_N4_n3,14.779476190476199,11.527803328130316
1.95 mm,celsio_A549_N4_n3,12.974142857142866,11.0175506035211
1.95 mm,celsio_A549_N4_n3,11.533000000000008,10.906983199601601
1.95 mm,celsio_A549_N4_n3,10.566761904761913,10.944742643130459
1.95 mm,celsio_A549_N4_n3,10.088238095238102,11.024654419114972
1.95 mm,celsio_A549_N4_n3,9.986142857142863,11.120277515056229
1.95 mm,celsio_A549_N4_n3,10.037095238095244,11.228179934934294
1.95 mm,celsio_A549_N4_n3,10.214428571428579,11.345737587692716
1.95 mm,celsio_A549_N4_n3,10.397047619047626,11.470644804418853
1.95 mm,celsio_A549_N4_n3,10.572285714285721,11.601028844989731
1.95 mm,celsio_A549_N4_n3,10.737142857142866,11.735426165241632
1.95 mm,celsio_A549_N4_n3,10.896000000000008,11.872710913689533
1.95 mm,celsio_A549_N4_n3,11.040714285714294,12.009953259619504
1.95 mm,celsio_A549_N4_n3,11.18490476190477,12.143177280020263
1.95 mm,celsio_CALU1_N1_n1,30.68580952380955,30.986523809523828
1.95 mm,celsio_CALU1_N1_n1,30.587666666666692,30.92397818884246
1.95 mm,celsio_CALU1_N1_n1,30.477714285714306,30.457137445759354
1.95 mm,celsio_CALU1_N1_n1,30.228238095238115,29.352778407768238
1.95 mm,celsio_CALU1_N1_n1,29.89052380952383,27.712317719663062
1.95 mm,celsio_CALU1_N1_n1,29.362285714285733,25.765527886485927
1.95 mm,celsio_CALU1_N1_n1,28.751761904761924,23.76230704702084
1.95 mm,celsio_CALU1_N1_n1,28.164095238095257,21.807845977778456
1.95 mm,celsio_CALU1_N1_n1,27.581761904761922,19.946289361744718
1.95 mm,celsio_CALU1_N1_n1,27.03214285714288,18.18470754508444
1.95 mm,celsio_CALU1_N1_n1,26.4819523809524,16.67638100731818
1.95 mm,celsio_CALU1_N1_n1,25.817142857142876,15.774221743806883
1.95 mm,celsio_CALU1_N1_n1,25.021333333333352,15.279899919349528
1.95 mm,celsio_CALU1_N1_n1,24.260285714285736,15.000844857217174
1.95 mm,celsio_CALU1_N1_n1,23.55680952380954,14.847897831490865
1.95 mm,celsio_CALU1_N1_n1,23.029000000000018,14.771055290568993
1.95 mm,celsio_CALU1_N1_n1,22.6179523809524,14.737039323544405
1.95 mm,celsio_CALU1_N1_n1,22.296619047619068,14.736574303087146
1.95 mm,celsio_CALU1_N1_n1,21.976619047619064,14.756464896404555
1.95 mm,celsio_CALU1_N1_n1,21.687380952380966,14.790753021783349
1.95 mm,celsio_CALU1_N1_n1,21.476904761904777,14.836554481597876
1.95 mm,celsio_CALU1_N1_n1,21.268523809523824,14.891960621021472
1.95 mm,celsio_CALU1_N1_n1,21.09452380952382,14.955491173274318
1.95 mm,celsio_CALU1_N1_n1,20.943047619047633,15.025935507461359
1.95 mm,celsio_CALU1_N1_n1,20.829952380952392,15.102288774713593
1.95 mm,celsio_CALU1_N1_n2,28.763952380952404,29.414257142857167
1.95 mm,celsio_CALU1_N1_n2,28.717666666666688,29.36403607559765
1.95 mm,celsio_CALU1_N1_n2,28.617428571428594,28.978123569168666
1.95 mm,celsio_CALU1_N1_n2,28.495428571428594,28.050558140920348
1.95 mm,celsio_CALU1_N1_n2,28.223142857142875,26.6359084186988
1.95 mm,celsio_CALU1_N1_n2,27.863333333333355,24.912648082099345
1.95 mm,celsio_CALU1_N1_n2,27.32900000000002,23.05861389580247
1.95 mm,celsio_CALU1_N1_n2,26.7499523809524,21.207631719505265
1.95 mm,celsio_CALU1_N1_n2,26.09585714285716,19.474501178208232
1.95 mm,celsio_CALU1_N1_n2,25.53338095238097,17.803466207984894
1.95 mm,celsio_CALU1_N1_n2,24.832095238095256,16.15450084268906
1.95 mm,celsio_CALU1_N1_n2,24.167000000000016,14.760373990631706
1.95 mm,celsio_CALU1_N1_n2,23.460857142857158,13.981818459011377
1.95 mm,celsio_CALU1_N1_n2,22.852476190476207,13.58768629474836
1.95 mm,celsio_CALU1_N1_n2,22.382666666666683,13.385861815115852
1.95 mm,celsio_CALU1_N1_n2,22.08819047619049,13.275781407577924
1.95 mm,celsio_CALU1_N1_n2,21.775142857142875,13.229642396626344
1.95 mm,celsio_CALU1_N1_n2,21.512428571428586,13.22043397737532
1.95 mm,celsio_CALU1_N1_n2,21.211380952380967,13.234499269260542
1.95 mm,celsio_CALU1_N1_n2,20.88414285714287,13.266018475190368
1.95 mm,celsio_CALU1_N1_n2,20.57376190476192,13.311369000020397
1.95 mm,celsio_CALU1_N1_n2,20.278142857142875,13.367885759408452
1.95 mm,celsio_CALU1_N1_n2,19.9737142857143,13.43350314623705
1.95 mm,celsio_CALU1_N1_n2,19.72404761904763,13.50387816718591
1.95 mm,celsio_CALU1_N1_n2,19.52128571428573,13.577733747972367
1.95 mm,celsio_CALU1_N1_n3,30.06400000000002,30.415542857142878
1.95 mm,celsio_CALU1_N1_n3,29.96109523809526,30.355051924335427
1.95 mm,celsio_CALU1_N1_n3,29.847190476190494,29.918299836380232
1.95 mm,celsio_CALU1_N1_n3,29.591142857142877,28.941787443163527
1.95 mm,celsio_CALU1_N1_n3,29.26776190476193,27.463567823506445
1.95 mm,celsio_CALU1_N1_n3,28.757952380952403,25.568290974734946
1.95 mm,celsio_CALU1_N1_n3,28.14571428571431,23.58200547453504
1.95 mm,celsio_CALU1_N1_n3,27.372666666666685,21.580688415387115
1.95 mm,celsio_CALU1_N1_n3,26.6469523809524,19.68356284271085
1.95 mm,celsio_CALU1_N1_n3,26.002428571428588,17.84286168290798
1.95 mm,celsio_CALU1_N1_n3,25.380619047619064,16.328975021889182
1.95 mm,celsio_CALU1_N1_n3,24.819095238095255,15.45279351687905
1.95 mm,celsio_CALU1_N1_n3,24.11033333333335,14.978086461028965
1.95 mm,celsio_CALU1_N1_n3,23.24442857142859,14.711808323908791
1.95 mm,celsio_CALU1_N1_n3,22.339857142857156,14.565006308422525
1.95 mm,celsio_CALU1_N1_n3,21.60709523809525,14.481100048961425
1.95 mm,celsio_CALU1_N1_n3,21.02876190476192,14.445051555820255
1.95 mm,celsio_CALU1_N1_n3,20.732095238095255,14.438074825898045
1.95 mm,celsio_CALU1_N1_n3,20.412952380952397,14.450893427950987
1.95 mm,celsio_CALU1_N1_n3,20.140047619047635,14.479130258526574
1.95 mm,celsio_CALU1_N1_n3,19.82619047619049,14.519956614218316
1.95 mm,celsio_CALU1_N1_n3,19.50661904761906,14.571234593739362
1.95 mm,celsio_CALU1_N1_n3,19.24461904761906,14.631259895758348
1.95 mm,celsio_CALU1_N1_n3,19.041142857142873,14.698649336612332
1.95 mm,celsio_CALU1_N1_n3,18.88833333333335,14.772272469956926
1.95 mm,celsio_CALU1_N2_n1,29.546619047619068,29.46984761904764
1.95 mm,celsio_CALU1_N2_n1,29.39457142857145,29.40007804899804
1.95 mm,celsio_CALU1_N2_n1,29.071857142857162,28.867637035733438
1.95 mm,celsio_CALU1_N2_n1,28.686190476190497,27.62885940664497
1.95 mm,celsio_CALU1_N2_n1,28.1569523809524,25.76726538611122
1.95 mm,celsio_CALU1_N2_n1,27.568857142857162,23.564595223673294
1.95 mm,celsio_CALU1_N2_n1,26.982666666666688,21.306997059948184
1.95 mm,celsio_CALU1_N2_n1,26.347095238095257,19.1224416908099
1.95 mm,celsio_CALU1_N2_n1,25.69900000000002,17.083215414607064
1.95 mm,celsio_CALU1_N2_n1,25.00790476190478,15.442536803707679
1.95 mm,celsio_CALU1_N2_n1,24.290619047619067,14.501376328841936
1.95 mm,celsio_CALU1_N2_n1,23.36342857142859,14.009952814333662
1.95 mm,celsio_CALU1_N2_n1,22.894047619047637,13.74686212331057
1.95 mm,celsio_CALU1_N2_n1,22.839523809523826,13.610652379887519
1.95 mm,celsio_CALU1_N2_n1,23.12980952380954,13.538990926553268
1.95 mm,celsio_CALU1_N2_n1,23.449095238095254,13.504367905890337
1.95 mm,celsio_CALU1_N2_n1,23.589666666666684,13.496642472297953
1.95 mm,celsio_CALU1_N2_n1,23.289047619047636,13.509880382621525
1.95 mm,celsio_CALU1_N2_n1,22.679666666666684,13.539821660884584
1.95 mm,celsio_CALU1_N2_n1,21.962333333333348,13.583222697451335
1.95 mm,celsio_CALU1_N2_n1,21.350142857142874,13.637563051127191
1.95 mm,celsio_CALU1_N2_n1,20.951285714285728,13.70086245970694
1.95 mm,celsio_CALU1_N2_n1,20.782523809523823,13.771551662140709
1.95 mm,celsio_CALU1_N2_n1,20.891571428571442,13.847310257429843
1.95 mm,celsio_CALU1_N2_n1,20.7877142857143,13.925500438496318
1.95 mm,celsio_CALU1_N2_n2,30.80752380952383,30.827914285714307
1.95 mm,celsio_CALU1_N2_n2,30.75814285714288,30.758034297748654
1.95 mm,celsio_CALU1_N2_n2,30.529523809523834,30.248256379923895
1.95 mm,celsio_CALU1_N2_n2,30.171380952380975,29.09696530969312
1.95 mm,celsio_CALU1_N2_n2,29.525857142857166,27.425091223462964
1.95 mm,celsio_CALU1_N2_n2,28.743857142857163,25.545534132128566
1.95 mm,celsio_CALU1_N2_n2,27.768571428571448,23.617234301825327
1.95 mm,celsio_CALU1_N2_n2,26.840238095238114,21.71019342904299
1.95 mm,celsio_CALU1_N2_n2,26.00842857142859,19.873605438759224
1.95 mm,celsio_CALU1_N2_n2,25.223190476190496,18.107856091855133
1.95 mm,celsio_CALU1_N2_n2,24.427047619047634,16.42646286374842
1.95 mm,celsio_CALU1_N2_n2,23.622047619047635,15.078190666025648
1.95 mm,celsio_CALU1_N2_n2,22.768952380952395,14.353930193355785
1.95 mm,celsio_CALU1_N2_n2,21.9579523809524,13.998632954184904
1.95 mm,celsio_CALU1_N2_n2,21.34642857142859,13.82603902672657
1.95 mm,celsio_CALU1_N2_n2,20.83785714285716,13.73864143910588
1.95 mm,celsio_CALU1_N2_n2,20.470047619047634,13.711193185968618
1.95 mm,celsio_CALU1_N2_n2,20.107095238095255,13.717728587867565
1.95 mm,celsio_CALU1_N2_n2,19.809047619047632,13.745379627492392
1.95 mm,celsio_CALU1_N2_n2,19.50514285714287,13.788954201317896
1.95 mm,celsio_CALU1_N2_n2,19.231000000000012,13.8452553734577
1.95 mm,celsio_CALU1_N2_n2,19.0237142857143,13.911901998031423
1.95 mm,celsio_CALU1_N2_n2,18.851857142857156,13.987021474591247
1.95 mm,celsio_CALU1_N2_n2,18.728666666666683,14.069117376685757
1.95 mm,celsio_CALU1_N2_n2,18.617000000000015,14.156985888352477
1.95 mm,celsio_CALU1_N2_n3,31.301857142857166,31.419342857142887
1.95 mm,celsio_CALU1_N2_n3,31.180428571428596,31.34367648486927
1.95 mm,celsio_CALU1_N2_n3,30.761428571428596,30.77243113706493
1.95 mm,celsio_CALU1_N2_n3,30.177952380952405,29.46685593496327
1.95 mm,celsio_CALU1_N2_n3,29.299380952380975,27.576318699269194
1.95 mm,celsio_CALU1_N2_n3,28.31938095238097,25.36853798985735
1.95 mm,celsio_CALU1_N2_n3,27.413571428571448,23.152427944075182
1.95 mm,celsio_CALU1_N2_n3,26.5179523809524,20.941694314815116
1.95 mm,celsio_CALU1_N2_n3,25.619714285714302,18.815404072041403
1.95 mm,celsio_CALU1_N2_n3,24.6829523809524,16.807136969214046
1.95 mm,celsio_CALU1_N2_n3,23.69638095238097,15.179628512818413
1.95 mm,celsio_CALU1_N2_n3,22.637095238095252,14.367001363585452
1.95 mm,celsio_CALU1_N2_n3,21.708047619047633,13.990282467297781
1.95 mm,celsio_CALU1_N2_n3,20.871238095238112,13.80863362405639
1.95 mm,celsio_CALU1_N2_n3,20.168000000000013,13.73729789547115
1.95 mm,celsio_CALU1_N2_n3,19.5197142857143,13.727942961931443
1.95 mm,celsio_CALU1_N2_n3,19.048428571428587,13.745859147422461
1.95 mm,celsio_CALU1_N2_n3,18.59338095238097,13.78190016712502
1.95 mm,celsio_CALU1_N2_n3,18.232333333333347,13.832471488814365
1.95 mm,celsio_CALU1_N2_n3,18.019904761904773,13.895037264276326
1.95 mm,celsio_CALU1_N2_n3,17.80961904761906,13.967516951648316
1.95 mm,celsio_CALU1_N2_n3,17.644428571428584,14.048184442165384
1.95 mm,celsio_CALU1_N2_n3,17.46909523809525,14.135618414064162
1.95 mm,celsio_CALU1_N2_n3,17.318428571428583,14.228655168944103
1.95 mm,celsio_CALU1_N2_n3,17.177809523809536,14.326344274568829
1.95 mm,celsio_CALU1_N3_n1,31.04271428571431,31.48947619047621
1.95 mm,celsio_CALU1_N3_n1,30.91771428571431,31.4196900088798
1.95 mm,celsio_CALU1_N3_n1,30.749428571428595,30.90812344043615
1.95 mm,celsio_CALU1_N3_n1,30.39557142857145,29.7679029150297
1.95 mm,celsio_CALU1_N3_n1,29.91271428571431,27.97267203478934
1.95 mm,celsio_CALU1_N3_n1,29.399000000000022,25.801858521273605
1.95 mm,celsio_CALU1_N3_n1,28.753714285714302,23.614723228472442
1.95 mm,celsio_CALU1_N3_n1,28.09066666666669,21.46954309134979
1.95 mm,celsio_CALU1_N3_n1,27.39109523809526,19.39298409582518
1.95 mm,celsio_CALU1_N3_n1,26.64890476190478,17.453739338458206
1.95 mm,celsio_CALU1_N3_n1,25.814238095238114,15.91479419524724
1.95 mm,celsio_CALU1_N3_n1,25.04028571428573,15.035373887687593
1.95 mm,celsio_CALU1_N3_n1,24.30585714285716,14.587177477082662
1.95 mm,celsio_CALU1_N3_n1,23.64438095238097,14.357964938577743
1.95 mm,celsio_CALU1_N3_n1,23.036714285714304,14.250014380324206
1.95 mm,celsio_CALU1_N3_n1,22.527571428571445,14.215704908038957
1.95 mm,celsio_CALU1_N3_n1,22.029142857142872,14.216324929882932
1.95 mm,celsio_CALU1_N3_n1,21.563095238095258,14.237828435200623
1.95 mm,celsio_CALU1_N3_n1,21.215666666666685,14.275390362976202
1.95 mm,celsio_CALU1_N3_n1,20.90466666666668,14.326112487555733
1.95 mm,celsio_CALU1_N3_n1,20.659857142857156,14.387748831092068
1.95 mm,celsio_CALU1_N3_n1,20.430333333333348,14.458460985865884
1.95 mm,celsio_CALU1_N3_n1,20.247523809523823,14.5367354760767
1.95 mm,celsio_CALU1_N3_n1,20.058523809523823,14.621328484059237
1.95 mm,celsio_CALU1_N3_n1,19.880380952380968,14.71121919041667
1.95 mm,celsio_CALU1_N3_n2,29.25666666666669,28.695628571428593
1.95 mm,celsio_CALU1_N3_n2,29.13223809523812,28.617341712757625
1.95 mm,celsio_CALU1_N3_n2,28.89157142857145,28.037557958369796
1.95 mm,celsio_CALU1_N3_n2,28.5781904761905,26.680520912160986
1.95 mm,celsio_CALU1_N3_n2,28.034095238095254,24.691769776477283
1.95 mm,celsio_CALU1_N3_n2,27.381142857142876,22.473434149874862
1.95 mm,celsio_CALU1_N3_n2,26.587333333333355,20.200130258364684
1.95 mm,celsio_CALU1_N3_n2,25.776714285714302,18.022831513705196
1.95 mm,celsio_CALU1_N3_n2,24.92209523809526,15.94896817714282
1.95 mm,celsio_CALU1_N3_n2,24.167095238095257,13.9847547362599
1.95 mm,celsio_CALU1_N3_n2,23.45276190476192,12.150887669701568
1.95 mm,celsio_CALU1_N3_n2,22.79785714285716,10.80233863919628
1.95 mm,celsio_CALU1_N3_n2,22.155142857142877,10.258857830411051
1.95 mm,celsio_CALU1_N3_n2,21.560380952380967,10.064477088044711
1.95 mm,celsio_CALU1_N3_n2,20.96819047619049,10.047756581254253
1.95 mm,celsio_CALU1_N3_n2,20.4177142857143,10.085060958165249
1.95 mm,celsio_CALU1_N3_n2,19.99923809523811,10.152728163272243
1.95 mm,celsio_CALU1_N3_n2,19.64061904761906,10.240539100449373
1.95 mm,celsio_CALU1_N3_n2,19.365523809523822,10.342245336719634
1.95 mm,celsio_CALU1_N3_n2,19.103619047619063,10.453700312691414
1.95 mm,celsio_CALU1_N3_n2,18.879000000000012,10.572052737493737
1.95 mm,celsio_CALU1_N3_n2,18.642285714285727,10.686316307087635
1.95 mm,celsio_CALU1_N3_n2,18.41819047619049,10.802758781929928
1.95 mm,celsio_CALU1_N3_n2,18.250761904761916,10.91945954124072
1.95 mm,celsio_CALU1_N3_n2,18.102857142857154,11.034300267423035
1.95 mm,celsio_CALU1_N3_n3,31.21114285714288,31.32266666666669
1.95 mm,celsio_CALU1_N3_n3,31.174476190476213,31.240210240699856
1.95 mm,celsio_CALU1_N3_n3,30.966666666666686,30.607961675199917
1.95 mm,celsio_CALU1_N3_n3,30.625142857142876,29.14862247639808
1.95 mm,celsio_CALU1_N3_n3,30.09909523809526,27.024565743700187
1.95 mm,celsio_CALU1_N3_n3,29.38057142857145,24.571460139490494
1.95 mm,celsio_CALU1_N3_n3,28.62900000000002,22.0753355805114
1.95 mm,celsio_CALU1_N3_n3,27.849714285714306,19.763943503475186
1.95 mm,celsio_CALU1_N3_n3,27.08180952380954,17.554485641008664
1.95 mm,celsio_CALU1_N3_n3,26.297190476190497,15.438555511024596
1.95 mm,celsio_CALU1_N3_n3,25.552666666666685,13.44749264471223
1.95 mm,celsio_CALU1_N3_n3,24.718000000000018,11.9248050864046
1.95 mm,celsio_CALU1_N3_n3,23.9849523809524,11.406701331865984
1.95 mm,celsio_CALU1_N3_n3,23.31547619047621,11.285418289154205
1.95 mm,celsio_CALU1_N3_n3,22.764952380952394,11.304879386484602
1.95 mm,celsio_CALU1_N3_n3,22.267238095238113,11.391647191823793
1.95 mm,celsio_CALU1_N3_n3,21.860142857142872,11.490529647647246
1.95 mm,celsio_CALU1_N3_n3,21.42909523809525,11.5973687189911
1.95 mm,celsio_CALU1_N3_n3,21.08957142857144,11.711715513149645
1.95 mm,celsio_CALU1_N3_n3,20.843904761904774,11.832503433652063
1.95 mm,celsio_CALU1_N3_n3,20.640095238095256,11.958482204692556
1.95 mm,celsio_CALU1_N3_n3,20.486333333333352,12.08849766622282
1.95 mm,celsio_CALU1_N3_n3,20.32542857142859,12.221575707119781
1.95 mm,celsio_CALU1_N3_n3,20.14080952380954,12.356925562458123
1.95 mm,celsio_CALU1_N3_n3,19.97685714285716,12.489275676407154
1.95 mm,celsio_CALU6_N1_n1,30.038476190476214,30.55549523809526
1.95 mm,celsio_CALU6_N1_n1,29.995809523809545,30.471564102756204
1.95 mm,celsio_CALU6_N1_n1,29.8379523809524,29.82349985442741
1.95 mm,celsio_CALU6_N1_n1,29.599380952380976,28.357342508648628
1.95 mm,celsio_CALU6_N1_n1,29.080285714285736,26.125990871516706
1.95 mm,celsio_CALU6_N1_n1,28.401380952380975,23.423563660486103
1.95 mm,celsio_CALU6_N1_n1,27.50366666666669,20.73326397987126
1.95 mm,celsio_CALU6_N1_n1,26.59914285714288,18.18226364820484
1.95 mm,celsio_CALU6_N1_n1,25.712238095238114,15.777095829945065
1.95 mm,celsio_CALU6_N1_n1,24.890047619047635,13.481292292238031
1.95 mm,celsio_CALU6_N1_n1,24.083857142857163,11.286746304871548
1.95 mm,celsio_CALU6_N1_n1,23.331142857142872,9.735330636080498
1.95 mm,celsio_CALU6_N1_n1,22.58228571428573,9.298317201711344
1.95 mm,celsio_CALU6_N1_n1,21.76966666666668,9.319396403921546
1.95 mm,celsio_CALU6_N1_n1,21.37042857142859,9.459614140044485
1.95 mm,celsio_CALU6_N1_n1,21.255238095238113,9.61036538623194
1.95 mm,celsio_CALU6_N1_n1,21.269142857142874,9.789443611127442
1.95 mm,celsio_CALU6_N1_n1,21.197619047619064,9.965539102256127
1.95 mm,celsio_CALU6_N1_n1,20.904238095238107,10.13654838707484
1.95 mm,celsio_CALU6_N1_n1,20.251047619047633,10.305096099927985
1.95 mm,celsio_CALU6_N1_n1,19.764904761904774,10.472266382761124
1.95 mm,celsio_CALU6_N1_n1,19.399380952380966,10.638363122880826
1.95 mm,celsio_CALU6_N1_n1,19.067142857142873,10.796504021693524
1.95 mm,celsio_CALU6_N1_n1,18.803571428571445,10.949885379214347
1.95 mm,celsio_CALU6_N1_n1,18.56161904761906,11.101359408047108
1.95 mm,celsio_CALU6_N1_n2,30.882952380952403,31.73524761904764
1.95 mm,celsio_CALU6_N1_n2,30.887857142857165,31.67518675793638
1.95 mm,celsio_CALU6_N1_n2,30.72085714285717,31.22137085010661
1.95 mm,celsio_CALU6_N1_n2,30.361428571428597,30.1583481033676
1.95 mm,celsio_CALU6_N1_n2,29.884095238095263,28.50415315391021
1.95 mm,celsio_CALU6_N1_n2,29.1471904761905,26.464782804728063
1.95 mm,celsio_CALU6_N1_n2,28.317809523809544,24.29076252738013
1.95 mm,celsio_CALU6_N1_n2,27.51485714285716,22.1623945725592
1.95 mm,celsio_CALU6_N1_n2,26.627095238095258,20.115995237316255
1.95 mm,celsio_CALU6_N1_n2,25.83152380952383,18.247574855507345
1.95 mm,celsio_CALU6_N1_n2,25.100238095238115,16.489249436467702
1.95 mm,celsio_CALU6_N1_n2,24.36647619047621,14.848485437181608
1.95 mm,celsio_CALU6_N1_n2,23.607428571428585,13.31208765467845
1.95 mm,celsio_CALU6_N1_n2,22.88719047619049,11.835440218641214
1.95 mm,celsio_CALU6_N1_n2,22.140428571428586,10.546508281106508
1.95 mm,celsio_CALU6_N1_n2,21.445857142857157,9.584646952294069
1.95 mm,celsio_CALU6_N1_n2,20.790857142857156,9.262648147149859
1.95 mm,celsio_CALU6_N1_n2,20.2047142857143,9.299669828303637
1.95 mm,celsio_CALU6_N1_n2,19.620190476190487,9.416219468840207
1.95 mm,celsio_CALU6_N1_n2,19.182952380952393,9.598170862860194
1.95 mm,celsio_CALU6_N1_n2,18.85085714285716,9.782278955495869
1.95 mm,celsio_CALU6_N1_n2,18.59519047619049,9.96644690075031
1.95 mm,celsio_CALU6_N1_n2,18.4337142857143,10.15078572159397
1.95 mm,celsio_CALU6_N1_n2,18.255047619047634,10.33489967579724
1.95 mm,celsio_CALU6_N1_n2,18.061333333333344,10.51829195096743
1.95 mm,celsio_CALU6_N1_n3,30.60814285714288,31.425466666666686
1.95 mm,celsio_CALU6_N1_n3,30.579285714285735,31.35733096657625
1.95 mm,celsio_CALU6_N1_n3,30.388571428571453,30.84571560852907
1.95 mm,celsio_CALU6_N1_n3,30.03361904761907,29.655953038362686
1.95 mm,celsio_CALU6_N1_n3,29.571095238095257,27.79302751019791
1.95 mm,celsio_CALU6_N1_n3,28.882095238095257,25.487347578844176
1.95 mm,celsio_CALU6_N1_n3,28.124333333333354,23.10975594693556
1.95 mm,celsio_CALU6_N1_n3,27.278714285714308,20.83715208991501
1.95 mm,celsio_CALU6_N1_n3,26.41490476190478,18.6940349782794
1.95 mm,celsio_CALU6_N1_n3,25.541000000000018,16.730194120460506
1.95 mm,celsio_CALU6_N1_n3,24.788619047619065,14.910207010824184
1.95 mm,celsio_CALU6_N1_n3,24.106571428571442,13.212896805254976
1.95 mm,celsio_CALU6_N1_n3,23.49357142857145,12.068916406771802
1.95 mm,celsio_CALU6_N1_n3,22.865095238095254,11.597128890904688
1.95 mm,celsio_CALU6_N1_n3,22.258000000000017,11.476260311369382
1.95 mm,celsio_CALU6_N1_n3,21.63376190476192,11.479834163394855
1.95 mm,celsio_CALU6_N1_n3,21.0799523809524,11.54066869589633
1.95 mm,celsio_CALU6_N1_n3,20.690095238095253,11.634188189914147
1.95 mm,celsio_CALU6_N1_n3,20.376095238095253,11.739164190359663
1.95 mm,celsio_CALU6_N1_n3,20.146571428571445,11.852434410671865
1.95 mm,celsio_CALU6_N1_n3,19.913952380952395,11.972379425995122
1.95 mm,celsio_CALU6_N1_n3,19.690952380952396,12.097593339706766
1.95 mm,celsio_CALU6_N1_n3,19.479476190476205,12.226872690785843
1.95 mm,celsio_CALU6_N1_n3,19.28466666666668,12.359229553098395
1.95 mm,celsio_CALU6_N1_n3,19.133047619047634,12.492224600133383
1.95 mm,celsio_CALU6_N2_n1,31.754285714285736,32.4145523809524
1.95 mm,celsio_CALU6_N2_n1,31.790952380952405,32.3228319654062
1.95 mm,celsio_CALU6_N2_n1,31.548380952380974,31.59787168245112
1.95 mm,celsio_CALU6_N2_n1,31.155047619047643,29.884686826182417
1.95 mm,celsio_CALU6_N2_n1,30.346476190476213,27.454138165247908
1.95 mm,celsio_CALU6_N2_n1,29.34152380952383,24.434507153286663
1.95 mm,celsio_CALU6_N2_n1,28.12771428571431,21.381434122726645
1.95 mm,celsio_CALU6_N2_n1,27.003571428571448,18.44761111976955
1.95 mm,celsio_CALU6_N2_n1,25.953809523809543,15.705962031880464
1.95 mm,celsio_CALU6_N2_n1,24.99304761904764,13.428038668391531
1.95 mm,celsio_CALU6_N2_n1,24.0089523809524,11.064573388682971
1.95 mm,celsio_CALU6_N2_n1,23.015714285714303,9.813037204427221
1.95 mm,celsio_CALU6_N2_n1,21.962047619047638,9.548372351327147
1.95 mm,celsio_CALU6_N2_n1,20.94714285714287,9.654970013539902
1.95 mm,celsio_CALU6_N2_n1,20.16723809523811,9.849550478267515
1.95 mm,celsio_CALU6_N2_n1,19.526142857142872,10.074523399187948
1.95 mm,celsio_CALU6_N2_n1,19.163142857142873,10.279949640504562
1.95 mm,celsio_CALU6_N2_n1,18.89728571428573,10.47331595681827
1.95 mm,celsio_CALU6_N2_n1,18.742190476190487,10.661219679788596
1.95 mm,celsio_CALU6_N2_n1,18.56309523809525,10.846221835333864
1.95 mm,celsio_CALU6_N2_n1,18.37028571428573,11.029225331270933
1.95 mm,celsio_CALU6_N2_n1,18.217857142857156,11.21050037724784
1.95 mm,celsio_CALU6_N2_n1,18.097809523809538,11.390085376480119
1.95 mm,celsio_CALU6_N2_n1,18.020809523809536,11.567945171794866
1.95 mm,celsio_CALU6_N2_n1,17.951428571428583,11.739329468109217
1.95 mm,celsio_CALU6_N2_n2,30.781095238095258,31.70041904761907
1.95 mm,celsio_CALU6_N2_n2,30.763095238095257,31.632495706018886
1.95 mm,celsio_CALU6_N2_n2,30.636857142857167,31.116417423684922
1.95 mm,celsio_CALU6_N2_n2,30.36580952380955,29.912385175757127
1.95 mm,celsio_CALU6_N2_n2,30.00400000000002,28.06634217557091
1.95 mm,celsio_CALU6_N2_n2,29.393095238095263,25.812815512689518
1.95 mm,celsio_CALU6_N2_n2,28.698333333333355,23.542297778849495
1.95 mm,celsio_CALU6_N2_n2,27.878809523809544,21.33397562510682
1.95 mm,celsio_CALU6_N2_n2,27.035285714285735,19.26695524843962
1.95 mm,celsio_CALU6_N2_n2,26.171952380952398,17.31887709384631
1.95 mm,celsio_CALU6_N2_n2,25.44352380952383,15.66164377224747
1.95 mm,celsio_CALU6_N2_n2,24.774238095238115,14.36645374893564
1.95 mm,celsio_CALU6_N2_n2,24.19447619047621,13.690653350376206
1.95 mm,celsio_CALU6_N2_n2,23.626285714285736,13.398753701560334
1.95 mm,celsio_CALU6_N2_n2,23.096285714285735,13.28656529097216
1.95 mm,celsio_CALU6_N2_n2,22.561619047619065,13.268638222679993
1.95 mm,celsio_CALU6_N2_n2,22.05338095238097,13.290989866249813
1.95 mm,celsio_CALU6_N2_n2,21.656952380952397,13.334079105961639
1.95 mm,celsio_CALU6_N2_n2,21.302380952380968,13.392740900794845
1.95 mm,celsio_CALU6_N2_n2,21.032476190476203,13.463990483707486
1.95 mm,celsio_CALU6_N2_n2,20.783000000000015,13.545474661586844
1.95 mm,celsio_CALU6_N2_n2,20.5717142857143,13.635267474061076
1.95 mm,celsio_CALU6_N2_n2,20.359238095238112,13.731802218588546
1.95 mm,celsio_CALU6_N2_n2,20.175047619047636,13.833812711352829
1.95 mm,celsio_CALU6_N2_n2,20.03204761904763,13.940278409994331
1.95 mm,celsio_CALU6_N2_n3,30.13790476190478,31.179685714285732
1.95 mm,celsio_CALU6_N2_n3,30.126904761904783,31.112297097396834
1.95 mm,celsio_CALU6_N2_n3,30.04728571428574,30.60516582994067
1.95 mm,celsio_CALU6_N2_n3,29.931761904761927,29.438889497415595
1.95 mm,celsio_CALU6_N2_n3,29.5811904761905,27.7014435766015
1.95 mm,celsio_CALU6_N2_n3,29.076428571428593,25.64577458808738
1.95 mm,celsio_CALU6_N2_n3,28.345476190476212,23.479333483424448
1.95 mm,celsio_CALU6_N2_n3,27.549857142857164,21.336704061686984
1.95 mm,celsio_CALU6_N2_n3,26.84123809523812,19.385116698483472
1.95 mm,celsio_CALU6_N2_n3,26.20090476190478,17.544343649948168
1.95 mm,celsio_CALU6_N2_n3,25.571619047619066,15.784982238079067
1.95 mm,celsio_CALU6_N2_n3,24.969285714285732,14.289762735728225
1.95 mm,celsio_CALU6_N2_n3,24.33642857142859,13.053286075086593
1.95 mm,celsio_CALU6_N2_n3,23.685666666666688,12.44995660397166
1.95 mm,celsio_CALU6_N2_n3,23.145714285714302,12.233868249128088
1.95 mm,celsio_CALU6_N2_n3,22.655095238095257,12.185721931112287
1.95 mm,celsio_CALU6_N2_n3,22.259761904761916,12.202750319619206
1.95 mm,celsio_CALU6_N2_n3,21.90214285714287,12.261772667351352
1.95 mm,celsio_CALU6_N2_n3,21.608047619047632,12.343128735719732
1.95 mm,celsio_CALU6_N2_n3,21.299285714285727,12.434858493970696
1.95 mm,celsio_CALU6_N2_n3,21.001571428571445,12.534370194126122
1.95 mm,celsio_CALU6_N2_n3,20.76761904761906,12.640277163860887
1.95 mm,celsio_CALU6_N2_n3,20.56104761904763,12.751419328373757
1.95 mm,celsio_CALU6_N2_n3,20.393523809523828,12.866793979374783
1.95 mm,celsio_CALU6_N2_n3,20.23114285714287,12.985555818921194
1.95 mm,celsio_CALU6_N3_n1,28.647809523809546,30.774000000000022
1.95 mm,celsio_CALU6_N3_n1,28.467714285714308,30.684409859440244
1.95 mm,celsio_CALU6_N3_n1,28.206285714285734,29.993436447825058
1.95 mm,celsio_CALU6_N3_n1,27.742761904761924,28.419974606831104
1.95 mm,celsio_CALU6_N3_n1,27.184761904761928,26.339335449204196
1.95 mm,celsio_CALU6_N3_n1,26.46690476190478,24.120842152219325
1.95 mm,celsio_CALU6_N3_n1,25.759476190476207,21.97571808579911
1.95 mm,celsio_CALU6_N3_n1,25.112714285714304,20.047080578033043
1.95 mm,celsio_CALU6_N3_n1,24.545142857142878,18.34658676682014
1.95 mm,celsio_CALU6_N3_n1,24.030857142857162,16.972314458443194
1.95 mm,celsio_CALU6_N3_n1,23.577523809523825,15.769407467430115
1.95 mm,celsio_CALU6_N3_n1,23.114476190476207,14.662908390329159
1.95 mm,celsio_CALU6_N3_n1,22.625476190476206,13.43065635494758
1.95 mm,celsio_CALU6_N3_n1,22.17280952380954,12.033637617319613
1.95 mm,celsio_CALU6_N3_n1,21.725380952380966,11.06018165632309
1.95 mm,celsio_CALU6_N3_n1,21.293428571428585,10.61694781194888
1.95 mm,celsio_CALU6_N3_n1,20.83361904761906,10.512534084630698
1.95 mm,celsio_CALU6_N3_n1,20.380238095238113,10.523429214098988
1.95 mm,celsio_CALU6_N3_n1,19.927190476190493,10.586488787095659
1.95 mm,celsio_CALU6_N3_n1,19.465190476190493,10.679448895765129
1.95 mm,celsio_CALU6_N3_n1,19.070571428571448,10.79120582878108
1.95 mm,celsio_CALU6_N3_n1,18.71314285714287,10.915328365569593
1.95 mm,celsio_CALU6_N3_n1,18.385000000000012,11.047764133084712
1.95 mm,celsio_CALU6_N3_n1,18.066333333333347,11.185825983266279
1.95 mm,celsio_CALU6_N3_n1,17.790761904761915,11.327670351043402
1.95 mm,celsio_CALU6_N3_n2,30.24,30.999076190476217
1.95 mm,celsio_CALU6_N3_n2,30.193,30.931437753603465
1.95 mm,celsio_CALU6_N3_n2,22.201,30.45146186364471
1.95 mm,celsio_CALU6_N3_n2,22.215,29.459488866563653
1.95 mm,celsio_CALU6_N3_n2,22.205,28.07896934662356
1.95 mm,celsio_CALU6_N3_n2,22.168,26.32748863573154
1.95 mm,celsio_CALU6_N3_n2,22.105,24.281620114851986
1.95 mm,celsio_CALU6_N3_n2,21.903,21.994221190084566
1.95 mm,celsio_CALU6_N3_n2,21.719,19.468504541581
1.95 mm,celsio_CALU6_N3_n2,21.2,16.9278221609951
1.95 mm,celsio_CALU6_N3_n2,20.91,14.921207346492732
1.95 mm,celsio_CALU6_N3_n2,20.237,13.973946623855838
1.95 mm,celsio_CALU6_N3_n2,19.841,13.54585430566786
1.95 mm,celsio_CALU6_N3_n2,19.477,13.343354105403824
1.95 mm,celsio_CALU6_N3_n2,18.667,13.265287799319797
1.95 mm,celsio_CALU6_N3_n2,18.266,13.25350173787367
1.95 mm,celsio_CALU6_N3_n2,17.482,13.275267402770913
1.95 mm,celsio_CALU6_N3_n2,17.114,13.32442986750691
1.95 mm,celsio_CALU6_N3_n2,16.509,13.38682488964806
1.95 mm,celsio_CALU6_N3_n2,16.278,13.45862895094972
1.95 mm,celsio_CALU6_N3_n2,16.104,13.538297294354857
1.95 mm,celsio_CALU6_N3_n2,15.788,13.624672415341346
1.95 mm,celsio_CALU6_N3_n2,15.658,13.716737625514224
1.95 mm,celsio_CALU6_N3_n2,15.427,13.813600803710852
1.95 mm,celsio_CALU6_N3_n2,15.349,13.91449452581531
1.95 mm,celsio_CALU6_N3_n3,29.989190476190497,31.552219047619076
1.95 mm,celsio_CALU6_N3_n3,29.96114285714288,31.46990407507152
1.95 mm,celsio_CALU6_N3_n3,29.80176190476193,30.871340714287548
1.95 mm,celsio_CALU6_N3_n3,29.51200000000002,29.571180289053185
1.95 mm,celsio_CALU6_N3_n3,29.15771428571431,27.51277541148853
1.95 mm,celsio_CALU6_N3_n3,28.59633333333336,24.914892674426977
1.95 mm,celsio_CALU6_N3_n3,27.96061904761907,22.197042409217403
1.95 mm,celsio_CALU6_N3_n3,27.23442857142859,19.506912627202443
1.95 mm,celsio_CALU6_N3_n3,26.482428571428592,16.965669497929873
1.95 mm,celsio_CALU6_N3_n3,25.676666666666684,15.011800627595544
1.95 mm,celsio_CALU6_N3_n3,24.953190476190493,14.027901934272412
1.95 mm,celsio_CALU6_N3_n3,24.2727142857143,13.593851789581368
1.95 mm,celsio_CALU6_N3_n3,23.646476190476207,13.40322409067975
1.95 mm,celsio_CALU6_N3_n3,23.06038095238097,13.33539454546618
1.95 mm,celsio_CALU6_N3_n3,22.53728571428573,13.338110923981102
1.95 mm,celsio_CALU6_N3_n3,22.014047619047634,13.369840047027322
1.95 mm,celsio_CALU6_N3_n3,21.531190476190492,13.429690949609935
1.95 mm,celsio_CALU6_N3_n3,21.16128571428573,13.502084892446721
1.95 mm,celsio_CALU6_N3_n3,20.836000000000013,13.582440349960802
1.95 mm,celsio_CALU6_N3_n3,20.581380952380965,13.669490916721685
1.95 mm,celsio_CALU6_N3_n3,20.331952380952394,13.7623898918336
1.95 mm,celsio_CALU6_N3_n3,20.112428571428588,13.86034460155534
1.95 mm,celsio_CALU6_N3_n3,19.892904761904777,13.962615641959246
1.95 mm,celsio_CALU6_N3_n3,19.689047619047635,14.068540499892174
1.95 mm,celsio_CALU6_N3_n3,19.541000000000015,14.17754293976618
