thermocouple,experiment,measured_C,predicted_C
1.1 mm,ice2x6_N1_c1,25.275285714285733,27.210019047619067
1.1 mm,ice2x6_N1_c1,21.368047619047637,26.012056481760176
1.1 mm,ice2x6_N1_c1,16.576761904761916,21.859396695025637
1.1 mm,ice2x6_N1_c1,11.196190476190484,15.487059124279794
1.1 mm,ice2x6_N1_c1,6.515047619047624,8.67063480751682
1.1 mm,ice2x6_N1_c1,3.8985714285714312,0.7083139076676983
1.1 mm,ice2x6_N1_c1,1.3470000000000009,-3.976345952948641
1.1 mm,ice2x6_N1_c1,-1.593761904761906,-10.006751319103476
1.1 mm,ice2x6_N1_c1,-4.0615714285714315,-13.483972851460635
1.1 mm,ice2x6_N1_c1,-6.610428571428577,-15.616059015326035
1.1 mm,ice2x6_N1_c1,-9.31838095238096,-17.834058721121625
1.1 mm,ice2x6_N1_c1,-10.898285714285723,-20.342024695526444
1.1 mm,ice2x6_N1_c1,-12.772619047619056,-21.921063536035263
1.1 mm,ice2x6_N1_c1,-14.903095238095249,-23.43622610564931
1.1 mm,ice2x6_N1_c1,-16.51404761904763,-24.75449675213362
1.1 mm,ice2x6_N1_c1,-17.71595238095239,-26.278817178991083
1.1 mm,ice2x6_N1_c1,-18.746523809523822,-27.094660671205204
1.1 mm,ice2x6_N1_c1,-20.03390476190478,-28.352320323725607
1.1 mm,ice2x6_N1_c1,-21.49223809523811,-29.097491951678773
1.1 mm,ice2x6_N1_c1,-22.522238095238112,-29.541245538627876
1.1 mm,ice2x6_N1_c1,-22.955952380952397,-29.88479493569424
1.1 mm,ice2x6_N1_c1,-23.26938095238097,-30.433158575041844
1.1 mm,ice2x6_N1_c1,-23.62600000000002,-30.828105257026113
1.1 mm,ice2x6_N1_c1,-24.209190476190493,-31.30991516495769
1.1 mm,ice2x6_N1_c1,-24.846714285714306,-31.70479096705323
1.1 mm,ice2x6_N1_c1,-25.04276190476192,-32.226494505849615
1.1 mm,ice2x6_N1_c1,-24.915428571428592,-32.64171054720801
1.1 mm,ice2x6_N1_c1,-25.134619047619065,-33.091146329446026
1.1 mm,ice2x6_N1_c1,-25.897952380952397,-33.448224530775654
1.1 mm,ice2x6_N1_c1,-26.86185714285716,-33.834073498195565
1.1 mm,ice2x6_N1_c1,-27.84157142857145,-34.17614355276068
1.1 mm,ice2x6_N1_c1,-28.62847619047621,-34.604088348023495
1.1 mm,ice2x6_N1_c1,-29.257333333333357,-34.97408756568181
1.1 mm,ice2x6_N1_c1,-30.241380952380975,-35.34759581359129
1.1 mm,ice2x6_N1_c1,-31.27914285714288,-35.66345453956318
1.1 mm,ice2x6_N1_c1,-31.708714285714304,-35.96510033334071
1.1 mm,ice2x6_N1_c1,-31.710809523809548,-36.25926274187909
1.1 mm,ice2x6_N1_c1,-31.601000000000024,-36.543244474911
1.1 mm,ice2x6_N1_c1,-31.522809523809546,-36.84816359621776
1.1 mm,ice2x6_N1_c1,-31.926047619047644,-37.1640777837883
1.1 mm,ice2x6_N1_c1,-32.88371428571431,-37.46847593714361
1.1 mm,ice2x6_N1_c1,-33.78814285714289,-37.76325516007277
1.1 mm,ice2x6_N1_c1,-34.46395238095241,-38.08474107317434
1.1 mm,ice2x6_N1_c1,-35.21980952380955,-38.38944565978042
1.1 mm,ice2x6_N1_c1,-35.59909523809526,-38.66228215895822
1.1 mm,ice2x6_N1_c1,-35.84923809523812,-38.945556284493165
1.1 mm,ice2x6_N1_c1,-36.18623809523812,-39.21851932259471
1.1 mm,ice2x6_N1_c1,-36.35433333333336,-39.4303965743169
1.1 mm,ice2x6_N1_c1,-36.56590476190479,-39.67991037710518
1.1 mm,ice2x6_N1_c1,-37.1344285714286,-39.88438132974946
1.1 mm,ice2x6_N1_c1,-37.696000000000026,-40.11541228211976
1.1 mm,ice2x6_N1_c1,-38.162666666666695,-40.399737730383634
1.1 mm,ice2x6_N1_c1,-38.56452380952384,-40.64270936132367
1.1 mm,ice2x6_N1_c1,-38.678380952380984,-40.93820372240163
1.1 mm,ice2x6_N1_c1,-38.79809523809527,-41.230671481893225
1.1 mm,ice2x6_N1_c1,-38.98166666666669,-41.435688081246994
1.1 mm,ice2x6_N1_c1,-39.23761904761908,-41.657082594502
1.1 mm,ice2x6_N1_c1,-39.426809523809546,-41.8364245141091
1.1 mm,ice2x6_N1_c1,-39.693428571428605,-41.972343753905896
1.1 mm,ice2x6_N1_c1,-39.95400000000002,-42.13408141460896
1.1 mm,ice2x6_N1_c1,-40.20057142857145,-42.26025568535481
1.1 mm,ice2x6_N1_c1,-40.44900000000003,-42.411711253950976
1.1 mm,ice2x6_N1_c1,-40.7729047619048,-42.56162808618661
1.1 mm,ice2x6_N1_c1,-41.22647619047622,-42.69242796780756
1.1 mm,ice2x6_N1_c1,-41.65714285714289,-42.84256394062204
1.1 mm,ice2x6_N1_c1,-41.88152380952384,-43.015318062737734
1.1 mm,ice2x6_N1_c1,-42.02152380952384,-43.17689818529293
1.1 mm,ice2x6_N1_c1,-42.12261904761908,-43.35774046957529
1.1 mm,ice2x6_N1_c1,-42.501476190476225,-43.55074319461949
1.1 mm,ice2x6_N1_c1,-43.03633333333337,-43.717966386769284
1.1 mm,ice2x6_N1_c1,-43.38461904761908,-43.8929067506645
1.1 mm,ice2x6_N1_c1,-43.45928571428575,-44.07859199607567
1.1 mm,ice2x6_N1_c1,-43.32528571428574,-44.239266909405075
1.1 mm,ice2x6_N1_c1,-42.97495238095241,-44.40652622476986
1.1 mm,ice2x6_N1_c1,-42.71371428571432,-44.5758103638222
1.1 mm,ice2x6_N1_c1,-42.66138095238098,-44.714629203571484
1.1 mm,ice2x6_N1_c1,-42.4559047619048,-44.871617253821476
1.1 mm,ice2x6_N1_c1,-42.44738095238098,-45.017932439477185
1.1 mm,ice2x6_N1_c1,-42.31514285714289,-45.14875145156829
1.1 mm,ice2x6_N1_c1,-42.189571428571455,-45.26953564150102
1.1 mm,ice2x6_N1_c1,-42.25828571428575,-45.39534151188068
1.1 mm,ice2x6_N1_c1,-42.51157142857146,-45.50784537258047
1.1 mm,ice2x6_N1_c1,-42.59571428571432,-45.60477544144689
1.1 mm,ice2x6_N1_c1,-42.81223809523813,-45.72887906145721
1.1 mm,ice2x6_N1_c1,-43.02414285714289,-45.83187305847339
1.1 mm,ice2x6_N1_c1,-43.28157142857145,-45.89234618237696
1.1 mm,ice2x6_N1_c1,-43.606619047619084,-45.976409275910086
1.1 mm,ice2x6_N1_c1,-43.801619047619084,-46.082860808837964
1.1 mm,ice2x6_N1_c1,-43.938952380952415,-46.18006453073651
1.1 mm,ice2x6_N1_c1,-44.14938095238099,-46.30987325651491
1.1 mm,ice2x6_N1_c1,-44.79847619047622,-46.45994652004133
1.1 mm,ice2x6_N1_c1,-45.31523809523813,-46.563642634758295
1.1 mm,ice2x6_N1_c1,-45.70038095238098,-46.61535129152353
1.1 mm,ice2x6_N1_c1,-45.904047619047645,-46.68780854920482
1.1 mm,ice2x6_N1_c1,-45.94661904761908,-46.77467871010021
1.1 mm,ice2x6_N1_c1,-46.02738095238099,-46.86725707246419
1.1 mm,ice2x6_N1_c1,-46.38161904761908,-46.95676976990496
1.1 mm,ice2x6_N1_c1,-46.71604761904766,-47.144824347831474
1.1 mm,ice2x6_N1_c1,-47.11323809523813,-47.39506852805651
1.1 mm,ice2x6_N1_c1,-47.659142857142896,-47.62065533583308
1.1 mm,ice2x6_N1_c1,-47.99533333333336,-47.78930172195821
1.1 mm,ice2x6_N1_c1,-48.16933333333337,-47.84804407367206
1.1 mm,ice2x6_N1_c1,-48.12476190476194,-47.78708481706025
1.1 mm,ice2x6_N1_c1,-47.85985714285717,-47.79798925156925
1.1 mm,ice2x6_N1_c1,-47.390666666666704,-47.92799813095267
1.1 mm,ice2x6_N1_c1,-47.269380952380985,-48.066132632863315
1.1 mm,ice2x6_N1_c1,-47.144380952380985,-48.14316525451975
1.1 mm,ice2x6_N1_c1,-47.075238095238134,-48.17617768365649
1.1 mm,ice2x6_N1_c1,-47.07147619047622,-48.235905055486455
1.1 mm,ice2x6_N1_c1,-46.760333333333364,-48.31362004997014
1.1 mm,ice2x6_N1_c1,-46.3419047619048,-48.41877643582215
1.1 mm,ice2x6_N1_c1,-46.245714285714314,-48.54580687853236
1.1 mm,ice2x6_N1_c1,-46.10219047619051,-48.6833357656964
1.1 mm,ice2x6_N1_c1,-46.083666666666694,-48.80192509151131
1.1 mm,ice2x6_N1_c1,-46.35033333333337,-48.89745057707144
1.1 mm,ice2x6_N1_c1,-46.43952380952384,-48.99249107574063
1.1 mm,ice2x6_N1_c1,-46.62785714285718,-49.09999244815222
1.1 mm,ice2x6_N1_c1,-46.786619047619084,-49.18787639356057
1.1 mm,ice2x6_N1_c1,-46.70447619047622,-49.313280862093386
1.1 mm,ice2x6_N1_c1,-46.701190476190504,-49.46113390652538
1.1 mm,ice2x6_N1_c1,-46.81447619047623,-49.6165103933717
1.1 mm,ice2x6_N1_c1,-46.86228571428575,-49.73998515876201
1.1 mm,ice2x6_N1_c1,-46.93152380952384,-49.82582619179186
1.1 mm,ice2x6_N1_c1,-47.149714285714325,-49.900291733550596
1.1 mm,ice2x6_N1_c1,-47.267857142857174,-49.99048376419226
1.1 mm,ice2x6_N1_c1,-47.614380952380984,-50.075722337079355
1.1 mm,ice2x6_N1_c1,-48.12157142857146,-50.13898784125631
1.1 mm,ice2x6_N1_c1,-48.60485714285718,-50.151994558810394
1.1 mm,ice2x6_N1_c1,-49.030761904761945,-50.24175800832749
1.1 mm,ice2x6_N1_c1,-49.49828571428575,-50.44479819194559
1.1 mm,ice2x6_N1_c1,-49.8344285714286,-50.694617067403875
1.1 mm,ice2x6_N1_c1,-50.27933333333337,-50.93296182443376
1.1 mm,ice2x6_N1_c1,-50.729000000000035,-51.09407711504623
1.1 mm,ice2x6_N1_c1,-51.2356666666667,-51.176129246863766
1.1 mm,ice2x6_N1_c1,-51.69366666666671,-51.16407929173255
1.1 mm,ice2x6_N1_c1,-51.79323809523814,-51.08813305837376
1.1 mm,ice2x6_N1_c1,-51.787000000000035,-50.96420171654779
1.1 mm,ice2x6_N1_c1,-51.84642857142862,-50.854464861048704
1.1 mm,ice2x6_N1_c1,-51.587666666666706,-50.82398824390552
1.1 mm,ice2x6_N1_c1,-51.41066666666671,-50.890402046348825
1.1 mm,ice2x6_N1_c1,-51.15547619047622,-50.99531339381695
1.1 mm,ice2x6_N1_c1,-50.72980952380956,-51.12912832118008
1.1 mm,ice2x6_N1_c1,-50.39876190476194,-51.266920002724376
1.1 mm,ice2x6_N1_c1,-50.54452380952385,-51.406079866971204
1.1 mm,ice2x6_N1_c1,-50.5446666666667,-51.53521710184949
1.1 mm,ice2x6_N1_c1,-50.57761904761908,-51.62310232930581
1.1 mm,ice2x6_N1_c1,-50.447714285714326,-51.66994415367018
1.1 mm,ice2x6_N1_c1,-49.90419047619051,-51.690699579360775
1.1 mm,ice2x6_N1_c1,-49.228619047619084,-51.72803610251316
1.1 mm,ice2x6_N1_c1,-48.66619047619051,-51.76851796516254
1.1 mm,ice2x6_N1_c1,-48.41680952380956,-51.809147733970725
1.1 mm,ice2x6_N1_c1,-48.524380952380994,-51.847628548636315
1.1 mm,ice2x6_N1_c1,-48.92642857142861,-51.8446262335719
1.1 mm,ice2x6_N1_c1,-49.131380952380994,-51.85949633768838
1.1 mm,ice2x6_N1_c1,-49.12361904761908,-51.89079829799043
1.1 mm,ice2x6_N1_c1,-49.175047619047646,-51.93597896499878
1.1 mm,ice2x6_N1_c1,-49.370142857142895,-52.02360595462437
1.1 mm,ice2x6_N1_c1,-49.608571428571466,-52.16066705468408
1.1 mm,ice2x6_N1_c1,-49.99328571428575,-52.30675865819493
1.1 mm,ice2x6_N1_c1,-50.389571428571465,-52.44457863177049
1.1 mm,ice2x6_N1_c1,-50.727857142857175,-52.54971088083639
1.1 mm,ice2x6_N1_c1,-51.375476190476235,-52.61966530164764
1.1 mm,ice2x6_N1_c1,-51.77714285714289,-52.652592827301376
1.1 mm,ice2x6_N1_c1,-51.93342857142861,-52.69025086787195
1.1 mm,ice2x6_N1_c1,-51.528476190476226,-52.70275633287963
1.1 mm,ice2x6_N1_c1,-50.68700000000004,-52.68540659843436
1.1 mm,ice2x6_N1_c1,-49.88695238095242,-52.673736145151096
1.1 mm,ice2x6_N1_c1,-49.462523809523844,-52.64286075537215
1.1 mm,ice2x6_N1_c1,-49.408714285714325,-52.660219630952604
1.1 mm,ice2x6_N1_c1,-49.87257142857146,-52.737530541822416
1.1 mm,ice2x6_N1_c1,-50.36309523809527,-52.85620886324884
1.1 mm,ice2x6_N1_c1,-50.7259047619048,-53.02499358482695
1.1 mm,ice2x6_N1_c1,-51.17861904761909,-53.20057482462573
1.1 mm,ice2x6_N1_c1,-51.218190476190514,-53.327812476515376
1.1 mm,ice2x6_N1_c1,-51.014523809523844,-53.41453029401921
1.1 mm,ice2x6_N1_c1,-50.84814285714289,-53.460387153123236
1.1 mm,ice2x6_N1_c1,-50.695285714285745,-53.487637629062114
1.1 mm,ice2x6_N1_c1,-50.63280952380956,-53.51380599957507
1.1 mm,ice2x6_N1_c1,-50.74357142857147,-53.55222775466905
1.1 mm,ice2x6_N1_c1,-50.55071428571432,-53.57491638046403
1.1 mm,ice2x6_N1_c1,-50.43161904761909,-53.56239917214369
1.1 mm,ice2x6_N1_c1,-50.38709523809527,-53.54071936951997
1.1 mm,ice2x6_N1_c1,-50.272428571428605,-53.50972779350098
1.1 mm,ice2x6_N1_c1,-50.436047619047656,-53.49417115238428
1.1 mm,ice2x6_N1_c1,-50.79228571428575,-53.517592149460576
1.1 mm,ice2x6_N1_c1,-51.15466666666671,-53.563930116005054
1.1 mm,ice2x6_N1_c1,-51.35066666666671,-53.64683634244741
1.1 mm,ice2x6_N1_c1,-51.14852380952385,-53.74763203068417
1.1 mm,ice2x6_N1_c1,-50.842095238095276,-53.84590054574093
1.1 mm,ice2x6_N1_c1,-50.80285714285718,-53.92869490740002
1.1 mm,ice2x6_N1_c1,-51.06776190476194,-53.998032917316365
1.1 mm,ice2x6_N1_c1,-51.57757142857146,-54.04764782451336
1.1 mm,ice2x6_N1_c1,-51.923761904761946,-54.10030770004432
1.1 mm,ice2x6_N1_c1,-51.90123809523813,-54.171982248134476
1.1 mm,ice2x6_N1_c1,-51.763142857142896,-54.2520153203812
1.1 mm,ice2x6_N1_c1,-51.55376190476194,-54.31657034228382
1.1 mm,ice2x6_N1_c1,-51.45876190476194,-54.37095871064369
1.1 mm,ice2x6_N1_c1,-51.61695238095241,-54.416929834317145
1.1 mm,ice2x6_N1_c1,-51.71142857142861,-54.48545101392613
1.1 mm,ice2x6_N1_c1,-51.58014285714289,-54.579124916930816
1.1 mm,ice2x6_N1_c1,-51.358857142857175,-54.67059934981482
1.1 mm,ice2x6_N1_c1,-51.248523809523846,-54.747039582919484
1.1 mm,ice2x6_N1_c1,-51.2796666666667,-54.812083799548965
1.1 mm,ice2x6_N1_c1,-51.54709523809528,-54.869848906309855
1.1 mm,ice2x6_N1_c1,-51.7469047619048,-54.92596575046867
1.1 mm,ice2x6_N1_c1,-51.92057142857146,-54.96818278398836
1.1 mm,ice2x6_N1_c1,-52.248047619047654,-54.96585736114431
1.1 mm,ice2x6_N1_c1,-52.81742857142861,-54.94349641458933
1.1 mm,ice2x6_N1_c1,-53.358095238095274,-54.93136810869121
1.1 mm,ice2x6_N1_c1,-53.72238095238099,-54.93714204369035
1.1 mm,ice2x6_N1_c1,-53.826761904761945,-54.939560041216446
1.1 mm,ice2x6_N1_c1,-53.890857142857186,-54.92075007859762
1.1 mm,ice2x6_N1_c1,-53.92842857142861,-54.898804929922434
1.1 mm,ice2x6_N1_c1,-54.11323809523813,-54.9160940941512
1.1 mm,ice2x6_N1_c1,-54.429285714285754,-54.98328118755006
1.1 mm,ice2x6_N1_c1,-54.64823809523813,-55.108796987953426
1.1 mm,ice2x6_N1_c1,-54.63895238095242,-55.27009784684843
1.1 mm,ice2x6_N1_c1,-54.57366666666671,-55.44500896249133
1.1 mm,ice2x6_N1_c1,-54.34347619047623,-55.604089191058264
1.1 mm,ice2x6_N1_c1,-54.12523809523813,-55.72258129282169
1.1 mm,ice2x6_N1_c1,-54.13614285714289,-55.80678152785376
1.1 mm,ice2x6_N1_c1,-54.256428571428614,-55.84160478913862
1.1 mm,ice2x6_N1_c1,-54.44809523809528,-55.866634067836515
1.1 mm,ice2x6_N1_c1,-54.593190476190514,-55.897678748779676
1.1 mm,ice2x6_N1_c1,-54.5761428571429,-55.89140556655187
1.1 mm,ice2x6_N1_c1,-54.5421428571429,-55.855294143237394
1.1 mm,ice2x6_N1_c1,-54.72157142857147,-55.791656421329826
1.1 mm,ice2x6_N1_c1,-54.94028571428575,-55.71254717236094
1.1 mm,ice2x6_N1_c1,-54.995095238095274,-55.681106617054795
1.1 mm,ice2x6_N1_c1,-54.78552380952385,-55.69715032631463
1.1 mm,ice2x6_N1_c1,-54.44147619047622,-55.76504187340746
1.1 mm,ice2x6_N1_c1,-54.30752380952384,-55.87152273700109
1.1 mm,ice2x6_N1_c1,-54.58828571428576,-55.96561482158544
1.1 mm,ice2x6_N1_c1,-54.97204761904766,-56.0635449615695
1.1 mm,ice2x6_N1_c1,-55.1489047619048,-56.14722070589991
1.1 mm,ice2x6_N1_c1,-55.05847619047623,-56.21158858397524
1.1 mm,ice2x6_N1_c1,-54.84604761904765,-56.26158028956788
1.1 mm,ice2x6_N1_c1,-54.42728571428576,-56.318392955620325
1.1 mm,ice2x6_N1_c1,-54.13585714285719,-56.366496430065474
1.1 mm,ice2x6_N1_c1,-54.15819047619051,-56.395890686260124
1.1 mm,ice2x6_N1_c1,-54.42280952380956,-56.42466907123074
1.1 mm,ice2x6_N1_c1,-54.94228571428576,-56.43997255440241
1.1 mm,ice2x6_N1_c1,-55.36252380952385,-56.4287356918972
1.1 mm,ice2x6_N1_c1,-55.115714285714326,-56.42608055671349
1.1 mm,ice2x6_N1_c1,-54.57842857142861,-56.40016975777057
1.1 mm,ice2x6_N1_c1,-54.12680952380956,-56.36179148536425
1.1 mm,ice2x6_N1_c1,-53.85300000000004,-56.35637719906673
1.1 mm,ice2x6_N1_c1,-53.938095238095286,-56.37807358194175
1.1 mm,ice2x6_N1_c1,-54.212000000000046,-56.43064189224282
1.1 mm,ice2x6_N1_c1,-54.43080952380956,-56.506808348094644
1.1 mm,ice2x6_N1_c1,-54.807380952380996,-56.60152848245082
1.1 mm,ice2x6_N1_c1,-55.27685714285718,-56.712294159368305
1.1 mm,ice2x6_N1_c1,-55.654238095238135,-56.81463640976338
1.1 mm,ice2x6_N1_c1,-55.64400000000004,-56.91911627896979
1.1 mm,ice2x6_N1_c1,-55.452190476190516,-56.99926496688893
1.1 mm,ice2x6_N1_c1,-55.27490476190481,-57.03539702972649
1.1 mm,ice2x6_N1_c1,-55.3921428571429,-57.11331660458983
1.1 mm,ice2x6_N1_c1,-55.57452380952385,-57.18932523710867
1.1 mm,ice2x6_N1_c1,-55.77861904761909,-57.24353936572185
1.1 mm,ice2x6_N1_c1,-55.697619047619085,-57.257969278246755
1.1 mm,ice2x6_N1_c1,-55.51357142857147,-57.23381579016246
1.1 mm,ice2x6_N1_c1,-55.280761904761945,-57.17968403712175
1.1 mm,ice2x6_N1_c1,-55.186047619047656,-57.183895530407995
1.1 mm,ice2x6_N1_c1,-55.11885714285718,-57.211198458287285
1.1 mm,ice2x6_N1_c1,-55.31804761904766,-57.244730088607426
1.1 mm,ice2x6_N1_c1,-55.709238095238135,-57.255009084522676
1.1 mm,ice2x6_N1_c1,-56.112428571428616,-57.25507976369677
1.1 mm,ice2x6_N1_c1,-56.40161904761909,-57.24291466637707
1.1 mm,ice2x6_N1_c1,-56.626952380952424,-57.24232556223497
1.1 mm,ice2x6_N1_c1,-56.611285714285756,-57.242210417790254
1.1 mm,ice2x6_N1_c1,-56.26447619047624,-57.23635412450771
1.1 mm,ice2x6_N1_c1,-55.8149047619048,-57.22197380263383
1.1 mm,ice2x6_N1_c1,-55.41300000000004,-57.18996922589132
1.1 mm,ice2x6_N1_c1,-55.220619047619095,-57.1721202362363
1.1 mm,ice2x6_N1_c1,-55.351952380952426,-57.17333172954182
1.1 mm,ice2x6_N1_c1,-55.587333333333376,-57.20160261307119
1.1 mm,ice2x6_N1_c1,-55.68723809523814,-57.26190755925918
1.1 mm,ice2x6_N1_c1,-55.7529047619048,-57.344704113726856
1.1 mm,ice2x6_N1_c1,-55.87514285714289,-57.43911394000448
1.1 mm,ice2x6_N1_c1,-56.057428571428616,-57.53467793549335
1.1 mm,ice2x6_N1_c1,-56.342095238095276,-57.62189339804993
1.1 mm,ice2x6_N1_c1,-56.533809523809566,-57.70419183646491
1.1 mm,ice2x6_N1_c1,-56.623190476190516,-57.76764573619765
1.1 mm,ice2x6_N1_c1,-56.703619047619085,-57.817556581781005
1.1 mm,ice2x6_N1_c1,-56.83771428571432,-57.858242656248116
1.1 mm,ice2x6_N1_c1,-56.917428571428616,-57.86558278297102
1.1 mm,ice2x6_N1_c1,-57.002380952380996,-57.85536779890377
1.1 mm,ice2x6_N1_c1,-56.929619047619084,-57.82340514409856
1.1 mm,ice2x6_N1_c1,-56.745476190476225,-57.778325598485786
1.1 mm,ice2x6_N1_c1,-56.71276190476195,-57.733629096603835
1.1 mm,ice2x6_N1_c1,-56.845809523809564,-57.697314995596116
1.1 mm,ice2x6_N1_c1,-57.04100000000004,-57.69181737545536
1.1 mm,ice2x6_N1_c1,-57.31619047619051,-57.7112512599177
1.1 mm,ice2x6_N1_c1,-57.489523809523845,-57.75804405514947
1.1 mm,ice2x6_N1_c1,-57.3396666666667,-57.82589779592416
1.1 mm,ice2x6_N1_c1,-57.177523809523855,-57.91085042674646
1.1 mm,ice2x6_N1_c1,-56.99733333333337,-57.998987927969104
1.1 mm,ice2x6_N1_c1,-56.821142857142895,-58.1035174858475
1.1 mm,ice2x6_N1_c1,-56.58304761904766,-58.19002692026454
1.1 mm,ice2x6_N1_c1,-56.47133333333338,-58.259607814983355
1.1 mm,ice2x6_N1_c1,-56.27776190476195,-58.307503335188684
1.1 mm,ice2x6_N1_c1,-56.16380952380957,-58.34038357960729
1.1 mm,ice2x6_N1_c1,-56.0369047619048,-58.345321417989105
1.1 mm,ice2x6_N1_c1,-55.87780952380957,-58.34849980234259
1.1 mm,ice2x6_N1_c1,-55.64219047619052,-58.33331501189466
1.1 mm,ice2x6_N1_c1,-55.7206666666667,-58.29638207670702
1.1 mm,ice2x6_N1_c1,-55.90476190476194,-58.25335925831828
1.1 mm,ice2x6_N1_c1,-55.97238095238099,-58.22736891254746
1.1 mm,ice2x6_N1_c1,-55.846904761904796,-58.22394221212376
1.1 mm,ice2x6_N1_c1,-55.609666666666705,-58.2532869988409
1.1 mm,ice2x6_N1_c1,-55.27261904761909,-58.32009932253765
1.1 mm,ice2x6_N1_c1,-54.96085714285718,-58.392632799183275
1.1 mm,ice2x6_N1_c1,-54.534809523809564,-58.464630837773
1.1 mm,ice2x6_N1_c1,-54.319238095238134,-58.54314624622302
1.1 mm,ice2x6_N1_c1,-54.42871428571433,-58.60984218783226
1.1 mm,ice2x6_N1_c1,-54.89228571428575,-58.661477142975684
1.1 mm,ice2x6_N1_c1,-55.508714285714326,-58.7143515523027
1.1 mm,ice2x6_N1_c1,-56.01576190476194,-58.75535794085259
1.1 mm,ice2x6_N1_c1,-56.23238095238099,-58.78846630515589
1.1 mm,ice2x6_N1_c1,-56.414809523809566,-58.799345876876124
1.1 mm,ice2x6_N1_c1,-56.52533333333337,-58.790168530385436
1.1 mm,ice2x6_N1_c1,-56.648285714285755,-58.7606726397908
1.1 mm,ice2x6_N1_c1,-56.83333333333337,-58.70676371070149
1.1 mm,ice2x6_N1_c1,-57.131761904761944,-58.64009359319951
1.1 mm,ice2x6_N1_c1,-57.37157142857147,-58.58557236636492
1.1 mm,ice2x6_N1_c1,-57.47028571428575,-58.54767402965621
1.1 mm,ice2x6_N1_c1,-57.32480952380956,-58.54132094447378
1.1 mm,ice2x6_N1_c1,-57.0479047619048,-58.53909070675338
1.1 mm,ice2x6_N1_c1,-56.86204761904766,-58.65734765625413
1.1 mm,ice2x6_N1_c1,-56.73747619047623,-58.814045003285074
1.1 mm,ice2x6_N1_c1,-56.57700000000004,-58.95916991611433
1.1 mm,ice2x6_N1_c1,-56.47057142857147,-59.05537141624686
1.1 mm,ice2x6_N1_c1,-56.50728571428575,-59.087360523557564
1.1 mm,ice2x6_N1_c1,-56.71509523809528,-59.07456953888056
1.1 mm,ice2x6_N1_c1,-57.07052380952385,-59.12926317419759
1.1 mm,ice2x6_N1_c1,-57.20942857142862,-59.189176341788325
1.1 mm,ice2x6_N1_c1,-57.07276190476195,-59.219764855341154
1.1 mm,ice2x6_N1_c1,-56.828619047619085,-59.21527956261235
1.1 mm,ice2x6_N1_c1,-56.619000000000035,-59.19936787216752
1.1 mm,ice2x6_N1_c1,-56.53461904761909,-59.18710812762757
1.1 mm,ice2x6_N1_c1,-56.44066666666671,-59.16653339581153
1.1 mm,ice2x6_N1_c1,-56.38757142857147,-59.13560328528463
1.1 mm,ice2x6_N1_c1,-56.31376190476194,-59.08511614903795
1.1 mm,ice2x6_N1_c1,-56.235761904761944,-59.031111449510256
1.1 mm,ice2x6_N1_c1,-56.18200000000004,-58.99076331849424
1.1 mm,ice2x6_N1_c1,-56.18857142857147,-58.98901800998278
1.1 mm,ice2x6_N1_c1,-56.06400000000004,-59.022476748449904
1.1 mm,ice2x6_N1_c1,-56.06533333333337,-59.077357632684944
1.1 mm,ice2x6_N1_c1,-56.00809523809528,-59.165328382037934
1.1 mm,ice2x6_N1_c1,-55.83052380952385,-59.243078923011254
1.1 mm,ice2x6_N1_c1,-55.62757142857147,-59.309965873378374
1.1 mm,ice2x6_N1_c1,-55.51704761904766,-59.38177888365678
1.1 mm,ice2x6_N1_c1,-55.60419047619051,-59.45277335193766
1.1 mm,ice2x6_N1_c1,-55.84466666666671,-59.53618570060351
1.1 mm,ice2x6_N1_c1,-56.04019047619052,-59.62110221158059
1.1 mm,ice2x6_N1_c1,-56.18009523809528,-59.671662546111115
1.1 mm,ice2x6_N1_c1,-56.32809523809528,-59.68464068948363
1.1 mm,ice2x6_N1_c1,-56.456190476190514,-59.64839069644094
1.1 mm,ice2x6_N1_c1,-56.57047619047623,-59.63781879205101
1.1 mm,ice2x6_N1_c1,-56.5261428571429,-59.83115649585135
1.1 mm,ice2x6_N1_c1,-56.34038095238099,-60.24870208605267
1.1 mm,ice2x6_N1_c1,-56.31714285714289,-60.939869130485434
1.1 mm,ice2x6_N1_c1,-56.533047619047665,-61.80989172940187
1.1 mm,ice2x6_N1_c1,-57.084190476190514,-62.7534809250945
1.1 mm,ice2x6_N1_c1,-57.87219047619052,-63.72849060466137
1.1 mm,ice2x6_N1_c1,-58.69285714285718,-64.74704005597509
1.1 mm,ice2x6_N1_c1,-59.51871428571433,-65.8528057108173
1.1 mm,ice2x6_N1_c1,-60.39528571428576,-67.14584470197379
1.1 mm,ice2x6_N1_c1,-61.33947619047623,-68.15376514519315
1.1 mm,ice2x6_N2_c1,27.31442857142859,27.92091428571431
1.1 mm,ice2x6_N2_c1,26.706619047619068,27.90380898429474
1.1 mm,ice2x6_N2_c1,25.58257142857145,27.26564303277685
1.1 mm,ice2x6_N2_c1,24.06542857142859,25.35854367628258
1.1 mm,ice2x6_N2_c1,22.23376190476192,22.047084249903815
1.1 mm,ice2x6_N2_c1,20.01404761904763,18.410328993281855
1.1 mm,ice2x6_N2_c1,17.395476190476202,14.175785524291813
1.1 mm,ice2x6_N2_c1,14.736857142857154,10.636597552405194
1.1 mm,ice2x6_N2_c1,12.084380952380961,7.104367496588554
1.1 mm,ice2x6_N2_c1,9.599714285714292,5.150482766733943
1.1 mm,ice2x6_N2_c1,7.148952380952386,2.364133981545926
1.1 mm,ice2x6_N2_c1,4.227904761904765,0.3072094120396899
1.1 mm,ice2x6_N2_c1,1.3041428571428584,-2.403206208980755
1.1 mm,ice2x6_N2_c1,-1.1830000000000007,-4.2120371471740015
1.1 mm,ice2x6_N2_c1,-3.2750476190476214,-5.856319956155309
1.1 mm,ice2x6_N2_c1,-4.892571428571433,-7.33941146764862
1.1 mm,ice2x6_N2_c1,-6.035380952380957,-8.676102724553376
1.1 mm,ice2x6_N2_c1,-7.158428571428576,-9.815933622887282
1.1 mm,ice2x6_N2_c1,-8.0472380952381,-10.958239129282292
1.1 mm,ice2x6_N2_c1,-8.67233333333334,-11.563190529270173
1.1 mm,ice2x6_N2_c1,-9.305000000000007,-12.597311037802704
1.1 mm,ice2x6_N2_c1,-10.11138095238096,-13.141894062697906
1.1 mm,ice2x6_N2_c1,-10.904523809523818,-13.467514950767903
1.1 mm,ice2x6_N2_c1,-11.716238095238104,-13.91306735939576
1.1 mm,ice2x6_N2_c1,-12.501857142857151,-14.555645946144908
1.1 mm,ice2x6_N2_c1,-13.13538095238096,-15.019557546457866
1.1 mm,ice2x6_N2_c1,-13.52600000000001,-15.516782870192081
1.1 mm,ice2x6_N2_c1,-13.829952380952392,-15.832513249499264
1.1 mm,ice2x6_N2_c1,-14.093142857142867,-16.20549471322859
1.1 mm,ice2x6_N2_c1,-14.526952380952393,-16.605049525656046
1.1 mm,ice2x6_N2_c1,-15.18857142857144,-17.069988388030666
1.1 mm,ice2x6_N2_c1,-15.911666666666678,-17.598013905204358
1.1 mm,ice2x6_N2_c1,-16.465857142857153,-18.041181881655685
1.1 mm,ice2x6_N2_c1,-16.910095238095252,-18.496431534030776
1.1 mm,ice2x6_N2_c1,-17.339857142857156,-18.848931823505378
1.1 mm,ice2x6_N2_c1,-17.79809523809525,-19.258528321678813
1.1 mm,ice2x6_N2_c1,-18.21014285714287,-19.657353382734716
1.1 mm,ice2x6_N2_c1,-18.50719047619049,-19.990055491613713
1.1 mm,ice2x6_N2_c1,-18.832380952380966,-20.370250258560304
1.1 mm,ice2x6_N2_c1,-19.177904761904777,-20.730225760477513
1.1 mm,ice2x6_N2_c1,-19.579761904761916,-21.113574085592987
1.1 mm,ice2x6_N2_c1,-19.96928571428573,-21.46656942962807
1.1 mm,ice2x6_N2_c1,-20.35309523809525,-21.801122814236415
1.1 mm,ice2x6_N2_c1,-20.698428571428586,-22.14708493668994
1.1 mm,ice2x6_N2_c1,-21.086904761904776,-22.46478727203774
1.1 mm,ice2x6_N2_c1,-21.42123809523811,-22.804661166503855
1.1 mm,ice2x6_N2_c1,-21.660523809523824,-23.133772020136206
1.1 mm,ice2x6_N2_c1,-21.869428571428585,-23.429427568181552
1.1 mm,ice2x6_N2_c1,-22.06428571428573,-23.65416027385664
1.1 mm,ice2x6_N2_c1,-22.260523809523825,-23.911004353849652
1.1 mm,ice2x6_N2_c1,-22.578047619047634,-24.20718701765983
1.1 mm,ice2x6_N2_c1,-22.88538095238097,-24.46210481979527
1.1 mm,ice2x6_N2_c1,-23.092523809523826,-24.718395228331755
1.1 mm,ice2x6_N2_c1,-23.337904761904777,-24.994303675303765
1.1 mm,ice2x6_N2_c1,-23.604571428571447,-25.236908509421504
1.1 mm,ice2x6_N2_c1,-23.867523809523828,-25.536944837168093
1.1 mm,ice2x6_N2_c1,-24.169095238095256,-25.817398921132686
1.1 mm,ice2x6_N2_c1,-24.33600000000002,-25.981734601341945
1.1 mm,ice2x6_N2_c1,-24.35833333333335,-26.13508004785184
1.1 mm,ice2x6_N2_c1,-24.448095238095256,-26.294514052929202
1.1 mm,ice2x6_N2_c1,-24.64385714285716,-26.44596638674395
1.1 mm,ice2x6_N2_c1,-24.927047619047634,-26.685404730029724
1.1 mm,ice2x6_N2_c1,-25.31652380952383,-26.96432311291425
1.1 mm,ice2x6_N2_c1,-25.632190476190498,-27.183739409405767
1.1 mm,ice2x6_N2_c1,-25.82447619047621,-27.403433452874282
1.1 mm,ice2x6_N2_c1,-26.02333333333335,-27.64910557546619
1.1 mm,ice2x6_N2_c1,-26.247428571428593,-27.84140408588568
1.1 mm,ice2x6_N2_c1,-26.505857142857167,-28.02265449840313
1.1 mm,ice2x6_N2_c1,-26.82880952380954,-28.241956499890588
1.1 mm,ice2x6_N2_c1,-27.070809523809544,-28.41618802618714
1.1 mm,ice2x6_N2_c1,-27.164333333333353,-28.53061345504585
1.1 mm,ice2x6_N2_c1,-27.23490476190478,-28.697721398479853
1.1 mm,ice2x6_N2_c1,-27.348047619047637,-28.89011471298194
1.1 mm,ice2x6_N2_c1,-27.515333333333352,-29.059785993012294
1.1 mm,ice2x6_N2_c1,-27.720476190476212,-29.243813786991776
1.1 mm,ice2x6_N2_c1,-27.86933333333335,-29.44458425995677
1.1 mm,ice2x6_N2_c1,-27.95847619047621,-29.58925260430752
1.1 mm,ice2x6_N2_c1,-28.07847619047621,-29.71501436228197
1.1 mm,ice2x6_N2_c1,-28.23752380952383,-29.891682942032368
1.1 mm,ice2x6_N2_c1,-28.43090476190478,-30.069963962972164
1.1 mm,ice2x6_N2_c1,-28.64757142857145,-30.230699737881842
1.1 mm,ice2x6_N2_c1,-28.766761904761925,-30.425107682058012
1.1 mm,ice2x6_N2_c1,-28.889809523809543,-30.608068040575372
1.1 mm,ice2x6_N2_c1,-29.062238095238115,-30.745164180436895
1.1 mm,ice2x6_N2_c1,-29.256476190476214,-30.870344984910094
1.1 mm,ice2x6_N2_c1,-29.384047619047642,-31.039029109443177
1.1 mm,ice2x6_N2_c1,-29.51585714285717,-31.190117103292454
1.1 mm,ice2x6_N2_c1,-29.560952380952408,-31.298803107796502
1.1 mm,ice2x6_N2_c1,-29.586285714285737,-31.42046705370628
1.1 mm,ice2x6_N2_c1,-29.673285714285733,-31.563915287785335
1.1 mm,ice2x6_N2_c1,-29.820571428571448,-31.6778906802925
1.1 mm,ice2x6_N2_c1,-29.922761904761924,-31.783080996052103
1.1 mm,ice2x6_N2_c1,-30.070238095238118,-31.93416001154248
1.1 mm,ice2x6_N2_c1,-30.116619047619068,-32.09281561743193
1.1 mm,ice2x6_N2_c1,-30.17809523809526,-32.205369656467035
1.1 mm,ice2x6_N2_c1,-30.278333333333354,-32.28040851473433
1.1 mm,ice2x6_N2_c1,-30.44657142857145,-32.36973449516642
1.1 mm,ice2x6_N2_c1,-30.672476190476214,-32.49779839660472
1.1 mm,ice2x6_N2_c1,-30.826571428571448,-32.599598213601645
1.1 mm,ice2x6_N2_c1,-30.846190476190497,-32.67433533150872
1.1 mm,ice2x6_N2_c1,-30.859380952380974,-32.78389152261796
1.1 mm,ice2x6_N2_c1,-30.91423809523812,-32.903709257708144
1.1 mm,ice2x6_N2_c1,-31.056571428571452,-33.009068794071744
1.1 mm,ice2x6_N2_c1,-31.241428571428592,-33.14033279585069
1.1 mm,ice2x6_N2_c1,-31.349047619047642,-33.280555895834446
1.1 mm,ice2x6_N2_c1,-31.43242857142859,-33.41351815007784
1.1 mm,ice2x6_N2_c1,-31.514333333333354,-33.49860274051186
1.1 mm,ice2x6_N2_c1,-31.601380952380975,-33.56700258193218
1.1 mm,ice2x6_N2_c1,-31.67700000000002,-33.648813098399266
1.1 mm,ice2x6_N2_c1,-31.753190476190504,-33.7842806597257
1.1 mm,ice2x6_N2_c1,-31.78271428571431,-33.91239513589176
1.1 mm,ice2x6_N2_c1,-31.797380952380976,-33.9950450709226
1.1 mm,ice2x6_N2_c1,-31.834904761904784,-34.04577735581863
1.1 mm,ice2x6_N2_c1,-31.89214285714288,-34.114853424482924
1.1 mm,ice2x6_N2_c1,-31.94080952380955,-34.19390891340617
1.1 mm,ice2x6_N2_c1,-31.99566666666669,-34.269007663933436
1.1 mm,ice2x6_N2_c1,-32.06628571428574,-34.347980494378376
1.1 mm,ice2x6_N2_c1,-32.21914285714288,-34.439103932356566
1.1 mm,ice2x6_N2_c1,-32.37757142857145,-34.566328840136904
1.1 mm,ice2x6_N2_c1,-32.51285714285717,-34.684361897715085
1.1 mm,ice2x6_N2_c1,-32.61038095238098,-34.78831537061202
1.1 mm,ice2x6_N2_c1,-32.649571428571456,-34.89886440052412
1.1 mm,ice2x6_N2_c1,-32.6969523809524,-35.027443461120924
1.1 mm,ice2x6_N2_c1,-32.812619047619066,-35.16032282844888
1.1 mm,ice2x6_N2_c1,-32.92847619047622,-35.25556456879593
1.1 mm,ice2x6_N2_c1,-33.0277142857143,-35.32694763613753
1.1 mm,ice2x6_N2_c1,-33.11990476190478,-35.40465663238241
1.1 mm,ice2x6_N2_c1,-33.13471428571431,-35.51332578291289
1.1 mm,ice2x6_N2_c1,-33.121380952380974,-35.61506918730185
1.1 mm,ice2x6_N2_c1,-33.143095238095256,-35.697183040578466
1.1 mm,ice2x6_N2_c1,-33.19842857142859,-35.77635821898707
1.1 mm,ice2x6_N2_c1,-33.30880952380954,-35.87359375037672
1.1 mm,ice2x6_N2_c1,-33.420428571428594,-35.983541423861745
1.1 mm,ice2x6_N2_c1,-33.453476190476216,-36.06176450016723
1.1 mm,ice2x6_N2_c1,-33.508761904761926,-36.116396578706194
1.1 mm,ice2x6_N2_c1,-33.56257142857146,-36.156162877568484
1.1 mm,ice2x6_N2_c1,-33.630380952380975,-36.20612739421427
1.1 mm,ice2x6_N2_c1,-33.71476190476193,-36.28589073395027
1.1 mm,ice2x6_N2_c1,-33.822000000000024,-36.36061657168569
1.1 mm,ice2x6_N2_c1,-33.93233333333336,-36.44051794908142
1.1 mm,ice2x6_N2_c1,-34.081428571428596,-36.5344269879176
1.1 mm,ice2x6_N2_c1,-34.15528571428574,-36.61089879374715
1.1 mm,ice2x6_N2_c1,-34.151380952380975,-36.666351982143276
1.1 mm,ice2x6_N2_c1,-34.14757142857145,-36.69871007251852
1.1 mm,ice2x6_N2_c1,-34.21171428571431,-36.73098107307105
1.1 mm,ice2x6_N2_c1,-34.34233333333336,-36.79268643483219
1.1 mm,ice2x6_N2_c1,-34.467238095238116,-36.89484540115534
1.1 mm,ice2x6_N2_c1,-34.53995238095241,-37.01717462029969
1.1 mm,ice2x6_N2_c1,-34.5274285714286,-37.12292587851505
1.1 mm,ice2x6_N2_c1,-34.503523809523834,-37.208135309259234
1.1 mm,ice2x6_N2_c1,-34.50971428571431,-37.28674408223668
1.1 mm,ice2x6_N2_c1,-34.50147619047621,-37.36902901063693
1.1 mm,ice2x6_N2_c1,-34.55504761904764,-37.47580937819419
1.1 mm,ice2x6_N2_c1,-34.68238095238098,-37.590849169183414
1.1 mm,ice2x6_N2_c1,-34.854904761904784,-37.69258317238836
1.1 mm,ice2x6_N2_c1,-34.997095238095255,-37.79011934042787
1.1 mm,ice2x6_N2_c1,-35.11380952380955,-37.8697228722592
1.1 mm,ice2x6_N2_c1,-35.13152380952383,-37.92878121503162
1.1 mm,ice2x6_N2_c1,-35.17557142857145,-37.98288454439149
1.1 mm,ice2x6_N2_c1,-35.213857142857165,-38.02194025106124
1.1 mm,ice2x6_N2_c1,-35.21547619047621,-38.05392013040564
1.1 mm,ice2x6_N2_c1,-35.212857142857175,-38.08850798402356
1.1 mm,ice2x6_N2_c1,-35.23519047619051,-38.09768450038014
1.1 mm,ice2x6_N2_c1,-35.24247619047621,-38.083897486945204
1.1 mm,ice2x6_N2_c1,-35.27409523809527,-38.07080997854216
1.1 mm,ice2x6_N2_c1,-35.30700000000003,-38.08669593312911
1.1 mm,ice2x6_N2_c1,-35.34247619047622,-38.14456954132225
1.1 mm,ice2x6_N2_c1,-35.419714285714306,-38.24363196685023
1.1 mm,ice2x6_N2_c1,-35.50561904761908,-38.352132329052615
1.1 mm,ice2x6_N2_c1,-35.587047619047645,-38.463511357544064
1.1 mm,ice2x6_N2_c1,-35.619857142857164,-38.574086980651494
1.1 mm,ice2x6_N2_c1,-35.61900000000003,-38.67787863549044
1.1 mm,ice2x6_N2_c1,-35.62571428571431,-38.77246051080664
1.1 mm,ice2x6_N2_c1,-35.632761904761935,-38.86462665337153
1.1 mm,ice2x6_N2_c1,-35.66804761904765,-38.95763175919694
1.1 mm,ice2x6_N2_c1,-35.79761904761908,-39.04211233899548
1.1 mm,ice2x6_N2_c1,-35.93276190476193,-39.11095213825131
1.1 mm,ice2x6_N2_c1,-36.05061904761907,-39.15823329967202
1.1 mm,ice2x6_N2_c1,-36.165380952380985,-39.19403934104747
1.1 mm,ice2x6_N2_c1,-36.22385714285717,-39.221997386627244
1.1 mm,ice2x6_N2_c1,-36.208190476190495,-39.24939759749966
1.1 mm,ice2x6_N2_c1,-36.20071428571431,-39.26529883412011
1.1 mm,ice2x6_N2_c1,-36.18333333333336,-39.27593921405352
1.1 mm,ice2x6_N2_c1,-36.195523809523834,-39.29592541949666
1.1 mm,ice2x6_N2_c1,-36.2744285714286,-39.33706365432236
1.1 mm,ice2x6_N2_c1,-36.3544285714286,-39.38697272254643
1.1 mm,ice2x6_N2_c1,-36.4116666666667,-39.433078832652456
1.1 mm,ice2x6_N2_c1,-36.468428571428596,-39.47084297935152
1.1 mm,ice2x6_N2_c1,-36.4894285714286,-39.50759142938038
1.1 mm,ice2x6_N2_c1,-36.50252380952384,-39.53683386256799
1.1 mm,ice2x6_N2_c1,-36.535047619047646,-39.57006309984524
1.1 mm,ice2x6_N2_c1,-36.540285714285744,-39.616369414866654
1.1 mm,ice2x6_N2_c1,-36.51161904761908,-39.65852204175125
1.1 mm,ice2x6_N2_c1,-36.540904761904784,-39.69176563759424
1.1 mm,ice2x6_N2_c1,-36.5691904761905,-39.73984743502972
1.1 mm,ice2x6_N2_c1,-36.58676190476193,-39.793127257913184
1.1 mm,ice2x6_N2_c1,-36.66390476190479,-39.86141525754916
1.1 mm,ice2x6_N2_c1,-36.757857142857176,-39.94629522487852
1.1 mm,ice2x6_N2_c1,-36.7724285714286,-40.01512872347201
1.1 mm,ice2x6_N2_c1,-36.8154285714286,-40.05537041633787
1.1 mm,ice2x6_N2_c1,-36.84700000000002,-40.08554144257953
1.1 mm,ice2x6_N2_c1,-36.87247619047621,-40.11700708026366
1.1 mm,ice2x6_N2_c1,-36.94028571428574,-40.155733595020536
1.1 mm,ice2x6_N2_c1,-37.00128571428574,-40.20007058031808
1.1 mm,ice2x6_N2_c1,-37.028952380952404,-40.237588656129844
1.1 mm,ice2x6_N2_c1,-37.057904761904794,-40.26375015958068
1.1 mm,ice2x6_N2_c1,-37.05809523809526,-40.27702251928829
1.1 mm,ice2x6_N2_c1,-37.077238095238116,-40.291866396770054
1.1 mm,ice2x6_N2_c1,-37.10766666666669,-40.31112668049213
1.1 mm,ice2x6_N2_c1,-37.16652380952384,-40.34836790051441
1.1 mm,ice2x6_N2_c1,-37.20052380952384,-40.40191301594609
1.1 mm,ice2x6_N2_c1,-37.234809523809545,-40.46065710447916
1.1 mm,ice2x6_N2_c1,-37.255809523809546,-40.50858341268281
1.1 mm,ice2x6_N2_c1,-37.2914285714286,-40.54694003754915
1.1 mm,ice2x6_N2_c1,-37.27990476190479,-40.586134801247155
1.1 mm,ice2x6_N2_c1,-37.30876190476194,-40.62536836643119
1.1 mm,ice2x6_N2_c1,-37.27323809523812,-40.66059340151882
1.1 mm,ice2x6_N2_c1,-37.26323809523812,-40.69136006414698
1.1 mm,ice2x6_N2_c1,-37.3114285714286,-40.72391204081954
1.1 mm,ice2x6_N2_c1,-37.39657142857145,-40.76551766330976
1.1 mm,ice2x6_N2_c1,-37.405523809523835,-40.82315203837132
1.1 mm,ice2x6_N2_c1,-37.41676190476193,-40.88373224345351
1.1 mm,ice2x6_N2_c1,-37.433952380952405,-40.94032400685526
1.1 mm,ice2x6_N2_c1,-37.44633333333336,-40.992874609236964
1.1 mm,ice2x6_N2_c1,-37.49028571428574,-41.05064161958901
1.1 mm,ice2x6_N2_c1,-37.56180952380955,-41.10711547801149
1.1 mm,ice2x6_N2_c1,-37.59966666666669,-41.16090460794279
1.1 mm,ice2x6_N2_c1,-37.58428571428575,-41.20952010185157
1.1 mm,ice2x6_N2_c1,-37.579238095238125,-41.247989989602786
1.1 mm,ice2x6_N2_c1,-37.58509523809526,-41.28726740884911
1.1 mm,ice2x6_N2_c1,-37.60771428571431,-41.335373956167544
1.1 mm,ice2x6_N2_c1,-37.64690476190478,-41.37913876609107
1.1 mm,ice2x6_N2_c1,-37.69842857142859,-41.430308160593384
1.1 mm,ice2x6_N2_c1,-37.679523809523836,-41.48437879961277
1.1 mm,ice2x6_N2_c1,-37.686904761904785,-41.52709551427027
1.1 mm,ice2x6_N2_c1,-37.755476190476216,-41.569495990471694
1.1 mm,ice2x6_N2_c1,-37.87352380952383,-41.62488472350029
1.1 mm,ice2x6_N2_c1,-37.93042857142861,-41.67498450592837
1.1 mm,ice2x6_N2_c1,-37.93333333333336,-41.719377631891106
1.1 mm,ice2x6_N2_c1,-37.90838095238098,-41.75236510846649
1.1 mm,ice2x6_N2_c1,-37.856476190476215,-41.764448621990795
1.1 mm,ice2x6_N2_c1,-37.8244285714286,-41.786522624862684
1.1 mm,ice2x6_N2_c1,-37.8096666666667,-41.83043598352406
1.1 mm,ice2x6_N2_c1,-37.79266666666669,-41.87290990607867
1.1 mm,ice2x6_N2_c1,-37.81704761904765,-41.915747142691984
1.1 mm,ice2x6_N2_c1,-37.92300000000003,-41.96720693068395
1.1 mm,ice2x6_N2_c1,-38.03952380952384,-42.0303596369581
1.1 mm,ice2x6_N2_c1,-38.14371428571432,-42.103418972047926
1.1 mm,ice2x6_N2_c1,-38.159666666666695,-42.17724419282532
1.1 mm,ice2x6_N2_c1,-38.12847619047622,-42.22542534964761
1.1 mm,ice2x6_N2_c1,-38.07300000000002,-42.24559336475545
1.1 mm,ice2x6_N2_c1,-38.02985714285717,-42.25383785974962
1.1 mm,ice2x6_N2_c1,-38.04652380952383,-42.26453955868962
1.1 mm,ice2x6_N2_c1,-38.09347619047621,-42.27904779132015
1.1 mm,ice2x6_N2_c1,-38.17585714285717,-42.31323729427423
1.1 mm,ice2x6_N2_c1,-38.25495238095241,-42.361651437476375
1.1 mm,ice2x6_N2_c1,-38.326857142857165,-42.41595930892302
1.1 mm,ice2x6_N2_c1,-38.38495238095241,-42.469563762915655
1.1 mm,ice2x6_N2_c1,-38.38980952380956,-42.508485132156736
1.1 mm,ice2x6_N2_c1,-38.3401904761905,-42.52914180701312
1.1 mm,ice2x6_N2_c1,-38.293285714285744,-42.54653430323322
1.1 mm,ice2x6_N2_c1,-38.24961904761908,-42.561961504117086
1.1 mm,ice2x6_N2_c1,-38.21961904761908,-42.5898689785433
1.1 mm,ice2x6_N2_c1,-38.210142857142884,-42.63105363534558
1.1 mm,ice2x6_N2_c1,-38.19904761904765,-42.671368818106245
1.1 mm,ice2x6_N2_c1,-38.203904761904795,-42.70946962638048
1.1 mm,ice2x6_N2_c1,-38.2436666666667,-42.74990443164111
1.1 mm,ice2x6_N2_c1,-38.32747619047622,-42.79026241804926
1.1 mm,ice2x6_N2_c1,-38.414904761904786,-42.83568842710634
1.1 mm,ice2x6_N2_c1,-38.47990476190479,-42.880800761488004
1.1 mm,ice2x6_N2_c1,-38.51609523809527,-42.917319758310256
1.1 mm,ice2x6_N2_c1,-38.48361904761907,-42.93700724593317
1.1 mm,ice2x6_N2_c1,-38.472523809523835,-42.94963186870018
1.1 mm,ice2x6_N2_c1,-38.5416666666667,-42.96523073617543
1.1 mm,ice2x6_N2_c1,-38.64066666666669,-42.996109693111066
1.1 mm,ice2x6_N2_c1,-38.73495238095241,-43.04322050154171
1.1 mm,ice2x6_N2_c1,-38.74095238095241,-43.08932891295988
1.1 mm,ice2x6_N2_c1,-38.668047619047655,-43.1108183931925
1.1 mm,ice2x6_N2_c1,-38.589333333333364,-43.12040406858881
1.1 mm,ice2x6_N2_c1,-38.57419047619051,-43.13079850429821
1.1 mm,ice2x6_N2_c1,-38.56557142857145,-43.14913745042013
1.1 mm,ice2x6_N2_c1,-38.55128571428574,-43.168469488213645
1.1 mm,ice2x6_N2_c1,-38.52614285714289,-43.185232238226256
1.1 mm,ice2x6_N2_c1,-38.54900000000003,-43.20856402981734
1.1 mm,ice2x6_N2_c1,-38.56661904761907,-43.246471521522544
1.1 mm,ice2x6_N2_c1,-38.64114285714288,-43.28787206035974
1.1 mm,ice2x6_N2_c1,-38.656904761904784,-43.322063353396786
1.1 mm,ice2x6_N2_c1,-38.65509523809527,-43.34333070564839
1.1 mm,ice2x6_N2_c1,-38.67228571428574,-43.35050205868393
1.1 mm,ice2x6_N2_c1,-38.7346666666667,-43.36708508973447
1.1 mm,ice2x6_N2_c1,-38.74028571428575,-43.39710762198735
1.1 mm,ice2x6_N2_c1,-38.749428571428595,-43.43064269175272
1.1 mm,ice2x6_N2_c1,-38.72538095238098,-43.46861091360579
1.1 mm,ice2x6_N2_c1,-38.72161904761907,-43.51076377899147
1.1 mm,ice2x6_N2_c1,-38.71709523809527,-43.546065588752526
1.1 mm,ice2x6_N2_c1,-38.73790476190479,-43.5720546203878
1.1 mm,ice2x6_N2_c1,-38.71700000000003,-43.58436599536429
1.1 mm,ice2x6_N2_c1,-38.67285714285717,-43.56376145104547
1.1 mm,ice2x6_N2_c1,-38.64728571428574,-43.529853603349665
1.1 mm,ice2x6_N2_c1,-38.65809523809527,-43.50708036513161
1.1 mm,ice2x6_N2_c1,-38.66852380952384,-43.50497806917109
1.1 mm,ice2x6_N2_c1,-38.704190476190504,-43.53132883303023
1.1 mm,ice2x6_N2_c1,-38.778761904761936,-43.58676436843621
1.1 mm,ice2x6_N2_c1,-38.84395238095241,-43.635114842479425
1.1 mm,ice2x6_N2_c1,-38.89385714285717,-43.67085243497921
1.1 mm,ice2x6_N2_c1,-38.91476190476194,-43.6977702895162
1.1 mm,ice2x6_N2_c1,-38.88561904761907,-43.71041479514288
1.1 mm,ice2x6_N2_c1,-38.862142857142885,-43.7125083842884
1.1 mm,ice2x6_N2_c1,-38.87514285714289,-43.72100060444375
1.1 mm,ice2x6_N2_c1,-38.860571428571454,-43.74467125262175
1.1 mm,ice2x6_N2_c1,-38.857619047619075,-43.76175429770495
1.1 mm,ice2x6_N2_c1,-38.853952380952414,-43.783533744630816
1.1 mm,ice2x6_N2_c1,-38.8506666666667,-43.789627852339066
1.1 mm,ice2x6_N2_c1,-38.86909523809526,-43.7868924453875
1.1 mm,ice2x6_N2_c1,-38.9356666666667,-43.82191872752893
1.1 mm,ice2x6_N2_c1,-38.96214285714289,-43.87035909940812
1.1 mm,ice2x6_N2_c1,-38.995428571428604,-43.90863147590401
1.1 mm,ice2x6_N2_c1,-39.060571428571464,-43.96059835857365
1.1 mm,ice2x6_N2_c1,-39.07757142857146,-43.994942786742435
1.1 mm,ice2x6_N2_c1,-39.08728571428575,-44.02357209455941
1.1 mm,ice2x6_N2_c1,-39.0946666666667,-44.07276990287223
1.1 mm,ice2x6_N2_c1,-39.06485714285718,-44.08390945975996
1.1 mm,ice2x6_N2_c1,-39.02857142857145,-44.07546727621633
1.1 mm,ice2x6_N2_c1,-39.025714285714315,-44.07186512062455
1.1 mm,ice2x6_N2_c1,-39.01252380952384,-44.06865699242401
1.1 mm,ice2x6_N2_c1,-39.01095238095242,-44.08000265633579
1.1 mm,ice2x6_N2_c1,-39.01123809523813,-44.112983696690065
1.1 mm,ice2x6_N2_c1,-39.028333333333364,-44.11153810516752
1.1 mm,ice2x6_N2_c1,-39.05071428571432,-44.103453923225466
1.1 mm,ice2x6_N2_c1,-39.08000000000003,-44.10779366845991
1.1 mm,ice2x6_N2_c1,-39.129714285714314,-44.11137087442308
1.1 mm,ice2x6_N2_c1,-39.160000000000025,-44.12551378105414
1.1 mm,ice2x6_N2_c1,-39.15685714285716,-44.16148992147924
1.1 mm,ice2x6_N2_c1,-39.14928571428574,-44.17637205488092
1.1 mm,ice2x6_N2_c1,-39.158095238095264,-44.20112952326891
1.1 mm,ice2x6_N2_c1,-39.16485714285717,-44.242954309670864
1.1 mm,ice2x6_N2_c1,-39.170142857142885,-44.25832791447139
1.1 mm,ice2x6_N2_c1,-39.17371428571431,-44.252193896964435
1.1 mm,ice2x6_N2_c1,-39.18090476190479,-44.25641026833883
1.1 mm,ice2x6_N2_c1,-39.184000000000026,-44.251547572919414
1.1 mm,ice2x6_N2_c1,-39.23166666666669,-44.249391260948286
1.1 mm,ice2x6_N2_c1,-39.2504285714286,-44.27506466197637
1.1 mm,ice2x6_N2_c1,-39.239428571428604,-44.26819062223526
1.1 mm,ice2x6_N2_c1,-39.23052380952384,-44.23846801197012
1.1 mm,ice2x6_N2_c1,-39.2474285714286,-44.23397364208737
1.1 mm,ice2x6_N2_c1,-39.243142857142885,-44.217768145806815
1.1 mm,ice2x6_N2_c1,-39.2944285714286,-44.20978480006905
1.1 mm,ice2x6_N2_c1,-39.326238095238125,-44.23940254331246
1.1 mm,ice2x6_N2_c1,-39.341952380952414,-44.26124992542752
1.1 mm,ice2x6_N2_c1,-39.33509523809526,-44.28727284006897
1.1 mm,ice2x6_N2_c1,-39.3106666666667,-44.329594432202555
1.1 mm,ice2x6_N2_c1,-39.29723809523813,-44.340284985736474
1.1 mm,ice2x6_N2_c1,-39.31304761904765,-44.34068388722177
1.1 mm,ice2x6_N2_c1,-39.30638095238098,-44.347026683107714
1.1 mm,ice2x6_N2_c1,-39.30480952380955,-44.36757858440463
1.1 mm,ice2x6_N2_c1,-39.33771428571431,-44.40089775062559
1.1 mm,ice2x6_N2_c1,-39.37323809523812,-44.46087665388191
1.1 mm,ice2x6_N2_c1,-39.42680952380955,-44.50398335985493
1.1 mm,ice2x6_N2_c1,-39.448190476190504,-44.55808117276751
1.1 mm,ice2x6_N2_c1,-39.49557142857145,-44.7179677965297
1.1 mm,ice2x6_N2_c1,-39.6344285714286,-45.04349606184056
1.1 mm,ice2x6_N2_c1,-39.86061904761908,-45.519383082547215
1.1 mm,ice2x6_N2_c1,-40.164190476190505,-46.1324215975366
1.1 mm,ice2x6_N2_c1,-40.546380952380986,-46.80058195456348
1.1 mm,ice2x6_N2_c1,-40.920142857142885,-47.46374635975143
1.1 mm,ice2x6_N2_c1,-41.3701904761905,-48.15726630841266
1.1 mm,ice2x6_N2_c1,-41.880857142857174,-48.97331976378255
1.1 mm,ice2x6_N2_c1,-42.462857142857175,-50.03063582112076
1.1 mm,ice2x6_N2_c1,-42.9226666666667,-50.66506600199823
1.1 mm,ice2x6_N3_c1,26.088761904761924,26.296542857142878
1.1 mm,ice2x6_N3_c1,23.363904761904777,25.457553347646073
1.1 mm,ice2x6_N3_c1,20.08028571428573,23.53680377902759
1.1 mm,ice2x6_N3_c1,16.343809523809536,21.189127464437014
1.1 mm,ice2x6_N3_c1,13.172714285714296,18.495859226345253
1.1 mm,ice2x6_N3_c1,9.582619047619055,15.5692612671873
1.1 mm,ice2x6_N3_c1,5.659047619047623,12.706156599786514
1.1 mm,ice2x6_N3_c1,2.5946190476190494,9.991914434651694
1.1 mm,ice2x6_N3_c1,0.3563809523809525,7.968920594314678
1.1 mm,ice2x6_N3_c1,-1.6511904761904774,5.926006234928669
1.1 mm,ice2x6_N3_c1,-3.316952380952383,3.7635338092270803
1.1 mm,ice2x6_N3_c1,-4.80214285714286,2.6945467084249826
1.1 mm,ice2x6_N3_c1,-6.3327619047619095,0.7779386356334352
1.1 mm,ice2x6_N3_c1,-7.553952380952386,-0.7800675583670921
1.1 mm,ice2x6_N3_c1,-8.518476190476196,-2.228661155692897
1.1 mm,ice2x6_N3_c1,-9.515047619047625,-3.649754493960218
1.1 mm,ice2x6_N3_c1,-10.372190476190482,-4.922283600033209
1.1 mm,ice2x6_N3_c1,-11.109238095238101,-5.467769336110592
1.1 mm,ice2x6_N3_c1,-11.879285714285722,-6.728437402342106
1.1 mm,ice2x6_N3_c1,-12.57842857142858,-7.830598941136626
1.1 mm,ice2x6_N3_c1,-13.228904761904772,-8.889766289997599
1.1 mm,ice2x6_N3_c1,-13.87052380952382,-9.851294080705676
1.1 mm,ice2x6_N3_c1,-14.440809523809534,-10.30947557659719
1.1 mm,ice2x6_N3_c1,-14.93609523809525,-10.734041649012404
1.1 mm,ice2x6_N3_c1,-15.421095238095248,-11.125089980030872
1.1 mm,ice2x6_N3_c1,-15.876761904761915,-11.649553179582528
1.1 mm,ice2x6_N3_c1,-16.330190476190488,-12.059662819473152
1.1 mm,ice2x6_N3_c1,-16.763761904761918,-12.552062997746297
1.1 mm,ice2x6_N3_c1,-17.1587142857143,-13.045241035401741
1.1 mm,ice2x6_N3_c1,-17.58557142857144,-13.44459751906457
1.1 mm,ice2x6_N3_c1,-18.008190476190492,-13.935730306183316
1.1 mm,ice2x6_N3_c1,-18.386428571428585,-14.303575027772538
1.1 mm,ice2x6_N3_c1,-18.749047619047634,-14.708018877506673
1.1 mm,ice2x6_N3_c1,-19.130523809523822,-15.116060556118946
1.1 mm,ice2x6_N3_c1,-19.47619047619049,-15.54108843700784
1.1 mm,ice2x6_N3_c1,-19.810000000000013,-15.990919501880445
1.1 mm,ice2x6_N3_c1,-20.132095238095253,-16.380480658241396
1.1 mm,ice2x6_N3_c1,-20.43123809523811,-16.732965829654635
1.1 mm,ice2x6_N3_c1,-20.723190476190492,-17.054723343710446
1.1 mm,ice2x6_N3_c1,-21.075238095238113,-17.40178809273853
1.1 mm,ice2x6_N3_c1,-21.44447619047621,-17.80577654653635
1.1 mm,ice2x6_N3_c1,-21.766809523809542,-18.186452610363204
1.1 mm,ice2x6_N3_c1,-22.098095238095254,-18.563672515338254
1.1 mm,ice2x6_N3_c1,-22.430476190476206,-18.945594650168427
1.1 mm,ice2x6_N3_c1,-22.707714285714303,-19.323009743521446
1.1 mm,ice2x6_N3_c1,-22.95676190476192,-19.661971959366742
1.1 mm,ice2x6_N3_c1,-23.194380952380968,-19.97430446101452
1.1 mm,ice2x6_N3_c1,-23.39776190476192,-20.258815059770374
1.1 mm,ice2x6_N3_c1,-23.65666666666668,-20.577952013473087
1.1 mm,ice2x6_N3_c1,-23.942380952380972,-20.923159852965835
1.1 mm,ice2x6_N3_c1,-24.176571428571446,-21.22869102087666
1.1 mm,ice2x6_N3_c1,-24.393571428571448,-21.554207053459294
1.1 mm,ice2x6_N3_c1,-24.662190476190496,-21.862629728382323
1.1 mm,ice2x6_N3_c1,-24.93590476190478,-22.120905981074802
1.1 mm,ice2x6_N3_c1,-25.216047619047636,-22.432625153195097
1.1 mm,ice2x6_N3_c1,-25.332666666666682,-22.689348553462427
1.1 mm,ice2x6_N3_c1,-25.41514285714288,-22.87679643190833
1.1 mm,ice2x6_N3_c1,-25.566190476190496,-23.116575202436007
1.1 mm,ice2x6_N3_c1,-25.72833333333335,-23.358863839833866
1.1 mm,ice2x6_N3_c1,-25.8899523809524,-23.585713927320214
1.1 mm,ice2x6_N3_c1,-26.11042857142859,-23.862650257471053
1.1 mm,ice2x6_N3_c1,-26.272000000000013,-24.08987829601494
1.1 mm,ice2x6_N3_c1,-26.491380952380972,-24.302256058764556
1.1 mm,ice2x6_N3_c1,-26.800809523809544,-24.59270710210278
1.1 mm,ice2x6_N3_c1,-27.055047619047638,-24.87799048381863
1.1 mm,ice2x6_N3_c1,-27.177619047619068,-25.13841817965924
1.1 mm,ice2x6_N3_c1,-27.32238095238097,-25.395943183055035
1.1 mm,ice2x6_N3_c1,-27.455285714285733,-25.581823082780442
1.1 mm,ice2x6_N3_c1,-27.601714285714305,-25.734701568253804
1.1 mm,ice2x6_N3_c1,-27.82690476190478,-25.963604132573963
1.1 mm,ice2x6_N3_c1,-28.03923809523811,-26.19051161584087
1.1 mm,ice2x6_N3_c1,-28.18242857142859,-26.415002087089555
1.1 mm,ice2x6_N3_c1,-28.307714285714304,-26.664090348432744
1.1 mm,ice2x6_N3_c1,-28.419523809523827,-26.859235428889292
1.1 mm,ice2x6_N3_c1,-28.55790476190478,-27.012511702644158
1.1 mm,ice2x6_N3_c1,-28.76357142857145,-27.240825514404822
1.1 mm,ice2x6_N3_c1,-28.917380952380974,-27.44520488793571
1.1 mm,ice2x6_N3_c1,-29.06990476190478,-27.605466421895763
1.1 mm,ice2x6_N3_c1,-29.22485714285716,-27.813400401172952
1.1 mm,ice2x6_N3_c1,-29.38947619047621,-28.015955312776228
1.1 mm,ice2x6_N3_c1,-29.50604761904764,-28.176701159985072
1.1 mm,ice2x6_N3_c1,-29.630904761904787,-28.34151202528717
1.1 mm,ice2x6_N3_c1,-29.739666666666686,-28.53299603098677
1.1 mm,ice2x6_N3_c1,-29.88066666666669,-28.671607471530823
1.1 mm,ice2x6_N3_c1,-30.02809523809526,-28.8097485100117
1.1 mm,ice2x6_N3_c1,-30.169666666666686,-29.0063390434249
1.1 mm,ice2x6_N3_c1,-30.274952380952403,-29.208813773915207
1.1 mm,ice2x6_N3_c1,-30.420619047619066,-29.356068596535312
1.1 mm,ice2x6_N3_c1,-30.552190476190496,-29.47992045173486
1.1 mm,ice2x6_N3_c1,-30.703857142857167,-29.64066920900111
1.1 mm,ice2x6_N3_c1,-30.784571428571454,-29.784327664236827
1.1 mm,ice2x6_N3_c1,-30.855857142857165,-29.90567260778108
1.1 mm,ice2x6_N3_c1,-30.95561904761907,-30.027823642497502
1.1 mm,ice2x6_N3_c1,-31.12614285714288,-30.20805870713474
1.1 mm,ice2x6_N3_c1,-31.264000000000024,-30.35945650821877
1.1 mm,ice2x6_N3_c1,-31.362952380952407,-30.498675756261942
1.1 mm,ice2x6_N3_c1,-31.38847619047621,-30.63186426273784
1.1 mm,ice2x6_N3_c1,-31.42080952380955,-30.779334368486413
1.1 mm,ice2x6_N3_c1,-31.497095238095262,-30.891833628646907
1.1 mm,ice2x6_N3_c1,-31.62380952380955,-31.007104947990186
1.1 mm,ice2x6_N3_c1,-31.75333333333336,-31.14296595157259
1.1 mm,ice2x6_N3_c1,-31.85885714285717,-31.313315640752027
1.1 mm,ice2x6_N3_c1,-31.968428571428596,-31.453703375934616
1.1 mm,ice2x6_N3_c1,-32.087809523809554,-31.589167879113777
1.1 mm,ice2x6_N3_c1,-32.14295238095241,-31.731160688801584
1.1 mm,ice2x6_N3_c1,-32.23271428571431,-31.85190267915722
1.1 mm,ice2x6_N3_c1,-32.33780952380955,-31.94165466303394
1.1 mm,ice2x6_N3_c1,-32.44685714285717,-32.03689146277734
1.1 mm,ice2x6_N3_c1,-32.574142857142874,-32.1813160968806
1.1 mm,ice2x6_N3_c1,-32.69871428571431,-32.38857551133781
1.1 mm,ice2x6_N3_c1,-32.71961904761908,-32.5511969777467
1.1 mm,ice2x6_N3_c1,-32.78438095238098,-32.640406553847086
1.1 mm,ice2x6_N3_c1,-32.86904761904764,-32.71041083361226
1.1 mm,ice2x6_N3_c1,-32.987095238095264,-32.79673945878947
1.1 mm,ice2x6_N3_c1,-33.14190476190479,-32.88414651541776
1.1 mm,ice2x6_N3_c1,-33.323523809523834,-33.004543275832894
1.1 mm,ice2x6_N3_c1,-33.44109523809526,-33.15158497299148
1.1 mm,ice2x6_N3_c1,-33.52757142857145,-33.29596588471783
1.1 mm,ice2x6_N3_c1,-33.585809523809544,-33.404408362928784
1.1 mm,ice2x6_N3_c1,-33.600428571428594,-33.48094564993953
1.1 mm,ice2x6_N3_c1,-33.60971428571431,-33.53804812629198
1.1 mm,ice2x6_N3_c1,-33.68609523809526,-33.60708771547227
1.1 mm,ice2x6_N3_c1,-33.773285714285734,-33.71213897115783
1.1 mm,ice2x6_N3_c1,-33.89452380952383,-33.80547626658335
1.1 mm,ice2x6_N3_c1,-34.02428571428574,-33.909623964788345
1.1 mm,ice2x6_N3_c1,-34.091619047619076,-34.03117178096535
1.1 mm,ice2x6_N3_c1,-34.14423809523812,-34.16083762198884
1.1 mm,ice2x6_N3_c1,-34.22228571428574,-34.26313056471906
1.1 mm,ice2x6_N3_c1,-34.290333333333365,-34.3582362085144
1.1 mm,ice2x6_N3_c1,-34.37047619047621,-34.46219209891314
1.1 mm,ice2x6_N3_c1,-34.445095238095256,-34.59862033210093
1.1 mm,ice2x6_N3_c1,-34.50228571428573,-34.74762792502937
1.1 mm,ice2x6_N3_c1,-34.53966666666669,-34.86478832743917
1.1 mm,ice2x6_N3_c1,-34.59285714285717,-34.90890530013161
1.1 mm,ice2x6_N3_c1,-34.63385714285717,-34.92356060417359
1.1 mm,ice2x6_N3_c1,-34.64490476190478,-34.964083283687614
1.1 mm,ice2x6_N3_c1,-34.6651904761905,-35.03463278025773
1.1 mm,ice2x6_N3_c1,-34.70309523809526,-35.1208058384192
1.1 mm,ice2x6_N3_c1,-34.75385714285717,-35.21527227026665
1.1 mm,ice2x6_N3_c1,-34.85023809523812,-35.28226765321299
1.1 mm,ice2x6_N3_c1,-34.95395238095241,-35.36079434346068
1.1 mm,ice2x6_N3_c1,-35.02095238095241,-35.45607516962461
1.1 mm,ice2x6_N3_c1,-35.109571428571456,-35.5555748612099
1.1 mm,ice2x6_N3_c1,-35.159619047619074,-35.658130242336064
1.1 mm,ice2x6_N3_c1,-35.19809523809526,-35.7513385121359
1.1 mm,ice2x6_N3_c1,-35.26085714285717,-35.834188034194284
1.1 mm,ice2x6_N3_c1,-35.33342857142859,-35.90964371936551
1.1 mm,ice2x6_N3_c1,-35.35838095238098,-35.99162247855166
1.1 mm,ice2x6_N3_c1,-35.409380952380985,-36.07316235909094
1.1 mm,ice2x6_N3_c1,-35.407428571428596,-36.137448539839355
1.1 mm,ice2x6_N3_c1,-35.4719523809524,-36.17200959855896
1.1 mm,ice2x6_N3_c1,-35.573666666666696,-36.22346445500098
1.1 mm,ice2x6_N3_c1,-35.67809523809527,-36.32597031723589
1.1 mm,ice2x6_N3_c1,-35.735238095238124,-36.46098689933602
1.1 mm,ice2x6_N3_c1,-35.79676190476193,-36.580527702799536
1.1 mm,ice2x6_N3_c1,-35.849095238095266,-36.669959897544096
1.1 mm,ice2x6_N3_c1,-35.893857142857165,-36.72978217169058
1.1 mm,ice2x6_N3_c1,-35.89895238095241,-36.79325189059253
1.1 mm,ice2x6_N3_c1,-35.91195238095241,-36.857468134793734
1.1 mm,ice2x6_N3_c1,-35.95280952380955,-36.89822250724335
1.1 mm,ice2x6_N3_c1,-36.03109523809527,-36.92499819217216
1.1 mm,ice2x6_N3_c1,-36.14985714285717,-36.95575030083485
1.1 mm,ice2x6_N3_c1,-36.233761904761934,-37.03329919332208
1.1 mm,ice2x6_N3_c1,-36.21457142857145,-37.14291902357316
1.1 mm,ice2x6_N3_c1,-36.14190476190479,-37.23358062843808
1.1 mm,ice2x6_N3_c1,-36.133095238095265,-37.28532136613808
1.1 mm,ice2x6_N3_c1,-36.24209523809527,-37.30871772263636
1.1 mm,ice2x6_N3_c1,-36.413000000000025,-37.32634275332534
1.1 mm,ice2x6_N3_c1,-36.597809523809545,-37.38825357564932
1.1 mm,ice2x6_N3_c1,-36.68185714285716,-37.5102271396654
1.1 mm,ice2x6_N3_c1,-36.69423809523812,-37.62508684713225
1.1 mm,ice2x6_N3_c1,-36.72076190476193,-37.71649700959029
1.1 mm,ice2x6_N3_c1,-36.81847619047622,-37.76298244971485
1.1 mm,ice2x6_N3_c1,-36.88328571428573,-37.79876213090424
1.1 mm,ice2x6_N3_c1,-36.9179523809524,-37.85443299943689
1.1 mm,ice2x6_N3_c1,-36.93738095238098,-37.91953668830602
1.1 mm,ice2x6_N3_c1,-36.94790476190479,-37.96624420820686
1.1 mm,ice2x6_N3_c1,-36.95847619047622,-38.00486851871417
1.1 mm,ice2x6_N3_c1,-36.9801904761905,-38.032497512992535
1.1 mm,ice2x6_N3_c1,-37.01119047619051,-38.06882063046825
1.1 mm,ice2x6_N3_c1,-37.03442857142859,-38.13606301079419
1.1 mm,ice2x6_N3_c1,-37.066095238095265,-38.22630242384196
1.1 mm,ice2x6_N3_c1,-37.083285714285736,-38.336805021571166
1.1 mm,ice2x6_N3_c1,-37.153761904761936,-38.43389817827914
1.1 mm,ice2x6_N3_c1,-37.23795238095241,-38.50025472326202
1.1 mm,ice2x6_N3_c1,-37.359047619047644,-38.53664900129606
1.1 mm,ice2x6_N3_c1,-37.44495238095241,-38.578250919453
1.1 mm,ice2x6_N3_c1,-37.473571428571454,-38.67105755300682
1.1 mm,ice2x6_N3_c1,-37.4244285714286,-38.80624123766517
1.1 mm,ice2x6_N3_c1,-37.42790476190479,-38.912815524130345
1.1 mm,ice2x6_N3_c1,-37.50461904761907,-38.9697960821175
1.1 mm,ice2x6_N3_c1,-37.630809523809546,-38.98770969712761
1.1 mm,ice2x6_N3_c1,-37.71809523809526,-39.022995118040306
1.1 mm,ice2x6_N3_c1,-37.7501904761905,-39.09273260282223
1.1 mm,ice2x6_N3_c1,-37.74866666666669,-39.188607510187076
1.1 mm,ice2x6_N3_c1,-37.743809523809546,-39.26325078776591
1.1 mm,ice2x6_N3_c1,-37.76171428571432,-39.292895740978665
1.1 mm,ice2x6_N3_c1,-37.814238095238125,-39.279694043797264
1.1 mm,ice2x6_N3_c1,-37.828857142857174,-39.285554156694786
1.1 mm,ice2x6_N3_c1,-37.832571428571455,-39.33462863748983
1.1 mm,ice2x6_N3_c1,-37.87504761904765,-39.417536329467374
1.1 mm,ice2x6_N3_c1,-37.93271428571432,-39.50848867567453
1.1 mm,ice2x6_N3_c1,-38.01871428571431,-39.5949885015532
1.1 mm,ice2x6_N3_c1,-38.082238095238125,-39.67652796922116
1.1 mm,ice2x6_N3_c1,-38.09733333333336,-39.765208791574175
1.1 mm,ice2x6_N3_c1,-38.0741904761905,-39.83197800830503
1.1 mm,ice2x6_N3_c1,-38.071285714285736,-39.837649814997356
1.1 mm,ice2x6_N3_c1,-38.10823809523812,-39.81771479182647
1.1 mm,ice2x6_N3_c1,-38.18804761904764,-39.802682512786525
1.1 mm,ice2x6_N3_c1,-38.25538095238098,-39.817486092352425
1.1 mm,ice2x6_N3_c1,-38.30804761904765,-39.869500952963904
1.1 mm,ice2x6_N3_c1,-38.34619047619051,-39.93224110805351
1.1 mm,ice2x6_N3_c1,-38.380190476190506,-40.00093789589452
1.1 mm,ice2x6_N3_c1,-38.41171428571431,-40.08777784366505
1.1 mm,ice2x6_N3_c1,-38.456857142857174,-40.16528729820679
1.1 mm,ice2x6_N3_c1,-38.53747619047622,-40.20860653062851
1.1 mm,ice2x6_N3_c1,-38.603095238095264,-40.25040080575042
1.1 mm,ice2x6_N3_c1,-38.67219047619051,-40.29665909448046
1.1 mm,ice2x6_N3_c1,-38.70561904761908,-40.3647625151749
1.1 mm,ice2x6_N3_c1,-38.71895238095241,-40.459453784299534
1.1 mm,ice2x6_N3_c1,-38.79133333333336,-40.547460306298404
1.1 mm,ice2x6_N3_c1,-38.76914285714289,-40.55214244645085
1.1 mm,ice2x6_N3_c1,-38.51085714285716,-40.45389351145877
1.1 mm,ice2x6_N3_c1,-38.18871428571431,-40.289081147121735
1.1 mm,ice2x6_N3_c1,-37.94761904761907,-40.14970862103582
1.1 mm,ice2x6_N3_c1,-37.90809523809527,-40.14760587746878
1.1 mm,ice2x6_N3_c1,-38.09338095238098,-40.291427892610656
1.1 mm,ice2x6_N3_c1,-38.33295238095241,-40.51509304325804
1.1 mm,ice2x6_N3_c1,-38.45223809523813,-40.68354561603836
1.1 mm,ice2x6_N3_c1,-38.547761904761934,-40.708173576173685
1.1 mm,ice2x6_N3_c1,-38.574285714285736,-40.65901052750076
1.1 mm,ice2x6_N3_c1,-38.611333333333356,-40.65892511478368
1.1 mm,ice2x6_N3_c1,-38.644666666666694,-40.7443527166157
1.1 mm,ice2x6_N3_c1,-38.70700000000002,-40.92169893968707
1.1 mm,ice2x6_N3_c1,-38.796333333333365,-41.11655637443815
1.1 mm,ice2x6_N3_c1,-38.93680952380955,-41.28380703227391
1.1 mm,ice2x6_N3_c1,-38.72880952380955,-41.22179673721253
1.1 mm,ice2x6_N3_c1,-38.47895238095241,-40.99288292222083
1.1 mm,ice2x6_N3_c1,-38.3094285714286,-40.7453273947846
1.1 mm,ice2x6_N3_c1,-38.221857142857175,-40.58078718748309
1.1 mm,ice2x6_N3_c1,-38.34809523809527,-40.451990058863416
1.1 mm,ice2x6_N3_c1,-38.70804761904765,-40.46299288453487
1.1 mm,ice2x6_N3_c1,-38.87495238095241,-40.51601276854868
1.1 mm,ice2x6_N3_c1,-38.95057142857146,-40.630931316617264
1.1 mm,ice2x6_N3_c1,-38.920190476190506,-40.82646899411165
1.1 mm,ice2x6_N3_c1,-38.7554285714286,-41.043382712531944
1.1 mm,ice2x6_N3_c1,-38.668714285714316,-41.11584106369306
1.1 mm,ice2x6_N3_c1,-38.55333333333336,-41.031990386265804
1.1 mm,ice2x6_N3_c1,-38.389761904761926,-40.918996268304035
1.1 mm,ice2x6_N3_c1,-38.308238095238124,-40.88422571388056
1.1 mm,ice2x6_N3_c1,-38.34957142857146,-40.96515981073277
1.1 mm,ice2x6_N3_c1,-38.602476190476224,-41.03718438897258
1.1 mm,ice2x6_N3_c1,-38.96509523809527,-41.12965583898972
1.1 mm,ice2x6_N3_c1,-39.156666666666695,-41.210574478725796
1.1 mm,ice2x6_N3_c1,-39.19919047619051,-41.28409893637895
1.1 mm,ice2x6_N3_c1,-39.218809523809554,-41.456690246434924
1.1 mm,ice2x6_N3_c1,-39.256619047619076,-41.71185702106943
1.1 mm,ice2x6_N3_c1,-39.38261904761907,-41.869459967514764
1.1 mm,ice2x6_N3_c1,-39.49409523809527,-41.93523091501397
1.1 mm,ice2x6_N3_c1,-39.602000000000025,-41.93020841760513
1.1 mm,ice2x6_N3_c1,-39.68485714285717,-41.90697787296557
1.1 mm,ice2x6_N3_c1,-39.73709523809527,-41.91468011586058
1.1 mm,ice2x6_N3_c1,-39.754809523809556,-41.955489660918516
1.1 mm,ice2x6_N3_c1,-39.72090476190479,-41.99377175476952
1.1 mm,ice2x6_N3_c1,-39.66938095238098,-42.006744068973134
1.1 mm,ice2x6_N3_c1,-39.66514285714288,-42.00630958949825
1.1 mm,ice2x6_N3_c1,-39.71333333333337,-42.05960419671585
1.1 mm,ice2x6_N3_c1,-39.76204761904765,-42.15710214802743
1.1 mm,ice2x6_N3_c1,-39.797000000000025,-42.24081783327494
1.1 mm,ice2x6_N3_c1,-39.81180952380955,-42.2734748763378
1.1 mm,ice2x6_N3_c1,-39.80133333333336,-42.25750349560357
1.1 mm,ice2x6_N3_c1,-39.82071428571432,-42.26824609453407
1.1 mm,ice2x6_N3_c1,-39.87633333333336,-42.33057510285094
1.1 mm,ice2x6_N3_c1,-39.87195238095241,-42.40769969527487
1.1 mm,ice2x6_N3_c1,-39.834857142857174,-42.43019705896526
1.1 mm,ice2x6_N3_c1,-39.79419047619051,-42.39233747716398
1.1 mm,ice2x6_N3_c1,-39.79190476190479,-42.33583854245124
1.1 mm,ice2x6_N3_c1,-39.84804761904765,-42.30633052307286
1.1 mm,ice2x6_N3_c1,-39.95080952380955,-42.32421999499577
1.1 mm,ice2x6_N3_c1,-39.988952380952405,-42.3733601961894
1.1 mm,ice2x6_N3_c1,-39.941476190476216,-42.43226218810669
1.1 mm,ice2x6_N3_c1,-39.863666666666695,-42.473444051758634
1.1 mm,ice2x6_N3_c1,-39.83976190476193,-42.492884255306414
1.1 mm,ice2x6_N3_c1,-39.83852380952384,-42.50156488213133
1.1 mm,ice2x6_N3_c1,-39.90004761904764,-42.513942771519744
1.1 mm,ice2x6_N3_c1,-39.944857142857174,-42.52738925357629
1.1 mm,ice2x6_N3_c1,-39.9474285714286,-42.56149699063223
1.1 mm,ice2x6_N3_c1,-39.939952380952406,-42.59179836275117
1.1 mm,ice2x6_N3_c1,-39.97228571428574,-42.624339164568156
1.1 mm,ice2x6_N3_c1,-40.012571428571455,-42.67737824109043
1.1 mm,ice2x6_N3_c1,-40.08242857142861,-42.75649651060932
1.1 mm,ice2x6_N3_c1,-40.08852380952384,-42.85192515413733
1.1 mm,ice2x6_N3_c1,-40.064333333333366,-42.9156562644833
1.1 mm,ice2x6_N3_c1,-40.031666666666695,-42.92733105641686
1.1 mm,ice2x6_N3_c1,-40.00428571428574,-42.92259832449982
1.1 mm,ice2x6_N3_c1,-39.98833333333336,-42.91082413567936
1.1 mm,ice2x6_N3_c1,-39.99371428571432,-42.921804703121936
1.1 mm,ice2x6_N3_c1,-39.9911904761905,-42.94879631955157
1.1 mm,ice2x6_N3_c1,-39.99476190476194,-42.972625263362346
1.1 mm,ice2x6_N3_c1,-40.02390476190479,-42.97581266327249
1.1 mm,ice2x6_N3_c1,-40.01338095238098,-42.977842080313955
1.1 mm,ice2x6_N3_c1,-39.95804761904765,-42.96625855285094
1.1 mm,ice2x6_N3_c1,-39.92990476190479,-42.92294478988431
1.1 mm,ice2x6_N3_c1,-39.91333333333336,-42.87571608827097
1.1 mm,ice2x6_N3_c1,-39.93114285714288,-42.85431236545734
1.1 mm,ice2x6_N3_c1,-39.9804285714286,-42.88378151232413
1.1 mm,ice2x6_N3_c1,-39.99585714285717,-42.95805163997004
1.1 mm,ice2x6_N3_c1,-39.972095238095264,-43.030400995580706
1.1 mm,ice2x6_N3_c1,-39.9639047619048,-43.06907583518954
1.1 mm,ice2x6_N3_c1,-39.95976190476193,-43.08606968088918
1.1 mm,ice2x6_N3_c1,-39.98285714285717,-43.076686582087326
1.1 mm,ice2x6_N3_c1,-40.01490476190479,-43.10224731924117
1.1 mm,ice2x6_N3_c1,-40.031285714285744,-43.16936709954678
1.1 mm,ice2x6_N3_c1,-40.059333333333356,-43.23394646044207
1.1 mm,ice2x6_N3_c1,-40.06666666666669,-43.29607934120096
1.1 mm,ice2x6_N3_c1,-40.096523809523845,-43.31928278899888
1.1 mm,ice2x6_N3_c1,-40.075142857142886,-43.31041618091781
1.1 mm,ice2x6_N3_c1,-40.07576190476193,-43.308545854044375
1.1 mm,ice2x6_N3_c1,-40.11428571428574,-43.34308259714675
1.1 mm,ice2x6_N3_c1,-40.206428571428596,-43.40990599215954
1.1 mm,ice2x6_N3_c1,-40.28780952380956,-43.52694690744804
1.1 mm,ice2x6_N3_c1,-40.37685714285717,-43.636601411667186
1.1 mm,ice2x6_N3_c1,-40.39295238095241,-43.70256250212138
1.1 mm,ice2x6_N3_c1,-40.40180952380955,-43.71581148001501
1.1 mm,ice2x6_N3_c1,-40.40414285714289,-43.6884236647085
1.1 mm,ice2x6_N3_c1,-40.395809523809554,-43.66544536058801
1.1 mm,ice2x6_N3_c1,-40.391809523809556,-43.656968794972066
1.1 mm,ice2x6_N3_c1,-40.38495238095241,-43.66061580583844
1.1 mm,ice2x6_N3_c1,-40.35504761904765,-43.65030313311467
1.1 mm,ice2x6_N3_c1,-40.308238095238124,-43.62735126329196
1.1 mm,ice2x6_N3_c1,-40.263714285714315,-43.57595675958617
1.1 mm,ice2x6_N3_c1,-40.22561904761908,-43.53195961136665
1.1 mm,ice2x6_N3_c1,-40.21471428571431,-43.51428860922648
1.1 mm,ice2x6_N3_c1,-40.197095238095265,-43.51010585512041
1.1 mm,ice2x6_N3_c1,-40.15652380952383,-43.51011857746284
1.1 mm,ice2x6_N3_c1,-40.11209523809527,-43.53482580491584
1.1 mm,ice2x6_N3_c1,-40.05509523809527,-43.56765763493561
1.1 mm,ice2x6_N3_c1,-40.002857142857174,-43.5596159680129
1.1 mm,ice2x6_N3_c1,-39.94057142857145,-43.540992697174985
1.1 mm,ice2x6_N3_c1,-39.865142857142885,-43.53046573986324
1.1 mm,ice2x6_N3_c1,-39.82076190476194,-43.56191358595034
1.1 mm,ice2x6_N3_c1,-39.82871428571431,-43.64691267408399
1.1 mm,ice2x6_N3_c1,-39.86333333333336,-43.75199330803408
1.1 mm,ice2x6_N3_c1,-39.939380952380986,-43.813552822289154
1.1 mm,ice2x6_N3_c1,-40.00314285714288,-43.854729008481144
1.1 mm,ice2x6_N3_c1,-40.057047619047644,-43.923139161302906
1.1 mm,ice2x6_N3_c1,-40.068476190476225,-44.04429998657688
1.1 mm,ice2x6_N3_c1,-40.069190476190506,-44.1719596695786
1.1 mm,ice2x6_N3_c1,-40.09480952380956,-44.26164624254458
1.1 mm,ice2x6_N3_c1,-40.156619047619074,-44.32889782112095
1.1 mm,ice2x6_N3_c1,-40.23366666666669,-44.39318954539421
1.1 mm,ice2x6_N3_c1,-40.3366666666667,-44.46873153720396
1.1 mm,ice2x6_N3_c1,-40.403285714285744,-44.55655993934267
1.1 mm,ice2x6_N3_c1,-40.4664285714286,-44.63884330391168
1.1 mm,ice2x6_N3_c1,-40.51214285714289,-44.71808352831274
1.1 mm,ice2x6_N3_c1,-40.53538095238098,-44.80408152162053
1.1 mm,ice2x6_N3_c1,-40.5274285714286,-44.86007280506908
1.1 mm,ice2x6_N3_c1,-40.52400000000003,-44.89088829053183
1.1 mm,ice2x6_N3_c1,-40.57204761904765,-44.9050419651499
1.1 mm,ice2x6_N3_c1,-40.71033333333336,-44.93415733349608
1.1 mm,ice2x6_N3_c1,-40.97357142857146,-45.02874423176996
1.1 mm,ice2x6_N3_c1,-41.3184285714286,-45.182391257639
1.1 mm,ice2x6_N3_c1,-41.674571428571454,-45.38493853497489
1.1 mm,ice2x6_N3_c1,-42.07761904761908,-45.64155893655495
1.1 mm,ice2x6_N3_c1,-42.49785714285717,-45.96821091688881
1.1 mm,ice2x6_N3_c1,-42.927238095238124,-46.33688066953511
1.1 mm,ice2x6_N3_c1,-43.486000000000026,-46.75537417880044
1.1 mm,ice2x6_N3_c1,-44.06485714285717,-47.159082893475706
2.0 mm,ice2x6_N1_c1,25.656857142857163,27.210019047619067
2.0 mm,ice2x6_N1_c1,24.429666666666684,27.192112184220207
2.0 mm,ice2x6_N1_c1,22.988095238095255,27.003614929402644
2.0 mm,ice2x6_N1_c1,21.37485714285716,26.390196809161253
2.0 mm,ice2x6_N1_c1,20.32576190476192,25.237857722268245
2.0 mm,ice2x6_N1_c1,19.438952380952394,23.61506288922126
2.0 mm,ice2x6_N1_c1,18.28614285714287,21.54806209194654
2.0 mm,ice2x6_N1_c1,16.88514285714287,19.343843035043026
2.0 mm,ice2x6_N1_c1,15.994761904761917,17.174677736817586
2.0 mm,ice2x6_N1_c1,15.433761904761916,15.164034040742974
2.0 mm,ice2x6_N1_c1,15.081190476190486,13.260408303042377
2.0 mm,ice2x6_N1_c1,14.33942857142858,11.408131689267554
2.0 mm,ice2x6_N1_c1,13.244238095238103,9.794276664346818
2.0 mm,ice2x6_N1_c1,11.936190476190486,8.254673789403325
2.0 mm,ice2x6_N1_c1,11.110619047619055,6.843994609575722
2.0 mm,ice2x6_N1_c1,10.509095238095245,5.372717677687438
2.0 mm,ice2x6_N1_c1,9.858857142857149,4.3269855921883495
2.0 mm,ice2x6_N1_c1,8.810476190476198,2.902601819385044
2.0 mm,ice2x6_N1_c1,7.738714285714291,2.0827397992261196
2.0 mm,ice2x6_N1_c1,7.140809523809528,1.6677574491532285
2.0 mm,ice2x6_N1_c1,6.9654761904761955,1.1483019058343622
2.0 mm,ice2x6_N1_c1,6.83628571428572,0.6096068871612974
2.0 mm,ice2x6_N1_c1,6.514380952380957,0.07599671881445502
2.0 mm,ice2x6_N1_c1,5.969571428571434,-0.33972860143024813
2.0 mm,ice2x6_N1_c1,5.412380952380956,-0.8845093303682218
2.0 mm,ice2x6_N1_c1,5.293761904761908,-1.6199305311940937
2.0 mm,ice2x6_N1_c1,5.3449047619047665,-2.1811331349976735
2.0 mm,ice2x6_N1_c1,4.9798571428571465,-2.7575762674423006
2.0 mm,ice2x6_N1_c1,4.091523809523812,-3.2850426035862883
2.0 mm,ice2x6_N1_c1,3.142047619047621,-3.836128397523929
2.0 mm,ice2x6_N1_c1,2.22209523809524,-4.318643962512187
2.0 mm,ice2x6_N1_c1,1.3524285714285722,-4.943323509490536
2.0 mm,ice2x6_N1_c1,0.8182857142857147,-5.429564574459499
2.0 mm,ice2x6_N1_c1,0.37871428571428595,-5.91422234225387
2.0 mm,ice2x6_N1_c1,0.1574761904761906,-6.340045021945501
2.0 mm,ice2x6_N1_c1,0.2492857142857145,-6.837722818563618
2.0 mm,ice2x6_N1_c1,0.3286666666666669,-7.238782724303231
2.0 mm,ice2x6_N1_c1,0.07747619047619055,-7.6807107452154035
2.0 mm,ice2x6_N1_c1,-0.1698095238095239,-8.135045101509196
2.0 mm,ice2x6_N1_c1,-0.5433809523809527,-8.547952815451547
2.0 mm,ice2x6_N1_c1,-1.190142857142858,-8.938389848329088
2.0 mm,ice2x6_N1_c1,-1.9407142857142872,-9.351737027358652
2.0 mm,ice2x6_N1_c1,-2.7627142857142877,-9.788428686959776
2.0 mm,ice2x6_N1_c1,-3.7845238095238125,-10.181789110795037
2.0 mm,ice2x6_N1_c1,-4.563714285714289,-10.500060524537385
2.0 mm,ice2x6_N1_c1,-5.269571428571432,-10.876581077220763
2.0 mm,ice2x6_N1_c1,-5.880000000000004,-11.248295929559855
2.0 mm,ice2x6_N1_c1,-6.2350952380952425,-11.570462523308896
2.0 mm,ice2x6_N1_c1,-6.610666666666671,-11.926029606676343
2.0 mm,ice2x6_N1_c1,-7.217619047619053,-12.222739164544823
2.0 mm,ice2x6_N1_c1,-7.756619047619053,-12.570257660431958
2.0 mm,ice2x6_N1_c1,-8.240571428571434,-12.891355142774136
2.0 mm,ice2x6_N1_c1,-8.65138095238096,-13.158006708209541
2.0 mm,ice2x6_N1_c1,-8.878952380952388,-13.503327716238356
2.0 mm,ice2x6_N1_c1,-9.161666666666674,-13.805103658101588
2.0 mm,ice2x6_N1_c1,-9.512761904761913,-14.08420970087041
2.0 mm,ice2x6_N1_c1,-9.95838095238096,-14.405091432875508
2.0 mm,ice2x6_N1_c1,-10.282428571428579,-14.649362377922873
2.0 mm,ice2x6_N1_c1,-10.470190476190485,-14.917706667404788
2.0 mm,ice2x6_N1_c1,-10.544428571428579,-15.204613066847424
2.0 mm,ice2x6_N1_c1,-10.638904761904769,-15.40976113468285
2.0 mm,ice2x6_N1_c1,-10.746666666666673,-15.69240695469621
2.0 mm,ice2x6_N1_c1,-11.08638095238096,-15.926684136108413
2.0 mm,ice2x6_N1_c1,-11.420095238095247,-16.100391851743495
2.0 mm,ice2x6_N1_c1,-11.404095238095245,-16.3702979515338
2.0 mm,ice2x6_N1_c1,-11.180238095238103,-16.60455328794197
2.0 mm,ice2x6_N1_c1,-11.081285714285722,-16.787597575367514
2.0 mm,ice2x6_N1_c1,-11.195666666666675,-17.06090802254963
2.0 mm,ice2x6_N1_c1,-11.830380952380962,-17.301493438298497
2.0 mm,ice2x6_N1_c1,-12.550761904761913,-17.48782112959025
2.0 mm,ice2x6_N1_c1,-12.93400000000001,-17.75393964784729
2.0 mm,ice2x6_N1_c1,-13.01642857142858,-17.98932860753841
2.0 mm,ice2x6_N1_c1,-12.892142857142865,-18.172336625334683
2.0 mm,ice2x6_N1_c1,-12.659095238095247,-18.429411072939697
2.0 mm,ice2x6_N1_c1,-12.504333333333344,-18.657146189965303
2.0 mm,ice2x6_N1_c1,-12.475333333333342,-18.831257586226712
2.0 mm,ice2x6_N1_c1,-12.235190476190485,-19.072502310097224
2.0 mm,ice2x6_N1_c1,-12.153857142857152,-19.268975485093673
2.0 mm,ice2x6_N1_c1,-11.980333333333341,-19.424430550846985
2.0 mm,ice2x6_N1_c1,-11.839190476190485,-19.62910490501188
2.0 mm,ice2x6_N1_c1,-11.875285714285724,-19.826454330998878
2.0 mm,ice2x6_N1_c1,-12.189047619047628,-19.975537464000755
2.0 mm,ice2x6_N1_c1,-12.39385714285715,-20.144703401926282
2.0 mm,ice2x6_N1_c1,-12.83542857142858,-20.345260564446153
2.0 mm,ice2x6_N1_c1,-13.250714285714295,-20.495675186851226
2.0 mm,ice2x6_N1_c1,-13.633761904761915,-20.619773996979298
2.0 mm,ice2x6_N1_c1,-14.124761904761915,-20.806502775138625
2.0 mm,ice2x6_N1_c1,-14.570047619047632,-20.972191860156823
2.0 mm,ice2x6_N1_c1,-14.944904761904771,-21.10748051048973
2.0 mm,ice2x6_N1_c1,-15.373095238095248,-21.289660528289343
2.0 mm,ice2x6_N1_c1,-15.944000000000013,-21.484033735698446
2.0 mm,ice2x6_N1_c1,-16.2574761904762,-21.630625823279736
2.0 mm,ice2x6_N1_c1,-16.501238095238108,-21.760019289415027
2.0 mm,ice2x6_N1_c1,-16.72009523809525,-21.923630200461474
2.0 mm,ice2x6_N1_c1,-16.94404761904763,-22.053073575849343
2.0 mm,ice2x6_N1_c1,-17.245238095238108,-22.172585303061986
2.0 mm,ice2x6_N1_c1,-17.717523809523826,-22.33069381058429
2.0 mm,ice2x6_N1_c1,-18.081952380952394,-22.50502441115451
2.0 mm,ice2x6_N1_c1,-18.53219047619049,-22.68671201412714
2.0 mm,ice2x6_N1_c1,-19.14623809523811,-22.873740101935706
2.0 mm,ice2x6_N1_c1,-19.512809523809537,-23.09089452817011
2.0 mm,ice2x6_N1_c1,-19.60761904761906,-23.242492199334176
2.0 mm,ice2x6_N1_c1,-19.471000000000018,-23.317390561458012
2.0 mm,ice2x6_N1_c1,-19.115952380952393,-23.39222478165926
2.0 mm,ice2x6_N1_c1,-18.7049523809524,-23.540582112299077
2.0 mm,ice2x6_N1_c1,-18.603857142857155,-23.682340837377684
2.0 mm,ice2x6_N1_c1,-18.507238095238108,-23.801849743273333
2.0 mm,ice2x6_N1_c1,-18.384761904761916,-23.918225487327177
2.0 mm,ice2x6_N1_c1,-18.2687142857143,-24.041413862071384
2.0 mm,ice2x6_N1_c1,-18.019571428571442,-24.146249265266583
2.0 mm,ice2x6_N1_c1,-17.744761904761916,-24.256780717331388
2.0 mm,ice2x6_N1_c1,-17.705952380952393,-24.39061797556628
2.0 mm,ice2x6_N1_c1,-17.5877142857143,-24.551400794377304
2.0 mm,ice2x6_N1_c1,-17.40257142857144,-24.684892312212774
2.0 mm,ice2x6_N1_c1,-17.231904761904772,-24.80267122151817
2.0 mm,ice2x6_N1_c1,-17.13261904761906,-24.92498682482726
2.0 mm,ice2x6_N1_c1,-17.318904761904776,-25.06913683170494
2.0 mm,ice2x6_N1_c1,-17.638952380952393,-25.1869210986465
2.0 mm,ice2x6_N1_c1,-17.829428571428586,-25.30316870369822
2.0 mm,ice2x6_N1_c1,-18.03104761904763,-25.443338820656404
2.0 mm,ice2x6_N1_c1,-18.0397142857143,-25.608885528559185
2.0 mm,ice2x6_N1_c1,-17.927333333333344,-25.746767317494573
2.0 mm,ice2x6_N1_c1,-17.877047619047634,-25.861023767030577
2.0 mm,ice2x6_N1_c1,-18.082761904761917,-25.967623658685046
2.0 mm,ice2x6_N1_c1,-18.19819047619049,-26.094287939971217
2.0 mm,ice2x6_N1_c1,-18.512333333333345,-26.206728489297674
2.0 mm,ice2x6_N1_c1,-19.01476190476192,-26.30300635386233
2.0 mm,ice2x6_N1_c1,-19.558857142857157,-26.38418945804611
2.0 mm,ice2x6_N1_c1,-20.095380952380967,-26.488348601086646
2.0 mm,ice2x6_N1_c1,-20.828904761904777,-26.634155024105798
2.0 mm,ice2x6_N1_c1,-21.4227142857143,-26.805622795486528
2.0 mm,ice2x6_N1_c1,-21.980047619047635,-26.988321811718635
2.0 mm,ice2x6_N1_c1,-22.575000000000017,-27.157681120658296
2.0 mm,ice2x6_N1_c1,-23.136666666666684,-27.299094611286414
2.0 mm,ice2x6_N1_c1,-23.48680952380954,-27.38267573704317
2.0 mm,ice2x6_N1_c1,-23.571857142857162,-27.42116073852592
2.0 mm,ice2x6_N1_c1,-23.609666666666683,-27.432915591698805
2.0 mm,ice2x6_N1_c1,-23.39842857142859,-27.44573826844345
2.0 mm,ice2x6_N1_c1,-22.95776190476192,-27.469279785896894
2.0 mm,ice2x6_N1_c1,-22.59547619047621,-27.528778769549167
2.0 mm,ice2x6_N1_c1,-22.27080952380954,-27.624567428841182
2.0 mm,ice2x6_N1_c1,-22.0017142857143,-27.74432054135186
2.0 mm,ice2x6_N1_c1,-22.044619047619065,-27.87676783047529
2.0 mm,ice2x6_N1_c1,-22.29480952380954,-28.002181866907268
2.0 mm,ice2x6_N1_c1,-22.339571428571446,-28.12600884111024
2.0 mm,ice2x6_N1_c1,-22.21590476190478,-28.239811291768095
2.0 mm,ice2x6_N1_c1,-21.932571428571443,-28.336757816492398
2.0 mm,ice2x6_N1_c1,-21.287095238095255,-28.41414434992279
2.0 mm,ice2x6_N1_c1,-20.560952380952397,-28.482034092417038
2.0 mm,ice2x6_N1_c1,-20.098047619047634,-28.55512820302652
2.0 mm,ice2x6_N1_c1,-20.01476190476192,-28.628144903502687
2.0 mm,ice2x6_N1_c1,-20.297571428571445,-28.7047982887646
2.0 mm,ice2x6_N1_c1,-20.879380952380966,-28.7659092488808
2.0 mm,ice2x6_N1_c1,-21.181476190476204,-28.818201425091235
2.0 mm,ice2x6_N1_c1,-21.171142857142875,-28.881174962202202
2.0 mm,ice2x6_N1_c1,-21.211523809523825,-28.950134675279728
2.0 mm,ice2x6_N1_c1,-21.45538095238097,-29.038042875191934
2.0 mm,ice2x6_N1_c1,-21.853047619047636,-29.14468885835641
2.0 mm,ice2x6_N1_c1,-22.092428571428584,-29.265942845517962
2.0 mm,ice2x6_N1_c1,-22.37185714285716,-29.391151694063907
2.0 mm,ice2x6_N1_c1,-22.670000000000016,-29.505326823664117
2.0 mm,ice2x6_N1_c1,-23.391095238095254,-29.60637933714146
2.0 mm,ice2x6_N1_c1,-23.917714285714304,-29.685025565487365
2.0 mm,ice2x6_N1_c1,-24.135047619047633,-29.753587315099495
2.0 mm,ice2x6_N1_c1,-23.387380952380965,-29.81763117935342
2.0 mm,ice2x6_N1_c1,-22.269666666666684,-29.864022274728683
2.0 mm,ice2x6_N1_c1,-21.262095238095252,-29.907490686203133
2.0 mm,ice2x6_N1_c1,-20.99800000000001,-29.942865071772495
2.0 mm,ice2x6_N1_c1,-21.262809523809537,-29.984000623288015
2.0 mm,ice2x6_N1_c1,-21.961571428571446,-30.053763931618143
2.0 mm,ice2x6_N1_c1,-22.519571428571446,-30.145810270934913
2.0 mm,ice2x6_N1_c1,-22.885000000000016,-30.26732950970921
2.0 mm,ice2x6_N1_c1,-23.128190476190497,-30.404175482004586
2.0 mm,ice2x6_N1_c1,-23.007571428571445,-30.53232608940359
2.0 mm,ice2x6_N1_c1,-22.89019047619049,-30.63938157746955
2.0 mm,ice2x6_N1_c1,-22.869142857142876,-30.72042718746369
2.0 mm,ice2x6_N1_c1,-22.829428571428586,-30.787053924158055
2.0 mm,ice2x6_N1_c1,-22.793904761904777,-30.848319267131174
2.0 mm,ice2x6_N1_c1,-22.797619047619065,-30.91055719482582
2.0 mm,ice2x6_N1_c1,-22.502000000000017,-30.971961502605115
2.0 mm,ice2x6_N1_c1,-22.479904761904777,-31.016095746508533
2.0 mm,ice2x6_N1_c1,-22.50976190476192,-31.05059628611834
2.0 mm,ice2x6_N1_c1,-22.289047619047636,-31.079915323765135
2.0 mm,ice2x6_N1_c1,-22.160523809523824,-31.108643041162928
2.0 mm,ice2x6_N1_c1,-22.305571428571444,-31.15140112910793
2.0 mm,ice2x6_N1_c1,-22.58633333333335,-31.20621308527611
2.0 mm,ice2x6_N1_c1,-22.962952380952395,-31.276595101582423
2.0 mm,ice2x6_N1_c1,-22.921095238095255,-31.365990008256915
2.0 mm,ice2x6_N1_c1,-22.615095238095254,-31.460255561389264
2.0 mm,ice2x6_N1_c1,-22.501142857142874,-31.551971252239227
2.0 mm,ice2x6_N1_c1,-22.752095238095258,-31.633631897193435
2.0 mm,ice2x6_N1_c1,-23.293857142857156,-31.70261573427743
2.0 mm,ice2x6_N1_c1,-23.6847142857143,-31.77137083294625
2.0 mm,ice2x6_N1_c1,-23.687476190476204,-31.846509458191264
2.0 mm,ice2x6_N1_c1,-23.462238095238114,-31.928757411496694
2.0 mm,ice2x6_N1_c1,-23.31585714285716,-32.008528908394005
2.0 mm,ice2x6_N1_c1,-23.369714285714306,-32.07792831560434
2.0 mm,ice2x6_N1_c1,-23.692428571428593,-32.14253115327225
2.0 mm,ice2x6_N1_c1,-23.8219523809524,-32.21459309233488
2.0 mm,ice2x6_N1_c1,-23.656571428571446,-32.299004394340514
2.0 mm,ice2x6_N1_c1,-23.40033333333335,-32.38913491599548
2.0 mm,ice2x6_N1_c1,-23.380190476190492,-32.4721545043955
2.0 mm,ice2x6_N1_c1,-23.492666666666683,-32.545655120516855
2.0 mm,ice2x6_N1_c1,-23.788619047619065,-32.618921105211186
2.0 mm,ice2x6_N1_c1,-23.938952380952397,-32.69128765558104
2.0 mm,ice2x6_N1_c1,-23.96880952380954,-32.75909345089693
2.0 mm,ice2x6_N1_c1,-24.375047619047642,-32.808264290923006
2.0 mm,ice2x6_N1_c1,-25.064142857142876,-32.835789864501095
2.0 mm,ice2x6_N1_c1,-25.677047619047638,-32.85822057978766
2.0 mm,ice2x6_N1_c1,-25.98028571428573,-32.89165979422249
2.0 mm,ice2x6_N1_c1,-26.114476190476207,-32.929629773591785
2.0 mm,ice2x6_N1_c1,-26.201190476190497,-32.96121961295772
2.0 mm,ice2x6_N1_c1,-26.34404761904764,-32.983372411087494
2.0 mm,ice2x6_N1_c1,-26.657571428571448,-33.01060854879834
2.0 mm,ice2x6_N1_c1,-27.091619047619066,-33.06295111413544
2.0 mm,ice2x6_N1_c1,-27.216333333333353,-33.147668204651545
2.0 mm,ice2x6_N1_c1,-27.2111904761905,-33.25996220353002
2.0 mm,ice2x6_N1_c1,-27.183190476190497,-33.38680113814744
2.0 mm,ice2x6_N1_c1,-26.99200000000002,-33.51279469789756
2.0 mm,ice2x6_N1_c1,-26.882619047619066,-33.62393549388312
2.0 mm,ice2x6_N1_c1,-27.080142857142878,-33.721194499457496
2.0 mm,ice2x6_N1_c1,-27.240428571428588,-33.798386938016925
2.0 mm,ice2x6_N1_c1,-27.336333333333354,-33.85773362012639
2.0 mm,ice2x6_N1_c1,-27.338000000000022,-33.910467996269574
2.0 mm,ice2x6_N1_c1,-27.170238095238112,-33.948720909672225
2.0 mm,ice2x6_N1_c1,-27.104904761904784,-33.967542697165705
2.0 mm,ice2x6_N1_c1,-27.449714285714304,-33.97558699498603
2.0 mm,ice2x6_N1_c1,-27.857047619047638,-33.971606662206156
2.0 mm,ice2x6_N1_c1,-27.940285714285736,-33.972258417511625
2.0 mm,ice2x6_N1_c1,-27.63985714285716,-33.99219711102353
2.0 mm,ice2x6_N1_c1,-27.0769523809524,-34.03504818459109
2.0 mm,ice2x6_N1_c1,-26.814380952380972,-34.103171380204095
2.0 mm,ice2x6_N1_c1,-27.081428571428592,-34.18642992491811
2.0 mm,ice2x6_N1_c1,-27.472476190476208,-34.27410835859411
2.0 mm,ice2x6_N1_c1,-27.62747619047621,-34.359920013765716
2.0 mm,ice2x6_N1_c1,-27.52552380952383,-34.43383265847079
2.0 mm,ice2x6_N1_c1,-27.269619047619067,-34.49631230148144
2.0 mm,ice2x6_N1_c1,-26.762904761904778,-34.55489959642272
2.0 mm,ice2x6_N1_c1,-26.551238095238116,-34.61685971516634
2.0 mm,ice2x6_N1_c1,-26.73904761904764,-34.674133147192364
2.0 mm,ice2x6_N1_c1,-27.12900000000002,-34.72501956474832
2.0 mm,ice2x6_N1_c1,-27.615142857142878,-34.76798734511123
2.0 mm,ice2x6_N1_c1,-27.792380952380974,-34.7966726844616
2.0 mm,ice2x6_N1_c1,-27.197857142857163,-34.81868103092152
2.0 mm,ice2x6_N1_c1,-26.553571428571452,-34.83884663519266
2.0 mm,ice2x6_N1_c1,-26.10057142857145,-34.85275053365752
2.0 mm,ice2x6_N1_c1,-25.873952380952403,-34.87068437127235
2.0 mm,ice2x6_N1_c1,-25.948476190476207,-34.899718881593415
2.0 mm,ice2x6_N1_c1,-26.11328571428573,-34.94114461229779
2.0 mm,ice2x6_N1_c1,-26.36085714285716,-34.99717907693078
2.0 mm,ice2x6_N1_c1,-26.835809523809544,-35.06790346530033
2.0 mm,ice2x6_N1_c1,-27.345238095238116,-35.155232097736935
2.0 mm,ice2x6_N1_c1,-27.772142857142875,-35.247092876540314
2.0 mm,ice2x6_N1_c1,-27.86838095238097,-35.336424264863325
2.0 mm,ice2x6_N1_c1,-27.791619047619065,-35.41806148782413
2.0 mm,ice2x6_N1_c1,-27.784095238095258,-35.48010443146305
2.0 mm,ice2x6_N1_c1,-27.940761904761924,-35.54162105580664
2.0 mm,ice2x6_N1_c1,-28.12123809523812,-35.616883635774606
2.0 mm,ice2x6_N1_c1,-28.223285714285737,-35.686134403431886
2.0 mm,ice2x6_N1_c1,-28.070952380952402,-35.73791095880799
2.0 mm,ice2x6_N1_c1,-27.85290476190478,-35.76534954325551
2.0 mm,ice2x6_N1_c1,-27.65714285714288,-35.7711740078901
2.0 mm,ice2x6_N1_c1,-27.59390476190478,-35.780978107045776
2.0 mm,ice2x6_N1_c1,-27.578809523809543,-35.81255639059776
2.0 mm,ice2x6_N1_c1,-27.80785714285716,-35.85489746028273
2.0 mm,ice2x6_N1_c1,-28.187761904761924,-35.89367750929632
2.0 mm,ice2x6_N1_c1,-28.595523809523833,-35.92182065331109
2.0 mm,ice2x6_N1_c1,-28.906238095238116,-35.94212556841701
2.0 mm,ice2x6_N1_c1,-29.08061904761907,-35.9602850579643
2.0 mm,ice2x6_N1_c1,-28.945333333333352,-35.98103433178635
2.0 mm,ice2x6_N1_c1,-28.505380952380975,-36.00403924326674
2.0 mm,ice2x6_N1_c1,-27.94514285714288,-36.02553784505774
2.0 mm,ice2x6_N1_c1,-27.542857142857162,-36.03763864994215
2.0 mm,ice2x6_N1_c1,-27.452761904761925,-36.045746942701584
2.0 mm,ice2x6_N1_c1,-27.727666666666686,-36.06014158367319
2.0 mm,ice2x6_N1_c1,-28.141142857142878,-36.08557333231314
2.0 mm,ice2x6_N1_c1,-28.38361904761907,-36.12826518071992
2.0 mm,ice2x6_N1_c1,-28.515904761904785,-36.19125842266311
2.0 mm,ice2x6_N1_c1,-28.683428571428593,-36.26622690433821
2.0 mm,ice2x6_N1_c1,-28.926952380952404,-36.34468920436735
2.0 mm,ice2x6_N1_c1,-29.257000000000023,-36.421008726681016
2.0 mm,ice2x6_N1_c1,-29.474952380952402,-36.49385989361716
2.0 mm,ice2x6_N1_c1,-29.579333333333356,-36.56057912165984
2.0 mm,ice2x6_N1_c1,-29.625380952380976,-36.62021860891763
2.0 mm,ice2x6_N1_c1,-29.578714285714305,-36.67712361404882
2.0 mm,ice2x6_N1_c1,-29.456238095238117,-36.7208335103351
2.0 mm,ice2x6_N1_c1,-29.433523809523834,-36.747577948226535
2.0 mm,ice2x6_N1_c1,-29.34947619047621,-36.760488172180494
2.0 mm,ice2x6_N1_c1,-29.321666666666687,-36.761000015391225
2.0 mm,ice2x6_N1_c1,-29.484571428571453,-36.756164750607574
2.0 mm,ice2x6_N1_c1,-29.740285714285733,-36.75417164308608
2.0 mm,ice2x6_N1_c1,-30.023571428571454,-36.7641403168728
2.0 mm,ice2x6_N1_c1,-30.380190476190496,-36.7871007810231
2.0 mm,ice2x6_N1_c1,-30.577285714285736,-36.82241269700077
2.0 mm,ice2x6_N1_c1,-30.469666666666686,-36.87094169547213
2.0 mm,ice2x6_N1_c1,-30.259380952380976,-36.93109346077483
2.0 mm,ice2x6_N1_c1,-30.006904761904785,-36.99908530120706
2.0 mm,ice2x6_N1_c1,-29.823238095238118,-37.07670315589326
2.0 mm,ice2x6_N1_c1,-29.6409523809524,-37.158024612680954
2.0 mm,ice2x6_N1_c1,-29.66957142857145,-37.229977238041734
2.0 mm,ice2x6_N1_c1,-29.612142857142878,-37.29050003776802
2.0 mm,ice2x6_N1_c1,-29.505809523809546,-37.33912445169299
2.0 mm,ice2x6_N1_c1,-29.28204761904764,-37.37466935110862
2.0 mm,ice2x6_N1_c1,-29.045380952380974,-37.4007977523041
2.0 mm,ice2x6_N1_c1,-28.76471428571431,-37.421185165373835
2.0 mm,ice2x6_N1_c1,-28.858000000000022,-37.43192463077258
2.0 mm,ice2x6_N1_c1,-29.0549523809524,-37.43336864542366
2.0 mm,ice2x6_N1_c1,-29.13242857142859,-37.43381731247531
2.0 mm,ice2x6_N1_c1,-28.98747619047621,-37.44169791599261
2.0 mm,ice2x6_N1_c1,-28.752047619047637,-37.46312849550087
2.0 mm,ice2x6_N1_c1,-28.340619047619064,-37.5040758652981
2.0 mm,ice2x6_N1_c1,-27.96457142857145,-37.558927652148476
2.0 mm,ice2x6_N1_c1,-27.521857142857165,-37.62023920442546
2.0 mm,ice2x6_N1_c1,-27.338095238095256,-37.685638103578846
2.0 mm,ice2x6_N1_c1,-27.511952380952405,-37.74927501047038
2.0 mm,ice2x6_N1_c1,-28.0741904761905,-37.805451696461795
2.0 mm,ice2x6_N1_c1,-28.698428571428593,-37.85782398327795
2.0 mm,ice2x6_N1_c1,-29.210190476190498,-37.906777437116865
2.0 mm,ice2x6_N1_c1,-29.435904761904784,-37.950294021273606
2.0 mm,ice2x6_N1_c1,-29.63114285714288,-37.98741977561638
2.0 mm,ice2x6_N1_c1,-29.79752380952383,-38.01318751049742
2.0 mm,ice2x6_N1_c1,-29.956238095238117,-38.02569587350534
2.0 mm,ice2x6_N1_c1,-30.183809523809543,-38.02306502275268
2.0 mm,ice2x6_N1_c1,-30.491476190476213,-38.00783722361478
2.0 mm,ice2x6_N1_c1,-30.717857142857167,-37.990012543373325
2.0 mm,ice2x6_N1_c1,-30.81242857142859,-37.977857489642695
2.0 mm,ice2x6_N1_c1,-30.66161904761907,-37.97833553702145
2.0 mm,ice2x6_N1_c1,-30.367047619047643,-37.990511772373424
2.0 mm,ice2x6_N1_c1,-30.183666666666692,-38.03648156997618
2.0 mm,ice2x6_N1_c1,-30.03361904761907,-38.1250452412346
2.0 mm,ice2x6_N1_c1,-29.841285714285736,-38.22356148512141
2.0 mm,ice2x6_N1_c1,-29.755238095238116,-38.31300892454324
2.0 mm,ice2x6_N1_c1,-29.852952380952402,-38.37583318267138
2.0 mm,ice2x6_N1_c1,-30.165333333333354,-38.41037720064037
2.0 mm,ice2x6_N1_c1,-30.56242857142859,-38.44895654746385
2.0 mm,ice2x6_N1_c1,-30.604095238095262,-38.50369617091322
2.0 mm,ice2x6_N1_c1,-30.285428571428593,-38.549677486445056
2.0 mm,ice2x6_N1_c1,-29.9309523809524,-38.57941945013672
2.0 mm,ice2x6_N1_c1,-29.70952380952383,-38.595502033659216
2.0 mm,ice2x6_N1_c1,-29.732666666666688,-38.60744638285047
2.0 mm,ice2x6_N1_c1,-29.865142857142878,-38.6160487658585
2.0 mm,ice2x6_N1_c1,-29.976761904761926,-38.61867105706936
2.0 mm,ice2x6_N1_c1,-29.85847619047621,-38.613574469046405
2.0 mm,ice2x6_N1_c1,-29.609095238095257,-38.6017429242804
2.0 mm,ice2x6_N1_c1,-29.385904761904783,-38.59031681254753
2.0 mm,ice2x6_N1_c1,-29.31571428571431,-38.59039933116068
2.0 mm,ice2x6_N1_c1,-29.311809523809544,-38.60927097510796
2.0 mm,ice2x6_N1_c1,-29.48647619047621,-38.64436986604893
2.0 mm,ice2x6_N1_c1,-29.488428571428592,-38.696939785512114
2.0 mm,ice2x6_N1_c1,-29.31842857142859,-38.75852944476935
2.0 mm,ice2x6_N1_c1,-29.085285714285735,-38.81821096054634
2.0 mm,ice2x6_N1_c1,-28.982428571428596,-38.87919829469562
2.0 mm,ice2x6_N1_c1,-29.11504761904764,-38.94090166685764
2.0 mm,ice2x6_N1_c1,-29.359952380952404,-39.00526006337325
2.0 mm,ice2x6_N1_c1,-29.495952380952403,-39.073362734021025
2.0 mm,ice2x6_N1_c1,-29.639428571428592,-39.133202284410885
2.0 mm,ice2x6_N1_c1,-29.769428571428595,-39.17490407313757
2.0 mm,ice2x6_N1_c1,-29.923238095238116,-39.192859070571885
2.0 mm,ice2x6_N1_c1,-30.021761904761924,-39.20269876037001
2.0 mm,ice2x6_N1_c1,-29.907666666666692,-39.270622213163215
2.0 mm,ice2x6_N1_c1,-29.537904761904784,-39.449270032731185
2.0 mm,ice2x6_N1_c1,-29.274428571428594,-39.76531978929702
2.0 mm,ice2x6_N1_c1,-29.193428571428594,-40.21741936746749
2.0 mm,ice2x6_N1_c1,-29.381476190476214,-40.758492346611646
2.0 mm,ice2x6_N1_c1,-29.770285714285734,-41.3526324273255
2.0 mm,ice2x6_N1_c1,-30.16514285714288,-41.986930910849836
2.0 mm,ice2x6_N1_c1,-30.4629523809524,-42.67172154042545
2.0 mm,ice2x6_N1_c1,-30.766904761904787,-43.4407448229883
2.0 mm,ice2x6_N1_c1,-31.209238095238117,-44.19213192186673
2.0 mm,ice2x6_N2_c1,26.686857142857164,27.92091428571431
2.0 mm,ice2x6_N2_c1,26.29333333333335,27.921230128578404
2.0 mm,ice2x6_N2_c1,25.596571428571448,27.908911015525824
2.0 mm,ice2x6_N2_c1,24.792095238095257,27.81254708768161
2.0 mm,ice2x6_N2_c1,23.84442857142859,27.517980440245577
2.0 mm,ice2x6_N2_c1,22.79480952380954,26.939346138880925
2.0 mm,ice2x6_N2_c1,21.596142857142873,26.09286500179133
2.0 mm,ice2x6_N2_c1,20.461238095238112,24.99283834381629
2.0 mm,ice2x6_N2_c1,19.66828571428573,23.762977652543434
2.0 mm,ice2x6_N2_c1,19.37714285714287,22.461935446777126
2.0 mm,ice2x6_N2_c1,19.09528571428573,21.162266645846998
2.0 mm,ice2x6_N2_c1,18.403952380952393,19.876944100147746
2.0 mm,ice2x6_N2_c1,17.365619047619063,18.60250032505257
2.0 mm,ice2x6_N2_c1,16.23709523809525,17.382985778046823
2.0 mm,ice2x6_N2_c1,15.293619047619057,16.217378303888754
2.0 mm,ice2x6_N2_c1,14.540857142857153,15.101009133773905
2.0 mm,ice2x6_N2_c1,14.03342857142858,14.041515490264564
2.0 mm,ice2x6_N2_c1,13.474714285714294,13.05650002785153
2.0 mm,ice2x6_N2_c1,13.24700000000001,12.109170361708093
2.0 mm,ice2x6_N2_c1,13.334190476190486,11.218732384273759
2.0 mm,ice2x6_N2_c1,13.366380952380961,10.383324066165692
2.0 mm,ice2x6_N2_c1,12.756380952380962,9.65229869854455
2.0 mm,ice2x6_N2_c1,11.852285714285724,9.075243065562615
2.0 mm,ice2x6_N2_c1,10.734000000000009,8.540671409660627
2.0 mm,ice2x6_N2_c1,9.712476190476197,8.023550636722915
2.0 mm,ice2x6_N2_c1,8.901428571428578,7.544499129863519
2.0 mm,ice2x6_N2_c1,8.741904761904767,7.091162879773837
2.0 mm,ice2x6_N2_c1,8.830428571428577,6.682924837688089
2.0 mm,ice2x6_N2_c1,8.91180952380953,6.243324107743343
2.0 mm,ice2x6_N2_c1,8.473619047619053,5.862472070626914
2.0 mm,ice2x6_N2_c1,7.44080952380953,5.451030908237243
2.0 mm,ice2x6_N2_c1,5.987380952380956,5.094752999321917
2.0 mm,ice2x6_N2_c1,4.969476190476194,4.720277509596427
2.0 mm,ice2x6_N2_c1,4.206380952380956,4.375164758115462
2.0 mm,ice2x6_N2_c1,3.474761904761907,4.05167717646575
2.0 mm,ice2x6_N2_c1,2.712952380952383,3.6730507667182284
2.0 mm,ice2x6_N2_c1,2.1010000000000013,3.385347728341722
2.0 mm,ice2x6_N2_c1,1.723857142857144,3.022288987244285
2.0 mm,ice2x6_N2_c1,1.6115238095238107,2.7091789624680955
2.0 mm,ice2x6_N2_c1,1.5527142857142868,2.384515656230323
2.0 mm,ice2x6_N2_c1,1.6182857142857152,2.068114804154877
2.0 mm,ice2x6_N2_c1,1.3845714285714297,1.8132544174864522
2.0 mm,ice2x6_N2_c1,0.6851904761904766,1.4450238836221372
2.0 mm,ice2x6_N2_c1,-0.21457142857142877,1.1648453134154086
2.0 mm,ice2x6_N2_c1,-1.0855714285714293,0.8329060433482881
2.0 mm,ice2x6_N2_c1,-1.5601904761904772,0.5459703962351523
2.0 mm,ice2x6_N2_c1,-1.4356190476190487,0.26504545136626306
2.0 mm,ice2x6_N2_c1,-1.398904761904763,-0.03752286088285535
2.0 mm,ice2x6_N2_c1,-1.5272857142857152,-0.17851856958962126
2.0 mm,ice2x6_N2_c1,-1.7170952380952393,-0.4763094364475917
2.0 mm,ice2x6_N2_c1,-2.065714285714287,-0.8606165107319953
2.0 mm,ice2x6_N2_c1,-2.2699523809523825,-1.1732964522561886
2.0 mm,ice2x6_N2_c1,-2.363666666666668,-1.490123377732347
2.0 mm,ice2x6_N2_c1,-2.595428571428573,-1.8327978588789553
2.0 mm,ice2x6_N2_c1,-2.9664285714285734,-2.115717259708674
2.0 mm,ice2x6_N2_c1,-3.352571428571431,-2.4425741426784806
2.0 mm,ice2x6_N2_c1,-3.8308095238095263,-2.73594216644251
2.0 mm,ice2x6_N2_c1,-4.1393809523809555,-2.9912901456161687
2.0 mm,ice2x6_N2_c1,-4.239857142857146,-3.2950988915610053
2.0 mm,ice2x6_N2_c1,-4.496904761904766,-3.562590312203149
2.0 mm,ice2x6_N2_c1,-4.919904761904765,-3.7957497835719165
2.0 mm,ice2x6_N2_c1,-5.491285714285718,-4.086754969357809
2.0 mm,ice2x6_N2_c1,-6.301619047619052,-4.354869809699817
2.0 mm,ice2x6_N2_c1,-7.099380952380957,-4.534637069224493
2.0 mm,ice2x6_N2_c1,-7.713476190476197,-4.828984969295044
2.0 mm,ice2x6_N2_c1,-8.494238095238101,-5.116031795670198
2.0 mm,ice2x6_N2_c1,-9.392809523809529,-5.298289230968319
2.0 mm,ice2x6_N2_c1,-10.399190476190483,-5.548672590295118
2.0 mm,ice2x6_N2_c1,-11.479476190476198,-5.835970415428026
2.0 mm,ice2x6_N2_c1,-12.33942857142858,-6.026860476478287
2.0 mm,ice2x6_N2_c1,-12.681809523809534,-6.182838943975484
2.0 mm,ice2x6_N2_c1,-12.863857142857151,-6.477101981896858
2.0 mm,ice2x6_N2_c1,-13.071285714285725,-6.719965719143612
2.0 mm,ice2x6_N2_c1,-13.427809523809534,-6.887864872236119
2.0 mm,ice2x6_N2_c1,-13.7674761904762,-7.150052102985592
2.0 mm,ice2x6_N2_c1,-14.003238095238103,-7.408687425458583
2.0 mm,ice2x6_N2_c1,-14.08152380952382,-7.577029728078131
2.0 mm,ice2x6_N2_c1,-14.237952380952393,-7.791242676415905
2.0 mm,ice2x6_N2_c1,-14.560238095238107,-8.042168602483422
2.0 mm,ice2x6_N2_c1,-15.056571428571441,-8.222963724460683
2.0 mm,ice2x6_N2_c1,-15.517857142857153,-8.378439675007705
2.0 mm,ice2x6_N2_c1,-15.744428571428582,-8.64756916898233
2.0 mm,ice2x6_N2_c1,-15.999476190476202,-8.844239097517077
2.0 mm,ice2x6_N2_c1,-16.3737142857143,-8.987755708820345
2.0 mm,ice2x6_N2_c1,-16.816333333333347,-9.163332426144251
2.0 mm,ice2x6_N2_c1,-17.088857142857155,-9.40451630965856
2.0 mm,ice2x6_N2_c1,-17.29104761904763,-9.5742726271565
2.0 mm,ice2x6_N2_c1,-17.24080952380954,-9.709417075027577
2.0 mm,ice2x6_N2_c1,-17.163809523809537,-9.918926842223936
2.0 mm,ice2x6_N2_c1,-17.307428571428584,-10.114734328668002
2.0 mm,ice2x6_N2_c1,-17.58828571428573,-10.24909723697432
2.0 mm,ice2x6_N2_c1,-17.74914285714287,-10.376600938963868
2.0 mm,ice2x6_N2_c1,-17.982761904761922,-10.588716924493838
2.0 mm,ice2x6_N2_c1,-17.945380952380965,-10.769334168550326
2.0 mm,ice2x6_N2_c1,-17.92085714285716,-10.897958645165552
2.0 mm,ice2x6_N2_c1,-17.944714285714298,-11.016812873099452
2.0 mm,ice2x6_N2_c1,-18.17619047619049,-11.205192528948361
2.0 mm,ice2x6_N2_c1,-18.66223809523811,-11.36910679707071
2.0 mm,ice2x6_N2_c1,-18.965523809523823,-11.491408872632695
2.0 mm,ice2x6_N2_c1,-18.888380952380963,-11.606046600915667
2.0 mm,ice2x6_N2_c1,-18.735380952380964,-11.786478395938595
2.0 mm,ice2x6_N2_c1,-18.63823809523811,-11.930980087563222
2.0 mm,ice2x6_N2_c1,-18.879380952380966,-12.043965131196117
2.0 mm,ice2x6_N2_c1,-19.40623809523811,-12.165559784768265
2.0 mm,ice2x6_N2_c1,-19.781000000000013,-12.340187609963952
2.0 mm,ice2x6_N2_c1,-20.027047619047636,-12.50610419254083
2.0 mm,ice2x6_N2_c1,-20.19333333333335,-12.617946012421395
2.0 mm,ice2x6_N2_c1,-20.366333333333344,-12.718140785818296
2.0 mm,ice2x6_N2_c1,-20.47276190476192,-12.828786096787157
2.0 mm,ice2x6_N2_c1,-20.572714285714298,-13.015814423594545
2.0 mm,ice2x6_N2_c1,-20.5057142857143,-13.153136640611915
2.0 mm,ice2x6_N2_c1,-20.178000000000015,-13.26198206522569
2.0 mm,ice2x6_N2_c1,-19.8857142857143,-13.362270603787671
2.0 mm,ice2x6_N2_c1,-19.664333333333346,-13.506404590238347
2.0 mm,ice2x6_N2_c1,-19.402285714285725,-13.619476606905607
2.0 mm,ice2x6_N2_c1,-19.31123809523811,-13.71280078659877
2.0 mm,ice2x6_N2_c1,-19.334190476190493,-13.810487085274234
2.0 mm,ice2x6_N2_c1,-19.58028571428573,-13.920187885756665
2.0 mm,ice2x6_N2_c1,-19.970095238095254,-14.08576990106811
2.0 mm,ice2x6_N2_c1,-20.295714285714297,-14.208366079457114
2.0 mm,ice2x6_N2_c1,-20.436809523809544,-14.315414207197847
2.0 mm,ice2x6_N2_c1,-20.489047619047632,-14.42754064875609
2.0 mm,ice2x6_N2_c1,-20.629904761904776,-14.577525320013342
2.0 mm,ice2x6_N2_c1,-21.03480952380954,-14.723661827550385
2.0 mm,ice2x6_N2_c1,-21.362047619047637,-14.832317784543653
2.0 mm,ice2x6_N2_c1,-21.52638095238097,-14.928751371101141
2.0 mm,ice2x6_N2_c1,-21.654000000000018,-15.02961368285047
2.0 mm,ice2x6_N2_c1,-21.558000000000014,-15.180131056654437
2.0 mm,ice2x6_N2_c1,-21.41385714285716,-15.294297247135852
2.0 mm,ice2x6_N2_c1,-21.357952380952398,-15.391059348802319
2.0 mm,ice2x6_N2_c1,-21.31438095238097,-15.487753795912832
2.0 mm,ice2x6_N2_c1,-21.395476190476206,-15.603809350668024
2.0 mm,ice2x6_N2_c1,-21.54347619047621,-15.737185161496505
2.0 mm,ice2x6_N2_c1,-21.48047619047621,-15.835411677301881
2.0 mm,ice2x6_N2_c1,-21.479571428571447,-15.919359832021
2.0 mm,ice2x6_N2_c1,-21.480190476190494,-16.00082401029714
2.0 mm,ice2x6_N2_c1,-21.596904761904778,-16.093871913572134
2.0 mm,ice2x6_N2_c1,-21.810619047619063,-16.202336456651206
2.0 mm,ice2x6_N2_c1,-22.070666666666682,-16.29122643253649
2.0 mm,ice2x6_N2_c1,-22.39119047619049,-16.37867631385481
2.0 mm,ice2x6_N2_c1,-22.865666666666684,-16.476064139706075
2.0 mm,ice2x6_N2_c1,-23.058857142857157,-16.580691455863548
2.0 mm,ice2x6_N2_c1,-23.046571428571447,-16.68012649373515
2.0 mm,ice2x6_N2_c1,-22.939714285714302,-16.750557199004312
2.0 mm,ice2x6_N2_c1,-22.958047619047633,-16.815350232385335
2.0 mm,ice2x6_N2_c1,-23.17580952380954,-16.89189166806411
2.0 mm,ice2x6_N2_c1,-23.380238095238113,-16.988880895650496
2.0 mm,ice2x6_N2_c1,-23.428666666666686,-17.107469229925755
2.0 mm,ice2x6_N2_c1,-23.238238095238113,-17.21388394880723
2.0 mm,ice2x6_N2_c1,-22.900142857142875,-17.305523808285734
2.0 mm,ice2x6_N2_c1,-22.63461904761906,-17.394971456867808
2.0 mm,ice2x6_N2_c1,-22.410238095238114,-17.489002929560165
2.0 mm,ice2x6_N2_c1,-22.382619047619066,-17.596346230536763
2.0 mm,ice2x6_N2_c1,-22.76819047619049,-17.706480850010095
2.0 mm,ice2x6_N2_c1,-23.366619047619068,-17.80412081050266
2.0 mm,ice2x6_N2_c1,-23.880285714285733,-17.899821359656425
2.0 mm,ice2x6_N2_c1,-24.260571428571446,-17.99526257392567
2.0 mm,ice2x6_N2_c1,-24.34980952380954,-18.081842626989513
2.0 mm,ice2x6_N2_c1,-24.406238095238116,-18.17045198298556
2.0 mm,ice2x6_N2_c1,-24.46657142857145,-18.241854777107466
2.0 mm,ice2x6_N2_c1,-24.47704761904764,-18.305524935529522
2.0 mm,ice2x6_N2_c1,-24.402666666666686,-18.37186111607435
2.0 mm,ice2x6_N2_c1,-24.33433333333335,-18.43471684738376
2.0 mm,ice2x6_N2_c1,-24.184047619047632,-18.485350207809148
2.0 mm,ice2x6_N2_c1,-24.134904761904778,-18.530104226442752
2.0 mm,ice2x6_N2_c1,-24.067047619047635,-18.574910369139104
2.0 mm,ice2x6_N2_c1,-23.973857142857163,-18.63794079564431
2.0 mm,ice2x6_N2_c1,-23.95704761904764,-18.7240537045462
2.0 mm,ice2x6_N2_c1,-24.01842857142859,-18.819925720685543
2.0 mm,ice2x6_N2_c1,-24.131666666666682,-18.916896654178647
2.0 mm,ice2x6_N2_c1,-24.21690476190478,-19.017855520193866
2.0 mm,ice2x6_N2_c1,-24.1917142857143,-19.112982833515286
2.0 mm,ice2x6_N2_c1,-24.12542857142859,-19.206701724482073
2.0 mm,ice2x6_N2_c1,-24.073000000000018,-19.301039743091447
2.0 mm,ice2x6_N2_c1,-24.13609523809526,-19.390811887373772
2.0 mm,ice2x6_N2_c1,-24.51285714285716,-19.48072994291267
2.0 mm,ice2x6_N2_c1,-24.926666666666684,-19.563900268825556
2.0 mm,ice2x6_N2_c1,-25.300238095238115,-19.635703869347243
2.0 mm,ice2x6_N2_c1,-25.697571428571447,-19.70213077079596
2.0 mm,ice2x6_N2_c1,-25.81490476190478,-19.7658800297042
2.0 mm,ice2x6_N2_c1,-25.68185714285716,-19.82112055978706
2.0 mm,ice2x6_N2_c1,-25.43328571428573,-19.87896774968123
2.0 mm,ice2x6_N2_c1,-25.087571428571447,-19.928305848200786
2.0 mm,ice2x6_N2_c1,-24.88347619047621,-19.977797917506784
2.0 mm,ice2x6_N2_c1,-25.033714285714304,-20.0369932475078
2.0 mm,ice2x6_N2_c1,-25.273190476190493,-20.10165285773242
2.0 mm,ice2x6_N2_c1,-25.51900000000002,-20.16029667083904
2.0 mm,ice2x6_N2_c1,-25.716285714285732,-20.2200347582014
2.0 mm,ice2x6_N2_c1,-25.7529523809524,-20.280143713870856
2.0 mm,ice2x6_N2_c1,-25.680190476190496,-20.33698576133136
2.0 mm,ice2x6_N2_c1,-25.667428571428587,-20.394951714340316
2.0 mm,ice2x6_N2_c1,-25.580619047619066,-20.455708677149694
2.0 mm,ice2x6_N2_c1,-25.40109523809526,-20.51169010960344
2.0 mm,ice2x6_N2_c1,-25.398047619047638,-20.564596702298758
2.0 mm,ice2x6_N2_c1,-25.477952380952395,-20.625682217169018
2.0 mm,ice2x6_N2_c1,-25.514761904761926,-20.690080442122913
2.0 mm,ice2x6_N2_c1,-25.747714285714302,-20.760861045079935
2.0 mm,ice2x6_N2_c1,-26.022809523809542,-20.840200341868744
2.0 mm,ice2x6_N2_c1,-26.15485714285716,-20.91382550889877
2.0 mm,ice2x6_N2_c1,-26.31400000000002,-20.973247568774596
2.0 mm,ice2x6_N2_c1,-26.39842857142859,-21.03180557629337
2.0 mm,ice2x6_N2_c1,-26.367142857142873,-21.086550030508306
2.0 mm,ice2x6_N2_c1,-26.369285714285738,-21.14359964733084
2.0 mm,ice2x6_N2_c1,-26.353000000000016,-21.203784063888985
2.0 mm,ice2x6_N2_c1,-26.358619047619065,-21.258149449222156
2.0 mm,ice2x6_N2_c1,-26.34038095238097,-21.303240822377298
2.0 mm,ice2x6_N2_c1,-26.15852380952383,-21.34717888717778
2.0 mm,ice2x6_N2_c1,-25.96680952380954,-21.392389826642987
2.0 mm,ice2x6_N2_c1,-25.82100000000002,-21.43826392961923
2.0 mm,ice2x6_N2_c1,-25.907000000000018,-21.490765697920445
2.0 mm,ice2x6_N2_c1,-26.093857142857164,-21.549174550795243
2.0 mm,ice2x6_N2_c1,-26.321333333333353,-21.607365663715175
2.0 mm,ice2x6_N2_c1,-26.436761904761923,-21.66150020512393
2.0 mm,ice2x6_N2_c1,-26.4769523809524,-21.719225192748436
2.0 mm,ice2x6_N2_c1,-26.360000000000017,-21.776640468679417
2.0 mm,ice2x6_N2_c1,-26.34947619047621,-21.834096005350723
2.0 mm,ice2x6_N2_c1,-26.17838095238097,-21.889018036588997
2.0 mm,ice2x6_N2_c1,-26.13385714285716,-21.936434967200448
2.0 mm,ice2x6_N2_c1,-26.218095238095252,-21.979293096123705
2.0 mm,ice2x6_N2_c1,-26.423619047619063,-22.024708241998205
2.0 mm,ice2x6_N2_c1,-26.451142857142877,-22.085465531710014
2.0 mm,ice2x6_N2_c1,-26.45909523809526,-22.151505634281598
2.0 mm,ice2x6_N2_c1,-26.45642857142859,-22.217514718049074
2.0 mm,ice2x6_N2_c1,-26.463095238095256,-22.27827893432714
2.0 mm,ice2x6_N2_c1,-26.490809523809546,-22.334525332967285
2.0 mm,ice2x6_N2_c1,-26.559285714285732,-22.389291082476124
2.0 mm,ice2x6_N2_c1,-26.55009523809526,-22.443679041642
2.0 mm,ice2x6_N2_c1,-26.446714285714307,-22.505555666523655
2.0 mm,ice2x6_N2_c1,-26.3607142857143,-22.564269144594714
2.0 mm,ice2x6_N2_c1,-26.311142857142876,-22.620542279399334
2.0 mm,ice2x6_N2_c1,-26.306761904761924,-22.675562383236517
2.0 mm,ice2x6_N2_c1,-26.35933333333335,-22.726693539569062
2.0 mm,ice2x6_N2_c1,-26.45852380952383,-22.77620058972491
2.0 mm,ice2x6_N2_c1,-26.420380952380967,-22.830978573727116
2.0 mm,ice2x6_N2_c1,-26.44023809523811,-22.891087775990165
2.0 mm,ice2x6_N2_c1,-26.654714285714306,-22.9484676566574
2.0 mm,ice2x6_N2_c1,-27.058809523809543,-23.007646762967738
2.0 mm,ice2x6_N2_c1,-27.266714285714308,-23.06383671865037
2.0 mm,ice2x6_N2_c1,-27.20147619047621,-23.113614871752098
2.0 mm,ice2x6_N2_c1,-27.00138095238097,-23.158011640756136
2.0 mm,ice2x6_N2_c1,-26.70347619047621,-23.19667971863358
2.0 mm,ice2x6_N2_c1,-26.52500000000002,-23.239905391630487
2.0 mm,ice2x6_N2_c1,-26.49204761904764,-23.290967684280215
2.0 mm,ice2x6_N2_c1,-26.408380952380973,-23.345340394414947
2.0 mm,ice2x6_N2_c1,-26.39490476190478,-23.395344046135644
2.0 mm,ice2x6_N2_c1,-26.651428571428593,-23.44464329787306
2.0 mm,ice2x6_N2_c1,-26.993809523809546,-23.49771626379474
2.0 mm,ice2x6_N2_c1,-27.355666666666686,-23.557402299386418
2.0 mm,ice2x6_N2_c1,-27.522285714285736,-23.628628916656183
2.0 mm,ice2x6_N2_c1,-27.35152380952383,-23.695237299411453
2.0 mm,ice2x6_N2_c1,-26.968190476190497,-23.74589080189739
2.0 mm,ice2x6_N2_c1,-26.608380952380973,-23.781591762197056
2.0 mm,ice2x6_N2_c1,-26.482190476190496,-23.810729337646983
2.0 mm,ice2x6_N2_c1,-26.535190476190493,-23.83941400035883
2.0 mm,ice2x6_N2_c1,-26.869095238095255,-23.873821323234395
2.0 mm,ice2x6_N2_c1,-27.16642857142859,-23.924139640999396
2.0 mm,ice2x6_N2_c1,-27.430761904761923,-23.983027761322738
2.0 mm,ice2x6_N2_c1,-27.672904761904782,-24.041494943158185
2.0 mm,ice2x6_N2_c1,-27.7039523809524,-24.092144651498703
2.0 mm,ice2x6_N2_c1,-27.44804761904764,-24.131470556343213
2.0 mm,ice2x6_N2_c1,-27.1239523809524,-24.163951477583797
2.0 mm,ice2x6_N2_c1,-26.762285714285735,-24.194583094519256
2.0 mm,ice2x6_N2_c1,-26.40580952380954,-24.23001498828743
2.0 mm,ice2x6_N2_c1,-26.165571428571447,-24.27916705541069
2.0 mm,ice2x6_N2_c1,-26.005809523809543,-24.331257905405693
2.0 mm,ice2x6_N2_c1,-25.956619047619068,-24.37936327440685
2.0 mm,ice2x6_N2_c1,-26.07990476190478,-24.423991238969922
2.0 mm,ice2x6_N2_c1,-26.41338095238097,-24.467164457247588
2.0 mm,ice2x6_N2_c1,-26.758238095238113,-24.511141374386458
2.0 mm,ice2x6_N2_c1,-27.049619047619068,-24.55691032463668
2.0 mm,ice2x6_N2_c1,-27.17490476190478,-24.60698393389876
2.0 mm,ice2x6_N2_c1,-26.92542857142859,-24.653866416825796
2.0 mm,ice2x6_N2_c1,-26.71885714285716,-24.691406557428365
2.0 mm,ice2x6_N2_c1,-26.86780952380954,-24.723295444758648
2.0 mm,ice2x6_N2_c1,-27.27104761904764,-24.756556281222483
2.0 mm,ice2x6_N2_c1,-27.793571428571447,-24.796796307863353
2.0 mm,ice2x6_N2_c1,-27.97852380952383,-24.841374129144388
2.0 mm,ice2x6_N2_c1,-27.677190476190496,-24.881332905026234
2.0 mm,ice2x6_N2_c1,-27.25538095238097,-24.919528145352857
2.0 mm,ice2x6_N2_c1,-27.073857142857165,-24.95509728921541
2.0 mm,ice2x6_N2_c1,-26.97190476190478,-24.987990978790226
2.0 mm,ice2x6_N2_c1,-26.89328571428573,-25.01929489724662
2.0 mm,ice2x6_N2_c1,-26.7809523809524,-25.04840367817438
2.0 mm,ice2x6_N2_c1,-26.77514285714288,-25.078341963576474
2.0 mm,ice2x6_N2_c1,-26.78804761904764,-25.114102992041587
2.0 mm,ice2x6_N2_c1,-27.02838095238097,-25.156954410199752
2.0 mm,ice2x6_N2_c1,-27.110047619047638,-25.205552828958506
2.0 mm,ice2x6_N2_c1,-27.08885714285716,-25.247743506034556
2.0 mm,ice2x6_N2_c1,-27.125428571428593,-25.279061169692223
2.0 mm,ice2x6_N2_c1,-27.311904761904785,-25.306038303216877
2.0 mm,ice2x6_N2_c1,-27.293952380952398,-25.3372056420784
2.0 mm,ice2x6_N2_c1,-27.250142857142876,-25.372313466902803
2.0 mm,ice2x6_N2_c1,-27.141904761904783,-25.41042967568109
2.0 mm,ice2x6_N2_c1,-27.09900000000002,-25.45349965906743
2.0 mm,ice2x6_N2_c1,-27.038333333333355,-25.501908953760296
2.0 mm,ice2x6_N2_c1,-26.994047619047635,-25.544311907747822
2.0 mm,ice2x6_N2_c1,-26.79638095238097,-25.577166904121064
2.0 mm,ice2x6_N2_c1,-26.502190476190496,-25.59532566265806
2.0 mm,ice2x6_N2_c1,-26.35066666666669,-25.599936201723654
2.0 mm,ice2x6_N2_c1,-26.358571428571448,-25.602845873649425
2.0 mm,ice2x6_N2_c1,-26.364095238095256,-25.61292258800612
2.0 mm,ice2x6_N2_c1,-26.44828571428573,-25.636312107209744
2.0 mm,ice2x6_N2_c1,-26.73342857142859,-25.680884926895708
2.0 mm,ice2x6_N2_c1,-27.027285714285735,-25.73222700681237
2.0 mm,ice2x6_N2_c1,-27.315142857142874,-25.776455074289316
2.0 mm,ice2x6_N2_c1,-27.487285714285733,-25.813719333328432
2.0 mm,ice2x6_N2_c1,-27.42647619047621,-25.843614460721668
2.0 mm,ice2x6_N2_c1,-27.32204761904764,-25.86642884159465
2.0 mm,ice2x6_N2_c1,-27.272666666666687,-25.88785710311886
2.0 mm,ice2x6_N2_c1,-27.15580952380954,-25.914715626898523
2.0 mm,ice2x6_N2_c1,-27.027333333333353,-25.94651846054288
2.0 mm,ice2x6_N2_c1,-26.915428571428592,-25.980993999633103
2.0 mm,ice2x6_N2_c1,-26.808238095238117,-26.010090557464647
2.0 mm,ice2x6_N2_c1,-26.832761904761924,-26.02987423934123
2.0 mm,ice2x6_N2_c1,-27.042809523809545,-26.055604468410706
2.0 mm,ice2x6_N2_c1,-27.241523809523827,-26.093684129425665
2.0 mm,ice2x6_N2_c1,-27.43928571428573,-26.133187351391655
2.0 mm,ice2x6_N2_c1,-27.73800000000002,-26.175639482638328
2.0 mm,ice2x6_N2_c1,-27.871476190476212,-26.218649167811726
2.0 mm,ice2x6_N2_c1,-27.89866666666669,-26.259833348418383
2.0 mm,ice2x6_N2_c1,-27.870666666666686,-26.304197203650496
2.0 mm,ice2x6_N2_c1,-27.700238095238113,-26.340574503519946
2.0 mm,ice2x6_N2_c1,-27.47823809523812,-26.360158120222167
2.0 mm,ice2x6_N2_c1,-27.338095238095256,-26.375178496879514
2.0 mm,ice2x6_N2_c1,-27.206619047619064,-26.389760136962224
2.0 mm,ice2x6_N2_c1,-27.139285714285734,-26.407841755744567
2.0 mm,ice2x6_N2_c1,-27.146714285714303,-26.435796335931002
2.0 mm,ice2x6_N2_c1,-27.22190476190478,-26.462227697344446
2.0 mm,ice2x6_N2_c1,-27.330190476190495,-26.48179301656519
2.0 mm,ice2x6_N2_c1,-27.405095238095257,-26.501150067493978
2.0 mm,ice2x6_N2_c1,-27.493142857142878,-26.51980769979409
2.0 mm,ice2x6_N2_c1,-27.50042857142859,-26.53961881828611
2.0 mm,ice2x6_N2_c1,-27.43400000000002,-26.567693731952982
2.0 mm,ice2x6_N2_c1,-27.421428571428592,-26.59647169324984
2.0 mm,ice2x6_N2_c1,-27.547142857142877,-26.62343071799827
2.0 mm,ice2x6_N2_c1,-27.678761904761924,-26.658582672482147
2.0 mm,ice2x6_N2_c1,-27.73557142857145,-26.691549744890253
2.0 mm,ice2x6_N2_c1,-27.645619047619068,-26.71527240108737
2.0 mm,ice2x6_N2_c1,-27.539095238095257,-26.735215496291662
2.0 mm,ice2x6_N2_c1,-27.493428571428588,-26.75211871103023
2.0 mm,ice2x6_N2_c1,-27.645809523809547,-26.765340794196668
2.0 mm,ice2x6_N2_c1,-27.745714285714307,-26.786028570990663
2.0 mm,ice2x6_N2_c1,-27.687190476190494,-26.80543554074446
2.0 mm,ice2x6_N2_c1,-27.543428571428592,-26.81122939867776
2.0 mm,ice2x6_N2_c1,-27.526142857142876,-26.818418492196543
2.0 mm,ice2x6_N2_c1,-27.55704761904764,-26.827997561709186
2.0 mm,ice2x6_N2_c1,-27.776619047619064,-26.837690746093774
2.0 mm,ice2x6_N2_c1,-27.995000000000022,-26.859959526173622
2.0 mm,ice2x6_N2_c1,-28.100190476190495,-26.88793865495311
2.0 mm,ice2x6_N2_c1,-28.05457142857145,-26.914758591705667
2.0 mm,ice2x6_N2_c1,-27.89542857142859,-26.947809183060336
2.0 mm,ice2x6_N2_c1,-27.755047619047637,-26.977131909802935
2.0 mm,ice2x6_N2_c1,-27.683333333333355,-26.99640497197553
2.0 mm,ice2x6_N2_c1,-27.631857142857164,-27.01506464750592
2.0 mm,ice2x6_N2_c1,-27.62204761904764,-27.037983185858742
2.0 mm,ice2x6_N2_c1,-27.763190476190495,-27.06751093706636
2.0 mm,ice2x6_N2_c1,-27.940809523809545,-27.108996836011116
2.0 mm,ice2x6_N2_c1,-28.211333333333354,-27.153649646308324
2.0 mm,ice2x6_N2_c1,-28.39352380952383,-27.19633323736224
2.0 mm,ice2x6_N2_c1,-28.48490476190478,-27.269439122265975
2.0 mm,ice2x6_N2_c1,-28.588142857142877,-27.413088414619278
2.0 mm,ice2x6_N2_c1,-28.656857142857163,-27.642841893966484
2.0 mm,ice2x6_N2_c1,-28.616285714285738,-27.95671248753432
2.0 mm,ice2x6_N2_c1,-28.60852380952383,-28.333401396873292
2.0 mm,ice2x6_N2_c1,-28.55123809523812,-28.735501843027166
2.0 mm,ice2x6_N2_c1,-28.622190476190497,-29.15689931488078
2.0 mm,ice2x6_N2_c1,-28.85852380952383,-29.623917756176027
2.0 mm,ice2x6_N2_c1,-28.958904761904783,-30.188230275864505
2.0 mm,ice2x6_N2_c1,-28.98904761904764,-30.712433097211882
2.0 mm,ice2x6_N3_c1,26.472428571428587,26.296542857142878
2.0 mm,ice2x6_N3_c1,25.241142857142876,26.282927312323274
2.0 mm,ice2x6_N3_c1,23.64242857142859,26.16746593596301
2.0 mm,ice2x6_N3_c1,21.88738095238097,25.87376386998122
2.0 mm,ice2x6_N3_c1,20.424142857142872,25.38918283422813
2.0 mm,ice2x6_N3_c1,19.012047619047635,24.72443564796636
2.0 mm,ice2x6_N3_c1,17.74195238095239,23.90072816354876
2.0 mm,ice2x6_N3_c1,16.65619047619049,22.95564110060567
2.0 mm,ice2x6_N3_c1,15.807857142857154,21.94227112733901
2.0 mm,ice2x6_N3_c1,15.035238095238105,20.9083986839239
2.0 mm,ice2x6_N3_c1,14.336857142857152,19.877444444186835
2.0 mm,ice2x6_N3_c1,13.566428571428581,18.858000538816444
2.0 mm,ice2x6_N3_c1,12.74395238095239,17.868761091663224
2.0 mm,ice2x6_N3_c1,11.969571428571438,16.917076749497756
2.0 mm,ice2x6_N3_c1,11.263666666666674,15.99417785321829
2.0 mm,ice2x6_N3_c1,10.42090476190477,15.097764874499
2.0 mm,ice2x6_N3_c1,9.698000000000008,14.220220030696098
2.0 mm,ice2x6_N3_c1,8.996238095238102,13.388901879800347
2.0 mm,ice2x6_N3_c1,8.252857142857149,12.594533745846572
2.0 mm,ice2x6_N3_c1,7.47876190476191,11.810424079717071
2.0 mm,ice2x6_N3_c1,6.737142857142862,11.061656581776653
2.0 mm,ice2x6_N3_c1,6.00271428571429,10.344357952136539
2.0 mm,ice2x6_N3_c1,5.438523809523813,9.673952308126871
2.0 mm,ice2x6_N3_c1,4.891476190476194,9.122012576097829
2.0 mm,ice2x6_N3_c1,4.388523809523813,8.643060816254643
2.0 mm,ice2x6_N3_c1,3.812190476190479,8.185439176781225
2.0 mm,ice2x6_N3_c1,3.1631904761904783,7.781121026221709
2.0 mm,ice2x6_N3_c1,2.7254761904761926,7.368686707234934
2.0 mm,ice2x6_N3_c1,2.46957142857143,6.98357232096963
2.0 mm,ice2x6_N3_c1,2.2959047619047634,6.604124562838843
2.0 mm,ice2x6_N3_c1,2.2719047619047634,6.2316718257734305
2.0 mm,ice2x6_N3_c1,2.300428571428573,5.883363247369535
2.0 mm,ice2x6_N3_c1,2.2650000000000015,5.52575020201496
2.0 mm,ice2x6_N3_c1,2.16257142857143,5.218243702641645
2.0 mm,ice2x6_N3_c1,1.9933333333333347,4.865574574766125
2.0 mm,ice2x6_N3_c1,1.7055238095238106,4.564679838919411
2.0 mm,ice2x6_N3_c1,0.9901428571428579,4.241697254680326
2.0 mm,ice2x6_N3_c1,-0.13757142857142865,3.946842457606223
2.0 mm,ice2x6_N3_c1,-1.4232857142857154,3.675355201435794
2.0 mm,ice2x6_N3_c1,-2.7876190476190503,3.330713521375412
2.0 mm,ice2x6_N3_c1,-3.8703809523809554,3.0631327984508108
2.0 mm,ice2x6_N3_c1,-4.55519047619048,2.7444576431290404
2.0 mm,ice2x6_N3_c1,-5.224142857142862,2.478557486842412
2.0 mm,ice2x6_N3_c1,-5.8931904761904805,2.206464626840186
2.0 mm,ice2x6_N3_c1,-6.382904761904767,1.8829396203904887
2.0 mm,ice2x6_N3_c1,-6.767142857142861,1.6623216384813984
2.0 mm,ice2x6_N3_c1,-7.0557619047619085,1.339943847374891
2.0 mm,ice2x6_N3_c1,-7.240666666666672,1.110116530663887
2.0 mm,ice2x6_N3_c1,-7.579714285714292,0.838908109585898
2.0 mm,ice2x6_N3_c1,-8.03980952380953,0.534230862736865
2.0 mm,ice2x6_N3_c1,-8.396142857142863,0.3548639356347646
2.0 mm,ice2x6_N3_c1,-8.694380952380959,0.03735791276171957
2.0 mm,ice2x6_N3_c1,-9.167666666666673,-0.13432392402061072
2.0 mm,ice2x6_N3_c1,-9.69933333333334,-0.3514392975185632
2.0 mm,ice2x6_N3_c1,-10.186619047619054,-0.7027167634596984
2.0 mm,ice2x6_N3_c1,-10.226142857142865,-0.9455027899967264
2.0 mm,ice2x6_N3_c1,-10.17228571428572,-1.2441235757598004
2.0 mm,ice2x6_N3_c1,-10.331095238095246,-1.588560852099529
2.0 mm,ice2x6_N3_c1,-10.59385714285715,-1.8300213904166935
2.0 mm,ice2x6_N3_c1,-10.836761904761913,-2.127700272018474
2.0 mm,ice2x6_N3_c1,-11.225666666666674,-2.4518148645760753
2.0 mm,ice2x6_N3_c1,-11.421047619047627,-2.6575794946006948
2.0 mm,ice2x6_N3_c1,-11.797904761904771,-2.9399779850602163
2.0 mm,ice2x6_N3_c1,-12.474333333333343,-3.256366094314108
2.0 mm,ice2x6_N3_c1,-12.996333333333343,-3.4677874354449045
2.0 mm,ice2x6_N3_c1,-13.063666666666677,-3.7511393781516578
2.0 mm,ice2x6_N3_c1,-13.252238095238106,-4.062350727949019
2.0 mm,ice2x6_N3_c1,-13.457047619047628,-4.263471551082201
2.0 mm,ice2x6_N3_c1,-13.746571428571439,-4.521610886385629
2.0 mm,ice2x6_N3_c1,-14.308285714285724,-4.81322899516291
2.0 mm,ice2x6_N3_c1,-14.84557142857144,-5.0142183393664075
2.0 mm,ice2x6_N3_c1,-15.127476190476202,-5.272546648268839
2.0 mm,ice2x6_N3_c1,-15.279428571428582,-5.56143496123887
2.0 mm,ice2x6_N3_c1,-15.351904761904773,-5.756443958650479
2.0 mm,ice2x6_N3_c1,-15.526142857142869,-5.9690007440644
2.0 mm,ice2x6_N3_c1,-15.916666666666679,-6.245339270043575
2.0 mm,ice2x6_N3_c1,-16.17800000000001,-6.435172868441933
2.0 mm,ice2x6_N3_c1,-16.46609523809525,-6.594778818459352
2.0 mm,ice2x6_N3_c1,-16.73114285714287,-6.884018815554332
2.0 mm,ice2x6_N3_c1,-17.023142857142872,-7.0899015710709214
2.0 mm,ice2x6_N3_c1,-17.219904761904775,-7.244939313873852
2.0 mm,ice2x6_N3_c1,-17.39504761904763,-7.471122134314577
2.0 mm,ice2x6_N3_c1,-17.46057142857144,-7.6924754524468035
2.0 mm,ice2x6_N3_c1,-17.639952380952394,-7.839183696633199
2.0 mm,ice2x6_N3_c1,-17.922476190476203,-7.981975220327565
2.0 mm,ice2x6_N3_c1,-18.20266666666668,-8.232742956784605
2.0 mm,ice2x6_N3_c1,-18.408523809523825,-8.43562195318971
2.0 mm,ice2x6_N3_c1,-18.690904761904775,-8.583474743361432
2.0 mm,ice2x6_N3_c1,-18.873428571428587,-8.729821086391151
2.0 mm,ice2x6_N3_c1,-19.11814285714287,-8.972518119983102
2.0 mm,ice2x6_N3_c1,-19.16914285714287,-9.124563944887484
2.0 mm,ice2x6_N3_c1,-19.099095238095252,-9.256798698263973
2.0 mm,ice2x6_N3_c1,-19.192428571428586,-9.428521630313904
2.0 mm,ice2x6_N3_c1,-19.520047619047634,-9.640344439084423
2.0 mm,ice2x6_N3_c1,-19.75876190476192,-9.785833092252936
2.0 mm,ice2x6_N3_c1,-19.92428571428573,-9.9211913664642
2.0 mm,ice2x6_N3_c1,-19.878428571428586,-10.094715849817923
2.0 mm,ice2x6_N3_c1,-19.81523809523811,-10.300754186097457
2.0 mm,ice2x6_N3_c1,-19.955142857142874,-10.435790601410378
2.0 mm,ice2x6_N3_c1,-20.217523809523826,-10.563242227500812
2.0 mm,ice2x6_N3_c1,-20.416238095238107,-10.7521371565709
2.0 mm,ice2x6_N3_c1,-20.462238095238106,-10.936453980391853
2.0 mm,ice2x6_N3_c1,-20.57361904761906,-11.07429646260594
2.0 mm,ice2x6_N3_c1,-20.744047619047635,-11.20894364718733
2.0 mm,ice2x6_N3_c1,-20.755714285714298,-11.394883951840185
2.0 mm,ice2x6_N3_c1,-20.90104761904763,-11.552649993771787
2.0 mm,ice2x6_N3_c1,-21.116142857142872,-11.666916559846365
2.0 mm,ice2x6_N3_c1,-21.368666666666684,-11.783531277602144
2.0 mm,ice2x6_N3_c1,-21.71509523809525,-11.95770504464166
2.0 mm,ice2x6_N3_c1,-21.973476190476205,-12.133562656572016
2.0 mm,ice2x6_N3_c1,-21.86100000000002,-12.276527328625281
2.0 mm,ice2x6_N3_c1,-21.83890476190478,-12.399224549178953
2.0 mm,ice2x6_N3_c1,-21.909571428571443,-12.53275464318674
2.0 mm,ice2x6_N3_c1,-22.15085714285716,-12.67383330614321
2.0 mm,ice2x6_N3_c1,-22.56438095238097,-12.779118472671549
2.0 mm,ice2x6_N3_c1,-23.040142857142875,-12.893464238132507
2.0 mm,ice2x6_N3_c1,-23.285333333333348,-13.029224320727042
2.0 mm,ice2x6_N3_c1,-23.35680952380954,-13.207273793350351
2.0 mm,ice2x6_N3_c1,-23.355095238095252,-13.329212242434487
2.0 mm,ice2x6_N3_c1,-23.196333333333346,-13.433137533130484
2.0 mm,ice2x6_N3_c1,-23.097000000000016,-13.53528684645613
2.0 mm,ice2x6_N3_c1,-23.255666666666684,-13.662667506147866
2.0 mm,ice2x6_N3_c1,-23.46319047619049,-13.782654794381415
2.0 mm,ice2x6_N3_c1,-23.707333333333352,-13.887223591616742
2.0 mm,ice2x6_N3_c1,-23.9737142857143,-13.995945967982918
2.0 mm,ice2x6_N3_c1,-24.046571428571447,-14.119856503761811
2.0 mm,ice2x6_N3_c1,-24.0839523809524,-14.275174597672187
2.0 mm,ice2x6_N3_c1,-24.233571428571445,-14.389775809344078
2.0 mm,ice2x6_N3_c1,-24.368714285714304,-14.494021959282698
2.0 mm,ice2x6_N3_c1,-24.509857142857157,-14.6065859046696
2.0 mm,ice2x6_N3_c1,-24.62338095238097,-14.750946187364095
2.0 mm,ice2x6_N3_c1,-24.702428571428587,-14.892168283433154
2.0 mm,ice2x6_N3_c1,-24.73690476190478,-15.00935019544675
2.0 mm,ice2x6_N3_c1,-24.794714285714306,-15.106735269619469
2.0 mm,ice2x6_N3_c1,-24.855714285714306,-15.18882938368108
2.0 mm,ice2x6_N3_c1,-24.85361904761907,-15.290063573704911
2.0 mm,ice2x6_N3_c1,-24.850476190476208,-15.376158235096543
2.0 mm,ice2x6_N3_c1,-24.876619047619066,-15.4683351940476
2.0 mm,ice2x6_N3_c1,-24.957047619047636,-15.570974840144267
2.0 mm,ice2x6_N3_c1,-25.173809523809542,-15.672420086939832
2.0 mm,ice2x6_N3_c1,-25.483571428571448,-15.783465519822698
2.0 mm,ice2x6_N3_c1,-25.668238095238117,-15.881388686003266
2.0 mm,ice2x6_N3_c1,-25.86633333333335,-15.981407593513673
2.0 mm,ice2x6_N3_c1,-25.956238095238113,-16.08863710102647
2.0 mm,ice2x6_N3_c1,-25.926857142857163,-16.200253209778648
2.0 mm,ice2x6_N3_c1,-25.909666666666688,-16.31102969083451
2.0 mm,ice2x6_N3_c1,-25.979142857142875,-16.40160835456338
2.0 mm,ice2x6_N3_c1,-25.894190476190495,-16.49316252014117
2.0 mm,ice2x6_N3_c1,-25.85304761904764,-16.591293047663644
2.0 mm,ice2x6_N3_c1,-25.76447619047621,-16.686350998227237
2.0 mm,ice2x6_N3_c1,-25.88547619047621,-16.774309202553127
2.0 mm,ice2x6_N3_c1,-26.120238095238115,-16.847063604793192
2.0 mm,ice2x6_N3_c1,-26.385142857142878,-16.937490980836312
2.0 mm,ice2x6_N3_c1,-26.479952380952398,-17.05118924093507
2.0 mm,ice2x6_N3_c1,-26.512523809523827,-17.169267034639073
2.0 mm,ice2x6_N3_c1,-26.52514285714288,-17.28130582386607
2.0 mm,ice2x6_N3_c1,-26.5469523809524,-17.368020351058107
2.0 mm,ice2x6_N3_c1,-26.418857142857163,-17.45003103574049
2.0 mm,ice2x6_N3_c1,-26.292857142857162,-17.536990868359624
2.0 mm,ice2x6_N3_c1,-26.299619047619068,-17.61208761128468
2.0 mm,ice2x6_N3_c1,-26.439714285714306,-17.68654658265212
2.0 mm,ice2x6_N3_c1,-26.748095238095257,-17.751086144513177
2.0 mm,ice2x6_N3_c1,-26.98604761904764,-17.827284006164575
2.0 mm,ice2x6_N3_c1,-26.851619047619067,-17.92589325686895
2.0 mm,ice2x6_N3_c1,-26.459190476190496,-18.024086775188565
2.0 mm,ice2x6_N3_c1,-26.257619047619066,-18.111887712937264
2.0 mm,ice2x6_N3_c1,-26.42700000000002,-18.181509423363
2.0 mm,ice2x6_N3_c1,-26.900571428571446,-18.240234642469964
2.0 mm,ice2x6_N3_c1,-27.469619047619066,-18.31128293963178
2.0 mm,ice2x6_N3_c1,-27.71561904761907,-18.40481842136567
2.0 mm,ice2x6_N3_c1,-27.636190476190496,-18.504298397583987
2.0 mm,ice2x6_N3_c1,-27.581190476190493,-18.604823642969205
2.0 mm,ice2x6_N3_c1,-27.828238095238117,-18.68566714200134
2.0 mm,ice2x6_N3_c1,-28.03361904761907,-18.7548526339913
2.0 mm,ice2x6_N3_c1,-28.08633333333335,-18.826994120653247
2.0 mm,ice2x6_N3_c1,-28.069333333333354,-18.897706136399446
2.0 mm,ice2x6_N3_c1,-28.03833333333335,-18.9700847554447
2.0 mm,ice2x6_N3_c1,-27.9991904761905,-19.037994182654913
2.0 mm,ice2x6_N3_c1,-28.021761904761924,-19.10030781973034
2.0 mm,ice2x6_N3_c1,-27.999095238095254,-19.16416075269515
2.0 mm,ice2x6_N3_c1,-27.906476190476212,-19.23370594071566
2.0 mm,ice2x6_N3_c1,-27.849571428571444,-19.30874917563095
2.0 mm,ice2x6_N3_c1,-27.802238095238117,-19.404003196982064
2.0 mm,ice2x6_N3_c1,-27.94138095238097,-19.50037267234309
2.0 mm,ice2x6_N3_c1,-28.14985714285716,-19.58654503572303
2.0 mm,ice2x6_N3_c1,-28.494142857142876,-19.65865295617405
2.0 mm,ice2x6_N3_c1,-28.769904761904783,-19.717952742869493
2.0 mm,ice2x6_N3_c1,-28.84309523809526,-19.790830661671166
2.0 mm,ice2x6_N3_c1,-28.620095238095256,-19.892746678977158
2.0 mm,ice2x6_N3_c1,-28.46409523809526,-19.995811190192697
2.0 mm,ice2x6_N3_c1,-28.51600000000002,-20.08201672156845
2.0 mm,ice2x6_N3_c1,-28.779714285714306,-20.144032482120714
2.0 mm,ice2x6_N3_c1,-28.955714285714308,-20.1937815722424
2.0 mm,ice2x6_N3_c1,-29.011238095238117,-20.26061276357295
2.0 mm,ice2x6_N3_c1,-29.0001904761905,-20.345269516823155
2.0 mm,ice2x6_N3_c1,-28.927714285714305,-20.430648417785612
2.0 mm,ice2x6_N3_c1,-28.88461904761907,-20.500004882196777
2.0 mm,ice2x6_N3_c1,-28.9811904761905,-20.542241583207755
2.0 mm,ice2x6_N3_c1,-28.94209523809526,-20.573146489853784
2.0 mm,ice2x6_N3_c1,-28.85809523809526,-20.624674161771985
2.0 mm,ice2x6_N3_c1,-28.903285714285737,-20.699048869317615
2.0 mm,ice2x6_N3_c1,-29.020333333333355,-20.78383376694347
2.0 mm,ice2x6_N3_c1,-29.197857142857167,-20.87030916195511
2.0 mm,ice2x6_N3_c1,-29.36504761904764,-20.94962580570733
2.0 mm,ice2x6_N3_c1,-29.31252380952383,-21.024901279734813
2.0 mm,ice2x6_N3_c1,-29.087428571428593,-21.10217529764969
2.0 mm,ice2x6_N3_c1,-28.909666666666688,-21.163608079900648
2.0 mm,ice2x6_N3_c1,-28.91690476190478,-21.20302315600342
2.0 mm,ice2x6_N3_c1,-29.12257142857145,-21.235172509222206
2.0 mm,ice2x6_N3_c1,-29.368047619047637,-21.26843394261431
2.0 mm,ice2x6_N3_c1,-29.550428571428593,-21.313822214253282
2.0 mm,ice2x6_N3_c1,-29.645714285714313,-21.376654366530456
2.0 mm,ice2x6_N3_c1,-29.742809523809544,-21.449600225907528
2.0 mm,ice2x6_N3_c1,-29.82909523809526,-21.52899806987509
2.0 mm,ice2x6_N3_c1,-29.87814285714288,-21.60807178606629
2.0 mm,ice2x6_N3_c1,-29.982428571428592,-21.67077967681031
2.0 mm,ice2x6_N3_c1,-30.046238095238117,-21.72176695199372
2.0 mm,ice2x6_N3_c1,-30.11738095238097,-21.773881068974454
2.0 mm,ice2x6_N3_c1,-30.172333333333352,-21.84221501069719
2.0 mm,ice2x6_N3_c1,-30.22900000000002,-21.92357441185359
2.0 mm,ice2x6_N3_c1,-30.490142857142878,-22.00808919057746
2.0 mm,ice2x6_N3_c1,-30.425952380952406,-22.065109621230594
2.0 mm,ice2x6_N3_c1,-29.193571428571452,-22.071554123707667
2.0 mm,ice2x6_N3_c1,-27.545047619047637,-22.033309017957762
2.0 mm,ice2x6_N3_c1,-26.134238095238114,-21.990539610971616
2.0 mm,ice2x6_N3_c1,-25.533714285714304,-21.988315036404476
2.0 mm,ice2x6_N3_c1,-26.074857142857162,-22.05458752291721
2.0 mm,ice2x6_N3_c1,-27.051619047619067,-22.174552474422605
2.0 mm,ice2x6_N3_c1,-27.554428571428588,-22.300840108694466
2.0 mm,ice2x6_N3_c1,-28.01261904761907,-22.379188685885364
2.0 mm,ice2x6_N3_c1,-28.106142857142874,-22.405556817124598
2.0 mm,ice2x6_N3_c1,-28.120571428571452,-22.433521402235026
2.0 mm,ice2x6_N3_c1,-28.11928571428573,-22.492083088770595
2.0 mm,ice2x6_N3_c1,-28.279428571428593,-22.589778361417096
2.0 mm,ice2x6_N3_c1,-28.644571428571446,-22.712229923705657
2.0 mm,ice2x6_N3_c1,-29.147619047619067,-22.832325215458333
2.0 mm,ice2x6_N3_c1,-28.375761904761923,-22.889910287511228
2.0 mm,ice2x6_N3_c1,-27.193666666666687,-22.852420076360698
2.0 mm,ice2x6_N3_c1,-26.13609523809526,-22.771671542603666
2.0 mm,ice2x6_N3_c1,-25.47857142857145,-22.696602317184233
2.0 mm,ice2x6_N3_c1,-25.86604761904764,-22.641655045251127
2.0 mm,ice2x6_N3_c1,-27.25100000000002,-22.625960294177123
2.0 mm,ice2x6_N3_c1,-28.284952380952404,-22.657619506918714
2.0 mm,ice2x6_N3_c1,-28.83885714285716,-22.717078095487217
2.0 mm,ice2x6_N3_c1,-28.7499523809524,-22.821327287587806
2.0 mm,ice2x6_N3_c1,-27.9999523809524,-22.96155421189198
2.0 mm,ice2x6_N3_c1,-27.435714285714305,-23.07273081330334
2.0 mm,ice2x6_N3_c1,-26.603714285714307,-23.104982550895507
2.0 mm,ice2x6_N3_c1,-25.695714285714303,-23.08557837556696
2.0 mm,ice2x6_N3_c1,-25.04638095238097,-23.071374352691528
2.0 mm,ice2x6_N3_c1,-24.903285714285733,-23.10168057180375
2.0 mm,ice2x6_N3_c1,-25.8049523809524,-23.1603911375567
2.0 mm,ice2x6_N3_c1,-27.354238095238117,-23.233063594979274
2.0 mm,ice2x6_N3_c1,-28.405761904761924,-23.31171169940064
2.0 mm,ice2x6_N3_c1,-28.92771428571431,-23.380824396064618
2.0 mm,ice2x6_N3_c1,-29.142333333333358,-23.470678432380222
2.0 mm,ice2x6_N3_c1,-29.24147619047621,-23.605442266918786
2.0 mm,ice2x6_N3_c1,-29.635142857142874,-23.737825515662085
2.0 mm,ice2x6_N3_c1,-30.086285714285737,-23.8269149512691
2.0 mm,ice2x6_N3_c1,-30.64776190476193,-23.884860111209655
2.0 mm,ice2x6_N3_c1,-31.16628571428574,-23.916226825247556
2.0 mm,ice2x6_N3_c1,-31.480523809523834,-23.942791167690917
2.0 mm,ice2x6_N3_c1,-31.536952380952407,-23.979030403169173
2.0 mm,ice2x6_N3_c1,-31.326571428571448,-24.020821673650133
2.0 mm,ice2x6_N3_c1,-31.01004761904764,-24.056248771430912
2.0 mm,ice2x6_N3_c1,-30.85704761904764,-24.083860898304067
2.0 mm,ice2x6_N3_c1,-30.927523809523834,-24.1292607565917
2.0 mm,ice2x6_N3_c1,-30.98000000000002,-24.198736106248013
2.0 mm,ice2x6_N3_c1,-31.00257142857145,-24.27177717054305
2.0 mm,ice2x6_N3_c1,-31.011333333333354,-24.327160456650926
2.0 mm,ice2x6_N3_c1,-30.94928571428574,-24.356733824811137
2.0 mm,ice2x6_N3_c1,-30.942952380952402,-24.379547535852648
2.0 mm,ice2x6_N3_c1,-31.091952380952403,-24.42111175057563
2.0 mm,ice2x6_N3_c1,-31.008761904761926,-24.485076214636678
2.0 mm,ice2x6_N3_c1,-30.82400000000002,-24.541997974473027
2.0 mm,ice2x6_N3_c1,-30.648857142857164,-24.56645912353281
2.0 mm,ice2x6_N3_c1,-30.595857142857163,-24.566928393958275
2.0 mm,ice2x6_N3_c1,-30.71057142857145,-24.565337862451017
2.0 mm,ice2x6_N3_c1,-31.0059523809524,-24.580342882215174
2.0 mm,ice2x6_N3_c1,-31.064952380952402,-24.615596756609595
2.0 mm,ice2x6_N3_c1,-30.86104761904764,-24.666823790230744
2.0 mm,ice2x6_N3_c1,-30.53542857142859,-24.72187097392181
2.0 mm,ice2x6_N3_c1,-30.394428571428595,-24.764248703338296
2.0 mm,ice2x6_N3_c1,-30.38676190476193,-24.795204580816417
2.0 mm,ice2x6_N3_c1,-30.609095238095257,-24.821884533587152
2.0 mm,ice2x6_N3_c1,-30.770238095238117,-24.848628205872473
2.0 mm,ice2x6_N3_c1,-30.78766666666669,-24.880867025922374
2.0 mm,ice2x6_N3_c1,-30.737285714285733,-24.918414430350275
2.0 mm,ice2x6_N3_c1,-30.7659523809524,-24.961019300814865
2.0 mm,ice2x6_N3_c1,-30.853428571428594,-25.010939859905513
2.0 mm,ice2x6_N3_c1,-31.068428571428594,-25.068984445632097
2.0 mm,ice2x6_N3_c1,-31.149333333333356,-25.136077722567784
2.0 mm,ice2x6_N3_c1,-31.150285714285737,-25.199549971331002
2.0 mm,ice2x6_N3_c1,-31.101428571428592,-25.242681584822474
2.0 mm,ice2x6_N3_c1,-30.988285714285734,-25.268796637818546
2.0 mm,ice2x6_N3_c1,-30.893904761904786,-25.28914481387467
2.0 mm,ice2x6_N3_c1,-30.840238095238117,-25.315610643008014
2.0 mm,ice2x6_N3_c1,-30.784904761904784,-25.348425803839113
2.0 mm,ice2x6_N3_c1,-30.76209523809526,-25.381242755180246
2.0 mm,ice2x6_N3_c1,-30.85300000000002,-25.407317237763365
2.0 mm,ice2x6_N3_c1,-30.835857142857165,-25.427740598997513
2.0 mm,ice2x6_N3_c1,-30.6429523809524,-25.444417504518288
2.0 mm,ice2x6_N3_c1,-30.538333333333355,-25.44924904616917
2.0 mm,ice2x6_N3_c1,-30.49471428571431,-25.446091655276568
2.0 mm,ice2x6_N3_c1,-30.593285714285734,-25.450872857174595
2.0 mm,ice2x6_N3_c1,-30.80204761904764,-25.471571016194808
2.0 mm,ice2x6_N3_c1,-30.887047619047642,-25.514534965967375
2.0 mm,ice2x6_N3_c1,-30.767857142857164,-25.56914853425997
2.0 mm,ice2x6_N3_c1,-30.686238095238117,-25.617091182132842
2.0 mm,ice2x6_N3_c1,-30.658000000000023,-25.652909631163404
2.0 mm,ice2x6_N3_c1,-30.740047619047644,-25.676742042377146
2.0 mm,ice2x6_N3_c1,-30.84990476190478,-25.70187561351932
2.0 mm,ice2x6_N3_c1,-30.92152380952383,-25.74873710659426
2.0 mm,ice2x6_N3_c1,-31.03861904761907,-25.804078429670515
2.0 mm,ice2x6_N3_c1,-31.101190476190496,-25.857574799116154
2.0 mm,ice2x6_N3_c1,-31.237952380952407,-25.9007896107825
2.0 mm,ice2x6_N3_c1,-31.171904761904784,-25.925325986950238
2.0 mm,ice2x6_N3_c1,-31.119714285714306,-25.942955552562935
2.0 mm,ice2x6_N3_c1,-31.181333333333356,-25.970269658389054
2.0 mm,ice2x6_N3_c1,-31.46066666666669,-26.01483059970554
2.0 mm,ice2x6_N3_c1,-31.731380952380974,-26.083954759143474
2.0 mm,ice2x6_N3_c1,-32.05009523809526,-26.16672742212568
2.0 mm,ice2x6_N3_c1,-32.13204761904764,-26.236258041195082
2.0 mm,ice2x6_N3_c1,-32.13842857142859,-26.281522979312943
2.0 mm,ice2x6_N3_c1,-32.10700000000003,-26.301245307795053
2.0 mm,ice2x6_N3_c1,-32.05128571428574,-26.309127901960746
2.0 mm,ice2x6_N3_c1,-32.032000000000025,-26.31937426349922
2.0 mm,ice2x6_N3_c1,-32.08747619047621,-26.334869229091424
2.0 mm,ice2x6_N3_c1,-32.175238095238115,-26.35077772007742
2.0 mm,ice2x6_N3_c1,-32.222761904761924,-26.3613529821744
2.0 mm,ice2x6_N3_c1,-32.229904761904784,-26.359580946086055
2.0 mm,ice2x6_N3_c1,-32.1829523809524,-26.349876626180954
2.0 mm,ice2x6_N3_c1,-32.23790476190478,-26.347279553019263
2.0 mm,ice2x6_N3_c1,-32.31442857142859,-26.35394335606907
2.0 mm,ice2x6_N3_c1,-32.362761904761925,-26.36618659697635
2.0 mm,ice2x6_N3_c1,-32.406238095238116,-26.387483316603596
2.0 mm,ice2x6_N3_c1,-32.32757142857145,-26.418172820150602
2.0 mm,ice2x6_N3_c1,-32.19866666666669,-26.442646872057285
2.0 mm,ice2x6_N3_c1,-32.023047619047645,-26.45514239228418
2.0 mm,ice2x6_N3_c1,-31.739476190476214,-26.465060703275384
2.0 mm,ice2x6_N3_c1,-31.49776190476193,-26.485196692060775
2.0 mm,ice2x6_N3_c1,-31.43261904761907,-26.529606288775323
2.0 mm,ice2x6_N3_c1,-31.440571428571452,-26.59447288765128
2.0 mm,ice2x6_N3_c1,-31.6271904761905,-26.656741728371543
2.0 mm,ice2x6_N3_c1,-31.797761904761927,-26.705399064615296
2.0 mm,ice2x6_N3_c1,-31.887380952380976,-26.755816945939337
2.0 mm,ice2x6_N3_c1,-31.747238095238117,-26.826405688872498
2.0 mm,ice2x6_N3_c1,-31.507857142857166,-26.913185178882745
2.0 mm,ice2x6_N3_c1,-31.323619047619072,-26.99270567715221
2.0 mm,ice2x6_N3_c1,-31.3071904761905,-27.05807631728182
2.0 mm,ice2x6_N3_c1,-31.40457142857145,-27.116619632539038
2.0 mm,ice2x6_N3_c1,-31.642666666666692,-27.175991392500457
2.0 mm,ice2x6_N3_c1,-31.81904761904764,-27.240968414390384
2.0 mm,ice2x6_N3_c1,-31.98609523809526,-27.307624388160207
2.0 mm,ice2x6_N3_c1,-32.04909523809526,-27.371859716745828
2.0 mm,ice2x6_N3_c1,-32.005142857142886,-27.438959004160196
2.0 mm,ice2x6_N3_c1,-31.876238095238115,-27.50009537490632
2.0 mm,ice2x6_N3_c1,-31.740000000000023,-27.545831114071255
2.0 mm,ice2x6_N3_c1,-31.70900000000002,-27.579769190129642
2.0 mm,ice2x6_N3_c1,-31.806380952380977,-27.61131387726378
2.0 mm,ice2x6_N3_c1,-31.911571428571452,-27.66249389713631
2.0 mm,ice2x6_N3_c1,-31.994285714285738,-27.74576374909103
2.0 mm,ice2x6_N3_c1,-32.026333333333355,-27.858443442438876
2.0 mm,ice2x6_N3_c1,-32.08933333333336,-28.00221592991553
2.0 mm,ice2x6_N3_c1,-32.15142857142859,-28.18427888960268
2.0 mm,ice2x6_N3_c1,-32.26985714285716,-28.399810246340635
2.0 mm,ice2x6_N3_c1,-32.50285714285717,-28.64397895500841
2.0 mm,ice2x6_N3_c1,-32.82666666666669,-28.903001832078196
4.0 mm,ice2x6_N1_c1,26.530095238095257,27.210019047619067
4.0 mm,ice2x6_N1_c1,26.472333333333353,27.210017222441067
4.0 mm,ice2x6_N1_c1,26.41014285714288,27.209916269570805
4.0 mm,ice2x6_N1_c1,26.287523809523826,27.20876495300225
4.0 mm,ice2x6_N1_c1,26.228619047619066,27.202910136620254
4.0 mm,ice2x6_N1_c1,26.138952380952396,27.184641270634415
4.0 mm,ice2x6_N1_c1,25.950809523809543,27.14318821763462
4.0 mm,ice2x6_N1_c1,25.624666666666684,27.066910364044645
4.0 mm,ice2x6_N1_c1,25.415761904761926,26.945973130573815
4.0 mm,ice2x6_N1_c1,25.309904761904782,26.77494075528559
4.0 mm,ice2x6_N1_c1,25.281190476190496,26.55344646602878
4.0 mm,ice2x6_N1_c1,25.08604761904764,26.28508528208429
4.0 mm,ice2x6_N1_c1,24.79290476190478,25.975112871968957
4.0 mm,ice2x6_N1_c1,24.41423809523811,25.629510999666405
4.0 mm,ice2x6_N1_c1,24.186666666666685,25.25448403548961
4.0 mm,ice2x6_N1_c1,24.04733333333335,24.85561977448763
4.0 mm,ice2x6_N1_c1,23.922571428571445,24.43799875438458
4.0 mm,ice2x6_N1_c1,23.549952380952398,24.006252943268425
4.0 mm,ice2x6_N1_c1,23.19642857142859,23.564471171662003
4.0 mm,ice2x6_N1_c1,23.053714285714307,23.116249635396066
4.0 mm,ice2x6_N1_c1,23.036238095238115,22.66825174967325
4.0 mm,ice2x6_N1_c1,23.07247619047621,22.22757002638769
4.0 mm,ice2x6_N1_c1,22.8989523809524,21.79769286759054
4.0 mm,ice2x6_N1_c1,22.548000000000016,21.37974321916972
4.0 mm,ice2x6_N1_c1,22.286571428571442,20.973842105574164
4.0 mm,ice2x6_N1_c1,22.27433333333335,20.579806360146677
4.0 mm,ice2x6_N1_c1,22.398142857142872,20.196732655897552
4.0 mm,ice2x6_N1_c1,22.305857142857157,19.82385983700287
4.0 mm,ice2x6_N1_c1,21.875095238095255,19.461031046587067
4.0 mm,ice2x6_N1_c1,21.461666666666684,19.10794621529336
4.0 mm,ice2x6_N1_c1,21.142000000000017,18.76429808888267
4.0 mm,ice2x6_N1_c1,20.845476190476205,18.429332612892594
4.0 mm,ice2x6_N1_c1,20.60890476190478,18.101703530934287
4.0 mm,ice2x6_N1_c1,20.0897142857143,17.780812957251154
4.0 mm,ice2x6_N1_c1,19.60428571428573,17.46727567096724
4.0 mm,ice2x6_N1_c1,19.563333333333347,17.160862860379623
4.0 mm,ice2x6_N1_c1,19.67766666666668,16.860993031005385
4.0 mm,ice2x6_N1_c1,19.65809523809525,16.567364235028325
4.0 mm,ice2x6_N1_c1,19.67219047619049,16.27879320495815
4.0 mm,ice2x6_N1_c1,19.41280952380954,15.995424048102306
4.0 mm,ice2x6_N1_c1,18.804857142857156,15.717191430216236
4.0 mm,ice2x6_N1_c1,18.42085714285716,15.445249064924418
4.0 mm,ice2x6_N1_c1,18.00619047619049,15.17728969115267
4.0 mm,ice2x6_N1_c1,17.396761904761917,14.91330159422956
4.0 mm,ice2x6_N1_c1,17.30509523809525,14.65272433405485
4.0 mm,ice2x6_N1_c1,17.179380952380967,14.39773489184552
4.0 mm,ice2x6_N1_c1,16.970238095238106,14.1474870648123
4.0 mm,ice2x6_N1_c1,16.934380952380966,13.900948095939619
4.0 mm,ice2x6_N1_c1,16.775047619047633,13.659499232963197
4.0 mm,ice2x6_N1_c1,16.38114285714287,13.42010121678385
4.0 mm,ice2x6_N1_c1,16.25128571428573,13.184939912641198
4.0 mm,ice2x6_N1_c1,16.0824761904762,12.952764224370625
4.0 mm,ice2x6_N1_c1,15.72957142857144,12.725664209379179
4.0 mm,ice2x6_N1_c1,15.263238095238107,12.504538868814645
4.0 mm,ice2x6_N1_c1,14.726428571428581,12.285004251781292
4.0 mm,ice2x6_N1_c1,14.317666666666677,12.070699430048855
4.0 mm,ice2x6_N1_c1,14.1704761904762,11.85952510940205
4.0 mm,ice2x6_N1_c1,14.516238095238105,11.648897409353225
4.0 mm,ice2x6_N1_c1,15.047666666666679,11.443414491507816
4.0 mm,ice2x6_N1_c1,15.5534761904762,11.238071450379786
4.0 mm,ice2x6_N1_c1,15.901952380952391,11.034169084256447
4.0 mm,ice2x6_N1_c1,15.966142857142867,10.834617334049552
4.0 mm,ice2x6_N1_c1,15.561142857142869,10.635559447687061
4.0 mm,ice2x6_N1_c1,15.17409523809525,10.44319871981536
4.0 mm,ice2x6_N1_c1,15.2614761904762,10.254686028911125
4.0 mm,ice2x6_N1_c1,15.363714285714297,10.064987086878958
4.0 mm,ice2x6_N1_c1,15.380238095238106,9.881483145060265
4.0 mm,ice2x6_N1_c1,15.28242857142858,9.700464370611792
4.0 mm,ice2x6_N1_c1,14.645000000000012,9.517166109194429
4.0 mm,ice2x6_N1_c1,14.19652380952382,9.340128044531896
4.0 mm,ice2x6_N1_c1,14.218619047619057,9.164422561197725
4.0 mm,ice2x6_N1_c1,14.187904761904772,8.98564709452322
4.0 mm,ice2x6_N1_c1,14.211333333333343,8.81348436489331
4.0 mm,ice2x6_N1_c1,14.249333333333343,8.64154451757534
4.0 mm,ice2x6_N1_c1,14.233952380952392,8.466009908485644
4.0 mm,ice2x6_N1_c1,14.141761904761916,8.297638218422613
4.0 mm,ice2x6_N1_c1,14.163857142857154,8.128871221519871
4.0 mm,ice2x6_N1_c1,14.108714285714296,7.962465166212669
4.0 mm,ice2x6_N1_c1,14.145666666666676,7.804416502004537
4.0 mm,ice2x6_N1_c1,14.143619047619056,7.645361244156991
4.0 mm,ice2x6_N1_c1,14.173333333333343,7.4838182985610455
4.0 mm,ice2x6_N1_c1,13.697095238095248,7.331345084685719
4.0 mm,ice2x6_N1_c1,13.0414761904762,7.179606183954515
4.0 mm,ice2x6_N1_c1,12.350619047619055,7.021736947411863
4.0 mm,ice2x6_N1_c1,11.560428571428577,6.873612381745783
4.0 mm,ice2x6_N1_c1,10.797619047619055,6.7286899436915055
4.0 mm,ice2x6_N1_c1,9.983952380952388,6.575459055903103
4.0 mm,ice2x6_N1_c1,9.18285714285715,6.425403330209737
4.0 mm,ice2x6_N1_c1,8.51185714285715,6.282841206741249
4.0 mm,ice2x6_N1_c1,7.995571428571434,6.134694016997454
4.0 mm,ice2x6_N1_c1,7.674952380952385,5.9851201793219655
4.0 mm,ice2x6_N1_c1,7.889095238095244,5.846269124604603
4.0 mm,ice2x6_N1_c1,8.294142857142864,5.705959249188014
4.0 mm,ice2x6_N1_c1,8.62880952380953,5.561022721688493
4.0 mm,ice2x6_N1_c1,8.752904761904768,5.429345629640346
4.0 mm,ice2x6_N1_c1,8.43376190476191,5.298282856126034
4.0 mm,ice2x6_N1_c1,7.986571428571435,5.158293184913317
4.0 mm,ice2x6_N1_c1,7.591952380952386,5.028086858642633
4.0 mm,ice2x6_N1_c1,7.173857142857148,4.90448681519199
4.0 mm,ice2x6_N1_c1,6.873523809523815,4.776031019501747
4.0 mm,ice2x6_N1_c1,7.049095238095243,4.636754725619873
4.0 mm,ice2x6_N1_c1,7.428619047619053,4.5127504701689345
4.0 mm,ice2x6_N1_c1,7.915333333333338,4.389158881803292
4.0 mm,ice2x6_N1_c1,8.42880952380953,4.257036476663425
4.0 mm,ice2x6_N1_c1,8.820380952380958,4.13405443076341
4.0 mm,ice2x6_N1_c1,8.999238095238102,4.020346387663012
4.0 mm,ice2x6_N1_c1,9.17233333333334,3.9007055895851823
4.0 mm,ice2x6_N1_c1,9.274142857142865,3.771531092037711
4.0 mm,ice2x6_N1_c1,9.276047619047626,3.6604667540381146
4.0 mm,ice2x6_N1_c1,9.343904761904769,3.551330323863119
4.0 mm,ice2x6_N1_c1,9.366190476190482,3.4340385992859255
4.0 mm,ice2x6_N1_c1,9.167428571428578,3.309991611769852
4.0 mm,ice2x6_N1_c1,9.039523809523816,3.208004085238558
4.0 mm,ice2x6_N1_c1,9.23642857142858,3.1036765075115698
4.0 mm,ice2x6_N1_c1,9.331523809523816,2.9890545091939513
4.0 mm,ice2x6_N1_c1,9.159809523809532,2.8674752935448877
4.0 mm,ice2x6_N1_c1,8.645952380952387,2.7707637514550387
4.0 mm,ice2x6_N1_c1,7.902047619047624,2.6692526077775502
4.0 mm,ice2x6_N1_c1,7.416428571428577,2.5563715102368274
4.0 mm,ice2x6_N1_c1,7.171666666666671,2.4372634003071916
4.0 mm,ice2x6_N1_c1,7.126142857142861,2.3460557386913594
4.0 mm,ice2x6_N1_c1,7.222523809523814,2.247241156942205
4.0 mm,ice2x6_N1_c1,7.178380952380957,2.135744574714754
4.0 mm,ice2x6_N1_c1,6.672380952380957,2.019455536394699
4.0 mm,ice2x6_N1_c1,6.3691904761904805,1.9366493496242163
4.0 mm,ice2x6_N1_c1,5.994333333333337,1.8425418409515235
4.0 mm,ice2x6_N1_c1,5.572380952380955,1.7345532295991757
4.0 mm,ice2x6_N1_c1,5.219428571428574,1.6133254836713313
4.0 mm,ice2x6_N1_c1,4.898952380952384,1.53405386912427
4.0 mm,ice2x6_N1_c1,4.410809523809527,1.4453338078005076
4.0 mm,ice2x6_N1_c1,4.3595714285714315,1.3411829131065232
4.0 mm,ice2x6_N1_c1,4.334666666666669,1.2226067763857749
4.0 mm,ice2x6_N1_c1,3.871904761904765,1.138222999759587
4.0 mm,ice2x6_N1_c1,3.1739523809523833,1.0561535865353764
4.0 mm,ice2x6_N1_c1,2.7332857142857163,0.9542140668710218
4.0 mm,ice2x6_N1_c1,2.6087619047619066,0.8368193958161172
4.0 mm,ice2x6_N1_c1,2.870047619047621,0.7428840767377599
4.0 mm,ice2x6_N1_c1,3.6577619047619074,0.6697415614412332
4.0 mm,ice2x6_N1_c1,4.4407142857142885,0.5745960709745879
4.0 mm,ice2x6_N1_c1,4.8664761904761935,0.4648337084618318
4.0 mm,ice2x6_N1_c1,5.126714285714289,0.36308391144899
4.0 mm,ice2x6_N1_c1,5.047095238095241,0.3078967971348499
4.0 mm,ice2x6_N1_c1,4.5290000000000035,0.22317917734262696
4.0 mm,ice2x6_N1_c1,4.120142857142859,0.12058575329248525
4.0 mm,ice2x6_N1_c1,4.052095238095241,0.003348921696872592
4.0 mm,ice2x6_N1_c1,4.1509523809523845,-0.05306232624300856
4.0 mm,ice2x6_N1_c1,4.364333333333336,-0.12080242144743131
4.0 mm,ice2x6_N1_c1,4.718761904761909,-0.2154554483121766
4.0 mm,ice2x6_N1_c1,5.345952380952385,-0.3260995787116272
4.0 mm,ice2x6_N1_c1,5.851428571428576,-0.44437468297685795
4.0 mm,ice2x6_N1_c1,6.270904761904767,-0.5281653620698519
4.0 mm,ice2x6_N1_c1,6.352666666666671,-0.6309991620858372
4.0 mm,ice2x6_N1_c1,5.930238095238099,-0.7303241685831833
4.0 mm,ice2x6_N1_c1,5.412523809523815,-0.8396616459856647
4.0 mm,ice2x6_N1_c1,5.242428571428576,-0.9542818003160223
4.0 mm,ice2x6_N1_c1,4.9702380952380985,-1.0796622840417514
4.0 mm,ice2x6_N1_c1,4.601809523809527,-1.1779250413881799
4.0 mm,ice2x6_N1_c1,4.255714285714289,-1.2762416602309994
4.0 mm,ice2x6_N1_c1,4.262952380952384,-1.3857210549526713
4.0 mm,ice2x6_N1_c1,4.06114285714286,-1.494593642171683
4.0 mm,ice2x6_N1_c1,3.680238095238098,-1.6122141918557875
4.0 mm,ice2x6_N1_c1,2.847857142857145,-1.7131876289483725
4.0 mm,ice2x6_N1_c1,2.325238095238097,-1.8127220427512758
4.0 mm,ice2x6_N1_c1,2.273428571428573,-1.9215075507158486
4.0 mm,ice2x6_N1_c1,3.2240952380952406,-2.028693379919401
4.0 mm,ice2x6_N1_c1,4.294952380952384,-2.141025362790055
4.0 mm,ice2x6_N1_c1,5.024714285714289,-2.239842999549747
4.0 mm,ice2x6_N1_c1,4.8402380952380994,-2.3354954683379794
4.0 mm,ice2x6_N1_c1,4.27914285714286,-2.43935524136488
4.0 mm,ice2x6_N1_c1,3.354809523809526,-2.5348103252200596
4.0 mm,ice2x6_N1_c1,2.8458571428571453,-2.6377755116432864
4.0 mm,ice2x6_N1_c1,2.8004761904761923,-2.7377739325533526
4.0 mm,ice2x6_N1_c1,3.071904761904764,-2.837429131453631
4.0 mm,ice2x6_N1_c1,3.5223809523809546,-2.945275989578928
4.0 mm,ice2x6_N1_c1,3.645285714285717,-3.0385658864190814
4.0 mm,ice2x6_N1_c1,3.290523809523812,-3.1157067426588814
4.0 mm,ice2x6_N1_c1,2.9814285714285735,-3.2310219160359632
4.0 mm,ice2x6_N1_c1,2.835809523809526,-3.3252956683429247
4.0 mm,ice2x6_N1_c1,2.8530476190476213,-3.42623294748176
4.0 mm,ice2x6_N1_c1,3.1250952380952404,-3.5199067002721245
4.0 mm,ice2x6_N1_c1,3.071857142857145,-3.5954013660611044
4.0 mm,ice2x6_N1_c1,2.926857142857145,-3.704576226752359
4.0 mm,ice2x6_N1_c1,3.2563333333333357,-3.7925454138827472
4.0 mm,ice2x6_N1_c1,3.6104761904761937,-3.8855973911638064
4.0 mm,ice2x6_N1_c1,3.557571428571431,-3.972340160780551
4.0 mm,ice2x6_N1_c1,3.2090952380952404,-4.043857421929751
4.0 mm,ice2x6_N1_c1,2.6591904761904783,-4.143926201468653
4.0 mm,ice2x6_N1_c1,2.6443333333333356,-4.233817202238253
4.0 mm,ice2x6_N1_c1,3.011000000000002,-4.329288137261982
4.0 mm,ice2x6_N1_c1,3.1681428571428594,-4.419805152346144
4.0 mm,ice2x6_N1_c1,2.808952380952383,-4.494619271726585
4.0 mm,ice2x6_N1_c1,2.1615714285714303,-4.578630241086197
4.0 mm,ice2x6_N1_c1,1.7411428571428582,-4.672033043278857
4.0 mm,ice2x6_N1_c1,1.78557142857143,-4.7623160184580176
4.0 mm,ice2x6_N1_c1,2.000380952380954,-4.856536848677642
4.0 mm,ice2x6_N1_c1,2.0091904761904775,-4.937496797533552
4.0 mm,ice2x6_N1_c1,1.8394761904761918,-5.007444630307893
4.0 mm,ice2x6_N1_c1,1.3586190476190485,-5.104440431157176
4.0 mm,ice2x6_N1_c1,1.426142857142858,-5.193359207154627
4.0 mm,ice2x6_N1_c1,1.828666666666668,-5.286018992966362
4.0 mm,ice2x6_N1_c1,2.1876190476190494,-5.3706393340374605
4.0 mm,ice2x6_N1_c1,2.1417142857142872,-5.4430968848164785
4.0 mm,ice2x6_N1_c1,1.8769047619047632,-5.524297432515301
4.0 mm,ice2x6_N1_c1,1.2460476190476202,-5.6182820372956295
4.0 mm,ice2x6_N1_c1,0.9905238095238104,-5.7084690696322875
4.0 mm,ice2x6_N1_c1,0.9336190476190485,-5.793479351191071
4.0 mm,ice2x6_N1_c1,0.41504761904761933,-5.863460018469488
4.0 mm,ice2x6_N1_c1,-0.2552857142857145,-5.92438679828814
4.0 mm,ice2x6_N1_c1,-0.7550952380952387,-6.003082820980192
4.0 mm,ice2x6_N1_c1,-0.7940000000000007,-6.084865076634314
4.0 mm,ice2x6_N1_c1,-0.7630000000000006,-6.167458558572292
4.0 mm,ice2x6_N1_c1,-0.7169523809523815,-6.241504948651939
4.0 mm,ice2x6_N1_c1,-0.8777619047619054,-6.302458283833081
4.0 mm,ice2x6_N1_c1,-1.396857142857144,-6.3584400007197726
4.0 mm,ice2x6_N1_c1,-1.9480952380952397,-6.446638394317382
4.0 mm,ice2x6_N1_c1,-2.008238095238097,-6.529600024918534
4.0 mm,ice2x6_N1_c1,-2.056761904761906,-6.6167166060494
4.0 mm,ice2x6_N1_c1,-2.1162380952380966,-6.696207950521458
4.0 mm,ice2x6_N1_c1,-2.1135714285714298,-6.770668832530506
4.0 mm,ice2x6_N1_c1,-2.337142857142859,-6.853871612512844
4.0 mm,ice2x6_N1_c1,-2.7246190476190497,-6.9515011246054526
4.0 mm,ice2x6_N1_c1,-2.773952380952383,-7.0425846031992005
4.0 mm,ice2x6_N1_c1,-2.598285714285716,-7.122348730598298
4.0 mm,ice2x6_N1_c1,-2.4010000000000016,-7.188286395009828
4.0 mm,ice2x6_N1_c1,-2.122428571428573,-7.247832410250315
4.0 mm,ice2x6_N1_c1,-2.095523809523811,-7.321136649299272
4.0 mm,ice2x6_N1_c1,-2.7293809523809545,-7.397384238164969
4.0 mm,ice2x6_N1_c1,-3.0741904761904784,-7.466693452102314
4.0 mm,ice2x6_N1_c1,-2.8814761904761927,-7.5225133976247935
4.0 mm,ice2x6_N1_c1,-2.3643809523809542,-7.571561573203759
4.0 mm,ice2x6_N1_c1,-1.6643333333333348,-7.621848676029304
4.0 mm,ice2x6_N1_c1,-1.4746666666666677,-7.6861010749443555
4.0 mm,ice2x6_N1_c1,-2.066619047619049,-7.772426800215057
4.0 mm,ice2x6_N1_c1,-2.5456666666666683,-7.855294303639803
4.0 mm,ice2x6_N1_c1,-2.7164761904761927,-7.928388957984291
4.0 mm,ice2x6_N1_c1,-2.417285714285716,-7.993189476703056
4.0 mm,ice2x6_N1_c1,-1.8364761904761915,-8.054001210608664
4.0 mm,ice2x6_N1_c1,-1.1324285714285722,-8.121548033729242
4.0 mm,ice2x6_N1_c1,-1.1210952380952388,-8.206127970135471
4.0 mm,ice2x6_N1_c1,-1.6950952380952393,-8.284554002141729
4.0 mm,ice2x6_N1_c1,-2.477857142857145,-8.351239437448289
4.0 mm,ice2x6_N1_c1,-2.8298095238095256,-8.40892632763356
4.0 mm,ice2x6_N1_c1,-2.466047619047621,-8.462211852637619
4.0 mm,ice2x6_N1_c1,-1.3968571428571437,-8.513796163890452
4.0 mm,ice2x6_N1_c1,-0.6911904761904766,-8.590331491319631
4.0 mm,ice2x6_N1_c1,-0.39342857142857174,-8.658300032675928
4.0 mm,ice2x6_N1_c1,-0.45347619047619075,-8.714472366070655
4.0 mm,ice2x6_N1_c1,-0.6451904761904766,-8.763795315037394
4.0 mm,ice2x6_N1_c1,-0.7458095238095244,-8.812639036754664
4.0 mm,ice2x6_N1_c1,-0.9567142857142863,-8.865018112901701
4.0 mm,ice2x6_N1_c1,-1.3512380952380965,-8.940535762868658
4.0 mm,ice2x6_N1_c1,-1.7771428571428585,-9.020886738455557
4.0 mm,ice2x6_N1_c1,-2.1948571428571446,-9.095233738705794
4.0 mm,ice2x6_N1_c1,-2.5374761904761924,-9.162137025886192
4.0 mm,ice2x6_N1_c1,-2.719809523809526,-9.22538569436738
4.0 mm,ice2x6_N1_c1,-2.9414285714285735,-9.286501873513533
4.0 mm,ice2x6_N1_c1,-3.054142857142859,-9.358056117222908
4.0 mm,ice2x6_N1_c1,-3.1714761904761923,-9.438727422095324
4.0 mm,ice2x6_N1_c1,-3.0451428571428596,-9.510321040284591
4.0 mm,ice2x6_N1_c1,-2.843523809523812,-9.571622708254075
4.0 mm,ice2x6_N1_c1,-2.6408095238095255,-9.624977364123119
4.0 mm,ice2x6_N1_c1,-2.5816190476190495,-9.672658508035102
4.0 mm,ice2x6_N1_c1,-2.622238095238097,-9.717714931944366
4.0 mm,ice2x6_N1_c1,-2.719714285714288,-9.786475614962301
4.0 mm,ice2x6_N1_c1,-2.8376666666666686,-9.849688129395549
4.0 mm,ice2x6_N1_c1,-2.9760952380952403,-9.904790634305078
4.0 mm,ice2x6_N1_c1,-3.19661904761905,-9.953841230622052
4.0 mm,ice2x6_N1_c1,-3.298523809523812,-9.999769536007458
4.0 mm,ice2x6_N1_c1,-3.223428571428574,-10.044814169373911
4.0 mm,ice2x6_N1_c1,-2.894047619047621,-10.095882419436496
4.0 mm,ice2x6_N1_c1,-2.481476190476192,-10.161993203732608
4.0 mm,ice2x6_N1_c1,-2.146238095238097,-10.216980853181607
4.0 mm,ice2x6_N1_c1,-2.1178095238095254,-10.263022529221242
4.0 mm,ice2x6_N1_c1,-2.2775714285714304,-10.30387960540229
4.0 mm,ice2x6_N1_c1,-3.0591428571428594,-10.343907896513034
4.0 mm,ice2x6_N1_c1,-2.816142857142859,-10.386341079340575
4.0 mm,ice2x6_N1_c1,-1.7040952380952394,-10.442654758688128
4.0 mm,ice2x6_N1_c1,-0.29119047619047633,-10.509971921220542
4.0 mm,ice2x6_N1_c1,0.39147619047619087,-10.571540881440646
4.0 mm,ice2x6_N1_c1,-0.01761904761904748,-10.629816881903059
4.0 mm,ice2x6_N1_c1,-1.7285238095238107,-10.68718342495282
4.0 mm,ice2x6_N1_c1,-2.841761904761907,-10.744785966522175
4.0 mm,ice2x6_N1_c1,-3.4200952380952403,-10.803195368333798
4.0 mm,ice2x6_N1_c1,-3.424952380952383,-10.874892231848776
4.0 mm,ice2x6_N1_c1,-3.2506666666666693,-10.943166902669839
4.0 mm,ice2x6_N1_c1,-2.9367142857142876,-11.000560842962372
4.0 mm,ice2x6_N1_c1,-2.790047619047621,-11.049803830232769
4.0 mm,ice2x6_N1_c1,-2.840476190476193,-11.093781176119586
4.0 mm,ice2x6_N1_c1,-3.0778095238095258,-11.134361350451005
4.0 mm,ice2x6_N1_c1,-3.4491428571428595,-11.173202828085337
4.0 mm,ice2x6_N1_c1,-3.860238095238098,-11.227281938476773
4.0 mm,ice2x6_N1_c1,-4.099523809523813,-11.274019127918338
4.0 mm,ice2x6_N1_c1,-4.273904761904765,-11.315329477072112
4.0 mm,ice2x6_N1_c1,-4.2147142857142885,-11.356088667980261
4.0 mm,ice2x6_N1_c1,-3.908285714285717,-11.399652352457133
4.0 mm,ice2x6_N1_c1,-3.5380952380952406,-11.447675836070069
4.0 mm,ice2x6_N1_c1,-3.384714285714288,-11.500606804473342
4.0 mm,ice2x6_N1_c1,-3.4065714285714312,-11.571332183065145
4.0 mm,ice2x6_N1_c1,-3.5917142857142883,-11.63746664071666
4.0 mm,ice2x6_N1_c1,-3.9283333333333363,-11.697295088902738
4.0 mm,ice2x6_N1_c1,-3.98466666666667,-11.752582243997669
4.0 mm,ice2x6_N1_c1,-3.76514285714286,-11.80458887898414
4.0 mm,ice2x6_N1_c1,-3.3833333333333355,-11.854237598348899
4.0 mm,ice2x6_N1_c1,-2.9583333333333357,-11.901803307794347
4.0 mm,ice2x6_N1_c1,-2.587142857142859,-11.957476602962553
4.0 mm,ice2x6_N1_c1,-2.567000000000002,-12.008622714855134
4.0 mm,ice2x6_N1_c1,-2.5688571428571447,-12.0495197454676
4.0 mm,ice2x6_N1_c1,-2.5464761904761923,-12.084528188433765
4.0 mm,ice2x6_N1_c1,-2.4180476190476208,-12.118189473498875
4.0 mm,ice2x6_N1_c1,-2.258238095238097,-12.154008926159445
4.0 mm,ice2x6_N1_c1,-1.928619047619049,-12.194733305152065
4.0 mm,ice2x6_N1_c1,-1.7097619047619061,-12.245774423194478
4.0 mm,ice2x6_N1_c1,-1.558095238095239,-12.303236546736752
4.0 mm,ice2x6_N1_c1,-1.6364285714285725,-12.35660812411523
4.0 mm,ice2x6_N1_c1,-1.9991428571428584,-12.408207435116003
4.0 mm,ice2x6_N1_c1,-2.606047619047621,-12.45880839685573
4.0 mm,ice2x6_N1_c1,-3.1178095238095263,-12.508753319658744
4.0 mm,ice2x6_N1_c1,-3.5251428571428596,-12.558939074768425
4.0 mm,ice2x6_N1_c1,-3.6627619047619078,-12.610723650722793
4.0 mm,ice2x6_N1_c1,-3.8072380952380978,-12.668166853090861
4.0 mm,ice2x6_N1_c1,-3.9278095238095267,-12.716639101608477
4.0 mm,ice2x6_N1_c1,-3.956857142857146,-12.757728496971648
4.0 mm,ice2x6_N1_c1,-4.062857142857146,-12.793333639290227
4.0 mm,ice2x6_N1_c1,-4.175380952380955,-12.824617833597111
4.0 mm,ice2x6_N1_c1,-4.258476190476193,-12.85326100906354
4.0 mm,ice2x6_N1_c1,-4.352000000000003,-12.881793232074104
4.0 mm,ice2x6_N1_c1,-4.246619047619051,-12.917997143361191
4.0 mm,ice2x6_N1_c1,-4.102333333333336,-12.955875778301287
4.0 mm,ice2x6_N1_c1,-4.150571428571432,-12.992544102156774
4.0 mm,ice2x6_N1_c1,-4.096428571428575,-13.036560947264634
4.0 mm,ice2x6_N1_c1,-3.99114285714286,-13.089528845048127
4.0 mm,ice2x6_N1_c1,-3.999095238095241,-13.147893079573695
4.0 mm,ice2x6_N1_c1,-4.077523809523813,-13.206362161390963
4.0 mm,ice2x6_N1_c1,-4.294809523809526,-13.259478301026048
4.0 mm,ice2x6_N1_c1,-4.4856666666666705,-13.313516838938352
4.0 mm,ice2x6_N1_c1,-4.1979047619047645,-13.363803440903142
4.0 mm,ice2x6_N1_c1,-3.5750476190476213,-13.411170155986179
4.0 mm,ice2x6_N1_c1,-3.2372857142857168,-13.4553108317074
4.0 mm,ice2x6_N1_c1,-3.1353333333333353,-13.495636359663813
4.0 mm,ice2x6_N1_c1,-3.337666666666669,-13.533265857143432
4.0 mm,ice2x6_N1_c1,-3.8169047619047647,-13.569661702001447
4.0 mm,ice2x6_N1_c1,-4.023428571428575,-13.604649406695
4.0 mm,ice2x6_N1_c1,-3.586238095238098,-13.642344540231196
4.0 mm,ice2x6_N1_c1,-2.9044285714285736,-13.673323724594296
4.0 mm,ice2x6_N1_c1,-2.3499523809523826,-13.69961794257142
4.0 mm,ice2x6_N1_c1,-2.2190000000000016,-13.724961715254912
4.0 mm,ice2x6_N1_c1,-2.566476190476192,-13.753375513271806
4.0 mm,ice2x6_N1_c1,-3.050142857142859,-13.787299699777602
4.0 mm,ice2x6_N1_c1,-3.2763333333333358,-13.827059948097675
4.0 mm,ice2x6_N1_c1,-3.2011904761904786,-13.871993391616558
4.0 mm,ice2x6_N1_c1,-3.089952380952383,-13.924411675856238
4.0 mm,ice2x6_N1_c1,-3.1521428571428594,-13.974759243721588
4.0 mm,ice2x6_N1_c1,-3.353904761904764,-14.023672707093983
4.0 mm,ice2x6_N1_c1,-3.4770952380952407,-14.072504878359752
4.0 mm,ice2x6_N1_c1,-3.4620476190476213,-14.122713174212869
4.0 mm,ice2x6_N1_c1,-3.5422857142857165,-14.174204084292631
4.0 mm,ice2x6_N1_c1,-3.5809047619047645,-14.223763081825405
4.0 mm,ice2x6_N1_c1,-3.597047619047622,-14.267931042029494
4.0 mm,ice2x6_N1_c1,-3.5185714285714313,-14.31035318459257
4.0 mm,ice2x6_N1_c1,-3.326571428571431,-14.350161901038163
4.0 mm,ice2x6_N1_c1,-2.976238095238098,-14.40389992226786
4.0 mm,ice2x6_N1_c1,-2.923523809523812,-14.487515278193744
4.0 mm,ice2x6_N1_c1,-3.024523809523812,-14.613062288094806
4.0 mm,ice2x6_N1_c1,-3.2144761904761925,-14.781681157773239
4.0 mm,ice2x6_N1_c1,-3.438000000000003,-14.984691652477217
4.0 mm,ice2x6_N1_c1,-3.6038571428571458,-15.217291557631404
4.0 mm,ice2x6_N1_c1,-3.586523809523812,-15.472676312700157
4.0 mm,ice2x6_N1_c1,-3.5724761904761935,-15.74790285605234
4.0 mm,ice2x6_N1_c1,-3.7852380952380984,-16.04474482514513
4.0 mm,ice2x6_N2_c1,27.673285714285736,27.92091428571431
4.0 mm,ice2x6_N2_c1,27.665238095238117,27.92091436139088
4.0 mm,ice2x6_N2_c1,27.656047619047637,27.920914063229162
4.0 mm,ice2x6_N2_c1,27.6629523809524,27.920853069445
4.0 mm,ice2x6_N2_c1,27.643333333333352,27.920229211521736
4.0 mm,ice2x6_N2_c1,27.581761904761926,27.917262759268137
4.0 mm,ice2x6_N2_c1,27.481714285714304,27.908166273565346
4.0 mm,ice2x6_N2_c1,27.385571428571446,27.887370626991103
4.0 mm,ice2x6_N2_c1,27.337761904761926,27.84855546861567
4.0 mm,ice2x6_N2_c1,27.36038095238097,27.78593850590532
4.0 mm,ice2x6_N2_c1,27.37038095238097,27.695483347532274
4.0 mm,ice2x6_N2_c1,27.323142857142876,27.575336781852215
4.0 mm,ice2x6_N2_c1,27.224714285714306,27.425560019752755
4.0 mm,ice2x6_N2_c1,27.118809523809546,27.247484998438544
4.0 mm,ice2x6_N2_c1,27.052238095238117,27.043185650047015
4.0 mm,ice2x6_N2_c1,26.987333333333353,26.81536074948771
4.0 mm,ice2x6_N2_c1,26.95428571428573,26.56695700601892
4.0 mm,ice2x6_N2_c1,26.899000000000022,26.300911922319365
4.0 mm,ice2x6_N2_c1,26.91004761904764,26.020118296060694
4.0 mm,ice2x6_N2_c1,26.970714285714305,25.727342409188754
4.0 mm,ice2x6_N2_c1,27.007142857142874,25.42503537299345
4.0 mm,ice2x6_N2_c1,26.888904761904783,25.11551283250645
4.0 mm,ice2x6_N2_c1,26.722476190476208,24.801024466137715
4.0 mm,ice2x6_N2_c1,26.523714285714306,24.48433904831862
4.0 mm,ice2x6_N2_c1,26.36285714285716,24.16842744194232
4.0 mm,ice2x6_N2_c1,26.25628571428573,23.855442294319715
4.0 mm,ice2x6_N2_c1,26.25757142857145,23.546694291404354
4.0 mm,ice2x6_N2_c1,26.270571428571447,23.242944152859003
4.0 mm,ice2x6_N2_c1,26.254142857142877,22.944768059319777
4.0 mm,ice2x6_N2_c1,26.119619047619068,22.652408562647686
4.0 mm,ice2x6_N2_c1,25.87504761904764,22.365801488118056
4.0 mm,ice2x6_N2_c1,25.62533333333335,22.084839218259756
4.0 mm,ice2x6_N2_c1,25.461619047619067,21.809301513567032
4.0 mm,ice2x6_N2_c1,25.315190476190494,21.539059704045012
4.0 mm,ice2x6_N2_c1,25.129142857142877,21.27387758634713
4.0 mm,ice2x6_N2_c1,24.94200000000002,21.01373662119979
4.0 mm,ice2x6_N2_c1,24.83652380952383,20.758399173144127
4.0 mm,ice2x6_N2_c1,24.828238095238113,20.507584793060126
4.0 mm,ice2x6_N2_c1,24.774761904761924,20.2610988802313
4.0 mm,ice2x6_N2_c1,24.673047619047637,20.018466907253206
4.0 mm,ice2x6_N2_c1,24.462571428571444,19.779511471861568
4.0 mm,ice2x6_N2_c1,24.228238095238112,19.54398638980436
4.0 mm,ice2x6_N2_c1,24.019333333333346,19.312046143651827
4.0 mm,ice2x6_N2_c1,23.87238095238097,19.08359583925961
4.0 mm,ice2x6_N2_c1,23.69180952380954,18.858022821829223
4.0 mm,ice2x6_N2_c1,23.588571428571445,18.635108276261377
4.0 mm,ice2x6_N2_c1,23.53223809523811,18.414540162957348
4.0 mm,ice2x6_N2_c1,23.475714285714304,18.19647681170854
4.0 mm,ice2x6_N2_c1,23.37385714285716,17.980926016534802
4.0 mm,ice2x6_N2_c1,23.237666666666684,17.768429220270374
4.0 mm,ice2x6_N2_c1,23.00961904761906,17.55953094003736
4.0 mm,ice2x6_N2_c1,22.82061904761906,17.353544015061004
4.0 mm,ice2x6_N2_c1,22.712333333333348,17.15042235521787
4.0 mm,ice2x6_N2_c1,22.57023809523811,16.950166682665213
4.0 mm,ice2x6_N2_c1,22.341857142857158,16.752113721104983
4.0 mm,ice2x6_N2_c1,22.098857142857156,16.55675905600728
4.0 mm,ice2x6_N2_c1,21.95385714285716,16.36396450864349
4.0 mm,ice2x6_N2_c1,21.96019047619049,16.173363753940517
4.0 mm,ice2x6_N2_c1,22.12980952380954,15.985749952029614
4.0 mm,ice2x6_N2_c1,22.18033333333335,15.800598027051503
4.0 mm,ice2x6_N2_c1,22.059047619047632,15.617411960465343
4.0 mm,ice2x6_N2_c1,21.815523809523825,15.437085024534806
4.0 mm,ice2x6_N2_c1,21.446238095238108,15.259030796685877
4.0 mm,ice2x6_N2_c1,21.130904761904777,15.08288245951249
4.0 mm,ice2x6_N2_c1,20.957571428571445,14.909784678170789
4.0 mm,ice2x6_N2_c1,20.685619047619063,14.739238734676867
4.0 mm,ice2x6_N2_c1,20.390428571428586,14.570168110016743
4.0 mm,ice2x6_N2_c1,20.100285714285732,14.4036568033608
4.0 mm,ice2x6_N2_c1,19.787380952380968,14.239627490934765
4.0 mm,ice2x6_N2_c1,19.61619047619049,14.0766242684956
4.0 mm,ice2x6_N2_c1,19.676761904761918,13.915655521452248
4.0 mm,ice2x6_N2_c1,19.720476190476205,13.757385723023871
4.0 mm,ice2x6_N2_c1,19.659000000000013,13.600048551997856
4.0 mm,ice2x6_N2_c1,19.48523809523811,13.44337847713938
4.0 mm,ice2x6_N2_c1,19.35276190476192,13.288883862728191
4.0 mm,ice2x6_N2_c1,19.212857142857153,13.135453732961661
4.0 mm,ice2x6_N2_c1,19.1487142857143,12.982218399840407
4.0 mm,ice2x6_N2_c1,19.07019047619049,12.831039276195384
4.0 mm,ice2x6_N2_c1,18.87223809523811,12.681363518715566
4.0 mm,ice2x6_N2_c1,18.596904761904774,12.531644002174525
4.0 mm,ice2x6_N2_c1,18.35580952380954,12.383863031765063
4.0 mm,ice2x6_N2_c1,18.21876190476192,12.23841466813294
4.0 mm,ice2x6_N2_c1,18.085190476190487,12.093368143440616
4.0 mm,ice2x6_N2_c1,17.93114285714287,11.950237021478756
4.0 mm,ice2x6_N2_c1,17.726952380952394,11.81016132023208
4.0 mm,ice2x6_N2_c1,17.63119047619049,11.67133202118105
4.0 mm,ice2x6_N2_c1,17.517428571428585,11.532068623251892
4.0 mm,ice2x6_N2_c1,17.484285714285726,11.394882069053038
4.0 mm,ice2x6_N2_c1,17.432571428571443,11.259950676959019
4.0 mm,ice2x6_N2_c1,17.262904761904775,11.124648900964438
4.0 mm,ice2x6_N2_c1,17.03366666666668,10.990354389739494
4.0 mm,ice2x6_N2_c1,16.927857142857157,10.859054182738316
4.0 mm,ice2x6_N2_c1,16.763333333333346,10.729415331318002
4.0 mm,ice2x6_N2_c1,16.682619047619056,10.5992902858168
4.0 mm,ice2x6_N2_c1,16.657476190476203,10.471318502671117
4.0 mm,ice2x6_N2_c1,16.62266666666668,10.34620768599239
4.0 mm,ice2x6_N2_c1,16.529809523809533,10.221993791292178
4.0 mm,ice2x6_N2_c1,16.319238095238106,10.096554075126573
4.0 mm,ice2x6_N2_c1,16.19252380952382,9.973150111350634
4.0 mm,ice2x6_N2_c1,16.22690476190477,9.852362074033001
4.0 mm,ice2x6_N2_c1,16.243761904761918,9.73213042985085
4.0 mm,ice2x6_N2_c1,16.123857142857155,9.612142669755235
4.0 mm,ice2x6_N2_c1,15.857000000000012,9.495590031669149
4.0 mm,ice2x6_N2_c1,15.428285714285726,9.381523600200266
4.0 mm,ice2x6_N2_c1,15.153809523809533,9.267690308336427
4.0 mm,ice2x6_N2_c1,15.057476190476201,9.15279311224975
4.0 mm,ice2x6_N2_c1,14.991619047619057,9.040722963322944
4.0 mm,ice2x6_N2_c1,14.877619047619058,8.93121805492962
4.0 mm,ice2x6_N2_c1,14.806333333333345,8.82206657753994
4.0 mm,ice2x6_N2_c1,14.673095238095248,8.710967797470577
4.0 mm,ice2x6_N2_c1,14.596619047619058,8.600451763698992
4.0 mm,ice2x6_N2_c1,14.726904761904773,8.492962612212933
4.0 mm,ice2x6_N2_c1,14.827857142857154,8.386356398232653
4.0 mm,ice2x6_N2_c1,14.86304761904763,8.278690186517444
4.0 mm,ice2x6_N2_c1,14.925238095238106,8.173193244727193
4.0 mm,ice2x6_N2_c1,14.84900000000001,8.071388950450668
4.0 mm,ice2x6_N2_c1,14.710857142857153,7.970656512163897
4.0 mm,ice2x6_N2_c1,14.538333333333345,7.868886356839412
4.0 mm,ice2x6_N2_c1,14.29809523809525,7.765356675646339
4.0 mm,ice2x6_N2_c1,14.131000000000009,7.664991697948121
4.0 mm,ice2x6_N2_c1,14.05404761904763,7.567129797332711
4.0 mm,ice2x6_N2_c1,13.959428571428582,7.468961243949053
4.0 mm,ice2x6_N2_c1,13.727333333333343,7.368552335530877
4.0 mm,ice2x6_N2_c1,13.466523809523819,7.268946862358487
4.0 mm,ice2x6_N2_c1,13.295523809523818,7.173148811125497
4.0 mm,ice2x6_N2_c1,13.25090476190477,7.077973642833404
4.0 mm,ice2x6_N2_c1,13.170571428571439,6.981090225374006
4.0 mm,ice2x6_N2_c1,13.144476190476201,6.882202812265893
4.0 mm,ice2x6_N2_c1,13.079904761904771,6.787539214504038
4.0 mm,ice2x6_N2_c1,13.040047619047629,6.69509688473014
4.0 mm,ice2x6_N2_c1,12.997952380952388,6.6017164323795665
4.0 mm,ice2x6_N2_c1,12.894095238095247,6.505947005868201
4.0 mm,ice2x6_N2_c1,12.803190476190487,6.413473069842538
4.0 mm,ice2x6_N2_c1,12.767047619047629,6.3252367371194
4.0 mm,ice2x6_N2_c1,12.716857142857151,6.236911572272617
4.0 mm,ice2x6_N2_c1,12.636047619047627,6.146289473066979
4.0 mm,ice2x6_N2_c1,12.474380952380962,6.0536277524005
4.0 mm,ice2x6_N2_c1,12.259142857142866,5.967030795974019
4.0 mm,ice2x6_N2_c1,12.104857142857153,5.883416851966737
4.0 mm,ice2x6_N2_c1,11.854190476190485,5.798610863915583
4.0 mm,ice2x6_N2_c1,11.561523809523818,5.710888552841392
4.0 mm,ice2x6_N2_c1,11.474000000000007,5.6232425704713735
4.0 mm,ice2x6_N2_c1,11.48890476190477,5.543307664524871
4.0 mm,ice2x6_N2_c1,11.514571428571436,5.464748647140731
4.0 mm,ice2x6_N2_c1,11.462095238095245,5.384055823765318
4.0 mm,ice2x6_N2_c1,11.294333333333341,5.299991968141111
4.0 mm,ice2x6_N2_c1,11.128000000000007,5.213980259538989
4.0 mm,ice2x6_N2_c1,11.084619047619054,5.136686995263241
4.0 mm,ice2x6_N2_c1,11.18685714285715,5.062043911842969
4.0 mm,ice2x6_N2_c1,11.313809523809532,4.985012560627558
4.0 mm,ice2x6_N2_c1,11.388190476190484,4.904140295660321
4.0 mm,ice2x6_N2_c1,11.41090476190477,4.819502259452578
4.0 mm,ice2x6_N2_c1,11.296761904761912,4.743097006741247
4.0 mm,ice2x6_N2_c1,10.98142857142858,4.67110395435429
4.0 mm,ice2x6_N2_c1,10.62642857142858,4.5966673715304065
4.0 mm,ice2x6_N2_c1,10.317619047619054,4.518093551169382
4.0 mm,ice2x6_N2_c1,10.174238095238103,4.434755332050764
4.0 mm,ice2x6_N2_c1,10.173428571428579,4.357817528732418
4.0 mm,ice2x6_N2_c1,10.15476190476191,4.288636707809955
4.0 mm,ice2x6_N2_c1,10.07380952380953,4.217242633040402
4.0 mm,ice2x6_N2_c1,9.930428571428578,4.14143021779301
4.0 mm,ice2x6_N2_c1,9.772238095238102,4.060829302968371
4.0 mm,ice2x6_N2_c1,9.688857142857149,3.9832898041908233
4.0 mm,ice2x6_N2_c1,9.714666666666673,3.9174499856848106
4.0 mm,ice2x6_N2_c1,9.680619047619054,3.8507768494231396
4.0 mm,ice2x6_N2_c1,9.668666666666674,3.7797043508832777
4.0 mm,ice2x6_N2_c1,9.712095238095245,3.704018153241898
4.0 mm,ice2x6_N2_c1,9.680761904761912,3.6250702483005957
4.0 mm,ice2x6_N2_c1,9.60485714285715,3.559773353012814
4.0 mm,ice2x6_N2_c1,9.491476190476199,3.4992930719342388
4.0 mm,ice2x6_N2_c1,9.346095238095245,3.434804048743743
4.0 mm,ice2x6_N2_c1,9.236904761904768,3.3645637629877925
4.0 mm,ice2x6_N2_c1,9.192190476190481,3.288716109374338
4.0 mm,ice2x6_N2_c1,9.08738095238096,3.2130952209406023
4.0 mm,ice2x6_N2_c1,8.914047619047626,3.1530382424039707
4.0 mm,ice2x6_N2_c1,8.694571428571436,3.0934046810075806
4.0 mm,ice2x6_N2_c1,8.544047619047625,3.027631195057845
4.0 mm,ice2x6_N2_c1,8.411666666666672,2.9555587547603457
4.0 mm,ice2x6_N2_c1,8.307904761904767,2.8776697639978517
4.0 mm,ice2x6_N2_c1,8.263666666666673,2.8076287189138305
4.0 mm,ice2x6_N2_c1,8.193142857142863,2.7507527559387794
4.0 mm,ice2x6_N2_c1,8.261809523809532,2.6906169628954295
4.0 mm,ice2x6_N2_c1,8.334047619047624,2.623552148882413
4.0 mm,ice2x6_N2_c1,8.278238095238102,2.5505054994712477
4.0 mm,ice2x6_N2_c1,8.089285714285719,2.4750719579118594
4.0 mm,ice2x6_N2_c1,7.844142857142863,2.4200682742147746
4.0 mm,ice2x6_N2_c1,7.618333333333338,2.367062544285274
4.0 mm,ice2x6_N2_c1,7.515523809523815,2.309602487123602
4.0 mm,ice2x6_N2_c1,7.469476190476197,2.24453425137655
4.0 mm,ice2x6_N2_c1,7.4690476190476245,2.173049852243072
4.0 mm,ice2x6_N2_c1,7.447571428571434,2.099769293900627
4.0 mm,ice2x6_N2_c1,7.402190476190481,2.0490747064801296
4.0 mm,ice2x6_N2_c1,7.412476190476196,1.9987902194394396
4.0 mm,ice2x6_N2_c1,7.300190476190482,1.9440441336078023
4.0 mm,ice2x6_N2_c1,7.127095238095244,1.881239029986351
4.0 mm,ice2x6_N2_c1,6.96771428571429,1.811554160219228
4.0 mm,ice2x6_N2_c1,6.77376190476191,1.736099711102979
4.0 mm,ice2x6_N2_c1,6.568476190476195,1.68558558602836
4.0 mm,ice2x6_N2_c1,6.428523809523814,1.637882047737417
4.0 mm,ice2x6_N2_c1,6.320571428571434,1.5854590845403043
4.0 mm,ice2x6_N2_c1,6.291190476190481,1.524427914829379
4.0 mm,ice2x6_N2_c1,6.265904761904766,1.4556920153796777
4.0 mm,ice2x6_N2_c1,6.237190476190481,1.3809928997340497
4.0 mm,ice2x6_N2_c1,6.215857142857148,1.3355509825156637
4.0 mm,ice2x6_N2_c1,6.109095238095243,1.2906554090621571
4.0 mm,ice2x6_N2_c1,6.074523809523814,1.2407315201818914
4.0 mm,ice2x6_N2_c1,6.186047619047624,1.184182052073217
4.0 mm,ice2x6_N2_c1,6.254571428571433,1.118530007930986
4.0 mm,ice2x6_N2_c1,6.269619047619052,1.0465313562795326
4.0 mm,ice2x6_N2_c1,6.143857142857147,0.987067269106731
4.0 mm,ice2x6_N2_c1,5.890333333333338,0.9468410300657
4.0 mm,ice2x6_N2_c1,5.664095238095243,0.9004426616884484
4.0 mm,ice2x6_N2_c1,5.587142857142862,0.84914306746845
4.0 mm,ice2x6_N2_c1,5.5521428571428615,0.7888796731118121
4.0 mm,ice2x6_N2_c1,5.555809523809527,0.7199883842968726
4.0 mm,ice2x6_N2_c1,5.517428571428576,0.6550123326634106
4.0 mm,ice2x6_N2_c1,5.471333333333337,0.6202793256000028
4.0 mm,ice2x6_N2_c1,5.347571428571432,0.5777517838489942
4.0 mm,ice2x6_N2_c1,5.21919047619048,0.5295448560748521
4.0 mm,ice2x6_N2_c1,5.068857142857147,0.476494530107342
4.0 mm,ice2x6_N2_c1,4.988476190476194,0.4127897061148579
4.0 mm,ice2x6_N2_c1,4.928952380952385,0.34158617024561955
4.0 mm,ice2x6_N2_c1,4.859333333333337,0.30266252350975925
4.0 mm,ice2x6_N2_c1,4.777523809523813,0.26648540384650654
4.0 mm,ice2x6_N2_c1,4.733857142857146,0.22249996324868235
4.0 mm,ice2x6_N2_c1,4.7177619047619075,0.1734266737870963
4.0 mm,ice2x6_N2_c1,4.745714285714289,0.1194470313614323
4.0 mm,ice2x6_N2_c1,4.728952380952384,0.05359041216052546
4.0 mm,ice2x6_N2_c1,4.723285714285717,-0.01974106635937589
4.0 mm,ice2x6_N2_c1,4.6945714285714315,-0.05431356408931588
4.0 mm,ice2x6_N2_c1,4.631571428571432,-0.09047327193312697
4.0 mm,ice2x6_N2_c1,4.552142857142861,-0.13522961822970986
4.0 mm,ice2x6_N2_c1,4.422428571428575,-0.18516214761635685
4.0 mm,ice2x6_N2_c1,4.252476190476194,-0.24223525558956088
4.0 mm,ice2x6_N2_c1,4.118428571428574,-0.31158655103162697
4.0 mm,ice2x6_N2_c1,3.976428571428574,-0.3837885127391008
4.0 mm,ice2x6_N2_c1,3.779047619047622,-0.4349950720593431
4.0 mm,ice2x6_N2_c1,3.7488095238095265,-0.48115487689009917
4.0 mm,ice2x6_N2_c1,3.8191428571428596,-0.5282583966006851
4.0 mm,ice2x6_N2_c1,3.8766666666666696,-0.5779688922382819
4.0 mm,ice2x6_N2_c1,3.9258571428571454,-0.6415866837314994
4.0 mm,ice2x6_N2_c1,3.864190476190479,-0.7135151498582453
4.0 mm,ice2x6_N2_c1,3.679047619047622,-0.786844585336105
4.0 mm,ice2x6_N2_c1,3.5800476190476216,-0.8468073529220834
4.0 mm,ice2x6_N2_c1,3.517333333333336,-0.8962783749840357
4.0 mm,ice2x6_N2_c1,3.3744761904761926,-0.9436365007331157
4.0 mm,ice2x6_N2_c1,3.2496666666666694,-0.992453848802706
4.0 mm,ice2x6_N2_c1,3.108761904761907,-1.067375935852
4.0 mm,ice2x6_N2_c1,2.979047619047621,-1.1410229797591984
4.0 mm,ice2x6_N2_c1,3.0172380952380973,-1.2116704711851434
4.0 mm,ice2x6_N2_c1,3.1472380952380976,-1.2675435938508217
4.0 mm,ice2x6_N2_c1,3.217809523809526,-1.3149733920267295
4.0 mm,ice2x6_N2_c1,3.173714285714288,-1.3607211098512655
4.0 mm,ice2x6_N2_c1,3.061666666666669,-1.4077465198969663
4.0 mm,ice2x6_N2_c1,2.8245714285714305,-1.4572308748078302
4.0 mm,ice2x6_N2_c1,2.683190476190478,-1.5458338310714872
4.0 mm,ice2x6_N2_c1,2.5827619047619064,-1.614054309397987
4.0 mm,ice2x6_N2_c1,2.4547619047619067,-1.6686057368731626
4.0 mm,ice2x6_N2_c1,2.4192857142857154,-1.7151435707941933
4.0 mm,ice2x6_N2_c1,2.5025238095238107,-1.759825098637437
4.0 mm,ice2x6_N2_c1,2.5795238095238116,-1.805321799564319
4.0 mm,ice2x6_N2_c1,2.721952380952383,-1.8528267701722259
4.0 mm,ice2x6_N2_c1,2.828238095238097,-1.928466039996608
4.0 mm,ice2x6_N2_c1,2.779952380952383,-1.998136187276125
4.0 mm,ice2x6_N2_c1,2.6744285714285736,-2.0589818421909127
4.0 mm,ice2x6_N2_c1,2.5096190476190494,-2.1078540282854243
4.0 mm,ice2x6_N2_c1,2.272047619047621,-2.1524297874151603
4.0 mm,ice2x6_N2_c1,2.067666666666668,-2.197003010017184
4.0 mm,ice2x6_N2_c1,1.9299523809523822,-2.243331655004266
4.0 mm,ice2x6_N2_c1,1.8060000000000012,-2.292147336892755
4.0 mm,ice2x6_N2_c1,1.8176190476190488,-2.376913471485142
4.0 mm,ice2x6_N2_c1,2.0063809523809537,-2.4405932837723334
4.0 mm,ice2x6_N2_c1,2.100333333333335,-2.490578532372827
4.0 mm,ice2x6_N2_c1,1.9862857142857158,-2.533975705809728
4.0 mm,ice2x6_N2_c1,1.7570952380952394,-2.5762050410143615
4.0 mm,ice2x6_N2_c1,1.4427619047619056,-2.6199449030660387
4.0 mm,ice2x6_N2_c1,1.3285714285714294,-2.666239243982516
4.0 mm,ice2x6_N2_c1,1.488095238095239,-2.7308195516920906
4.0 mm,ice2x6_N2_c1,1.616761904761906,-2.800783194185539
4.0 mm,ice2x6_N2_c1,1.5681904761904772,-2.8555908563930226
4.0 mm,ice2x6_N2_c1,1.4732857142857152,-2.900131928569296
4.0 mm,ice2x6_N2_c1,1.3482857142857152,-2.9413414719604445
4.0 mm,ice2x6_N2_c1,1.2788095238095247,-2.9825844315288887
4.0 mm,ice2x6_N2_c1,1.2647619047619059,-3.025254703596111
4.0 mm,ice2x6_N2_c1,1.2239523809523818,-3.070176409117739
4.0 mm,ice2x6_N2_c1,1.1098095238095247,-3.1388507628480617
4.0 mm,ice2x6_N2_c1,1.0962380952380961,-3.2014078559122052
4.0 mm,ice2x6_N2_c1,1.101380952380953,-3.2501285573162315
4.0 mm,ice2x6_N2_c1,1.0622857142857152,-3.2918168423028833
4.0 mm,ice2x6_N2_c1,0.9726666666666673,-3.331269163255894
4.0 mm,ice2x6_N2_c1,0.9605238095238102,-3.3713890393545
4.0 mm,ice2x6_N2_c1,0.9220952380952387,-3.413523974401291
4.0 mm,ice2x6_N2_c1,0.8925714285714292,-3.4579988522211913
4.0 mm,ice2x6_N2_c1,0.8302380952380959,-3.524582175373341
4.0 mm,ice2x6_N2_c1,0.8068095238095244,-3.583628005295128
4.0 mm,ice2x6_N2_c1,0.8205238095238101,-3.6297468284608163
4.0 mm,ice2x6_N2_c1,0.9050952380952387,-3.6701300146708355
4.0 mm,ice2x6_N2_c1,0.9653809523809529,-3.708372446082389
4.0 mm,ice2x6_N2_c1,0.9532380952380959,-3.7456885022461295
4.0 mm,ice2x6_N2_c1,0.9012857142857149,-3.7832973418972933
4.0 mm,ice2x6_N2_c1,0.8488571428571435,-3.8225747203339644
4.0 mm,ice2x6_N2_c1,0.7301904761904767,-3.875972198754245
4.0 mm,ice2x6_N2_c1,0.5777619047619053,-3.9370237366834617
4.0 mm,ice2x6_N2_c1,0.4448095238095241,-3.9844438105982976
4.0 mm,ice2x6_N2_c1,0.3664285714285717,-4.025820857046942
4.0 mm,ice2x6_N2_c1,0.33171428571428596,-4.064970463019873
4.0 mm,ice2x6_N2_c1,0.32890476190476214,-4.103780962591302
4.0 mm,ice2x6_N2_c1,0.31252380952380976,-4.142941352931047
4.0 mm,ice2x6_N2_c1,0.30171428571428593,-4.182978386647583
4.0 mm,ice2x6_N2_c1,0.30047619047619073,-4.22475215468575
4.0 mm,ice2x6_N2_c1,0.3199523809523812,-4.287497737428971
4.0 mm,ice2x6_N2_c1,0.31976190476190497,-4.334348123370561
4.0 mm,ice2x6_N2_c1,0.31990476190476214,-4.373351887550753
4.0 mm,ice2x6_N2_c1,0.28133333333333355,-4.409167104504913
4.0 mm,ice2x6_N2_c1,0.21547619047619065,-4.444535935505006
4.0 mm,ice2x6_N2_c1,0.15242857142857152,-4.4821448985931
4.0 mm,ice2x6_N2_c1,0.09061904761904768,-4.522343184649403
4.0 mm,ice2x6_N2_c1,0.010761904761904768,-4.56459141191855
4.0 mm,ice2x6_N2_c1,-0.02614285714285717,-4.617575720940553
4.0 mm,ice2x6_N2_c1,-0.025285714285714304,-4.672401776391527
4.0 mm,ice2x6_N2_c1,-0.02571428571428573,-4.714369421267471
4.0 mm,ice2x6_N2_c1,-0.024238095238095253,-4.75255795317919
4.0 mm,ice2x6_N2_c1,-0.03385714285714288,-4.7884379372226284
4.0 mm,ice2x6_N2_c1,-0.05104761904761909,-4.823308896954525
4.0 mm,ice2x6_N2_c1,-0.06833333333333338,-4.858696559927373
4.0 mm,ice2x6_N2_c1,-0.08276190476190481,-4.895403598886978
4.0 mm,ice2x6_N2_c1,-0.13166666666666677,-4.934382013777007
4.0 mm,ice2x6_N2_c1,-0.18928571428571445,-4.986690963769711
4.0 mm,ice2x6_N2_c1,-0.24714285714285733,-5.030987233826877
4.0 mm,ice2x6_N2_c1,-0.2745238095238097,-5.066383424849882
4.0 mm,ice2x6_N2_c1,-0.28019047619047643,-5.0992179184443325
4.0 mm,ice2x6_N2_c1,-0.2627142857142859,-5.131865853261632
4.0 mm,ice2x6_N2_c1,-0.26214285714285734,-5.165940637086953
4.0 mm,ice2x6_N2_c1,-0.30852380952380976,-5.202233729484887
4.0 mm,ice2x6_N2_c1,-0.40014285714285747,-5.23981168877232
4.0 mm,ice2x6_N2_c1,-0.47409523809523846,-5.27920730957484
4.0 mm,ice2x6_N2_c1,-0.49523809523809564,-5.324399254210286
4.0 mm,ice2x6_N2_c1,-0.4462857142857146,-5.370424259678685
4.0 mm,ice2x6_N2_c1,-0.42295238095238125,-5.405863305225682
4.0 mm,ice2x6_N2_c1,-0.43338095238095264,-5.438183382271748
4.0 mm,ice2x6_N2_c1,-0.48919047619047656,-5.469549037148154
4.0 mm,ice2x6_N2_c1,-0.5332380952380955,-5.501607771242833
4.0 mm,ice2x6_N2_c1,-0.54952380952381,-5.535562462694841
4.0 mm,ice2x6_N2_c1,-0.5408095238095243,-5.569724041355836
4.0 mm,ice2x6_N2_c1,-0.5829523809523813,-5.603738168171343
4.0 mm,ice2x6_N2_c1,-0.6344285714285718,-5.636735489613026
4.0 mm,ice2x6_N2_c1,-0.686571428571429,-5.680314469418369
4.0 mm,ice2x6_N2_c1,-0.7386190476190482,-5.713240903316991
4.0 mm,ice2x6_N2_c1,-0.7548571428571434,-5.744919067352793
4.0 mm,ice2x6_N2_c1,-0.7402380952380957,-5.776791499175697
4.0 mm,ice2x6_N2_c1,-0.7217619047619053,-5.80981286260399
4.0 mm,ice2x6_N2_c1,-0.7216190476190482,-5.844474852495018
4.0 mm,ice2x6_N2_c1,-0.7179047619047624,-5.879257000036455
4.0 mm,ice2x6_N2_c1,-0.7446190476190482,-5.914159992837888
4.0 mm,ice2x6_N2_c1,-0.775476190476191,-5.948803100985664
4.0 mm,ice2x6_N2_c1,-0.8272857142857148,-5.985548071595236
4.0 mm,ice2x6_N2_c1,-0.8703333333333341,-6.026539234541953
4.0 mm,ice2x6_N2_c1,-0.9314761904761911,-6.062857983520665
4.0 mm,ice2x6_N2_c1,-0.971333333333334,-6.097971490272257
4.0 mm,ice2x6_N2_c1,-1.008380952380953,-6.13492411162836
4.0 mm,ice2x6_N2_c1,-1.045285714285715,-6.180484685824183
4.0 mm,ice2x6_N2_c1,-1.0427619047619054,-6.241457532604033
4.0 mm,ice2x6_N2_c1,-1.0146190476190484,-6.321110384472014
4.0 mm,ice2x6_N2_c1,-1.002238095238096,-6.419002985523907
4.0 mm,ice2x6_N2_c1,-0.9812380952380959,-6.533219577940738
4.0 mm,ice2x6_N2_c1,-1.0096190476190483,-6.661325460119838
4.0 mm,ice2x6_N2_c1,-1.0600476190476198,-6.789594178627677
4.0 mm,ice2x6_N2_c1,-1.051190476190477,-6.929891058396029
4.0 mm,ice2x6_N2_c1,-1.0447142857142864,-7.0855637182643205
4.0 mm,ice2x6_N3_c1,26.32752380952383,26.296542857142878
4.0 mm,ice2x6_N3_c1,26.368619047619067,26.296541389061364
4.0 mm,ice2x6_N3_c1,26.359571428571446,26.29646839124391
4.0 mm,ice2x6_N3_c1,26.32247619047621,26.29573611862005
4.0 mm,ice2x6_N3_c1,26.248142857142877,26.292480987043135
4.0 mm,ice2x6_N3_c1,25.99242857142859,26.28339217211888
4.0 mm,ice2x6_N3_c1,25.79690476190478,26.264267390361116
4.0 mm,ice2x6_N3_c1,25.59833333333335,26.230743391055142
4.0 mm,ice2x6_N3_c1,25.396476190476207,26.178913890281347
4.0 mm,ice2x6_N3_c1,25.230285714285735,26.105833184315678
4.0 mm,ice2x6_N3_c1,25.082000000000015,26.00989134650953
4.0 mm,ice2x6_N3_c1,24.890333333333352,25.89080599375938
4.0 mm,ice2x6_N3_c1,24.728761904761924,25.749307512002336
4.0 mm,ice2x6_N3_c1,24.582095238095256,25.586854817854466
4.0 mm,ice2x6_N3_c1,24.451095238095256,25.40533531672721
4.0 mm,ice2x6_N3_c1,24.274476190476207,25.206869598214652
4.0 mm,ice2x6_N3_c1,24.169571428571448,24.993517093954956
4.0 mm,ice2x6_N3_c1,24.009000000000018,24.76716933480644
4.0 mm,ice2x6_N3_c1,23.8689523809524,24.529557498593682
4.0 mm,ice2x6_N3_c1,23.630619047619064,24.28243556732538
4.0 mm,ice2x6_N3_c1,23.399476190476207,24.02739221966795
4.0 mm,ice2x6_N3_c1,23.11061904761906,23.765780217592926
4.0 mm,ice2x6_N3_c1,22.87876190476192,23.49882296649377
4.0 mm,ice2x6_N3_c1,22.6039523809524,23.227705949718164
4.0 mm,ice2x6_N3_c1,22.413904761904778,22.95404189814482
4.0 mm,ice2x6_N3_c1,22.222809523809538,22.679978756288953
4.0 mm,ice2x6_N3_c1,22.009571428571444,22.40747784349856
4.0 mm,ice2x6_N3_c1,21.86966666666668,22.13799157507065
4.0 mm,ice2x6_N3_c1,21.767190476190493,21.872465546393997
4.0 mm,ice2x6_N3_c1,21.580047619047637,21.611295903639885
4.0 mm,ice2x6_N3_c1,21.419000000000015,21.35463804453512
4.0 mm,ice2x6_N3_c1,21.330904761904776,21.102430191606427
4.0 mm,ice2x6_N3_c1,21.147000000000016,20.85460389476117
4.0 mm,ice2x6_N3_c1,20.919285714285728,20.61102975138769
4.0 mm,ice2x6_N3_c1,20.70266666666668,20.371665544885524
4.0 mm,ice2x6_N3_c1,20.54085714285716,20.136450366697712
4.0 mm,ice2x6_N3_c1,20.37923809523811,19.90513313027847
4.0 mm,ice2x6_N3_c1,20.22623809523811,19.677572513540145
4.0 mm,ice2x6_N3_c1,20.03466666666668,19.45356848643438
4.0 mm,ice2x6_N3_c1,19.6567142857143,19.233186729563677
4.0 mm,ice2x6_N3_c1,19.242000000000015,19.016271740818954
4.0 mm,ice2x6_N3_c1,18.90333333333335,18.802400608043435
4.0 mm,ice2x6_N3_c1,18.551000000000013,18.591339154291546
4.0 mm,ice2x6_N3_c1,18.221809523809537,18.38283604186845
4.0 mm,ice2x6_N3_c1,17.98957142857144,18.17699421690436
4.0 mm,ice2x6_N3_c1,17.83557142857144,17.973628098409034
4.0 mm,ice2x6_N3_c1,17.70323809523811,17.77264119337526
4.0 mm,ice2x6_N3_c1,17.600666666666676,17.57400517116421
4.0 mm,ice2x6_N3_c1,17.439238095238107,17.37742421547282
4.0 mm,ice2x6_N3_c1,17.20704761904763,17.183023322334225
4.0 mm,ice2x6_N3_c1,17.02119047619049,16.990557380917906
4.0 mm,ice2x6_N3_c1,16.87261904761906,16.800110897852637
4.0 mm,ice2x6_N3_c1,16.5484761904762,16.611825213528416
4.0 mm,ice2x6_N3_c1,16.24595238095239,16.425527823751246
4.0 mm,ice2x6_N3_c1,15.9807142857143,16.241691669253377
4.0 mm,ice2x6_N3_c1,15.890857142857154,16.060062920096925
4.0 mm,ice2x6_N3_c1,15.83300000000001,15.880494424494358
4.0 mm,ice2x6_N3_c1,15.721666666666676,15.703470217731207
4.0 mm,ice2x6_N3_c1,15.529190476190486,15.528355454309631
4.0 mm,ice2x6_N3_c1,15.414238095238108,15.354876210057506
4.0 mm,ice2x6_N3_c1,15.239761904761915,15.18348699345907
4.0 mm,ice2x6_N3_c1,15.14504761904763,15.013650225800736
4.0 mm,ice2x6_N3_c1,14.937809523809536,14.845708566857802
4.0 mm,ice2x6_N3_c1,14.573714285714297,14.680060646234526
4.0 mm,ice2x6_N3_c1,14.290047619047629,14.515814267375934
4.0 mm,ice2x6_N3_c1,14.196476190476199,14.353303393191766
4.0 mm,ice2x6_N3_c1,13.947809523809532,14.192826557991793
4.0 mm,ice2x6_N3_c1,13.706714285714295,14.03331285742823
4.0 mm,ice2x6_N3_c1,13.409666666666677,13.875247172635031
4.0 mm,ice2x6_N3_c1,12.9894761904762,13.71893992287929
4.0 mm,ice2x6_N3_c1,12.683428571428582,13.56330535507442
4.0 mm,ice2x6_N3_c1,12.560142857142866,13.409089126209219
4.0 mm,ice2x6_N3_c1,12.513523809523818,13.256565584780695
4.0 mm,ice2x6_N3_c1,12.45333333333334,13.104537159127432
4.0 mm,ice2x6_N3_c1,12.275285714285722,12.953965613045359
4.0 mm,ice2x6_N3_c1,11.959809523809533,12.805262050716529
4.0 mm,ice2x6_N3_c1,11.732857142857153,12.657322845975935
4.0 mm,ice2x6_N3_c1,11.517285714285723,12.511264460593235
4.0 mm,ice2x6_N3_c1,11.33642857142858,12.36750606976846
4.0 mm,ice2x6_N3_c1,11.081666666666674,12.224417991645224
4.0 mm,ice2x6_N3_c1,10.908285714285721,12.08272893124974
4.0 mm,ice2x6_N3_c1,10.766095238095247,11.94347833572288
4.0 mm,ice2x6_N3_c1,10.71728571428572,11.805387265653694
4.0 mm,ice2x6_N3_c1,10.588857142857151,11.668616943936998
4.0 mm,ice2x6_N3_c1,10.36485714285715,11.534593794498594
4.0 mm,ice2x6_N3_c1,10.088333333333342,11.402547282852986
4.0 mm,ice2x6_N3_c1,9.861238095238102,11.270520238671544
4.0 mm,ice2x6_N3_c1,9.655095238095246,11.139750172524254
4.0 mm,ice2x6_N3_c1,9.57928571428572,11.011184894166039
4.0 mm,ice2x6_N3_c1,9.456047619047625,10.883464292796642
4.0 mm,ice2x6_N3_c1,9.52538095238096,10.756389520831075
4.0 mm,ice2x6_N3_c1,9.639095238095244,10.631810560241524
4.0 mm,ice2x6_N3_c1,9.544380952380958,10.509099966259427
4.0 mm,ice2x6_N3_c1,9.25085714285715,10.386358567613577
4.0 mm,ice2x6_N3_c1,9.007333333333339,10.264692138087028
4.0 mm,ice2x6_N3_c1,8.758476190476197,10.145517459696112
4.0 mm,ice2x6_N3_c1,8.692047619047624,10.027542663223795
4.0 mm,ice2x6_N3_c1,8.677190476190482,9.908701067190703
4.0 mm,ice2x6_N3_c1,8.486523809523815,9.790530218149655
4.0 mm,ice2x6_N3_c1,8.320000000000006,9.674453130477726
4.0 mm,ice2x6_N3_c1,8.314142857142862,9.558940358280454
4.0 mm,ice2x6_N3_c1,8.47780952380953,9.442379725340611
4.0 mm,ice2x6_N3_c1,8.45128571428572,9.327546307523354
4.0 mm,ice2x6_N3_c1,8.282190476190483,9.214661910552703
4.0 mm,ice2x6_N3_c1,8.136952380952387,9.101768988763407
4.0 mm,ice2x6_N3_c1,7.904619047619053,8.989042568410492
4.0 mm,ice2x6_N3_c1,7.627666666666673,8.87913112961714
4.0 mm,ice2x6_N3_c1,7.3550952380952435,8.770765692631446
4.0 mm,ice2x6_N3_c1,6.9298571428571485,8.661771450946985
4.0 mm,ice2x6_N3_c1,6.590571428571433,8.552791331859012
4.0 mm,ice2x6_N3_c1,6.578523809523815,8.44669179683036
4.0 mm,ice2x6_N3_c1,6.6307619047619095,8.34182713279517
4.0 mm,ice2x6_N3_c1,6.7039047619047665,8.235996686645539
4.0 mm,ice2x6_N3_c1,6.6511904761904805,8.131068855905864
4.0 mm,ice2x6_N3_c1,6.379619047619052,8.029591653489627
4.0 mm,ice2x6_N3_c1,6.054523809523813,7.929253823012564
4.0 mm,ice2x6_N3_c1,5.872619047619052,7.827711079217712
4.0 mm,ice2x6_N3_c1,5.885000000000003,7.725880861351262
4.0 mm,ice2x6_N3_c1,5.911523809523814,7.6276221685859245
4.0 mm,ice2x6_N3_c1,6.006190476190481,7.530809393944337
4.0 mm,ice2x6_N3_c1,5.9933809523809565,7.432794754885243
4.0 mm,ice2x6_N3_c1,5.78571428571429,7.333512951911202
4.0 mm,ice2x6_N3_c1,5.561190476190481,7.238260438723251
4.0 mm,ice2x6_N3_c1,5.372428571428575,7.145382397491508
4.0 mm,ice2x6_N3_c1,5.105047619047622,7.051697025152443
4.0 mm,ice2x6_N3_c1,4.981571428571431,6.955483616615044
4.0 mm,ice2x6_N3_c1,4.913380952380956,6.861144497379919
4.0 mm,ice2x6_N3_c1,4.782523809523813,6.7707034088306415
4.0 mm,ice2x6_N3_c1,4.649428571428574,6.680284690429286
4.0 mm,ice2x6_N3_c1,4.516571428571432,6.587427001474957
4.0 mm,ice2x6_N3_c1,4.340809523809527,6.493088773548114
4.0 mm,ice2x6_N3_c1,4.21114285714286,6.403574516776503
4.0 mm,ice2x6_N3_c1,4.134952380952384,6.315577008479483
4.0 mm,ice2x6_N3_c1,4.196857142857145,6.22561211910768
4.0 mm,ice2x6_N3_c1,4.246047619047622,6.133163280378368
4.0 mm,ice2x6_N3_c1,4.250523809523813,6.046103451518032
4.0 mm,ice2x6_N3_c1,4.135380952380956,5.962297844645781
4.0 mm,ice2x6_N3_c1,3.9644761904761934,5.877263382426318
4.0 mm,ice2x6_N3_c1,3.7375238095238124,5.78902373004173
4.0 mm,ice2x6_N3_c1,3.580761904761907,5.699940884244459
4.0 mm,ice2x6_N3_c1,3.367571428571431,5.617970420383164
4.0 mm,ice2x6_N3_c1,3.2205238095238116,5.5374404893109075
4.0 mm,ice2x6_N3_c1,3.0017142857142876,5.4543541527028445
4.0 mm,ice2x6_N3_c1,2.8422857142857167,5.367220096405855
4.0 mm,ice2x6_N3_c1,2.8787142857142882,5.2825911821752705
4.0 mm,ice2x6_N3_c1,2.995904761904764,5.204584058639917
4.0 mm,ice2x6_N3_c1,2.9785238095238116,5.1259206459129905
4.0 mm,ice2x6_N3_c1,3.018238095238097,5.043680223812375
4.0 mm,ice2x6_N3_c1,2.932857142857145,4.957426222153011
4.0 mm,ice2x6_N3_c1,2.8743333333333356,4.878039563461412
4.0 mm,ice2x6_N3_c1,2.7410476190476207,4.8037285401169
4.0 mm,ice2x6_N3_c1,2.585761904761907,4.727213327514646
4.0 mm,ice2x6_N3_c1,2.3917619047619065,4.646451581121053
4.0 mm,ice2x6_N3_c1,2.2780000000000014,4.561521940851202
4.0 mm,ice2x6_N3_c1,2.2393809523809542,4.484821389568587
4.0 mm,ice2x6_N3_c1,2.25557142857143,4.412636832043342
4.0 mm,ice2x6_N3_c1,2.197190476190478,4.337262686494499
4.0 mm,ice2x6_N3_c1,2.3069523809523824,4.256972521199495
4.0 mm,ice2x6_N3_c1,2.3745238095238115,4.174614446821192
4.0 mm,ice2x6_N3_c1,2.34457142857143,4.103823610839552
4.0 mm,ice2x6_N3_c1,2.279761904761906,4.035550090060694
4.0 mm,ice2x6_N3_c1,2.1458571428571447,3.9630662241458667
4.0 mm,ice2x6_N3_c1,1.9984761904761918,3.885246167070123
4.0 mm,ice2x6_N3_c1,2.0757142857142874,3.803161127084915
4.0 mm,ice2x6_N3_c1,2.247476190476192,3.732741366498566
4.0 mm,ice2x6_N3_c1,2.2995238095238113,3.6669658338211457
4.0 mm,ice2x6_N3_c1,2.0916190476190493,3.5967889326131446
4.0 mm,ice2x6_N3_c1,1.7695714285714297,3.520771699430647
4.0 mm,ice2x6_N3_c1,1.4046666666666678,3.440591205516179
4.0 mm,ice2x6_N3_c1,1.256000000000001,3.3740628946040068
4.0 mm,ice2x6_N3_c1,1.3506666666666676,3.312294170850811
4.0 mm,ice2x6_N3_c1,1.4007142857142867,3.2464103411676435
4.0 mm,ice2x6_N3_c1,1.3365238095238103,3.173821386275013
4.0 mm,ice2x6_N3_c1,1.3013333333333343,3.094879770842183
4.0 mm,ice2x6_N3_c1,1.271095238095239,3.0280487933891163
4.0 mm,ice2x6_N3_c1,1.259095238095239,2.969230473053348
4.0 mm,ice2x6_N3_c1,1.277000000000001,2.9077268031187713
4.0 mm,ice2x6_N3_c1,1.2773809523809532,2.8392033510067645
4.0 mm,ice2x6_N3_c1,1.2883809523809533,2.7639269148964307
4.0 mm,ice2x6_N3_c1,1.3195714285714297,2.689720429375338
4.0 mm,ice2x6_N3_c1,1.3356666666666677,2.6324184366135492
4.0 mm,ice2x6_N3_c1,1.3306666666666676,2.5752436089234707
4.0 mm,ice2x6_N3_c1,1.3222857142857152,2.5125532505948707
4.0 mm,ice2x6_N3_c1,1.2900476190476198,2.4418944514733183
4.0 mm,ice2x6_N3_c1,1.263333333333334,2.364245043113193
4.0 mm,ice2x6_N3_c1,1.2345238095238105,2.304334950581921
4.0 mm,ice2x6_N3_c1,1.1982857142857153,2.25042718614575
4.0 mm,ice2x6_N3_c1,1.1576666666666675,2.192497135076859
4.0 mm,ice2x6_N3_c1,1.138095238095239,2.126202114538393
4.0 mm,ice2x6_N3_c1,1.1117142857142865,2.0520939462736654
4.0 mm,ice2x6_N3_c1,1.0855714285714295,1.9818987330189688
4.0 mm,ice2x6_N3_c1,1.0568571428571436,1.9307720720755166
4.0 mm,ice2x6_N3_c1,1.041333333333334,1.877036682402185
4.0 mm,ice2x6_N3_c1,1.0098571428571437,1.8170590837469138
4.0 mm,ice2x6_N3_c1,0.964285714285715,1.7477535568994165
4.0 mm,ice2x6_N3_c1,0.9358571428571435,1.6709117656870114
4.0 mm,ice2x6_N3_c1,0.928428571428572,1.61944488860541
4.0 mm,ice2x6_N3_c1,0.908333333333334,1.5706134110957186
4.0 mm,ice2x6_N3_c1,0.8290000000000006,1.5168604068443954
4.0 mm,ice2x6_N3_c1,0.5563809523809529,1.4564454262983038
4.0 mm,ice2x6_N3_c1,0.09609523809523815,1.3864026412407904
4.0 mm,ice2x6_N3_c1,-0.4328095238095241,1.3089918092022867
4.0 mm,ice2x6_N3_c1,-0.8681428571428578,1.2614846183684416
4.0 mm,ice2x6_N3_c1,-1.125190476190477,1.2138397843713598
4.0 mm,ice2x6_N3_c1,-1.107190476190477,1.1603414711170512
4.0 mm,ice2x6_N3_c1,-0.9219047619047624,1.0990555627136083
4.0 mm,ice2x6_N3_c1,-0.6707142857142862,1.0269932692008497
4.0 mm,ice2x6_N3_c1,-0.5828095238095241,0.9556829862738437
4.0 mm,ice2x6_N3_c1,-0.6709523809523814,0.9144710019949515
4.0 mm,ice2x6_N3_c1,-0.8829047619047625,0.8669459151257147
4.0 mm,ice2x6_N3_c1,-1.0542857142857152,0.813608214397165
4.0 mm,ice2x6_N3_c1,-1.2009523809523817,0.7523791662639311
4.0 mm,ice2x6_N3_c1,-1.414904761904763,0.680439608287888
4.0 mm,ice2x6_N3_c1,-1.6274285714285726,0.6236771994271593
4.0 mm,ice2x6_N3_c1,-1.652952380952382,0.5855738837339323
4.0 mm,ice2x6_N3_c1,-1.578761904761906,0.5390468394415543
4.0 mm,ice2x6_N3_c1,-1.4255714285714296,0.48654031124904573
4.0 mm,ice2x6_N3_c1,-1.36004761904762,0.42864166031027173
4.0 mm,ice2x6_N3_c1,-1.4872380952380961,0.3585916847929092
4.0 mm,ice2x6_N3_c1,-1.7150952380952393,0.2932585622971073
4.0 mm,ice2x6_N3_c1,-1.8920476190476203,0.26015868925749175
4.0 mm,ice2x6_N3_c1,-1.7071428571428584,0.21576768339586944
4.0 mm,ice2x6_N3_c1,-0.9505238095238102,0.1644188414207438
4.0 mm,ice2x6_N3_c1,-0.03614285714285717,0.10830387660724776
4.0 mm,ice2x6_N3_c1,0.8146190476190482,0.04096707942081845
4.0 mm,ice2x6_N3_c1,1.2445714285714295,-0.03459815191939111
4.0 mm,ice2x6_N3_c1,1.0598095238095246,-0.05791904618347692
4.0 mm,ice2x6_N3_c1,0.5504761904761909,-0.09713469018986758
4.0 mm,ice2x6_N3_c1,0.03804761904761908,-0.14423858665341413
4.0 mm,ice2x6_N3_c1,-0.41676190476190506,-0.19688265043578795
4.0 mm,ice2x6_N3_c1,-0.35914285714285743,-0.2554353997918872
4.0 mm,ice2x6_N3_c1,-0.27500000000000024,-0.3282523998755382
4.0 mm,ice2x6_N3_c1,-0.27685714285714297,-0.39212323274799543
4.0 mm,ice2x6_N3_c1,-0.6812857142857147,-0.4411886961163636
4.0 mm,ice2x6_N3_c1,-1.3313809523809532,-0.48959601373695877
4.0 mm,ice2x6_N3_c1,-1.6093809523809535,-0.5408327844603267
4.0 mm,ice2x6_N3_c1,-0.9437142857142864,-0.5959315499663829
4.0 mm,ice2x6_N3_c1,-0.11938095238095245,-0.6711981668108602
4.0 mm,ice2x6_N3_c1,0.7538095238095245,-0.7475900819201082
4.0 mm,ice2x6_N3_c1,1.3422857142857152,-0.807811333728772
4.0 mm,ice2x6_N3_c1,1.0145714285714291,-0.8555962368235693
4.0 mm,ice2x6_N3_c1,0.091904761904762,-0.9001907222206668
4.0 mm,ice2x6_N3_c1,-0.9159047619047624,-0.9461469041881285
4.0 mm,ice2x6_N3_c1,-1.4986190476190486,-0.9951795749905517
4.0 mm,ice2x6_N3_c1,-1.387142857142858,-1.077818027116746
4.0 mm,ice2x6_N3_c1,-0.7312857142857148,-1.1521363956018045
4.0 mm,ice2x6_N3_c1,-0.18780952380952393,-1.2140940633072907
4.0 mm,ice2x6_N3_c1,0.27728571428571447,-1.264831061466827
4.0 mm,ice2x6_N3_c1,0.5397619047619051,-1.3109169765033009
4.0 mm,ice2x6_N3_c1,0.8720476190476196,-1.356482856197557
4.0 mm,ice2x6_N3_c1,0.9219523809523815,-1.404392833573469
4.0 mm,ice2x6_N3_c1,0.13957142857142862,-1.477896168477976
4.0 mm,ice2x6_N3_c1,-0.8466666666666673,-1.5525717841679747
4.0 mm,ice2x6_N3_c1,-1.7108571428571442,-1.6125386441050216
4.0 mm,ice2x6_N3_c1,-2.3159047619047635,-1.662282963285264
4.0 mm,ice2x6_N3_c1,-2.499047619047621,-1.7097047719955176
4.0 mm,ice2x6_N3_c1,-2.5470952380952396,-1.7599344047227907
4.0 mm,ice2x6_N3_c1,-2.862238095238097,-1.8144982547414528
4.0 mm,ice2x6_N3_c1,-3.161571428571431,-1.8928533935645624
4.0 mm,ice2x6_N3_c1,-3.601238095238098,-1.9723213903815362
4.0 mm,ice2x6_N3_c1,-4.05114285714286,-2.0336815744386474
4.0 mm,ice2x6_N3_c1,-4.217238095238098,-2.0829660398470753
4.0 mm,ice2x6_N3_c1,-4.0883333333333365,-2.129161318713709
4.0 mm,ice2x6_N3_c1,-3.7712380952380977,-2.1765323670998766
4.0 mm,ice2x6_N3_c1,-3.439190476190479,-2.226127808993298
4.0 mm,ice2x6_N3_c1,-3.35361904761905,-2.2964947356671757
4.0 mm,ice2x6_N3_c1,-3.577809523809526,-2.3695927212663928
4.0 mm,ice2x6_N3_c1,-3.6746666666666696,-2.426275621563046
4.0 mm,ice2x6_N3_c1,-3.6495714285714316,-2.4757664557358128
4.0 mm,ice2x6_N3_c1,-3.6165238095238124,-2.523307623943376
4.0 mm,ice2x6_N3_c1,-3.5290952380952403,-2.5704497019372767
4.0 mm,ice2x6_N3_c1,-3.5814761904761925,-2.618160423436989
4.0 mm,ice2x6_N3_c1,-3.820571428571432,-2.6684851574779627
4.0 mm,ice2x6_N3_c1,-3.6580952380952407,-2.754851837090475
4.0 mm,ice2x6_N3_c1,-3.2835238095238117,-2.812505198910455
4.0 mm,ice2x6_N3_c1,-2.943619047619049,-2.8597023901099643
4.0 mm,ice2x6_N3_c1,-2.740142857142859,-2.9020104611128126
4.0 mm,ice2x6_N3_c1,-2.7239047619047643,-2.943275788460611
4.0 mm,ice2x6_N3_c1,-2.942238095238097,-2.9864495659811383
4.0 mm,ice2x6_N3_c1,-2.963666666666669,-3.033292924642864
4.0 mm,ice2x6_N3_c1,-2.9048095238095257,-3.1098135431282365
4.0 mm,ice2x6_N3_c1,-2.709666666666669,-3.165875060216961
4.0 mm,ice2x6_N3_c1,-2.700000000000002,-3.212100050931251
4.0 mm,ice2x6_N3_c1,-2.795000000000002,-3.2545803436940783
4.0 mm,ice2x6_N3_c1,-3.0546666666666686,-3.2965195451813485
4.0 mm,ice2x6_N3_c1,-3.2362857142857164,-3.339700587475496
4.0 mm,ice2x6_N3_c1,-3.329714285714288,-3.3850009352150514
4.0 mm,ice2x6_N3_c1,-3.2407142857142883,-3.4331165234424685
4.0 mm,ice2x6_N3_c1,-3.188571428571431,-3.507863470667747
4.0 mm,ice2x6_N3_c1,-3.1823333333333355,-3.55753298530189
4.0 mm,ice2x6_N3_c1,-3.2408571428571453,-3.601953303076802
4.0 mm,ice2x6_N3_c1,-3.1545714285714306,-3.646468375054682
4.0 mm,ice2x6_N3_c1,-3.043666666666669,-3.692787814090413
4.0 mm,ice2x6_N3_c1,-2.900142857142859,-3.7399802186522635
4.0 mm,ice2x6_N3_c1,-2.773190476190478,-3.787089103427863
4.0 mm,ice2x6_N3_c1,-2.7833333333333354,-3.8513911402820904
4.0 mm,ice2x6_N3_c1,-2.873523809523811,-3.9030203055219506
4.0 mm,ice2x6_N3_c1,-2.873857142857145,-3.945115326781888
4.0 mm,ice2x6_N3_c1,-2.9117619047619065,-3.985013285017107
4.0 mm,ice2x6_N3_c1,-2.9479523809523833,-4.0249357011462745
4.0 mm,ice2x6_N3_c1,-2.917142857142859,-4.065389931368745
4.0 mm,ice2x6_N3_c1,-2.760380952380954,-4.107006916080921
4.0 mm,ice2x6_N3_c1,-2.677238095238097,-4.149504257149385
4.0 mm,ice2x6_N3_c1,-2.654952380952383,-4.205691079336138
4.0 mm,ice2x6_N3_c1,-2.8435714285714306,-4.2506964705589345
4.0 mm,ice2x6_N3_c1,-3.1342380952380977,-4.2878542446515295
4.0 mm,ice2x6_N3_c1,-3.3403809523809547,-4.325274556246759
4.0 mm,ice2x6_N3_c1,-3.3182857142857163,-4.365780569164477
4.0 mm,ice2x6_N3_c1,-3.2640952380952406,-4.4086772805740235
4.0 mm,ice2x6_N3_c1,-3.2480476190476217,-4.452398489290737
4.0 mm,ice2x6_N3_c1,-3.271809523809526,-4.496299319736522
4.0 mm,ice2x6_N3_c1,-3.352523809523812,-4.545704535578997
4.0 mm,ice2x6_N3_c1,-3.4754285714285738,-4.596460376760907
4.0 mm,ice2x6_N3_c1,-3.666809523809526,-4.6391521567780165
4.0 mm,ice2x6_N3_c1,-3.8525714285714314,-4.680483993076678
4.0 mm,ice2x6_N3_c1,-4.037952380952384,-4.721824061907395
4.0 mm,ice2x6_N3_c1,-3.9299523809523835,-4.762429299337686
4.0 mm,ice2x6_N3_c1,-3.7709523809523837,-4.802381164089334
4.0 mm,ice2x6_N3_c1,-3.64714285714286,-4.843494133452839
4.0 mm,ice2x6_N3_c1,-3.698000000000003,-4.886004865157728
4.0 mm,ice2x6_N3_c1,-3.7732380952380984,-4.945927084917377
4.0 mm,ice2x6_N3_c1,-3.9444761904761934,-4.994255304264274
4.0 mm,ice2x6_N3_c1,-3.938190476190479,-5.04028591267425
4.0 mm,ice2x6_N3_c1,-3.833857142857146,-5.0840738202128
4.0 mm,ice2x6_N3_c1,-3.707714285714289,-5.125050921610436
4.0 mm,ice2x6_N3_c1,-3.6884285714285743,-5.163793715864921
4.0 mm,ice2x6_N3_c1,-3.6959523809523835,-5.202420237335532
4.0 mm,ice2x6_N3_c1,-3.858285714285717,-5.239882211782538
4.0 mm,ice2x6_N3_c1,-4.085904761904764,-5.2876847857741645
4.0 mm,ice2x6_N3_c1,-4.2307142857142885,-5.325827344172923
4.0 mm,ice2x6_N3_c1,-4.188142857142859,-5.358725891854762
4.0 mm,ice2x6_N3_c1,-4.437047619047622,-5.3889676299602876
4.0 mm,ice2x6_N3_c1,-3.8558095238095262,-5.41918148490956
4.0 mm,ice2x6_N3_c1,-2.742428571428573,-5.4514820992747515
4.0 mm,ice2x6_N3_c1,-1.5176190476190488,-5.486365373547496
4.0 mm,ice2x6_N3_c1,-0.5035238095238098,-5.52307587472766
4.0 mm,ice2x6_N3_c1,0.10833333333333356,-5.558638034888851
4.0 mm,ice2x6_N3_c1,-0.17152380952380963,-5.606403982509992
4.0 mm,ice2x6_N3_c1,-0.16352380952380963,-5.642533118036366
4.0 mm,ice2x6_N3_c1,-0.11961904761904771,-5.674807254343196
4.0 mm,ice2x6_N3_c1,-0.1070000000000001,-5.706849401551863
4.0 mm,ice2x6_N3_c1,-0.1478095238095239,-5.742100279847053
4.0 mm,ice2x6_N3_c1,-0.15747619047619058,-5.782629327606829
4.0 mm,ice2x6_N3_c1,-0.19928571428571443,-5.827299287109675
4.0 mm,ice2x6_N3_c1,-0.229857142857143,-5.870648316905005
4.0 mm,ice2x6_N3_c1,-0.2543333333333335,-5.909551989760132
4.0 mm,ice2x6_N3_c1,-0.22838095238095257,-5.960845487317665
4.0 mm,ice2x6_N3_c1,-0.1776666666666668,-6.007209252551698
4.0 mm,ice2x6_N3_c1,-0.13880952380952394,-6.053685123395381
4.0 mm,ice2x6_N3_c1,-0.11776190476190485,-6.099319457417891
4.0 mm,ice2x6_N3_c1,-0.13666666666666677,-6.144096483193128
4.0 mm,ice2x6_N3_c1,-0.15528571428571442,-6.1891542679523335
4.0 mm,ice2x6_N3_c1,-0.17580952380952394,-6.235237687701201
4.0 mm,ice2x6_N3_c1,-0.2031904761904763,-6.279727526171437
4.0 mm,ice2x6_N3_c1,-0.2284285714285716,-6.325631955017406
4.0 mm,ice2x6_N3_c1,-0.2075714285714287,-6.376639269810995
4.0 mm,ice2x6_N3_c1,-0.18504761904761918,-6.422162606136588
4.0 mm,ice2x6_N3_c1,-0.15976190476190488,-6.464953126983365
4.0 mm,ice2x6_N3_c1,-0.17600000000000016,-6.5056453537248204
4.0 mm,ice2x6_N3_c1,-0.22161904761904777,-6.545306537975445
4.0 mm,ice2x6_N3_c1,-0.243809523809524,-6.586417114344626
4.0 mm,ice2x6_N3_c1,-0.20742857142857157,-6.630231533213334
4.0 mm,ice2x6_N3_c1,-0.15776190476190488,-6.6769377466481235
4.0 mm,ice2x6_N3_c1,-0.11042857142857151,-6.738833826947764
4.0 mm,ice2x6_N3_c1,-0.04900000000000003,-6.804990704134543
4.0 mm,ice2x6_N3_c1,-0.015333333333333345,-6.877393372024413
4.0 mm,ice2x6_N3_c1,0.0061428571428571496,-6.957743941396427
4.0 mm,ice2x6_N3_c1,0.024047619047619068,-7.0461366240192485
6.0 mm,ice2x6_N1_c1,27.216000000000022,27.210019047619067
6.0 mm,ice2x6_N1_c1,27.19980952380954,27.210019047502158
6.0 mm,ice2x6_N1_c1,27.214476190476212,27.210019026146625
6.0 mm,ice2x6_N1_c1,27.231428571428587,27.21001835976213
6.0 mm,ice2x6_N1_c1,27.239571428571445,27.21001045810024
6.0 mm,ice2x6_N1_c1,27.238142857142876,27.20995980799575
6.0 mm,ice2x6_N1_c1,27.210000000000015,27.209747107303404
6.0 mm,ice2x6_N1_c1,27.141333333333353,27.20908830536581
6.0 mm,ice2x6_N1_c1,27.090380952380972,27.20745795015617
6.0 mm,ice2x6_N1_c1,27.05004761904764,27.204051383630812
6.0 mm,ice2x6_N1_c1,27.010142857142878,27.197809864283013
6.0 mm,ice2x6_N1_c1,26.916714285714306,27.187509718371366
6.0 mm,ice2x6_N1_c1,26.83257142857145,27.17188877136659
6.0 mm,ice2x6_N1_c1,26.71019047619049,27.149768631043596
6.0 mm,ice2x6_N1_c1,26.600476190476208,27.120142472533978
6.0 mm,ice2x6_N1_c1,26.5029523809524,27.08222406197293
6.0 mm,ice2x6_N1_c1,26.505666666666688,27.035463180084342
6.0 mm,ice2x6_N1_c1,26.412619047619067,26.97953599224455
6.0 mm,ice2x6_N1_c1,26.348190476190496,26.914321777136635
6.0 mm,ice2x6_N1_c1,26.318761904761924,26.83987501788451
6.0 mm,ice2x6_N1_c1,26.283095238095257,26.756395941403778
6.0 mm,ice2x6_N1_c1,26.28952380952383,26.664219055432774
6.0 mm,ice2x6_N1_c1,26.268380952380973,26.563828080839023
6.0 mm,ice2x6_N1_c1,26.12233333333335,26.455853525845185
6.0 mm,ice2x6_N1_c1,26.037809523809543,26.34102790153438
6.0 mm,ice2x6_N1_c1,26.034476190476205,26.220124297270843
6.0 mm,ice2x6_N1_c1,26.07552380952383,26.093906200245556
6.0 mm,ice2x6_N1_c1,26.03880952380954,25.963093557194377
6.0 mm,ice2x6_N1_c1,25.86242857142859,25.828342603316713
6.0 mm,ice2x6_N1_c1,25.680809523809543,25.690240830912188
6.0 mm,ice2x6_N1_c1,25.59533333333335,25.549313091023457
6.0 mm,ice2x6_N1_c1,25.501047619047636,25.406028075142977
6.0 mm,ice2x6_N1_c1,25.421619047619064,25.260802482612274
6.0 mm,ice2x6_N1_c1,25.187857142857162,25.11399835498714
6.0 mm,ice2x6_N1_c1,24.927380952380968,24.965922185635666
6.0 mm,ice2x6_N1_c1,24.91690476190478,24.816836036308526
6.0 mm,ice2x6_N1_c1,25.02047619047621,24.666973848691768
6.0 mm,ice2x6_N1_c1,25.028190476190495,24.51654538150316
6.0 mm,ice2x6_N1_c1,25.046714285714305,24.36573644206174
6.0 mm,ice2x6_N1_c1,25.01376190476192,24.214705451481436
6.0 mm,ice2x6_N1_c1,24.765142857142877,24.063583704300406
6.0 mm,ice2x6_N1_c1,24.68990476190478,23.912482650329423
6.0 mm,ice2x6_N1_c1,24.491571428571447,23.761507070349943
6.0 mm,ice2x6_N1_c1,24.133809523809543,23.610754944507747
6.0 mm,ice2x6_N1_c1,24.05223809523811,23.460303529524097
6.0 mm,ice2x6_N1_c1,24.02190476190478,23.31020969043686
6.0 mm,ice2x6_N1_c1,23.926095238095257,23.160524092529407
6.0 mm,ice2x6_N1_c1,23.904000000000018,23.011307102404707
6.0 mm,ice2x6_N1_c1,23.935380952380967,22.862617129973444
6.0 mm,ice2x6_N1_c1,23.814714285714302,22.714508210716627
6.0 mm,ice2x6_N1_c1,23.79300000000002,22.567024659378227
6.0 mm,ice2x6_N1_c1,23.730666666666686,22.420194657752166
6.0 mm,ice2x6_N1_c1,23.463761904761924,22.2740426691021
6.0 mm,ice2x6_N1_c1,23.09385714285716,22.128596001701172
6.0 mm,ice2x6_N1_c1,23.028380952380967,21.983902870440495
6.0 mm,ice2x6_N1_c1,22.741190476190493,21.84001364723783
6.0 mm,ice2x6_N1_c1,23.01780952380954,21.696963775827058
6.0 mm,ice2x6_N1_c1,23.42823809523811,21.554788039684926
6.0 mm,ice2x6_N1_c1,23.7237142857143,21.413499016617788
6.0 mm,ice2x6_N1_c1,23.796809523809543,21.273095523076627
6.0 mm,ice2x6_N1_c1,23.775142857142875,21.13357634520163
6.0 mm,ice2x6_N1_c1,23.410285714285735,20.99491764528192
6.0 mm,ice2x6_N1_c1,23.289047619047636,20.85709909221032
6.0 mm,ice2x6_N1_c1,23.12414285714287,20.720110367078632
6.0 mm,ice2x6_N1_c1,23.248523809523828,20.583955983578196
6.0 mm,ice2x6_N1_c1,23.28633333333335,20.44867453173443
6.0 mm,ice2x6_N1_c1,23.30933333333335,20.314290091183974
6.0 mm,ice2x6_N1_c1,23.392714285714305,20.180808224102066
6.0 mm,ice2x6_N1_c1,23.140571428571448,20.048250707998303
6.0 mm,ice2x6_N1_c1,22.890238095238114,19.916613484460704
6.0 mm,ice2x6_N1_c1,22.919047619047635,19.785875996141158
6.0 mm,ice2x6_N1_c1,22.824619047619066,19.65604019907224
6.0 mm,ice2x6_N1_c1,22.73738095238097,19.527080972471218
6.0 mm,ice2x6_N1_c1,22.661666666666683,19.398962790624797
6.0 mm,ice2x6_N1_c1,22.630619047619064,19.271679103351683
6.0 mm,ice2x6_N1_c1,22.493571428571443,19.145193362510902
6.0 mm,ice2x6_N1_c1,22.398571428571444,19.01946431808976
6.0 mm,ice2x6_N1_c1,22.386952380952398,18.89448833708152
6.0 mm,ice2x6_N1_c1,22.49161904761906,18.770258596766062
6.0 mm,ice2x6_N1_c1,22.467952380952397,18.646804367292386
6.0 mm,ice2x6_N1_c1,22.540666666666684,18.524181967388124
6.0 mm,ice2x6_N1_c1,22.27423809523811,18.402390191903496
6.0 mm,ice2x6_N1_c1,21.793761904761922,18.281421999402816
6.0 mm,ice2x6_N1_c1,21.58109523809526,18.161309677950577
6.0 mm,ice2x6_N1_c1,21.281238095238113,18.042039146276252
6.0 mm,ice2x6_N1_c1,20.76328571428573,17.92357712800954
6.0 mm,ice2x6_N1_c1,20.16461904761906,17.805949672024127
6.0 mm,ice2x6_N1_c1,19.387952380952395,17.6891568826753
6.0 mm,ice2x6_N1_c1,18.67161904761906,17.573123954044302
6.0 mm,ice2x6_N1_c1,18.234619047619063,17.457823008502764
6.0 mm,ice2x6_N1_c1,17.88042857142858,17.34325879938
6.0 mm,ice2x6_N1_c1,17.723571428571443,17.22937285881924
6.0 mm,ice2x6_N1_c1,17.836333333333346,17.11614220337142
6.0 mm,ice2x6_N1_c1,17.82314285714287,17.00360534617199
6.0 mm,ice2x6_N1_c1,17.85866666666668,16.891753685941556
6.0 mm,ice2x6_N1_c1,17.764904761904774,16.780592033167235
6.0 mm,ice2x6_N1_c1,17.411857142857155,16.67019143490373
6.0 mm,ice2x6_N1_c1,17.007476190476204,16.56056750455548
6.0 mm,ice2x6_N1_c1,16.61100000000001,16.451675003151212
6.0 mm,ice2x6_N1_c1,16.22814285714287,16.343548430681107
6.0 mm,ice2x6_N1_c1,16.14795238095239,16.236235318895474
6.0 mm,ice2x6_N1_c1,16.26200000000001,16.129667610568593
6.0 mm,ice2x6_N1_c1,16.55657142857144,16.02376150618187
6.0 mm,ice2x6_N1_c1,17.13419047619049,15.918538458936688
6.0 mm,ice2x6_N1_c1,17.780047619047632,15.81399844370737
6.0 mm,ice2x6_N1_c1,18.34680952380954,15.710092711461362
6.0 mm,ice2x6_N1_c1,18.70514285714287,15.606872778717273
6.0 mm,ice2x6_N1_c1,18.87819047619049,15.504414906653965
6.0 mm,ice2x6_N1_c1,19.02828571428573,15.402677093038905
6.0 mm,ice2x6_N1_c1,19.05861904761906,15.301602870436419
6.0 mm,ice2x6_N1_c1,19.09819047619049,15.201261555905436
6.0 mm,ice2x6_N1_c1,19.068904761904776,15.101695817853876
6.0 mm,ice2x6_N1_c1,18.987047619047637,15.002821784576616
6.0 mm,ice2x6_N1_c1,19.28504761904763,14.904600785128117
6.0 mm,ice2x6_N1_c1,19.527809523809537,14.80712950138876
6.0 mm,ice2x6_N1_c1,19.36523809523811,14.710431841810536
6.0 mm,ice2x6_N1_c1,19.027476190476207,14.6143847183084
6.0 mm,ice2x6_N1_c1,18.542285714285725,14.518936794965098
6.0 mm,ice2x6_N1_c1,18.203476190476202,14.424188421884399
6.0 mm,ice2x6_N1_c1,18.145428571428585,14.330151651487153
6.0 mm,ice2x6_N1_c1,18.23666666666668,14.236688412778388
6.0 mm,ice2x6_N1_c1,18.373238095238108,14.143761988179591
6.0 mm,ice2x6_N1_c1,18.30500000000001,14.051493548828367
6.0 mm,ice2x6_N1_c1,17.896761904761917,13.959888053749713
6.0 mm,ice2x6_N1_c1,17.704380952380962,13.868793780742042
6.0 mm,ice2x6_N1_c1,17.318714285714297,13.77820734311327
6.0 mm,ice2x6_N1_c1,16.834333333333348,13.688295993391552
6.0 mm,ice2x6_N1_c1,16.325714285714295,13.59906896049178
6.0 mm,ice2x6_N1_c1,16.07019047619049,13.510334716034526
6.0 mm,ice2x6_N1_c1,15.987857142857155,13.422015276641773
6.0 mm,ice2x6_N1_c1,16.429523809523822,13.33428656614824
6.0 mm,ice2x6_N1_c1,16.868428571428584,13.247206159376402
6.0 mm,ice2x6_N1_c1,16.862285714285726,13.160589985175736
6.0 mm,ice2x6_N1_c1,16.32752380952382,13.07429808038436
6.0 mm,ice2x6_N1_c1,15.823761904761916,12.988516864805932
6.0 mm,ice2x6_N1_c1,15.215095238095248,12.903356943995796
6.0 mm,ice2x6_N1_c1,14.854285714285725,12.818634649577513
6.0 mm,ice2x6_N1_c1,15.106809523809535,12.73413392318788
6.0 mm,ice2x6_N1_c1,15.654761904761918,12.650027441817148
6.0 mm,ice2x6_N1_c1,16.09219047619049,12.566523082799224
6.0 mm,ice2x6_N1_c1,16.388952380952396,12.48351917416097
6.0 mm,ice2x6_N1_c1,16.28409523809525,12.400792369921437
6.0 mm,ice2x6_N1_c1,15.892714285714298,12.318495845530855
6.0 mm,ice2x6_N1_c1,15.655238095238108,12.236929441274166
6.0 mm,ice2x6_N1_c1,15.800714285714298,12.156038603253215
6.0 mm,ice2x6_N1_c1,15.9864761904762,12.075503206865816
6.0 mm,ice2x6_N1_c1,16.05766666666668,11.995218636605077
6.0 mm,ice2x6_N1_c1,16.110095238095248,11.91554091545937
6.0 mm,ice2x6_N1_c1,16.475761904761917,11.836604818158335
6.0 mm,ice2x6_N1_c1,16.620857142857155,11.758139523903239
6.0 mm,ice2x6_N1_c1,16.93776190476192,11.679831883460047
6.0 mm,ice2x6_N1_c1,16.9897142857143,11.601927124119477
6.0 mm,ice2x6_N1_c1,16.656809523809535,11.524806024681471
6.0 mm,ice2x6_N1_c1,16.25109523809525,11.448370269755529
6.0 mm,ice2x6_N1_c1,16.297285714285724,11.372212026974596
6.0 mm,ice2x6_N1_c1,16.225285714285725,11.296129772379986
6.0 mm,ice2x6_N1_c1,15.99200000000001,11.220564716700881
6.0 mm,ice2x6_N1_c1,15.948190476190488,11.145795985786716
6.0 mm,ice2x6_N1_c1,16.071476190476204,11.071572654853469
6.0 mm,ice2x6_N1_c1,16.018238095238107,10.99744711686969
6.0 mm,ice2x6_N1_c1,15.76900000000001,10.923434196693009
6.0 mm,ice2x6_N1_c1,15.278428571428583,10.850096655758161
6.0 mm,ice2x6_N1_c1,14.899904761904773,10.777553231798276
6.0 mm,ice2x6_N1_c1,14.962571428571437,10.705394692237922
6.0 mm,ice2x6_N1_c1,15.419333333333345,10.633104333313712
6.0 mm,ice2x6_N1_c1,16.114428571428583,10.560764087888693
6.0 mm,ice2x6_N1_c1,16.51700000000001,10.489021366752555
6.0 mm,ice2x6_N1_c1,16.273523809523823,10.41796639016954
6.0 mm,ice2x6_N1_c1,15.963666666666677,10.347146949262601
6.0 mm,ice2x6_N1_c1,15.391142857142867,10.276129540009386
6.0 mm,ice2x6_N1_c1,15.041476190476203,10.20532459085037
6.0 mm,ice2x6_N1_c1,15.113761904761915,10.135360486156499
6.0 mm,ice2x6_N1_c1,15.516380952380963,10.066119612613756
6.0 mm,ice2x6_N1_c1,15.825523809523823,9.997028086950444
6.0 mm,ice2x6_N1_c1,15.829761904761915,9.927778275756754
6.0 mm,ice2x6_N1_c1,15.403523809523822,9.8590433582388
6.0 mm,ice2x6_N1_c1,15.053333333333345,9.791298280921517
6.0 mm,ice2x6_N1_c1,14.848809523809535,9.724240007291915
6.0 mm,ice2x6_N1_c1,14.860714285714296,9.657187166027622
6.0 mm,ice2x6_N1_c1,14.983238095238104,9.589667305618462
6.0 mm,ice2x6_N1_c1,14.845904761904773,9.52232323373335
6.0 mm,ice2x6_N1_c1,14.696857142857153,9.455855338037598
6.0 mm,ice2x6_N1_c1,15.146428571428583,9.390035608459133
6.0 mm,ice2x6_N1_c1,15.59557142857144,9.324173778703424
6.0 mm,ice2x6_N1_c1,15.551190476190488,9.257837560649339
6.0 mm,ice2x6_N1_c1,15.184761904761915,9.191811392159536
6.0 mm,ice2x6_N1_c1,14.535428571428582,9.126811662030448
6.0 mm,ice2x6_N1_c1,14.483190476190487,9.062574622445496
6.0 mm,ice2x6_N1_c1,14.81557142857144,8.99835911320865
6.0 mm,ice2x6_N1_c1,14.996000000000013,8.93371978244085
6.0 mm,ice2x6_N1_c1,14.723428571428583,8.869542792315757
6.0 mm,ice2x6_N1_c1,14.229761904761915,8.80651735651873
6.0 mm,ice2x6_N1_c1,13.773619047619057,8.74435269482531
6.0 mm,ice2x6_N1_c1,13.778285714285724,8.682283046537925
6.0 mm,ice2x6_N1_c1,13.825047619047629,8.619558470082307
6.0 mm,ice2x6_N1_c1,13.811142857142867,8.55655581286522
6.0 mm,ice2x6_N1_c1,13.740190476190486,8.49447610019553
6.0 mm,ice2x6_N1_c1,13.420000000000009,8.43339886872314
6.0 mm,ice2x6_N1_c1,13.479238095238106,8.372652006913707
6.0 mm,ice2x6_N1_c1,13.767333333333344,8.31136088139955
6.0 mm,ice2x6_N1_c1,13.927857142857153,8.249543580081848
6.0 mm,ice2x6_N1_c1,13.837142857142867,8.188572415949375
6.0 mm,ice2x6_N1_c1,13.607619047619057,8.128740774419382
6.0 mm,ice2x6_N1_c1,13.056142857142866,8.069450485831274
6.0 mm,ice2x6_N1_c1,12.856761904761914,8.009782800873527
6.0 mm,ice2x6_N1_c1,12.78690476190477,7.949370396532334
6.0 mm,ice2x6_N1_c1,12.390523809523817,7.8896422183301365
6.0 mm,ice2x6_N1_c1,12.011809523809532,7.831190761952525
6.0 mm,ice2x6_N1_c1,11.73295238095239,7.773491152755954
6.0 mm,ice2x6_N1_c1,11.665476190476198,7.715760938715395
6.0 mm,ice2x6_N1_c1,11.547285714285724,7.657108942115427
6.0 mm,ice2x6_N1_c1,11.387333333333341,7.597849901380585
6.0 mm,ice2x6_N1_c1,11.164857142857151,7.539678847658545
6.0 mm,ice2x6_N1_c1,10.710333333333342,7.4826904357123
6.0 mm,ice2x6_N1_c1,10.306333333333342,7.42616306878199
6.0 mm,ice2x6_N1_c1,10.241476190476199,7.369143318197396
6.0 mm,ice2x6_N1_c1,10.159523809523819,7.31106553673456
6.0 mm,ice2x6_N1_c1,10.07285714285715,7.253544335519408
6.0 mm,ice2x6_N1_c1,10.00380952380953,7.1974965419886
6.0 mm,ice2x6_N1_c1,9.746857142857149,7.142288654557955
6.0 mm,ice2x6_N1_c1,9.47080952380953,7.087032368362816
6.0 mm,ice2x6_N1_c1,9.631523809523816,7.030692641770831
6.0 mm,ice2x6_N1_c1,9.900523809523815,6.973849116172634
6.0 mm,ice2x6_N1_c1,10.034619047619055,6.91843102127333
6.0 mm,ice2x6_N1_c1,10.136857142857151,6.864191968299481
6.0 mm,ice2x6_N1_c1,9.968761904761912,6.8102533288472795
6.0 mm,ice2x6_N1_c1,9.281142857142864,6.75570125669618
6.0 mm,ice2x6_N1_c1,9.162666666666674,6.699976043331895
6.0 mm,ice2x6_N1_c1,9.423142857142864,6.645203766802171
6.0 mm,ice2x6_N1_c1,9.879047619047626,6.592119746762109
6.0 mm,ice2x6_N1_c1,10.428000000000008,6.539826358372075
6.0 mm,ice2x6_N1_c1,10.517000000000007,6.487532655034318
6.0 mm,ice2x6_N1_c1,9.934238095238102,6.434541641755342
6.0 mm,ice2x6_N1_c1,9.658476190476197,6.380406730883996
6.0 mm,ice2x6_N1_c1,9.554476190476198,6.327452175784194
6.0 mm,ice2x6_N1_c1,9.872761904761912,6.276190046484897
6.0 mm,ice2x6_N1_c1,10.39495238095239,6.225552183197552
6.0 mm,ice2x6_N1_c1,10.821190476190484,6.174702737608756
6.0 mm,ice2x6_N1_c1,10.484238095238103,6.122896206886108
6.0 mm,ice2x6_N1_c1,9.759714285714292,6.069744146862686
6.0 mm,ice2x6_N1_c1,9.013142857142864,6.017969105681338
6.0 mm,ice2x6_N1_c1,8.931619047619055,5.967899318528063
6.0 mm,ice2x6_N1_c1,9.624619047619055,5.918319674414961
6.0 mm,ice2x6_N1_c1,10.723666666666675,5.868394427371672
6.0 mm,ice2x6_N1_c1,11.376476190476199,5.817502577680729
6.0 mm,ice2x6_N1_c1,11.644238095238101,5.7653901673644325
6.0 mm,ice2x6_N1_c1,11.603142857142865,5.71501134228763
6.0 mm,ice2x6_N1_c1,11.540523809523815,5.66640227376635
6.0 mm,ice2x6_N1_c1,11.522761904761914,5.618218172215197
6.0 mm,ice2x6_N1_c1,11.383809523809532,5.5696378817418655
6.0 mm,ice2x6_N1_c1,11.19585714285715,5.520149231459793
6.0 mm,ice2x6_N1_c1,10.797761904761913,5.4691203650267965
6.0 mm,ice2x6_N1_c1,10.34333333333334,5.419420515702264
6.0 mm,ice2x6_N1_c1,9.754571428571435,5.371836708095038
6.0 mm,ice2x6_N1_c1,9.320142857142862,5.324798451820543
6.0 mm,ice2x6_N1_c1,9.033142857142863,5.277306115497944
6.0 mm,ice2x6_N1_c1,9.08480952380953,5.228824486410084
6.0 mm,ice2x6_N1_c1,9.132619047619055,5.178853959948664
6.0 mm,ice2x6_N1_c1,9.418380952380959,5.130593875966681
6.0 mm,ice2x6_N1_c1,9.48733333333334,5.084490841818794
6.0 mm,ice2x6_N1_c1,9.540523809523815,5.038756887693354
6.0 mm,ice2x6_N1_c1,9.464619047619056,4.992396846711488
6.0 mm,ice2x6_N1_c1,9.323285714285722,4.944966346868643
6.0 mm,ice2x6_N1_c1,9.225476190476197,4.896075397445701
6.0 mm,ice2x6_N1_c1,9.325000000000006,4.848412971007519
6.0 mm,ice2x6_N1_c1,9.417428571428578,4.8034591425107305
6.0 mm,ice2x6_N1_c1,9.409428571428577,4.75914203454968
6.0 mm,ice2x6_N1_c1,9.466142857142863,4.714271608511775
6.0 mm,ice2x6_N1_c1,9.537095238095244,4.668358136436988
6.0 mm,ice2x6_N1_c1,9.702619047619056,4.6211730569762635
6.0 mm,ice2x6_N1_c1,9.846714285714294,4.5735495052477395
6.0 mm,ice2x6_N1_c1,9.839000000000008,4.52921035242491
6.0 mm,ice2x6_N1_c1,9.666238095238104,4.486368976910294
6.0 mm,ice2x6_N1_c1,9.442142857142864,4.443242953547801
6.0 mm,ice2x6_N1_c1,9.107952380952387,4.399144898180896
6.0 mm,ice2x6_N1_c1,8.786142857142863,4.35382504808771
6.0 mm,ice2x6_N1_c1,8.549904761904767,4.307095226704212
6.0 mm,ice2x6_N1_c1,8.419666666666672,4.261330074764717
6.0 mm,ice2x6_N1_c1,8.344476190476195,4.21898675342153
6.0 mm,ice2x6_N1_c1,8.387333333333338,4.177333285402041
6.0 mm,ice2x6_N1_c1,8.441285714285721,4.134942288345892
6.0 mm,ice2x6_N1_c1,8.41928571428572,4.091321928031354
6.0 mm,ice2x6_N1_c1,8.439095238095245,4.046278275594891
6.0 mm,ice2x6_N1_c1,8.586809523809531,4.000409799044644
6.0 mm,ice2x6_N1_c1,8.806857142857151,3.9583879812252682
6.0 mm,ice2x6_N1_c1,9.10133333333334,3.918191464348074
6.0 mm,ice2x6_N1_c1,9.22233333333334,3.877446939551814
6.0 mm,ice2x6_N1_c1,9.085523809523817,3.835401405064668
6.0 mm,ice2x6_N1_c1,8.875428571428579,3.791852977373262
6.0 mm,ice2x6_N1_c1,8.751142857142863,3.7467482159722434
6.0 mm,ice2x6_N1_c1,8.616714285714291,3.7021338332310356
6.0 mm,ice2x6_N1_c1,8.549190476190484,3.6620544827999812
6.0 mm,ice2x6_N1_c1,8.489428571428578,3.6228306404281896
6.0 mm,ice2x6_N1_c1,8.496190476190483,3.5826732392617497
6.0 mm,ice2x6_N1_c1,8.599190476190483,3.541141338129948
6.0 mm,ice2x6_N1_c1,8.86280952380953,3.4981370817575783
6.0 mm,ice2x6_N1_c1,8.915047619047627,3.4536183212676943
6.0 mm,ice2x6_N1_c1,8.762476190476196,3.412135398257343
6.0 mm,ice2x6_N1_c1,8.40333333333334,3.3745476506914627
6.0 mm,ice2x6_N1_c1,7.977238095238102,3.3367491405146605
6.0 mm,ice2x6_N1_c1,8.004904761904768,3.297508313277594
6.0 mm,ice2x6_N1_c1,8.499952380952386,3.256583039647439
6.0 mm,ice2x6_N1_c1,9.138047619047626,3.2139413798960637
6.0 mm,ice2x6_N1_c1,9.809142857142863,3.1695797889187474
6.0 mm,ice2x6_N1_c1,10.346904761904769,3.129093766014315
6.0 mm,ice2x6_N1_c1,10.587190476190482,3.092669146255445
6.0 mm,ice2x6_N1_c1,10.821476190476197,3.055640582088642
6.0 mm,ice2x6_N1_c1,10.981761904761912,3.016914643635528
6.0 mm,ice2x6_N1_c1,11.129857142857151,2.976412162655977
6.0 mm,ice2x6_N1_c1,11.253285714285724,2.934215127858679
6.0 mm,ice2x6_N1_c1,11.458619047619056,2.8909704933694083
6.0 mm,ice2x6_N1_c1,11.456190476190486,2.8543865393220536
6.0 mm,ice2x6_N1_c1,11.34295238095239,2.820411902932094
6.0 mm,ice2x6_N1_c1,11.114523809523817,2.7851247149000025
6.0 mm,ice2x6_N1_c1,10.664714285714293,2.7478498511785117
6.0 mm,ice2x6_N1_c1,9.987333333333341,2.7086241681450893
6.0 mm,ice2x6_N1_c1,9.39380952380953,2.667544562058715
6.0 mm,ice2x6_N1_c1,8.803714285714292,2.624664469631272
6.0 mm,ice2x6_N1_c1,8.413476190476196,2.5876973114938115
6.0 mm,ice2x6_N1_c1,8.058666666666673,2.554973784619865
6.0 mm,ice2x6_N1_c1,7.814190476190483,2.5208955493552905
6.0 mm,ice2x6_N1_c1,7.700428571428578,2.484565805704547
6.0 mm,ice2x6_N1_c1,7.896619047619053,2.446107171533086
6.0 mm,ice2x6_N1_c1,8.103666666666673,2.4057242677376673
6.0 mm,ice2x6_N1_c1,8.141380952380958,2.3635626088876807
6.0 mm,ice2x6_N1_c1,8.001190476190484,2.3226685409761285
6.0 mm,ice2x6_N1_c1,7.777476190476197,2.2902896972795426
6.0 mm,ice2x6_N1_c1,7.363523809523815,2.2578657419970334
6.0 mm,ice2x6_N1_c1,7.130666666666672,2.223173002224909
6.0 mm,ice2x6_N1_c1,7.035476190476196,2.186278416950811
6.0 mm,ice2x6_N1_c1,7.077428571428577,2.147443922573875
6.0 mm,ice2x6_N1_c1,7.287809523809529,2.106801874447167
6.0 mm,ice2x6_N1_c1,7.677047619047624,2.0655918384909953
6.0 mm,ice2x6_N1_c1,8.169095238095244,2.0342710238250183
6.0 mm,ice2x6_N1_c1,8.772952380952386,2.0042792652036536
6.0 mm,ice2x6_N1_c1,9.615619047619054,1.9716742216772372
6.0 mm,ice2x6_N1_c1,10.419761904761913,1.9362914913200089
6.0 mm,ice2x6_N1_c1,10.678238095238104,1.8985442601543852
6.0 mm,ice2x6_N1_c1,10.786238095238103,1.8587348215132997
6.0 mm,ice2x6_N1_c1,10.618285714285722,1.8170338642583685
6.0 mm,ice2x6_N1_c1,9.987190476190484,1.7815553506050024
6.0 mm,ice2x6_N1_c1,9.935809523809532,1.7531994268952946
6.0 mm,ice2x6_N1_c1,10.462047619047627,1.7230117131411595
6.0 mm,ice2x6_N1_c1,11.064000000000009,1.6897011568689786
6.0 mm,ice2x6_N1_c1,11.563714285714294,1.6537413419927196
6.0 mm,ice2x6_N1_c1,11.373761904761913,1.6156514970197637
6.0 mm,ice2x6_N1_c1,10.559571428571436,1.5757421997316174
6.0 mm,ice2x6_N1_c1,9.995428571428578,1.5341694105838481
6.0 mm,ice2x6_N1_c1,9.618285714285722,1.5045561142580997
6.0 mm,ice2x6_N1_c1,9.527000000000006,1.4776196136200548
6.0 mm,ice2x6_N1_c1,9.609714285714293,1.4479283769030151
6.0 mm,ice2x6_N1_c1,9.488952380952389,1.4148893198122496
6.0 mm,ice2x6_N1_c1,9.459666666666674,1.379126708990115
6.0 mm,ice2x6_N1_c1,9.537095238095244,1.3411356248210244
6.0 mm,ice2x6_N1_c1,9.457666666666672,1.3011670415982077
6.0 mm,ice2x6_N1_c1,9.37333333333334,1.2618825017392572
6.0 mm,ice2x6_N1_c1,9.464238095238102,1.2362699522908835
6.0 mm,ice2x6_N1_c1,9.486476190476196,1.209768721004132
6.0 mm,ice2x6_N1_c1,9.600952380952387,1.1797741323701119
6.0 mm,ice2x6_N1_c1,9.560476190476198,1.1461625058155684
6.0 mm,ice2x6_N1_c1,9.48438095238096,1.1097699767809994
6.0 mm,ice2x6_N1_c1,9.340095238095245,1.0711171739067114
6.0 mm,ice2x6_N1_c1,9.216380952380959,1.0303219018245477
6.0 mm,ice2x6_N1_c1,9.045476190476197,0.9953808162799045
6.0 mm,ice2x6_N1_c1,8.949666666666673,0.9711260390641857
6.0 mm,ice2x6_N1_c1,8.831952380952387,0.9429040873738315
6.0 mm,ice2x6_N1_c1,8.891809523809531,0.9087605673258715
6.0 mm,ice2x6_N1_c1,8.943523809523816,0.8690832741776268
6.0 mm,ice2x6_N1_c1,8.709047619047626,0.824252989260855
6.0 mm,ice2x6_N2_c1,27.927761904761926,27.92091428571431
6.0 mm,ice2x6_N2_c1,27.919142857142873,27.92091428572025
6.0 mm,ice2x6_N2_c1,27.9139523809524,27.92091428616276
6.0 mm,ice2x6_N2_c1,27.933190476190497,27.92091427802556
6.0 mm,ice2x6_N2_c1,27.954571428571448,27.92091389935299
6.0 mm,ice2x6_N2_c1,27.95938095238097,27.920909566232478
6.0 mm,ice2x6_N2_c1,27.93147619047621,27.920883090708315
6.0 mm,ice2x6_N2_c1,27.907190476190497,27.92077494302043
6.0 mm,ice2x6_N2_c1,27.89700000000002,27.920443268989736
6.0 mm,ice2x6_N2_c1,27.908523809523828,27.919621782141153
6.0 mm,ice2x6_N2_c1,27.920761904761925,27.917893962843937
6.0 mm,ice2x6_N2_c1,27.91838095238097,27.9146963147296
6.0 mm,ice2x6_N2_c1,27.892190476190493,27.909352423609047
6.0 mm,ice2x6_N2_c1,27.866714285714306,27.901127431348105
6.0 mm,ice2x6_N2_c1,27.861238095238114,27.889286730837433
6.0 mm,ice2x6_N2_c1,27.85438095238097,27.873145526681952
6.0 mm,ice2x6_N2_c1,27.85471428571431,27.852104541684415
6.0 mm,ice2x6_N2_c1,27.85290476190478,27.825672599530037
6.0 mm,ice2x6_N2_c1,27.862238095238112,27.79347693297141
6.0 mm,ice2x6_N2_c1,27.880809523809543,27.755263623613175
6.0 mm,ice2x6_N2_c1,27.90790476190478,27.710891691298563
6.0 mm,ice2x6_N2_c1,27.89452380952383,27.660322652890173
6.0 mm,ice2x6_N2_c1,27.866857142857164,27.603607506918447
6.0 mm,ice2x6_N2_c1,27.832761904761924,27.540874326350007
6.0 mm,ice2x6_N2_c1,27.794619047619065,27.47232056746811
6.0 mm,ice2x6_N2_c1,27.757761904761928,27.398211743302323
6.0 mm,ice2x6_N2_c1,27.76600000000002,27.31887770864975
6.0 mm,ice2x6_N2_c1,27.77238095238097,27.234698663730406
6.0 mm,ice2x6_N2_c1,27.784190476190496,27.14608449239931
6.0 mm,ice2x6_N2_c1,27.764285714285734,27.053455205867685
6.0 mm,ice2x6_N2_c1,27.700714285714305,26.957226117757553
6.0 mm,ice2x6_N2_c1,27.644857142857163,26.857796122512074
6.0 mm,ice2x6_N2_c1,27.60804761904764,26.75553928776641
6.0 mm,ice2x6_N2_c1,27.5599523809524,26.650800112620033
6.0 mm,ice2x6_N2_c1,27.488857142857164,26.54389206985688
6.0 mm,ice2x6_N2_c1,27.41752380952383,26.435098352902408
6.0 mm,ice2x6_N2_c1,27.38161904761907,26.324674123707172
6.0 mm,ice2x6_N2_c1,27.39852380952383,26.212849497422127
6.0 mm,ice2x6_N2_c1,27.394095238095254,26.099830710617965
6.0 mm,ice2x6_N2_c1,27.38042857142859,25.98580133856724
6.0 mm,ice2x6_N2_c1,27.317238095238114,25.870922951307886
6.0 mm,ice2x6_N2_c1,27.226714285714305,25.75533578351463
6.0 mm,ice2x6_N2_c1,27.15190476190478,25.63916127261008
6.0 mm,ice2x6_N2_c1,27.104857142857163,25.522506156065155
6.0 mm,ice2x6_N2_c1,27.035000000000018,25.405467222465195
6.0 mm,ice2x6_N2_c1,27.00104761904764,25.288130625359315
6.0 mm,ice2x6_N2_c1,26.990857142857166,25.170569030409286
6.0 mm,ice2x6_N2_c1,26.98452380952383,25.052841697284542
6.0 mm,ice2x6_N2_c1,26.972428571428587,24.934997489136332
6.0 mm,ice2x6_N2_c1,26.94114285714288,24.81707993742154
6.0 mm,ice2x6_N2_c1,26.863809523809543,24.699132492340805
6.0 mm,ice2x6_N2_c1,26.793952380952398,24.581205315685757
6.0 mm,ice2x6_N2_c1,26.75333333333335,24.463354052709402
6.0 mm,ice2x6_N2_c1,26.709380952380968,24.345631899409934
6.0 mm,ice2x6_N2_c1,26.617809523809544,24.228087500298525
6.0 mm,ice2x6_N2_c1,26.51052380952383,24.1107625940039
6.0 mm,ice2x6_N2_c1,26.47561904761907,23.993691635738614
6.0 mm,ice2x6_N2_c1,26.516571428571446,23.876906550441632
6.0 mm,ice2x6_N2_c1,26.633619047619067,23.760435947557802
6.0 mm,ice2x6_N2_c1,26.70200000000002,23.644307173602314
6.0 mm,ice2x6_N2_c1,26.67504761904764,23.528549674062862
6.0 mm,ice2x6_N2_c1,26.587714285714306,23.413189073981542
6.0 mm,ice2x6_N2_c1,26.435095238095258,23.2982478084225
6.0 mm,ice2x6_N2_c1,26.30814285714288,23.183749477312745
6.0 mm,ice2x6_N2_c1,26.23947619047621,23.069713896634315
6.0 mm,ice2x6_N2_c1,26.10804761904764,22.95616000811181
6.0 mm,ice2x6_N2_c1,25.96852380952383,22.843111959221496
6.0 mm,ice2x6_N2_c1,25.847333333333353,22.730590222928093
6.0 mm,ice2x6_N2_c1,25.70990476190478,22.618608599404634
6.0 mm,ice2x6_N2_c1,25.65333333333335,22.5071825419709
6.0 mm,ice2x6_N2_c1,25.702904761904783,22.39632362717721
6.0 mm,ice2x6_N2_c1,25.737142857142878,22.28603475905893
6.0 mm,ice2x6_N2_c1,25.722142857142877,22.17632169654573
6.0 mm,ice2x6_N2_c1,25.655666666666686,22.067191727135565
6.0 mm,ice2x6_N2_c1,25.60676190476192,21.95863960197943
6.0 mm,ice2x6_N2_c1,25.535952380952402,21.850654395196088
6.0 mm,ice2x6_N2_c1,25.492095238095256,21.74322891995718
6.0 mm,ice2x6_N2_c1,25.46947619047621,21.636349636665223
6.0 mm,ice2x6_N2_c1,25.393666666666682,21.529999986445283
6.0 mm,ice2x6_N2_c1,25.293095238095255,21.4241724509331
6.0 mm,ice2x6_N2_c1,25.196333333333353,21.318858034775893
6.0 mm,ice2x6_N2_c1,25.134142857142876,21.214043759318564
6.0 mm,ice2x6_N2_c1,25.05938095238097,21.109728353946302
6.0 mm,ice2x6_N2_c1,24.988666666666685,21.005916455913532
6.0 mm,ice2x6_N2_c1,24.881238095238118,20.902609114392327
6.0 mm,ice2x6_N2_c1,24.85404761904764,20.799817648600744
6.0 mm,ice2x6_N2_c1,24.800714285714307,20.697562970821835
6.0 mm,ice2x6_N2_c1,24.775857142857163,20.595851193697488
6.0 mm,ice2x6_N2_c1,24.727238095238114,20.49467438229904
6.0 mm,ice2x6_N2_c1,24.63090476190478,20.39403304368174
6.0 mm,ice2x6_N2_c1,24.496523809523826,20.29392879480688
6.0 mm,ice2x6_N2_c1,24.452285714285736,20.194350252210363
6.0 mm,ice2x6_N2_c1,24.38280952380954,20.095293142278464
6.0 mm,ice2x6_N2_c1,24.34009523809526,19.99676999164463
6.0 mm,ice2x6_N2_c1,24.341714285714303,19.898787297861126
6.0 mm,ice2x6_N2_c1,24.317000000000014,19.80134017863467
6.0 mm,ice2x6_N2_c1,24.28504761904764,19.70443584240597
6.0 mm,ice2x6_N2_c1,24.210523809523828,19.60809106558993
6.0 mm,ice2x6_N2_c1,24.167761904761925,19.512304260595926
6.0 mm,ice2x6_N2_c1,24.210095238095256,19.417057366793415
6.0 mm,ice2x6_N2_c1,24.244428571428593,19.322346611287628
6.0 mm,ice2x6_N2_c1,24.158095238095257,19.228180330849714
6.0 mm,ice2x6_N2_c1,24.027619047619066,19.134557116185142
6.0 mm,ice2x6_N2_c1,23.802904761904777,19.041478175565075
6.0 mm,ice2x6_N2_c1,23.612190476190495,18.948965229924855
6.0 mm,ice2x6_N2_c1,23.5249523809524,18.857040760035872
6.0 mm,ice2x6_N2_c1,23.452285714285733,18.765700718921043
6.0 mm,ice2x6_N2_c1,23.363380952380968,18.674928851621974
6.0 mm,ice2x6_N2_c1,23.328523809523823,18.584728649156567
6.0 mm,ice2x6_N2_c1,23.264571428571443,18.49511239425473
6.0 mm,ice2x6_N2_c1,23.229857142857163,18.406069283663925
6.0 mm,ice2x6_N2_c1,23.313714285714305,18.317562125777574
6.0 mm,ice2x6_N2_c1,23.389666666666685,18.229567368021574
6.0 mm,ice2x6_N2_c1,23.43285714285716,18.1420859319835
6.0 mm,ice2x6_N2_c1,23.47514285714287,18.055113852594236
6.0 mm,ice2x6_N2_c1,23.441666666666684,17.968637533986357
6.0 mm,ice2x6_N2_c1,23.390714285714303,17.882666554396057
6.0 mm,ice2x6_N2_c1,23.330952380952397,17.797230699897124
6.0 mm,ice2x6_N2_c1,23.226761904761922,17.712343105038713
6.0 mm,ice2x6_N2_c1,23.14547619047621,17.627980290225935
6.0 mm,ice2x6_N2_c1,23.088476190476207,17.54411103398858
6.0 mm,ice2x6_N2_c1,23.01519047619049,17.460735276193372
6.0 mm,ice2x6_N2_c1,22.856095238095254,17.377865241147195
6.0 mm,ice2x6_N2_c1,22.72552380952382,17.295487623401247
6.0 mm,ice2x6_N2_c1,22.634000000000015,17.213564532945444
6.0 mm,ice2x6_N2_c1,22.602095238095256,17.13208101772488
6.0 mm,ice2x6_N2_c1,22.55528571428573,17.051051755549434
6.0 mm,ice2x6_N2_c1,22.523571428571444,16.970479068492693
6.0 mm,ice2x6_N2_c1,22.464190476190495,16.89033033335794
6.0 mm,ice2x6_N2_c1,22.466714285714303,16.810575623614504
6.0 mm,ice2x6_N2_c1,22.460714285714303,16.731225987744644
6.0 mm,ice2x6_N2_c1,22.410142857142873,16.65230092750112
6.0 mm,ice2x6_N2_c1,22.37414285714287,16.573788297696296
6.0 mm,ice2x6_N2_c1,22.333476190476212,16.4956626177023
6.0 mm,ice2x6_N2_c1,22.292333333333346,16.417939370775006
6.0 mm,ice2x6_N2_c1,22.246428571428588,16.340657938258854
6.0 mm,ice2x6_N2_c1,22.163523809523824,16.263827320871293
6.0 mm,ice2x6_N2_c1,22.04623809523811,16.18741161746517
6.0 mm,ice2x6_N2_c1,21.968142857142873,16.111385183847098
6.0 mm,ice2x6_N2_c1,21.826952380952395,16.035779671388084
6.0 mm,ice2x6_N2_c1,21.67652380952382,15.960635308701564
6.0 mm,ice2x6_N2_c1,21.634095238095256,15.885946545396957
6.0 mm,ice2x6_N2_c1,21.65819047619049,15.811669542997477
6.0 mm,ice2x6_N2_c1,21.69028571428573,15.737799841897054
6.0 mm,ice2x6_N2_c1,21.6757142857143,15.664391016415317
6.0 mm,ice2x6_N2_c1,21.603047619047636,15.591480795641653
6.0 mm,ice2x6_N2_c1,21.51933333333335,15.519046262095568
6.0 mm,ice2x6_N2_c1,21.495571428571445,15.447018510279735
6.0 mm,ice2x6_N2_c1,21.54723809523811,15.375365652089702
6.0 mm,ice2x6_N2_c1,21.604333333333344,15.30413695404011
6.0 mm,ice2x6_N2_c1,21.628904761904778,15.233381899509974
6.0 mm,ice2x6_N2_c1,21.667428571428587,15.16308494905836
6.0 mm,ice2x6_N2_c1,21.640428571428586,15.093170461199371
6.0 mm,ice2x6_N2_c1,21.49633333333335,15.023582871558565
6.0 mm,ice2x6_N2_c1,21.30433333333335,14.954360929185693
6.0 mm,ice2x6_N2_c1,21.10261904761906,14.885563654238375
6.0 mm,ice2x6_N2_c1,20.96723809523811,14.817185886492219
6.0 mm,ice2x6_N2_c1,20.959000000000017,14.74915245069578
6.0 mm,ice2x6_N2_c1,20.960333333333345,14.681389924288483
6.0 mm,ice2x6_N2_c1,20.923666666666684,14.613930297945966
6.0 mm,ice2x6_N2_c1,20.84366666666668,14.54685357006231
6.0 mm,ice2x6_N2_c1,20.748809523809534,14.480176740124342
6.0 mm,ice2x6_N2_c1,20.682190476190492,14.413834440178558
6.0 mm,ice2x6_N2_c1,20.691047619047634,14.347741991554722
6.0 mm,ice2x6_N2_c1,20.698476190476207,14.281920595964483
6.0 mm,ice2x6_N2_c1,20.70780952380954,14.216473215441342
6.0 mm,ice2x6_N2_c1,20.747380952380972,14.151450384080754
6.0 mm,ice2x6_N2_c1,20.7517142857143,14.086808435472193
6.0 mm,ice2x6_N2_c1,20.733523809523824,14.022449041051406
6.0 mm,ice2x6_N2_c1,20.68738095238097,13.958336518685822
6.0 mm,ice2x6_N2_c1,20.62261904761906,13.894568270731279
6.0 mm,ice2x6_N2_c1,20.551428571428588,13.831247074801784
6.0 mm,ice2x6_N2_c1,20.503761904761923,13.768371672609556
6.0 mm,ice2x6_N2_c1,20.40380952380954,13.705842457177203
6.0 mm,ice2x6_N2_c1,20.29523809523811,13.64353305156208
6.0 mm,ice2x6_N2_c1,20.18428571428573,13.5814375221149
6.0 mm,ice2x6_N2_c1,20.116380952380965,13.519674616126952
6.0 mm,ice2x6_N2_c1,20.06009523809525,13.458317690305975
6.0 mm,ice2x6_N2_c1,20.063285714285726,13.397319080246344
6.0 mm,ice2x6_N2_c1,20.064000000000014,13.336546840678503
6.0 mm,ice2x6_N2_c1,20.029476190476206,13.275890590612804
6.0 mm,ice2x6_N2_c1,20.08404761904763,13.215410408877869
6.0 mm,ice2x6_N2_c1,20.128523809523823,13.155248622091753
6.0 mm,ice2x6_N2_c1,20.09342857142859,13.095450838259772
6.0 mm,ice2x6_N2_c1,20.017285714285727,13.035938310277238
6.0 mm,ice2x6_N2_c1,19.89433333333335,12.976582608686227
6.0 mm,ice2x6_N2_c1,19.752904761904777,12.917374487646748
6.0 mm,ice2x6_N2_c1,19.679619047619063,12.858469215616978
6.0 mm,ice2x6_N2_c1,19.628380952380965,12.799997251155421
6.0 mm,ice2x6_N2_c1,19.613857142857157,12.741952496305316
6.0 mm,ice2x6_N2_c1,19.60952380952382,12.684211003481947
6.0 mm,ice2x6_N2_c1,19.59257142857144,12.626617142775524
6.0 mm,ice2x6_N2_c1,19.599952380952395,12.569164126820278
6.0 mm,ice2x6_N2_c1,19.50919047619049,12.512019506039875
6.0 mm,ice2x6_N2_c1,19.384523809523824,12.455313509868493
6.0 mm,ice2x6_N2_c1,19.273952380952394,12.399034098954386
6.0 mm,ice2x6_N2_c1,19.177809523809536,12.343047709034098
6.0 mm,ice2x6_N2_c1,19.0677142857143,12.287177289804808
6.0 mm,ice2x6_N2_c1,18.989904761904775,12.231373507515114
6.0 mm,ice2x6_N2_c1,18.92166666666668,12.175802721754586
6.0 mm,ice2x6_N2_c1,18.9237142857143,12.120625082285452
6.0 mm,ice2x6_N2_c1,18.926333333333346,12.065850751489455
6.0 mm,ice2x6_N2_c1,18.923238095238112,12.011349905770505
6.0 mm,ice2x6_N2_c1,18.91823809523811,11.95694032084478
6.0 mm,ice2x6_N2_c1,18.84504761904763,11.902586869871724
6.0 mm,ice2x6_N2_c1,18.812761904761913,11.848482009529388
6.0 mm,ice2x6_N2_c1,18.916523809523824,11.79479365191997
6.0 mm,ice2x6_N2_c1,19.015714285714296,11.741537890352634
6.0 mm,ice2x6_N2_c1,19.074428571428584,11.68859236331005
6.0 mm,ice2x6_N2_c1,19.06238095238097,11.635758321750945
6.0 mm,ice2x6_N2_c1,18.941619047619064,11.582898568717376
6.0 mm,ice2x6_N2_c1,18.78766666666668,11.530145015536688
6.0 mm,ice2x6_N2_c1,18.724333333333348,11.477727558350338
6.0 mm,ice2x6_N2_c1,18.687857142857155,11.425737174621093
6.0 mm,ice2x6_N2_c1,18.656428571428584,11.374110842393145
6.0 mm,ice2x6_N2_c1,18.6377142857143,11.322670375870008
6.0 mm,ice2x6_N2_c1,18.614285714285728,11.271235357017197
6.0 mm,ice2x6_N2_c1,18.538523809523824,11.21988280257319
6.0 mm,ice2x6_N2_c1,18.474952380952395,11.168859849944447
6.0 mm,ice2x6_N2_c1,18.414714285714297,11.118286546684862
6.0 mm,ice2x6_N2_c1,18.362952380952393,11.068127301613789
6.0 mm,ice2x6_N2_c1,18.323333333333345,11.018236918845172
6.0 mm,ice2x6_N2_c1,18.268000000000015,10.968401638638378
6.0 mm,ice2x6_N2_c1,18.19328571428573,10.91855489394649
6.0 mm,ice2x6_N2_c1,18.16719047619049,10.868931948242325
6.0 mm,ice2x6_N2_c1,18.18066666666668,10.819736920682827
6.0 mm,ice2x6_N2_c1,18.23014285714287,10.770987861898785
6.0 mm,ice2x6_N2_c1,18.23414285714287,10.722585930308158
6.0 mm,ice2x6_N2_c1,18.24314285714287,10.674351615789323
6.0 mm,ice2x6_N2_c1,18.228904761904772,10.626051924049584
6.0 mm,ice2x6_N2_c1,18.193190476190487,10.577641787119282
6.0 mm,ice2x6_N2_c1,18.168428571428585,10.529401086386779
6.0 mm,ice2x6_N2_c1,18.10319047619049,10.481541976541738
6.0 mm,ice2x6_N2_c1,17.9787142857143,10.434070220168866
6.0 mm,ice2x6_N2_c1,17.87966666666668,10.386868923827494
6.0 mm,ice2x6_N2_c1,17.79761904761906,10.33972857230944
6.0 mm,ice2x6_N2_c1,17.677000000000014,10.292465853998845
6.0 mm,ice2x6_N2_c1,17.676285714285726,10.245259796235736
6.0 mm,ice2x6_N2_c1,17.718000000000014,10.198414088585587
6.0 mm,ice2x6_N2_c1,17.762809523809537,10.152011247989416
6.0 mm,ice2x6_N2_c1,17.787523809523826,10.105966702114708
6.0 mm,ice2x6_N2_c1,17.74514285714287,10.060124582149697
6.0 mm,ice2x6_N2_c1,17.622285714285727,10.014255684562398
6.0 mm,ice2x6_N2_c1,17.560761904761915,9.968184573079125
6.0 mm,ice2x6_N2_c1,17.536571428571442,9.922145287347249
6.0 mm,ice2x6_N2_c1,17.483476190476203,9.876465316545742
6.0 mm,ice2x6_N2_c1,17.452380952380967,9.831213655443776
6.0 mm,ice2x6_N2_c1,17.383380952380964,9.786290961279944
6.0 mm,ice2x6_N2_c1,17.291238095238107,9.741540588423382
6.0 mm,ice2x6_N2_c1,17.275000000000013,9.696742477014226
6.0 mm,ice2x6_N2_c1,17.331666666666678,9.651810942747513
6.0 mm,ice2x6_N2_c1,17.362714285714297,9.607079767242755
6.0 mm,ice2x6_N2_c1,17.36476190476192,9.562798551255938
6.0 mm,ice2x6_N2_c1,17.332666666666682,9.518942821497347
6.0 mm,ice2x6_N2_c1,17.219904761904772,9.475369299491131
6.0 mm,ice2x6_N2_c1,17.141000000000012,9.431915179339892
6.0 mm,ice2x6_N2_c1,17.095904761904773,9.388379218491032
6.0 mm,ice2x6_N2_c1,17.02119047619049,9.344713123922077
6.0 mm,ice2x6_N2_c1,16.99828571428573,9.301295625770905
6.0 mm,ice2x6_N2_c1,17.04323809523811,9.258366400662425
6.0 mm,ice2x6_N2_c1,17.09223809523811,9.21587228032855
6.0 mm,ice2x6_N2_c1,17.20657142857144,9.173650062097972
6.0 mm,ice2x6_N2_c1,17.3127142857143,9.131531534339919
6.0 mm,ice2x6_N2_c1,17.304714285714297,9.089341543429843
6.0 mm,ice2x6_N2_c1,17.253380952380965,9.046897327261416
6.0 mm,ice2x6_N2_c1,17.13214285714287,9.00445703530145
6.0 mm,ice2x6_N2_c1,16.962904761904774,8.962425801830822
6.0 mm,ice2x6_N2_c1,16.835857142857154,8.920855318696717
6.0 mm,ice2x6_N2_c1,16.75466666666668,8.879598022799861
6.0 mm,ice2x6_N2_c1,16.676666666666677,8.838475373133923
6.0 mm,ice2x6_N2_c1,16.688523809523822,8.79732216505932
6.0 mm,ice2x6_N2_c1,16.811761904761916,8.755948183718228
6.0 mm,ice2x6_N2_c1,16.899761904761917,8.714515604096498
6.0 mm,ice2x6_N2_c1,16.85819047619049,8.673486161051464
6.0 mm,ice2x6_N2_c1,16.725380952380963,8.632958364074376
6.0 mm,ice2x6_N2_c1,16.517380952380964,8.592779550896143
6.0 mm,ice2x6_N2_c1,16.413190476190486,8.55275683100233
6.0 mm,ice2x6_N2_c1,16.492333333333345,8.512724733140788
6.0 mm,ice2x6_N2_c1,16.56309523809525,8.472527485857523
6.0 mm,ice2x6_N2_c1,16.53442857142858,8.432122202143635
6.0 mm,ice2x6_N2_c1,16.464714285714297,8.391976944409409
6.0 mm,ice2x6_N2_c1,16.37104761904763,8.352372659032284
6.0 mm,ice2x6_N2_c1,16.32861904761906,8.313203638687268
6.0 mm,ice2x6_N2_c1,16.329238095238104,8.27426016564661
6.0 mm,ice2x6_N2_c1,16.297476190476203,8.235355635972416
6.0 mm,ice2x6_N2_c1,16.239809523809534,8.196343562600813
6.0 mm,ice2x6_N2_c1,16.244476190476203,8.157105407091274
6.0 mm,ice2x6_N2_c1,16.26357142857144,8.117940628485297
6.0 mm,ice2x6_N2_c1,16.263142857142867,8.07932462338772
6.0 mm,ice2x6_N2_c1,16.219190476190487,8.041254129454375
6.0 mm,ice2x6_N2_c1,16.214714285714297,8.003506067273527
6.0 mm,ice2x6_N2_c1,16.18866666666668,7.965861546997656
6.0 mm,ice2x6_N2_c1,16.15609523809525,7.928152597345914
6.0 mm,ice2x6_N2_c1,16.1094761904762,7.8902516406406225
6.0 mm,ice2x6_N2_c1,16.099904761904774,7.852141601141257
6.0 mm,ice2x6_N2_c1,16.134857142857154,7.814337600189479
6.0 mm,ice2x6_N2_c1,16.24619047619049,7.777178141237924
6.0 mm,ice2x6_N2_c1,16.328380952380964,7.740511716495545
6.0 mm,ice2x6_N2_c1,16.36204761904763,7.704075461977851
6.0 mm,ice2x6_N2_c1,16.348333333333343,7.667655177891208
6.0 mm,ice2x6_N2_c1,16.302761904761915,7.631098953255989
6.0 mm,ice2x6_N2_c1,16.206666666666678,7.594299688776671
6.0 mm,ice2x6_N2_c1,16.096095238095252,7.557209005769873
6.0 mm,ice2x6_N2_c1,15.973761904761917,7.52029780649378
6.0 mm,ice2x6_N2_c1,15.909523809523822,7.484045397207675
6.0 mm,ice2x6_N2_c1,15.861285714285726,7.4483378699950435
6.0 mm,ice2x6_N2_c1,15.853238095238105,7.412892403274416
6.0 mm,ice2x6_N2_c1,15.832333333333345,7.377475429188145
6.0 mm,ice2x6_N2_c1,15.826380952380966,7.3419227073521585
6.0 mm,ice2x6_N2_c1,15.841476190476204,7.306118765193581
6.0 mm,ice2x6_N2_c1,15.906857142857156,7.270052658208044
6.0 mm,ice2x6_N2_c1,15.925000000000011,7.234320069716802
6.0 mm,ice2x6_N2_c1,15.93919047619049,7.199363082578993
6.0 mm,ice2x6_N2_c1,15.885285714285727,7.1649729363186605
6.0 mm,ice2x6_N2_c1,15.780428571428583,7.130821238107154
6.0 mm,ice2x6_N2_c1,15.677619047619059,7.096665267273478
6.0 mm,ice2x6_N2_c1,15.58757142857144,7.062346384046084
6.0 mm,ice2x6_N2_c1,15.486857142857152,7.02775661827831
6.0 mm,ice2x6_N2_c1,15.452285714285726,6.992844329299397
6.0 mm,ice2x6_N2_c1,15.503190476190486,6.958129077014776
6.0 mm,ice2x6_N2_c1,15.545428571428584,6.924247769931131
6.0 mm,ice2x6_N2_c1,15.565190476190487,6.891028898562489
6.0 mm,ice2x6_N2_c1,15.538714285714297,6.858088472770899
6.0 mm,ice2x6_N2_c1,15.52357142857144,6.825140249530817
6.0 mm,ice2x6_N2_c1,15.489190476190487,6.7920049216487834
6.0 mm,ice2x6_N2_c1,15.467476190476201,6.7585701856186
6.0 mm,ice2x6_N2_c1,15.387428571428584,6.724761077208078
6.0 mm,ice2x6_N2_c1,15.301285714285724,6.690775766063507
6.0 mm,ice2x6_N2_c1,15.213761904761915,6.657517593064312
6.0 mm,ice2x6_N2_c1,15.205142857142869,6.625144278159625
6.0 mm,ice2x6_N2_c1,15.243904761904773,6.593238874614872
6.0 mm,ice2x6_N2_c1,15.33390476190477,6.561433544378242
6.0 mm,ice2x6_N2_c1,15.3634761904762,6.529503119521764
6.0 mm,ice2x6_N2_c1,15.299666666666678,6.497315548776535
6.0 mm,ice2x6_N2_c1,15.1404761904762,6.464786547617015
6.0 mm,ice2x6_N2_c1,15.021333333333345,6.431863387769368
6.0 mm,ice2x6_N2_c1,14.984904761904772,6.399029197809356
6.0 mm,ice2x6_N2_c1,15.088238095238106,6.36720106379214
6.0 mm,ice2x6_N2_c1,15.147380952380963,6.336237644813364
6.0 mm,ice2x6_N2_c1,15.155857142857151,6.3056291918650595
6.0 mm,ice2x6_N2_c1,15.09057142857144,6.275009884503646
6.0 mm,ice2x6_N2_c1,15.050333333333345,6.2441761743946
6.0 mm,ice2x6_N2_c1,15.019619047619058,6.213017510639131
6.0 mm,ice2x6_N2_c1,15.034333333333343,6.181467794964609
6.0 mm,ice2x6_N2_c1,14.972619047619059,6.149492083046895
6.0 mm,ice2x6_N2_c1,14.89957142857144,6.117672761164652
6.0 mm,ice2x6_N2_c1,14.830619047619058,6.086976026467977
6.0 mm,ice2x6_N2_c1,14.753476190476201,6.057184932721969
6.0 mm,ice2x6_N2_c1,14.724285714285724,6.027742988033963
6.0 mm,ice2x6_N2_c1,14.748952380952392,5.998272843670913
6.0 mm,ice2x6_N2_c1,14.794047619047628,5.968574603502125
6.0 mm,ice2x6_N2_c1,14.827952380952391,5.938542900376579
6.0 mm,ice2x6_N2_c1,14.863904761904772,5.90811419162665
6.0 mm,ice2x6_N2_c1,14.833476190476201,5.877243088066818
6.0 mm,ice2x6_N2_c1,14.808380952380963,5.84631243403579
6.0 mm,ice2x6_N2_c1,14.755285714285725,5.816492953462155
6.0 mm,ice2x6_N2_c1,14.713047619047629,5.787759094931984
6.0 mm,ice2x6_N2_c1,14.636333333333344,5.759505017505133
6.0 mm,ice2x6_N2_c1,14.554761904761914,5.7312514840801745
6.0 mm,ice2x6_N2_c1,14.473904761904773,5.7027381240032415
6.0 mm,ice2x6_N2_c1,14.413000000000011,5.673836405034713
6.0 mm,ice2x6_N2_c1,14.421619047619057,5.644472285852536
6.0 mm,ice2x6_N2_c1,14.469619047619057,5.614578887409802
6.0 mm,ice2x6_N2_c1,14.504190476190487,5.58431900833596
6.0 mm,ice2x6_N2_c1,14.536428571428582,5.554994146569631
6.0 mm,ice2x6_N2_c1,14.507285714285727,5.526753218315676
6.0 mm,ice2x6_N2_c1,14.448761904761916,5.498761390518435
6.0 mm,ice2x6_N2_c1,14.473523809523822,5.470281396203074
6.0 mm,ice2x6_N2_c1,14.498333333333342,5.440836512958622
6.0 mm,ice2x6_N3_c1,26.460380952380973,26.296542857142878
6.0 mm,ice2x6_N3_c1,26.685047619047637,26.296542857046813
6.0 mm,ice2x6_N3_c1,26.914857142857166,26.296542840683525
6.0 mm,ice2x6_N3_c1,27.14738095238097,26.296542369574844
6.0 mm,ice2x6_N3_c1,27.323761904761923,26.29653726458148
6.0 mm,ice2x6_N3_c1,27.254666666666687,26.296507423338237
6.0 mm,ice2x6_N3_c1,27.183476190476206,26.296392233374647
6.0 mm,ice2x6_N3_c1,27.138666666666687,26.296059536584373
6.0 mm,ice2x6_N3_c1,27.08266666666669,26.29527993398643
6.0 mm,ice2x6_N3_c1,27.04452380952383,26.29371554706418
6.0 mm,ice2x6_N3_c1,27.03585714285716,26.29092652828637
6.0 mm,ice2x6_N3_c1,27.028571428571446,26.28639426714022
6.0 mm,ice2x6_N3_c1,27.007952380952403,26.27955667772537
6.0 mm,ice2x6_N3_c1,26.979666666666688,26.269847671912277
6.0 mm,ice2x6_N3_c1,26.933238095238117,26.256733079850598
6.0 mm,ice2x6_N3_c1,26.853476190476208,26.239738435407002
6.0 mm,ice2x6_N3_c1,26.794238095238114,26.218467088759404
6.0 mm,ice2x6_N3_c1,26.713000000000015,26.192608731642682
6.0 mm,ice2x6_N3_c1,26.63576190476192,26.161939257642032
6.0 mm,ice2x6_N3_c1,26.560095238095258,26.126314610682215
6.0 mm,ice2x6_N3_c1,26.515333333333352,26.085662518331436
6.0 mm,ice2x6_N3_c1,26.45400000000002,26.039974257126325
6.0 mm,ice2x6_N3_c1,26.398380952380975,25.989295565283406
6.0 mm,ice2x6_N3_c1,26.309571428571445,25.93371702690142
6.0 mm,ice2x6_N3_c1,26.23985714285716,25.873365687450836
6.0 mm,ice2x6_N3_c1,26.211238095238116,25.808400894494934
6.0 mm,ice2x6_N3_c1,26.182619047619063,25.739017126973383
6.0 mm,ice2x6_N3_c1,26.15704761904764,25.66544912984295
6.0 mm,ice2x6_N3_c1,26.13638095238097,25.58797096741995
6.0 mm,ice2x6_N3_c1,26.074142857142874,25.506887246253363
6.0 mm,ice2x6_N3_c1,25.99838095238097,25.42251920877412
6.0 mm,ice2x6_N3_c1,25.96504761904764,25.33518990813343
6.0 mm,ice2x6_N3_c1,25.86628571428573,25.24521213338532
6.0 mm,ice2x6_N3_c1,25.71600000000002,25.152880368298945
6.0 mm,ice2x6_N3_c1,25.596761904761927,25.058466831378365
6.0 mm,ice2x6_N3_c1,25.54480952380954,24.962220499661125
6.0 mm,ice2x6_N3_c1,25.51600000000002,24.864368342627174
6.0 mm,ice2x6_N3_c1,25.50157142857145,24.765116173603033
6.0 mm,ice2x6_N3_c1,25.474666666666685,24.66464907594945
6.0 mm,ice2x6_N3_c1,25.364952380952396,24.563132574576827
6.0 mm,ice2x6_N3_c1,25.258238095238113,24.460715104418682
6.0 mm,ice2x6_N3_c1,25.179047619047637,24.357531045161515
6.0 mm,ice2x6_N3_c1,25.08657142857145,24.253700462444485
6.0 mm,ice2x6_N3_c1,24.981000000000023,24.14932778293224
6.0 mm,ice2x6_N3_c1,24.898714285714302,24.04450224308266
6.0 mm,ice2x6_N3_c1,24.826047619047635,23.93930074706752
6.0 mm,ice2x6_N3_c1,24.768571428571448,23.833791426590082
6.0 mm,ice2x6_N3_c1,24.702666666666687,23.72803477442212
6.0 mm,ice2x6_N3_c1,24.61485714285716,23.622084919983987
6.0 mm,ice2x6_N3_c1,24.505714285714305,23.515989776839326
6.0 mm,ice2x6_N3_c1,24.41342857142859,23.40979142489667
6.0 mm,ice2x6_N3_c1,24.341619047619066,23.30352743799248
6.0 mm,ice2x6_N3_c1,24.224333333333355,23.197231257417197
6.0 mm,ice2x6_N3_c1,24.139523809523826,23.090934712767353
6.0 mm,ice2x6_N3_c1,24.079571428571445,22.98466896568699
6.0 mm,ice2x6_N3_c1,24.086571428571446,22.878465833262503
6.0 mm,ice2x6_N3_c1,24.060000000000016,22.772359350582406
6.0 mm,ice2x6_N3_c1,24.034761904761922,22.66638261489802
6.0 mm,ice2x6_N3_c1,23.983904761904782,22.56056822746191
6.0 mm,ice2x6_N3_c1,23.934666666666683,22.454948428803355
6.0 mm,ice2x6_N3_c1,23.873428571428587,22.34954948938205
6.0 mm,ice2x6_N3_c1,23.838571428571445,22.244392564886393
6.0 mm,ice2x6_N3_c1,23.70757142857145,22.139496193187632
6.0 mm,ice2x6_N3_c1,23.53385714285716,22.034875986695795
6.0 mm,ice2x6_N3_c1,23.413571428571444,21.93054943766501
6.0 mm,ice2x6_N3_c1,23.33376190476192,21.82653481224983
6.0 mm,ice2x6_N3_c1,23.233904761904782,21.72284619241567
6.0 mm,ice2x6_N3_c1,23.184666666666686,21.619497160565835
6.0 mm,ice2x6_N3_c1,23.11366666666668,21.516499055805596
6.0 mm,ice2x6_N3_c1,22.993666666666684,21.413856690238383
6.0 mm,ice2x6_N3_c1,22.912952380952397,21.311574256460297
6.0 mm,ice2x6_N3_c1,22.861523809523828,21.209654392122467
6.0 mm,ice2x6_N3_c1,22.831476190476206,21.108095106202274
6.0 mm,ice2x6_N3_c1,22.773142857142872,21.00689689265685
6.0 mm,ice2x6_N3_c1,22.661714285714304,20.906060265670575
6.0 mm,ice2x6_N3_c1,22.50752380952383,20.80558207094885
6.0 mm,ice2x6_N3_c1,22.400571428571446,20.705464112576262
6.0 mm,ice2x6_N3_c1,22.303238095238115,20.60571152104578
6.0 mm,ice2x6_N3_c1,22.24690476190478,20.506329235229256
6.0 mm,ice2x6_N3_c1,22.164476190476208,20.40732999070977
6.0 mm,ice2x6_N3_c1,22.126047619047633,20.30872903859418
6.0 mm,ice2x6_N3_c1,22.104000000000013,20.21053426640908
6.0 mm,ice2x6_N3_c1,22.11061904761906,20.112755817229033
6.0 mm,ice2x6_N3_c1,22.063904761904777,20.01540912623737
6.0 mm,ice2x6_N3_c1,21.958952380952397,19.91850539308957
6.0 mm,ice2x6_N3_c1,21.795619047619063,19.822058383618174
6.0 mm,ice2x6_N3_c1,21.665142857142875,19.726090574280608
6.0 mm,ice2x6_N3_c1,21.569619047619064,19.63061725954003
6.0 mm,ice2x6_N3_c1,21.54404761904763,19.535637668883744
6.0 mm,ice2x6_N3_c1,21.480857142857158,19.44115145602317
6.0 mm,ice2x6_N3_c1,21.48480952380954,19.34716336348731
6.0 mm,ice2x6_N3_c1,21.449571428571446,19.253671809843222
6.0 mm,ice2x6_N3_c1,21.37223809523811,19.16067621069716
6.0 mm,ice2x6_N3_c1,21.281809523809542,19.068187345910985
6.0 mm,ice2x6_N3_c1,21.200952380952394,18.976213408960533
6.0 mm,ice2x6_N3_c1,21.111000000000015,18.88474921251035
6.0 mm,ice2x6_N3_c1,21.100714285714304,18.793793152329908
6.0 mm,ice2x6_N3_c1,21.049666666666685,18.703353484765493
6.0 mm,ice2x6_N3_c1,20.958952380952397,18.613428321425772
6.0 mm,ice2x6_N3_c1,20.895142857142872,18.523997349230306
6.0 mm,ice2x6_N3_c1,20.849476190476206,18.435044648627553
6.0 mm,ice2x6_N3_c1,20.890047619047635,18.34656548472399
6.0 mm,ice2x6_N3_c1,20.821380952380967,18.25854629535372
6.0 mm,ice2x6_N3_c1,20.72080952380954,18.170965737590507
6.0 mm,ice2x6_N3_c1,20.664380952380967,18.083817327795956
6.0 mm,ice2x6_N3_c1,20.563571428571443,17.997103170416565
6.0 mm,ice2x6_N3_c1,20.45523809523811,17.910815921535352
6.0 mm,ice2x6_N3_c1,20.334523809523823,17.82495256261907
6.0 mm,ice2x6_N3_c1,20.09904761904763,17.739527212616466
6.0 mm,ice2x6_N3_c1,19.94714285714287,17.654550007221065
6.0 mm,ice2x6_N3_c1,19.911571428571442,17.570010499820512
6.0 mm,ice2x6_N3_c1,19.906095238095254,17.485900796563886
6.0 mm,ice2x6_N3_c1,19.941190476190492,17.402230832305957
6.0 mm,ice2x6_N3_c1,19.925428571428586,17.319005053972965
6.0 mm,ice2x6_N3_c1,19.802952380952394,17.236211160456712
6.0 mm,ice2x6_N3_c1,19.6787142857143,17.153849774243056
6.0 mm,ice2x6_N3_c1,19.59938095238097,17.0719422216227
6.0 mm,ice2x6_N3_c1,19.536809523809538,16.990498407435197
6.0 mm,ice2x6_N3_c1,19.481142857142874,16.909500647705592
6.0 mm,ice2x6_N3_c1,19.42466666666668,16.82893668471698
6.0 mm,ice2x6_N3_c1,19.349095238095252,16.748820115050272
6.0 mm,ice2x6_N3_c1,19.25019047619049,16.669159689771167
6.0 mm,ice2x6_N3_c1,19.204428571428583,16.589934712674086
6.0 mm,ice2x6_N3_c1,19.163380952380965,16.511126415487688
6.0 mm,ice2x6_N3_c1,19.08866666666668,16.43275122023266
6.0 mm,ice2x6_N3_c1,19.030761904761917,16.35483059658433
6.0 mm,ice2x6_N3_c1,18.9797142857143,16.277351572564733
6.0 mm,ice2x6_N3_c1,18.87333333333335,16.200278753999463
6.0 mm,ice2x6_N3_c1,18.752714285714298,16.123607418471877
6.0 mm,ice2x6_N3_c1,18.622857142857157,16.04735918343772
6.0 mm,ice2x6_N3_c1,18.462857142857157,15.971532905958947
6.0 mm,ice2x6_N3_c1,18.33819047619049,15.896089048923022
6.0 mm,ice2x6_N3_c1,18.275000000000013,15.820999985210111
6.0 mm,ice2x6_N3_c1,18.25428571428573,15.746281642941124
6.0 mm,ice2x6_N3_c1,18.23004761904763,15.671948076669313
6.0 mm,ice2x6_N3_c1,18.20423809523811,15.59797427663822
6.0 mm,ice2x6_N3_c1,18.141190476190488,15.524336435104814
6.0 mm,ice2x6_N3_c1,18.099428571428582,15.451063298407995
6.0 mm,ice2x6_N3_c1,18.072571428571443,15.378194817187223
6.0 mm,ice2x6_N3_c1,18.056333333333345,15.30572558893594
6.0 mm,ice2x6_N3_c1,17.984190476190488,15.233606994999151
6.0 mm,ice2x6_N3_c1,17.90814285714287,15.161822029712804
6.0 mm,ice2x6_N3_c1,17.75009523809525,15.09041270503261
6.0 mm,ice2x6_N3_c1,17.60614285714287,15.019409962193317
6.0 mm,ice2x6_N3_c1,17.5524761904762,14.948785168553993
6.0 mm,ice2x6_N3_c1,17.52423809523811,14.87848146349937
6.0 mm,ice2x6_N3_c1,17.433380952380965,14.808501127081433
6.0 mm,ice2x6_N3_c1,17.393428571428583,14.738893009259414
6.0 mm,ice2x6_N3_c1,17.300428571428583,14.669669493207945
6.0 mm,ice2x6_N3_c1,17.274380952380966,14.600779264179804
6.0 mm,ice2x6_N3_c1,17.27490476190477,14.532173126835367
6.0 mm,ice2x6_N3_c1,17.294476190476203,14.46388526579345
6.0 mm,ice2x6_N3_c1,17.26066666666668,14.395975078195
6.0 mm,ice2x6_N3_c1,17.212333333333344,14.328441353586937
6.0 mm,ice2x6_N3_c1,17.131761904761916,14.261214593763267
6.0 mm,ice2x6_N3_c1,17.04252380952382,14.19423978407781
6.0 mm,ice2x6_N3_c1,16.90661904761906,14.127556984218646
6.0 mm,ice2x6_N3_c1,16.84119047619049,14.061224769667668
6.0 mm,ice2x6_N3_c1,16.747285714285727,13.995230407407975
6.0 mm,ice2x6_N3_c1,16.687285714285725,13.929499567970193
6.0 mm,ice2x6_N3_c1,16.665000000000013,13.864011028906177
6.0 mm,ice2x6_N3_c1,16.64752380952382,13.798844833421398
6.0 mm,ice2x6_N3_c1,16.6854761904762,13.73406774739603
6.0 mm,ice2x6_N3_c1,16.807904761904773,13.669654004076675
6.0 mm,ice2x6_N3_c1,16.91219047619049,13.60550567341879
6.0 mm,ice2x6_N3_c1,17.010857142857155,13.541566762565871
6.0 mm,ice2x6_N3_c1,16.940142857142867,13.477905406089867
6.0 mm,ice2x6_N3_c1,16.758380952380964,13.414601274308344
6.0 mm,ice2x6_N3_c1,16.504714285714297,13.351639548166983
6.0 mm,ice2x6_N3_c1,16.350761904761917,13.288925694684371
6.0 mm,ice2x6_N3_c1,16.295761904761918,13.22641508177949
6.0 mm,ice2x6_N3_c1,16.20523809523811,13.164197416896785
6.0 mm,ice2x6_N3_c1,16.059857142857155,13.10237182237399
6.0 mm,ice2x6_N3_c1,16.010000000000012,13.040930953744102
6.0 mm,ice2x6_N3_c1,15.993571428571439,12.979766937289847
6.0 mm,ice2x6_N3_c1,16.007476190476204,12.918795004427855
6.0 mm,ice2x6_N3_c1,15.992000000000012,12.858084068858274
6.0 mm,ice2x6_N3_c1,15.85561904761906,12.7977522729531
6.0 mm,ice2x6_N3_c1,15.832761904761917,12.737821687856055
6.0 mm,ice2x6_N3_c1,15.93209523809525,12.678195597826232
6.0 mm,ice2x6_N3_c1,16.052809523809536,12.618740165141281
6.0 mm,ice2x6_N3_c1,16.035333333333348,12.559458023712047
6.0 mm,ice2x6_N3_c1,15.937619047619059,12.500483859498752
6.0 mm,ice2x6_N3_c1,15.707238095238107,12.44190503994775
6.0 mm,ice2x6_N3_c1,15.525714285714297,12.383676752981149
6.0 mm,ice2x6_N3_c1,15.400571428571439,12.325656021235666
6.0 mm,ice2x6_N3_c1,15.291000000000011,12.267759235620055
6.0 mm,ice2x6_N3_c1,15.161666666666678,12.21008998261161
6.0 mm,ice2x6_N3_c1,15.144142857142867,12.152781169378217
6.0 mm,ice2x6_N3_c1,15.183666666666678,12.095842478256028
6.0 mm,ice2x6_N3_c1,15.202285714285726,12.03915106704643
6.0 mm,ice2x6_N3_c1,15.219380952380961,11.982558781873356
6.0 mm,ice2x6_N3_c1,15.190714285714296,11.926098979921777
6.0 mm,ice2x6_N3_c1,15.064476190476201,11.869936247038176
6.0 mm,ice2x6_N3_c1,14.906761904761915,11.814154072633187
6.0 mm,ice2x6_N3_c1,14.834571428571437,11.7586850284997
6.0 mm,ice2x6_N3_c1,14.790619047619058,11.703362571689183
6.0 mm,ice2x6_N3_c1,14.766142857142869,11.648120254010873
6.0 mm,ice2x6_N3_c1,14.754714285714298,11.593109886258073
6.0 mm,ice2x6_N3_c1,14.690857142857155,11.538482678479
6.0 mm,ice2x6_N3_c1,14.55857142857144,11.484252015482667
6.0 mm,ice2x6_N3_c1,14.411190476190487,11.430294116212316
6.0 mm,ice2x6_N3_c1,14.277333333333342,11.376414028195692
6.0 mm,ice2x6_N3_c1,14.16695238095239,11.322556613005661
6.0 mm,ice2x6_N3_c1,14.199333333333342,11.268901265557815
6.0 mm,ice2x6_N3_c1,14.299333333333342,11.215603016788883
6.0 mm,ice2x6_N3_c1,14.47304761904763,11.162659695459093
6.0 mm,ice2x6_N3_c1,14.568857142857153,11.109922089735676
6.0 mm,ice2x6_N3_c1,14.535571428571439,11.057196442335432
6.0 mm,ice2x6_N3_c1,14.40152380952382,11.004515046121657
6.0 mm,ice2x6_N3_c1,14.321904761904772,10.952098541600568
6.0 mm,ice2x6_N3_c1,14.12452380952382,10.900066597980697
6.0 mm,ice2x6_N3_c1,13.899761904761915,10.848377289881476
6.0 mm,ice2x6_N3_c1,13.74400000000001,10.796859449910006
6.0 mm,ice2x6_N3_c1,13.7794761904762,10.745361491075142
6.0 mm,ice2x6_N3_c1,13.879047619047629,10.694016945130485
6.0 mm,ice2x6_N3_c1,14.044476190476201,10.643046047776252
6.0 mm,ice2x6_N3_c1,14.04561904761906,10.592507898882054
6.0 mm,ice2x6_N3_c1,13.883142857142866,10.542320802338576
6.0 mm,ice2x6_N3_c1,13.682857142857154,10.492305712111092
6.0 mm,ice2x6_N3_c1,13.535809523809533,10.44226459572061
6.0 mm,ice2x6_N3_c1,13.83595238095239,10.392280668885329
6.0 mm,ice2x6_N3_c1,14.603857142857155,10.342604757042086
6.0 mm,ice2x6_N3_c1,15.115095238095249,10.293328921527312
6.0 mm,ice2x6_N3_c1,15.419428571428583,10.244383561818644
6.0 mm,ice2x6_N3_c1,15.295047619047633,10.19560380091049
6.0 mm,ice2x6_N3_c1,14.674238095238106,10.146781938179132
6.0 mm,ice2x6_N3_c1,14.22452380952382,10.097962501746213
6.0 mm,ice2x6_N3_c1,14.149238095238106,10.049439144988552
6.0 mm,ice2x6_N3_c1,14.153047619047628,10.001360009727314
6.0 mm,ice2x6_N3_c1,14.519000000000009,9.953678274396397
6.0 mm,ice2x6_N3_c1,14.715142857142869,9.906250224983072
6.0 mm,ice2x6_N3_c1,14.624904761904771,9.858868643488888
6.0 mm,ice2x6_N3_c1,14.19800000000001,9.811486898649015
6.0 mm,ice2x6_N3_c1,13.720190476190485,9.764378768643855
6.0 mm,ice2x6_N3_c1,13.648047619047627,9.717718056678486
6.0 mm,ice2x6_N3_c1,14.386619047619059,9.671460095840734
6.0 mm,ice2x6_N3_c1,15.03500000000001,9.625454938173881
6.0 mm,ice2x6_N3_c1,15.635714285714299,9.57949936668402
6.0 mm,ice2x6_N3_c1,15.692809523809537,9.533412258321519
6.0 mm,ice2x6_N3_c1,15.075666666666677,9.487396640123299
6.0 mm,ice2x6_N3_c1,14.222285714285725,9.441763580056751
6.0 mm,ice2x6_N3_c1,13.695571428571437,9.396580250720808
6.0 mm,ice2x6_N3_c1,13.494523809523821,9.351755999325192
6.0 mm,ice2x6_N3_c1,13.822333333333345,9.307158549437586
6.0 mm,ice2x6_N3_c1,14.258428571428581,9.262636157384367
6.0 mm,ice2x6_N3_c1,14.597047619047629,9.21806233301757
6.0 mm,ice2x6_N3_c1,15.067476190476203,9.173666770740297
6.0 mm,ice2x6_N3_c1,15.36361904761906,9.129719049782112
6.0 mm,ice2x6_N3_c1,15.45161904761906,9.086216970997494
6.0 mm,ice2x6_N3_c1,15.253190476190486,9.043014168788899
6.0 mm,ice2x6_N3_c1,14.600904761904772,8.999946362353759
6.0 mm,ice2x6_N3_c1,13.909857142857152,8.956859425742007
6.0 mm,ice2x6_N3_c1,13.451190476190487,8.913661209302573
6.0 mm,ice2x6_N3_c1,13.14000000000001,8.8706400562089
6.0 mm,ice2x6_N3_c1,12.917238095238105,8.828073387474035
6.0 mm,ice2x6_N3_c1,12.87195238095239,8.785936267671849
6.0 mm,ice2x6_N3_c1,12.764047619047627,8.744061936396273
6.0 mm,ice2x6_N3_c1,12.69542857142858,8.702264760159604
6.0 mm,ice2x6_N3_c1,12.459761904761915,8.660357672843052
6.0 mm,ice2x6_N3_c1,12.202142857142867,8.618225687206854
6.0 mm,ice2x6_N3_c1,12.085380952380962,8.57620331455994
6.0 mm,ice2x6_N3_c1,12.151333333333342,8.534575559646322
6.0 mm,ice2x6_N3_c1,12.23085714285715,8.493289780931876
6.0 mm,ice2x6_N3_c1,12.353095238095246,8.452163171993869
6.0 mm,ice2x6_N3_c1,12.32290476190477,8.411013959016922
6.0 mm,ice2x6_N3_c1,12.17642857142858,8.369680417649928
6.0 mm,ice2x6_N3_c1,12.10100000000001,8.32822164752778
6.0 mm,ice2x6_N3_c1,12.106761904761914,8.287088655010173
6.0 mm,ice2x6_N3_c1,12.088095238095246,8.246445513953127
6.0 mm,ice2x6_N3_c1,12.088142857142866,8.2061438816387
6.0 mm,ice2x6_N3_c1,12.079000000000008,8.165965401708135
6.0 mm,ice2x6_N3_c1,12.025809523809531,8.125719114022356
6.0 mm,ice2x6_N3_c1,12.244714285714295,8.085256247913495
6.0 mm,ice2x6_N3_c1,12.574619047619056,8.044706350449012
6.0 mm,ice2x6_N3_c1,12.840857142857153,8.004560108819325
6.0 mm,ice2x6_N3_c1,12.95700000000001,7.964933942245714
6.0 mm,ice2x6_N3_c1,13.028523809523818,7.925634525646303
6.0 mm,ice2x6_N3_c1,12.836142857142868,7.886429302708529
6.0 mm,ice2x6_N3_c1,12.684571428571436,7.847134125392972
6.0 mm,ice2x6_N3_c1,12.388714285714297,7.8076240482796795
6.0 mm,ice2x6_N3_c1,12.278809523809532,7.7681125734072305
6.0 mm,ice2x6_N3_c1,12.114095238095247,7.729128763945613
6.0 mm,ice2x6_N3_c1,11.998047619047629,7.6907372863127925
6.0 mm,ice2x6_N3_c1,11.75390476190477,7.652700115445324
6.0 mm,ice2x6_N3_c1,11.483190476190485,7.614763339768055
6.0 mm,ice2x6_N3_c1,11.187000000000008,7.57673220987318
6.0 mm,ice2x6_N3_c1,11.047380952380962,7.53846533022114
6.0 mm,ice2x6_N3_c1,11.339095238095247,7.4999823197259055
6.0 mm,ice2x6_N3_c1,12.000047619047628,7.461849903737168
6.0 mm,ice2x6_N3_c1,12.69490476190477,7.424380958241006
6.0 mm,ice2x6_N3_c1,13.166000000000007,7.38737826692452
6.0 mm,ice2x6_N3_c1,13.261142857142866,7.350545623746955
6.0 mm,ice2x6_N3_c1,12.95990476190477,7.3136465287001435
6.0 mm,ice2x6_N3_c1,12.79185714285715,7.276509919013076
6.0 mm,ice2x6_N3_c1,12.605809523809533,7.239074981913054
6.0 mm,ice2x6_N3_c1,12.438809523809534,7.201880970478817
6.0 mm,ice2x6_N3_c1,12.32704761904763,7.165412618444436
6.0 mm,ice2x6_N3_c1,12.193000000000008,7.129501527099209
6.0 mm,ice2x6_N3_c1,12.123190476190484,7.09381221183005
6.0 mm,ice2x6_N3_c1,12.140238095238104,7.058080063892553
6.0 mm,ice2x6_N3_c1,12.12042857142858,7.022126667837726
6.0 mm,ice2x6_N3_c1,12.055619047619057,6.985831274303122
6.0 mm,ice2x6_N3_c1,12.002476190476198,6.9492935490627
6.0 mm,ice2x6_N3_c1,11.795857142857152,6.913278965944432
6.0 mm,ice2x6_N3_c1,11.526761904761914,6.878069468388825
6.0 mm,ice2x6_N3_c1,11.30585714285715,6.843353500892148
6.0 mm,ice2x6_N3_c1,11.186000000000007,6.808781302016293
6.0 mm,ice2x6_N3_c1,11.109666666666675,6.774110835412206
6.0 mm,ice2x6_N3_c1,11.0644761904762,6.73918404384501
6.0 mm,ice2x6_N3_c1,11.055476190476199,6.7038956127996645
6.0 mm,ice2x6_N3_c1,10.964000000000008,6.668567284187233
6.0 mm,ice2x6_N3_c1,10.820333333333341,6.634042611467585
6.0 mm,ice2x6_N3_c1,10.594571428571436,6.600348990274775
6.0 mm,ice2x6_N3_c1,10.351428571428578,6.5670575099405
6.0 mm,ice2x6_N3_c1,10.122047619047626,6.533793938993842
6.0 mm,ice2x6_N3_c1,9.906761904761911,6.500318294773127
6.0 mm,ice2x6_N3_c1,10.717476190476198,6.4664822020141814
6.0 mm,ice2x6_N3_c1,12.205809523809531,6.432189345840233
6.0 mm,ice2x6_N3_c1,13.822285714285725,6.39763940115083
6.0 mm,ice2x6_N3_c1,15.111333333333345,6.363798427477536
6.0 mm,ice2x6_N3_c1,15.393000000000011,6.330863882228715
6.0 mm,ice2x6_N3_c1,14.705857142857155,6.2983741272981675
6.0 mm,ice2x6_N3_c1,14.28695238095239,6.265896152294367
6.0 mm,ice2x6_N3_c1,13.834809523809534,6.23315625399288
6.0 mm,ice2x6_N3_c1,13.463142857142866,6.199992493877931
6.0 mm,ice2x6_N3_c1,13.249142857142864,6.166316131195593
6.0 mm,ice2x6_N3_c1,12.942761904761912,6.132637108533899
6.0 mm,ice2x6_N3_c1,12.754523809523818,6.09996051167334
6.0 mm,ice2x6_N3_c1,12.674666666666676,6.068189773273112
6.0 mm,ice2x6_N3_c1,12.616761904761914,6.036779352534934
6.0 mm,ice2x6_N3_c1,12.59838095238096,6.005305554064266
6.0 mm,ice2x6_N3_c1,12.58495238095239,5.973531332103408
6.0 mm,ice2x6_N3_c1,12.58490476190477,5.941336644667434
6.0 mm,ice2x6_N3_c1,12.587714285714295,5.908659072591792
6.0 mm,ice2x6_N3_c1,12.727380952380962,5.875631386043342
6.0 mm,ice2x6_N3_c1,13.118904761904773,5.8433608776424375
6.0 mm,ice2x6_N3_c1,13.620285714285725,5.8122594796879135
6.0 mm,ice2x6_N3_c1,14.076142857142866,5.781819798282245
6.0 mm,ice2x6_N3_c1,14.360476190476202,5.751496118525736
6.0 mm,ice2x6_N3_c1,14.377809523809535,5.720954508433002
6.0 mm,ice2x6_N3_c1,14.396142857142866,5.690027464999483
6.0 mm,ice2x6_N3_c1,14.533190476190487,5.658631785823932
6.0 mm,ice2x6_N3_c1,14.738904761904774,5.626730886287765
6.0 mm,ice2x6_N3_c1,14.774904761904772,5.595032964405695
6.0 mm,ice2x6_N3_c1,15.054809523809535,5.56457470784296
6.0 mm,ice2x6_N3_c1,15.13061904761906,5.5350765993193205
6.0 mm,ice2x6_N3_c1,15.619619047619057,5.505918070400298
6.0 mm,ice2x6_N3_c1,16.149190476190487,5.476606403805762
6.0 mm,ice2x6_N3_c1,16.718238095238107,5.446859462165651
6.0 mm,ice2x6_N3_c1,16.987904761904772,5.416533596171035
6.0 mm,ice2x6_N3_c1,17.304952380952393,5.385550644951684
6.0 mm,ice2x6_N3_c1,16.558428571428582,5.354121976326107
6.0 mm,ice2x6_N3_c1,15.54961904761906,5.3236671445294474
6.0 mm,ice2x6_N3_c1,14.423142857142867,5.294437845070524
6.0 mm,ice2x6_N3_c1,13.66795238095239,5.265789190569445
6.0 mm,ice2x6_N3_c1,13.251952380952392,5.237098762865308
6.0 mm,ice2x6_N3_c1,13.491952380952391,5.207952651803179
6.0 mm,ice2x6_N3_c1,13.565238095238106,5.178147211911442
6.0 mm,ice2x6_N3_c1,13.458000000000009,5.147595652375213
6.0 mm,ice2x6_N3_c1,13.413333333333345,5.116380616152275
6.0 mm,ice2x6_N3_c1,13.386333333333344,5.085955442155953
6.0 mm,ice2x6_N3_c1,13.178952380952389,5.056973629614727
6.0 mm,ice2x6_N3_c1,13.14052380952382,5.028746286542056
6.0 mm,ice2x6_N3_c1,13.172809523809532,5.000585146967666
6.0 mm,ice2x6_N3_c1,13.125190476190486,4.971965744572286
6.0 mm,ice2x6_N3_c1,13.121904761904773,4.94258227558777
6.0 mm,ice2x6_N3_c1,13.094857142857151,4.91226518689875
