series,distance_from_surface_mm,fit_percent,ci_low_percent,ci_high_percent
2x6 F1,0.0,95.02503987527854,88.55817700321535,98.1206124079226
2x6 F1,0.01603206412825651,94.9816623877805,88.45212338324927,98.10389322059329
2x6 F1,0.03206412825651302,94.93781753152982,88.34139350367842,98.08347208231216
2x6 F1,0.04809619238476953,94.89350082961754,88.22965703079475,98.06437560623327
2x6 F1,0.06412825651302605,94.84870777393598,88.11672128149955,98.04264953996679
2x6 F1,0.08016032064128256,94.80343382521185,88.00450031291375,98.02738301916908
2x6 F1,0.09619238476953906,94.75767441305098,87.88985734549237,98.00832078874097
2x6 F1,0.11222444889779558,94.71142493598661,87.77422524939512,97.98890872129476
2x6 F1,0.1282565130260521,94.66468076153708,87.65509550114957,97.97510512808262
2x6 F1,0.1442885771543086,94.61743722626883,87.53346502019568,97.96182788560823
2x6 F1,0.16032064128256512,94.56968963587039,87.41306934098274,97.94320364901805
2x6 F1,0.17635270541082163,94.52143326522958,87.2917334450467,97.92080311290376
2x6 F1,0.19238476953907813,94.47266335852328,87.1677854034957,97.90669600531947
2x6 F1,0.20841683366733466,94.4233751293103,87.03531203520804,97.88745903389265
2x6 F1,0.22444889779559116,94.37356376063997,86.90196015552971,97.86996301744279
2x6 F1,0.24048096192384769,94.32322440515901,86.78179906615752,97.85082099180518
2x6 F1,0.2565130260521042,94.27235218523592,86.64971891275484,97.83863184248851
2x6 F1,0.2725450901803607,94.2209421930903,86.51650710262233,97.82622539402846
2x6 F1,0.2885771543086172,94.16898949093111,86.38256418516666,97.81330537978413
2x6 F1,0.3046092184368737,94.11648911110503,86.25358124268807,97.80099934650607
2x6 F1,0.32064128256513025,94.06343605625348,86.12369050957284,97.78241964196964
2x6 F1,0.3366733466933867,94.00982529947946,85.99268277937205,97.75910146984268
2x6 F1,0.35270541082164325,93.95565178452513,85.86054794492014,97.73536515866259
2x6 F1,0.3687374749498998,93.90091042595702,85.72728044454321,97.71134188413536
2x6 F1,0.38476953907815625,93.84559610936269,85.59287477523168,97.69072686811089
2x6 F1,0.4008016032064128,93.7897036915597,85.45882447501849,97.67087953101813
2x6 F1,0.4168336673346693,93.73322800081121,85.33606093024535,97.65680297158706
2x6 F1,0.43286573146292584,93.67616383705423,85.19615633309341,97.63521542125024
2x6 F1,0.4488977955911823,93.61850597213925,85.05501905537231,97.60832537351274
2x6 F1,0.46492985971943884,93.56024915008138,84.91765567831177,97.58904429208908
2x6 F1,0.48096192384769537,93.50138808731971,84.7796309709473,97.57837363217207
2x6 F1,0.49699398797595185,93.44191747299257,84.64059683653122,97.56742464412618
2x6 F1,0.5130260521042084,93.38183196922066,84.50048805529615,97.54382517209226
2x6 F1,0.5290581162324649,93.32112621140416,84.35930068963724,97.52292333117379
2x6 F1,0.5450901803607214,93.25979480853316,84.21279549713157,97.49581437140982
2x6 F1,0.561122244488978,93.19783234350496,84.05291640898233,97.46837622253452
2x6 F1,0.5771543086172344,93.13523337346393,83.90551895735052,97.4407248480632
2x6 F1,0.5931863727454909,93.0719924301396,83.75726306559844,97.42114479655662
2x6 F1,0.6092184368737474,93.00810402021365,83.59084489446708,97.41542625066614
2x6 F1,0.625250501002004,92.94356262568955,83.4357367784988,97.38969154208594
2x6 F1,0.6412825651302605,92.87836270427763,83.28224533111971,97.3665986834395
2x6 F1,0.657314629258517,92.8124986897948,83.12759565783449,97.33771129203576
2x6 F1,0.6733466933867734,92.7459649925813,82.97171900921832,97.3232361014841
2x6 F1,0.68937875751503,92.67875599992219,82.81461140705542,97.29740157942143
2x6 F1,0.7054108216432865,92.61086607649464,82.65626897810637,97.27117527907063
2x6 F1,0.721442885771543,92.54228956481948,82.4966879565862,97.24466852901793
2x6 F1,0.7374749498997996,92.47302078573621,82.33586468665298,97.21801428987614
2x6 F1,0.7535070140280561,92.40305403888529,82.17379562490632,97.19161518930332
2x6 F1,0.7695390781563125,92.3323836032094,82.01047734289438,97.16464861508567
2x6 F1,0.785571142284569,92.26100373747039,81.84602402218977,97.14304393780897
2x6 F1,0.8016032064128256,92.18890868078088,81.6808947874255,97.12121769537113
2x6 F1,0.8176352705410821,92.11609265315106,81.51451355545015,97.09925836112346
2x6 F1,0.8336673346693386,92.04254985604943,81.35204812104968,97.0784847811533
2x6 F1,0.8496993987975952,91.96827447298642,81.18144839404276,97.05406389124461
2x6 F1,0.8657314629258517,91.89326067010758,81.00598018717176,97.02967406856192
2x6 F1,0.8817635270541081,91.81750259680507,80.83374360678756,96.99827987106836
2x6 F1,0.8977955911823646,91.74099438634833,80.66023479516012,96.97058824553812
2x6 F1,0.9138276553106212,91.66373015652793,80.48545148242324,96.95215855225433
2x6 F1,0.9298597194388777,91.58570401032152,80.30939153910977,96.92722744599132
2x6 F1,0.9458917835671342,91.50691003657106,80.13205297868285,96.90390973908048
2x6 F1,0.9619238476953907,91.42734231068218,79.95343396006204,96.87284239413124
2x6 F1,0.9779559118236472,91.34699489534076,79.7735327901433,96.83952580063512
2x6 F1,0.9939879759519037,91.26586184124386,79.58936656425315,96.80579717930574
2x6 F1,1.0100200400801602,91.18393718785458,79.39142881602902,96.77165173328248
2x6 F1,1.0260521042084167,91.10121496417072,79.19195134807788,96.73915208783913
2x6 F1,1.0420841683366733,91.01768918951345,78.99093253867883,96.71051577289533
2x6 F1,1.0581162324649298,90.93335387433328,78.78837099368047,96.67475886732022
2x6 F1,1.0741482965931863,90.84820302103955,78.58426555039478,96.6384663465005
2x6 F1,1.0901803607214429,90.76223062484144,78.37861528146551,96.6025163035467
2x6 F1,1.1062124248496994,90.67543067461699,78.17141949870825,96.56790462936337
2x6 F1,1.122244488977956,90.58779715379153,77.9626777569192,96.53905463139888
2x6 F1,1.1382765531062122,90.49932404124667,77.75304587191734,96.51181465291744
2x6 F1,1.1543086172344688,90.41000531223867,77.54923895799043,96.47906965498271
2x6 F1,1.1703406813627253,90.31983493934385,77.34448244707573,96.45884555429464
2x6 F1,1.1863727454909818,90.2288068934205,77.1570216622305,96.43983459469726
2x6 F1,1.2024048096192383,90.13691514459293,76.96869039015414,96.41064719814324
2x6 F1,1.2184368737474949,90.04415366325262,76.77929255080461,96.37085307962387
2x6 F1,1.2344689378757514,89.95051642108513,76.5887574193219,96.34137018314154
2x6 F1,1.250501002004008,89.855997392111,76.39708621709615,96.312047650047
2x6 F1,1.2665330661322645,89.7605905537525,76.20428031695155,96.28212186836548
2x6 F1,1.282565130260521,89.66428988791891,76.01034124467111,96.24493264364438
2x6 F1,1.2985971943887775,89.56708938211455,75.81527068049441,96.20255347885815
2x6 F1,1.314629258517034,89.46898303056226,75.61907046058701,96.16505494189236
2x6 F1,1.3306613226452906,89.36996483535684,75.42174257848042,96.13690881447644
2x6 F1,1.3466933867735469,89.27002880763018,75.2232930586233,96.09481040295198
2x6 F1,1.3627254509018034,89.169168968747,75.004497880436,96.0507658737506
2x6 F1,1.37875751503006,89.06737935151318,74.77816788849516,96.01309585901568
2x6 F1,1.3947895791583165,88.9646540014104,74.55059415009501,95.96801025455069
2x6 F1,1.410821643286573,88.86098697785224,74.32164670380595,95.92827737291663
2x6 F1,1.4268537074148295,88.75637235545972,74.09133011184655,95.88279364417035
2x6 F1,1.442885771543086,88.65080422535965,73.85964919460709,95.8344623064325
2x6 F1,1.4589178356713426,88.54427669650248,73.62660903247358,95.79583431497909
2x6 F1,1.4749498997995991,88.43678389700636,73.41971414652178,95.75886716189154
2x6 F1,1.4909819639278556,88.32831997551698,73.21571365214895,95.72317376071598
2x6 F1,1.5070140280561122,88.21887910259122,72.9935024024935,95.68373709636789
2x6 F1,1.5230460921843687,88.10845547210631,72.74974971174751,95.64651190277092
2x6 F1,1.539078156312625,87.9970433026819,72.50458077508392,95.6124614064189
2x6 F1,1.5551102204408815,87.88463683913207,72.25800257742085,95.57802272875321
2x6 F1,1.571142284569138,87.77123035393333,72.01002240617305,95.54123666006049
2x6 F1,1.5871743486973946,87.65681814871618,71.76084779179665,95.50345586155403
2x6 F1,1.6032064128256511,87.54139455577737,71.51040875654941,95.46522733898298
2x6 F1,1.6192384769539077,87.42495393961356,71.25858701760927,95.42637782773093
2x6 F1,1.6352705410821642,87.30749069847451,71.01164184178704,95.37990773235207
2x6 F1,1.6513026052104207,87.1889992659413,70.77376424102319,95.32952873998866
2x6 F1,1.6673346693386772,87.06947411251954,70.53442754289166,95.27947895240165
2x6 F1,1.6833667334669338,86.94890974725797,70.29363824389351,95.25270887298315
2x6 F1,1.6993987975951903,86.827300719385,70.04953664543609,95.21349083921481
2x6 F1,1.7154308617234468,86.70464161996742,69.78959893275668,95.16300684046773
2x6 F1,1.7314629258517034,86.58092708358728,69.5642822116255,95.11191600641189
2x6 F1,1.7474949899799597,86.45615179003984,69.31465851955467,95.06021173627417
2x6 F1,1.7635270541082162,86.33031046605203,69.03801936873296,95.02139450912281
2x6 F1,1.7795591182364727,86.2033978870189,68.79645407657893,94.99383037424933
2x6 F1,1.7955911823647293,86.07540887875889,68.55661290756117,94.94881429626179
2x6 F1,1.8116232464929858,85.94633831929079,68.29095488500168,94.9094981169888
2x6 F1,1.8276553106212423,85.81618114062792,68.02392082023266,94.86479226360399
2x6 F1,1.8436873747494988,85.6849323305883,67.75618570245645,94.81287812624498
2x6 F1,1.8597194388777554,85.55258693462724,67.4870797923168,94.77254517200822
2x6 F1,1.875751503006012,85.41914005768594,67.21740325352718,94.71976201915749
2x6 F1,1.8917835671342684,85.28458686605443,66.94640817732918,94.66065500348446
2x6 F1,1.907815631262525,85.14892258925788,66.71437257067748,94.60076331484228
2x6 F1,1.9238476953907815,85.01214252195481,66.48415112386475,94.56820290703482
2x6 F1,1.939879759519038,84.87424202585143,66.25322313473954,94.5414229285803
2x6 F1,1.9559118236472943,84.73521653163468,65.99066589504895,94.48796057824434
2x6 F1,1.9719438877755509,84.59506154091954,65.72308132610306,94.43197579869633
2x6 F1,1.9879759519038074,84.45377262821034,65.45446341564093,94.3953721608521
2x6 F1,2.004008016032064,84.31134544287818,65.18482566408319,94.34351834334895
2x6 F1,2.0200400801603204,84.16777571114848,64.91418182231224,94.28833779823209
2x6 F1,2.036072144288577,84.02305923811014,64.64254588977062,94.24400418887507
2x6 F1,2.0521042084168335,83.87719190972754,64.36993211243721,94.19932329048012
2x6 F1,2.06813627254509,83.73016969487259,64.11199012057739,94.14340239375866
2x6 F1,2.0841683366733466,83.58198864736494,63.820786997519896,94.09637207544219
2x6 F1,2.100200400801603,83.4326449080244,63.5440820010749,94.04169707568299
2x6 F1,2.1162324649298596,83.28213470673441,63.26645023441736,93.98637907538155
2x6 F1,2.132264529058116,83.13045436451404,62.98790736343504,93.93009703464243
2x6 F1,2.1482965931863727,82.97760029560139,62.708469290503686,93.87346085119847
2x6 F1,2.164328657314629,82.82356900954328,62.42878156676446,93.81611951620305
2x6 F1,2.1803607214428857,82.66835711329603,62.14845019151998,93.74751684631408
2x6 F1,2.1963927855711423,82.51196131332829,61.8672781704239,93.683842759488
2x6 F1,2.212424849699399,82.35437841773738,61.58528215010478,93.6244070626424
2x6 F1,2.2284569138276553,82.19560533836503,61.30247899447895,93.56429658566218
2x6 F1,2.244488977955912,82.03563909292201,61.01597151462427,93.51229420435114
2x6 F1,2.260521042084168,81.87447680711475,60.71908484959976,93.46011087923432
2x6 F1,2.2765531062124245,81.71211571677728,60.42165292056229,93.39862784856922
2x6 F1,2.292585170340681,81.54855317000319,60.12335430077167,93.33633591066086
2x6 F1,2.3086172344689375,81.38378662928208,59.857474626838055,93.27028013816323
2x6 F1,2.324649298597194,81.21781367363421,59.59078261039092,93.20194130224236
2x6 F1,2.3406813627254506,81.05063200074741,59.28859922038086,93.14596497017118
2x6 F1,2.356713426853707,80.88223942911037,58.9785362336191,93.08127343519676
2x6 F1,2.3727454909819636,80.71263390014641,58.66782137855595,93.0157061016583
2x6 F1,2.38877755511022,80.5418134803426,58.35670695014248,92.94479300059827
2x6 F1,2.4048096192384767,80.36977636337623,58.04490401325643,92.87541650275335
2x6 F1,2.420841683366733,80.19652087223427,57.75098616010698,92.80334471650451
2x6 F1,2.4368737474949898,80.02204546133194,57.4603961969725,92.73017550382963
2x6 F1,2.4529058116232463,79.8463487186169,57.16922636289157,92.65396149121248
2x6 F1,2.468937875751503,79.66942936767049,56.877496370814015,92.5763063052668
2x6 F1,2.4849699398797593,79.49128626980014,56.585226092041715,92.50432421921889
2x6 F1,2.501002004008016,79.31191842611896,56.292552613142014,92.42982279279232
2x6 F1,2.5170340681362724,79.13132497961712,55.99944338830503,92.36300084591123
2x6 F1,2.533066132264529,78.94950521721589,55.70585334053194,92.29720791678598
2x6 F1,2.5490981963927855,78.76645857181467,55.41180289204809,92.23792777832794
2x6 F1,2.565130260521042,78.58218462431931,55.1083538199788,92.16028703463611
2x6 F1,2.5811623246492985,78.39668310565311,54.80392618421196,92.09287392809027
2x6 F1,2.597194388777555,78.20995389875768,54.49905468014436,92.02620321579427
2x6 F1,2.6132264529058116,78.02199704056663,54.19376250394336,91.95015968999085
2x6 F1,2.629258517034068,77.83281272396695,53.8880729826056,91.87332982865813
2x6 F1,2.6452905811623246,77.64240129973551,53.58200956695432,91.79542041287384
2x6 F1,2.661322645290581,77.45076327845739,53.27559582455509,91.7171002183384
2x6 F1,2.6773547094188372,77.25789933241684,52.969546578609084,91.63778263134618
2x6 F1,2.6933867735470938,77.06381029746798,52.68848346050994,91.55528962055284
2x6 F1,2.7094188376753503,76.8684971748752,52.407227283555265,91.46890632474967
2x6 F1,2.725450901803607,76.67196113313385,52.12132324899117,91.38653948294436
2x6 F1,2.7414829659318634,76.47420350975364,51.815156966232614,91.2950124311333
2x6 F1,2.75751503006012,76.27522581302048,51.50867284720167,91.20447564691472
2x6 F1,2.7735470941883764,76.07502972372316,51.20213748132813,91.11458169073882
2x6 F1,2.789579158316633,75.8736170968495,50.895750383568206,91.0238012793109
2x6 F1,2.8056112224448895,75.6709899632483,50.58912177839126,90.93212764380924
2x6 F1,2.821643286573146,75.46715053125747,50.2822766674313,90.83955400705678
2x6 F1,2.8376753507014025,75.26210118829492,49.99650326004451,90.75750468920788
2x6 F1,2.853707414829659,75.05584450241507,49.71139792944533,90.66415373537761
2x6 F1,2.8697394789579156,74.84838322382173,49.39972550811831,90.56982708442804
2x6 F1,2.885771543086172,74.63972028634608,49.08808556323925,90.47446079901496
2x6 F1,2.9018036072144286,74.42985880887925,48.77650248236617,90.37783116239834
2x6 F1,2.917835671342685,74.21880209676603,48.46500063532443,90.28020215923107
2x6 F1,2.9338677354709417,74.00655364315095,48.15360436658636,90.18139579208102
2x6 F1,2.9498997995991982,73.7931171302829,47.84233798766789,90.08146349304985
2x6 F1,2.9659318637274548,73.57849643076894,47.531225769546914,89.98050394091189
2x6 F1,2.9819639278557113,73.36269560878408,47.22034621708976,89.87850916924852
2x6 F1,2.997995991983968,73.1457189212302,46.916767968804336,89.77547120972518
2x6 F1,3.0140280561122244,72.92757081884338,46.629932610763255,89.67138209371463
2x6 F1,3.030060120240481,72.70825594725245,46.343311508111036,89.5662338539577
2x6 F1,3.0460921843687374,72.487779147983,46.05692353020839,89.46001852626227
2x6 F1,3.062124248496994,72.26614545940409,45.76070798013294,89.35272815124027
2x6 F1,3.07815631262525,72.04336011762682,45.4577504358831,89.24435477608324
2x6 F1,3.0941883767535066,71.81942855733915,45.15511672355989,89.13489045637668
2x6 F1,3.110220440881763,71.5943564125851,44.852879922083304,89.0243272579532
2x6 F1,3.1262525050100196,71.36814951748697,44.55105800043434,88.91265725878498
2x6 F1,3.142284569138276,71.14081390690401,44.249625539552895,88.79987255091547
2x6 F1,3.1583166332665327,70.9123558170342,43.948604358278494,88.68616254212617
2x6 F1,3.174348697394789,70.68278168594493,43.64825867053347,88.57147660345855
2x6 F1,3.1903807615230457,70.45209815405207,43.353041682522615,88.45536886541068
2x6 F1,3.2064128256513023,70.22031206452223,43.05694739334241,88.33798406086957
2x6 F1,3.222444889779559,69.98743046361903,42.75337904613554,88.21668061171953
2x6 F1,3.2384769539078153,69.75346060097458,42.46417752457741,88.09450904633081
2x6 F1,3.254509018036072,69.5184099298007,42.17546260858754,87.97507664142752
2x6 F1,3.2705410821643284,69.28228610702358,41.88725355034205,87.85751817113344
2x6 F1,3.286573146292585,69.04509699335483,41.60007816272607,87.73471873636998
2x6 F1,3.3026052104208414,68.80685065328905,41.32065032517795,87.61073141251717
2x6 F1,3.318637274549098,68.56755535502916,41.06065347607287,87.48711179751382
2x6 F1,3.3346693386773545,68.32721957034131,40.75378529020543,87.36241517549612
2x6 F1,3.350701402805611,68.08585197433658,40.45629141548789,87.23660266885628
2x6 F1,3.3667334669338675,67.84346144517424,40.171213801668635,87.10966807359581
2x6 F1,3.382765531062124,67.60005706369842,39.88677374102414,86.98160523156855
2x6 F1,3.3987975951903806,67.3556481129905,39.60310158740589,86.85240803253579
2x6 F1,3.414829659318637,67.11024407785098,39.320432180231876,86.72207041624887
2x6 F1,3.4308617234468937,66.8638546442045,39.03845168967517,86.59058637455904
2x6 F1,3.44689378757515,66.61648969842274,38.75717755962223,86.45794995355428
2x6 F1,3.4629258517034067,66.36815932657667,38.46643023572755,86.32415525572269
2x6 F1,3.4789579158316633,66.11887381360428,38.17150237808002,86.19968957993842
2x6 F1,3.4949899799599193,65.86864364240161,37.87740293615469,86.07709982316331
2x6 F1,3.511022044088176,65.61747949283658,37.58415174172001,85.95336286268834
2x6 F1,3.5270541082164324,65.36539224068139,37.29189734520204,85.82847182003987
2x6 F1,3.543086172344689,65.11239295646324,37.003919160196965,85.70241986052905
2x6 F1,3.5591182364729455,64.85849290423967,36.73383855574415,85.57520019552419
2x6 F1,3.575150300601202,64.6037035402902,36.46483569402258,85.44654361521782
2x6 F1,3.5911823647294585,64.3480365117274,36.194235640443054,85.31645496731942
2x6 F1,3.607214428857715,64.09150365502964,35.91121575957626,85.18517262754007
2x6 F1,3.6232464929859716,63.834116994491914,35.629155319797036,85.03061269259254
2x6 F1,3.639278557114228,63.57588874059676,35.348070816214744,84.87187225212051
2x6 F1,3.6553106212424846,63.31683128830349,35.06797848189556,84.71172968125069
2x6 F1,3.671342685370741,63.056957215257704,34.788894284962545,84.55017910706414
2x6 F1,3.6873747494989977,62.7962792799229,34.511913658760115,84.38721477674012
2x6 F1,3.703406813627254,62.534810419628016,34.241244165836726,84.22283106105746
2x6 F1,3.7194388777555107,62.272563748538346,33.971583907055134,84.07680401537796
2x6 F1,3.7354709418837673,62.009552555546435,33.70294669904873,83.93110332227249
2x6 F1,3.751503006012024,61.74579030208276,33.42717061179195,83.78403420557447
2x6 F1,3.7675350701402803,61.48129061985185,33.1691499086994,83.63558958331832
2x6 F1,3.783567134268537,61.21606730848609,32.90354734778966,83.48576246923939
2x6 F1,3.7995991983967934,60.950134333122676,32.639021751938685,83.33443740588858
2x6 F1,3.81563126252505,60.68350582190835,32.375585669623845,83.18170943203384
2x6 F1,3.8316633266533064,60.41619606342251,32.1133492188163,83.02757995583568
2x6 F1,3.847695390781563,60.148219504029676,31.852653029557544,82.87204244057014
2x6 F1,3.8637274549098195,59.87959074515232,31.59312262372264,82.71509046324199
2x6 F1,3.879759519038076,59.61032454047759,31.33472417893022,82.5567177182683
2x6 F1,3.8957915831663326,59.34043579308343,31.07746886097447,82.39691802119539
2x6 F1,3.9118236472945886,59.06993955249861,30.821367572530026,82.23562006239841
2x6 F1,3.927855711422845,58.79885101169004,30.576085166955586,82.07245092143957
2x6 F1,3.9438877755511017,58.5271855039803,30.333303849568566,81.90753223196302
2x6 F1,3.9599198396793582,58.254958499897505,30.091720059139753,81.74115244746778
2x6 F1,3.9759519038076148,57.98218560395935,29.851495579374657,81.57330602432408
2x6 F1,3.9919839679358713,57.70888255138684,29.6123697474412,81.40398756571841
2x6 F1,4.008016032064128,57.43506520475907,29.37435067620189,81.23319182563014
2x6 F1,4.024048096192384,57.160749550601054,29.13744625856482,81.0609137128298
2x6 F1,4.040080160320641,56.88595169591028,28.90166416762958,80.86333714066046
2x6 F1,4.056112224448897,56.6106878646257,28.66701185691237,80.65899891822612
2x6 F1,4.072144288577154,56.33497439403215,28.43349656064948,80.45296006671039
2x6 F1,4.0881763527054105,56.05882773111566,28.201010416140004,80.27027630823312
2x6 F1,4.104208416833667,55.78226442885467,27.968955500921794,80.0988088932944
2x6 F1,4.1202404809619235,55.50530114246369,27.738067011268463,79.92621107329302
2x6 F1,4.13627254509018,55.22795462558237,27.48914981530878,79.7524819110135
2x6 F1,4.152304609218437,54.95024172641309,27.236700642985337,79.57762059162424
2x6 F1,4.168336673346693,54.6721793838123,26.98568913791032,79.40162642445208
2x6 F1,4.18436873747495,54.393784623332486,26.736123356713396,79.22449884474634
2x6 F1,4.200400801603206,54.115074553221596,26.48838400895473,79.04623741543224
2x6 F1,4.216432865731463,53.83606636037885,26.242181288299836,78.86684182885205
2x6 F1,4.232464929859719,53.556777306267804,25.997441035704984,78.68631190849341
2x6 F1,4.248496993987976,53.27722472279284,25.75416998013184,78.50197223164024
2x6 F1,4.264529058116232,52.997426008137,25.5123745324842,78.30808770463584
2x6 F1,4.280561122244489,52.717398622566186,25.2720607875958,78.11267856198826
2x6 F1,4.296593186372745,52.43716008419922,25.038533046683884,77.91574294711128
2x6 F1,4.312625250501002,52.15672796474843,24.813508958896094,77.7172792268637
2x6 F1,4.328657314629258,51.87611988523102,24.589837247646553,77.51728599549287
2x6 F1,4.344689378757515,51.595353511654395,24.367544204331317,77.31554597677756
2x6 F1,4.3607214428857715,51.31444655067714,24.14703497989605,77.11201914156604
2x6 F1,4.376753507014028,51.033416745247834,23.92788383093332,76.90695320069916
2x6 F1,4.3927855711422845,50.75228187022548,23.710093960986118,76.70034770091924
2x6 F1,4.408817635270541,50.471059727982066,23.49366833814184,76.49220243758565
2x6 F1,4.424849699398798,50.189768143986846,23.27860969722232,76.28251745846698
2x6 F1,4.440881763527054,49.908424962383705,23.06492054203071,76.07129306749249
2x6 F1,4.456913827655311,49.627048041554204,22.852603147652996,75.85852982845987
2x6 F1,4.472945891783567,49.34565524967154,22.641659562811977,75.64422856869557
2x6 F1,4.488977955911824,49.0642644602515,22.434783091466638,75.4283903826656
2x6 F1,4.50501002004008,48.78289354769963,22.23114364442975,75.21101663553229
2x6 F1,4.521042084168336,48.50156038285372,22.018019859820498,74.99210896665504
2x6 F1,4.537074148296592,48.22028282853198,21.811100545144967,74.77166929303063
2x6 F1,4.553106212424849,47.93907873508265,21.606773558120434,74.5496998126709
2x6 F1,4.5691382765531054,47.6579659359379,21.40383159727158,74.32620300791348
2x6 F1,4.585170340681362,47.37696224317853,21.202275207007858,74.10103960751164
2x6 F1,4.6012024048096185,47.09608544310789,21.002104724570934,73.87043494155435
2x6 F1,4.617234468937875,46.815353291838576,20.80332028278239,73.62749120026959
2x6 F1,4.633266533066132,46.53478351089509,20.605983589505684,73.38298633278049
2x6 F1,4.649298597194388,46.25439378283127,20.41014295118876,73.13692618738187
2x6 F1,4.665330661322645,45.974201746871415,20.215685356420135,72.88931695256021
2x6 F1,4.681362725450901,45.694224994569446,20.022610140877863,72.64016515944628
2x6 F1,4.697394789579158,45.41448106549521,19.830916450837684,72.38947768414545
2x6 F1,4.713426853707414,45.13498744294426,19.64060324606706,72.13726174994136
2x6 F1,4.729458917835671,44.8557615496796,19.451669302738715,71.88352492936991
2x6 F1,4.745490981963927,44.57682074370067,19.26411321636176,71.62827514615957
2x6 F1,4.761523046092184,44.29818231404808,19.077933404728572,71.38815118986628
2x6 F1,4.77755511022044,44.01986347664068,18.893128110875615,71.14871199005445
2x6 F1,4.793587174348697,43.741881370152484,18.709695406056465,70.90796277987769
2x6 F1,4.809619238476953,43.46425305192657,18.52763319272519,70.66591085661302
2x6 F1,4.82565130260521,43.18699549393049,18.346939207528493,70.42256379189301
2x6 F1,4.841683366733466,42.91012557875616,18.167611024304858,70.1779294326188
2x6 F1,4.857715430861723,42.63366009566299,17.984392912431623,69.93201590177019
2x6 F1,4.8737474949899795,42.35761573666883,17.800824740098957,69.68483159911037
2x6 F1,4.889779559118236,42.082009092689844,17.632855621610805,69.4363852017837
2x6 F1,4.905811623246493,41.80685664973077,17.463902257968538,69.18668566480424
2x6 F1,4.921843687374749,41.53217478512807,17.291583026281035,68.93574222143374
2x6 F1,4.937875751503006,41.257979763846315,17.120661620762238,68.68356438344644
2x6 F1,4.953907815631262,40.98428773483136,16.958464110312864,68.43016194127976
2x6 F1,4.969939879759519,40.71111472742038,16.801057772683485,68.1755449640687
2x6 F1,4.985971943887775,40.438476647811775,16.64490019859644,67.91972379956246
2x6 F1,5.002004008016032,40.16638927559429,16.489902973186854,67.66270907392175
2x6 F1,5.018036072144288,39.89486826034072,16.33606288544113,67.4045116913952
2x6 F1,5.034068136272545,39.623929118261685,16.180116103089816,67.1451428338737
2x6 F1,5.050100200400801,39.35358722892819,16.024812160671374,66.88461396032106
2x6 F1,5.066132264529058,39.083857832057994,15.870712978433017,66.62293680607971
2x6 F1,5.082164328657314,38.8147560243687,15.715608779433877,66.36012338205086
2x6 F1,5.098196392785571,38.54629675650453,15.556605681419592,66.09618597374703
2x6 F1,5.114228456913827,38.27849483002652,15.39891276184226,65.83113714021687
2x6 F1,5.130260521042084,38.01136489447858,15.24301852385105,65.5649897128409
2x6 F1,5.1462925851703405,37.744921444524664,15.100321329869937,65.2977567939973
2x6 F1,5.162324649298597,37.47917881715651,14.958818632862084,65.02945175559742
2x6 F1,5.1783567134268536,37.21415118898077,14.81840721672087,64.75575910478753
2x6 F1,5.19438877755511,36.94985257357531,14.656267256549745,64.47801779962639
2x6 F1,5.210420841683367,36.68629681892487,14.509397654641159,64.1991067249798
2x6 F1,5.226452905811623,36.423497604933345,14.36668071721855,63.91835824536227
2x6 F1,5.24248496993988,36.16146844101157,14.225344269913428,63.6147037356735
2x6 F1,5.258517034068136,35.900222663744024,14.085245485936367,63.34376354613495
2x6 F1,5.274549098196393,35.63977343463493,13.935983766922265,63.070788188622515
2x6 F1,5.290581162324649,35.38013373793171,13.781947790921595,62.7863649178368
2x6 F1,5.306613226452906,35.121316378529364,13.629337775009434,62.50958344404076
2x6 F1,5.322645290581162,34.863333979955286,13.47594983997949,62.237995893064515
2x6 F1,5.338677354709418,34.60619898243174,13.323715135390032,61.965611542541026
2x6 F1,5.3547094188376745,34.34992364102248,13.17926887291911,61.69244550905814
2x6 F1,5.370741482965931,34.09452002385809,13.031790266086691,61.41851310284346
2x6 F1,5.3867735470941875,33.840000010443134,12.886062427572734,61.14382982480649
2x6 F1,5.402805611222444,33.58637529004429,12.74188182494364,60.868411363483425
2x6 F1,5.418837675350701,33.33365736016014,12.5990752223161,60.59156841425705
2x6 F1,5.434869739478957,33.08185752507173,12.457881366464907,60.31223251490378
2x6 F1,5.450901803607214,32.830986894475764,12.32727862731227,60.032178142596585
2x6 F1,5.46693386773547,32.58105638219665,12.2017288953607,59.75127463517104
2x6 F1,5.482965931863727,32.332076704982825,12.083339353869036,59.465577072860434
2x6 F1,5.498997995991983,32.08405838138049,11.965939570455447,59.178665096608384
2x6 F1,5.51503006012024,31.83701173069141,11.849524353590194,58.890885142498234
2x6 F1,5.531062124248496,31.59094687200731,11.719559679398168,58.60241357204442
2x6 F1,5.547094188376753,31.345873723328875,11.58635542749152,58.313269382217314
2x6 F1,5.563126252505009,31.10180200075997,11.454467740453458,58.023471758784744
2x6 F1,5.579158316633266,30.85874121778412,11.326056946689807,57.732662772827574
2x6 F1,5.595190380761522,30.61670068461721,11.206288684846164,57.43096758333501
2x6 F1,5.611222444889779,30.375689507641173,11.087627844642507,57.11849733474052
2x6 F1,5.6272545090180355,30.135716588912867,10.970067544200006,56.80506265211808
2x6 F1,5.643286573146292,29.89679062575066,10.853600872041584,56.49102381646324
2x6 F1,5.6593186372745485,29.658920110398263,10.73822088901052,56.17643512947135
2x6 F1,5.675350701402805,29.422113329762496,10.623920630156919,55.861321296854214
2x6 F1,5.691382765531062,29.186378365227515,10.510693106592086,55.545707194104864
2x6 F1,5.707414829659318,28.951723092541865,10.398531307310778,55.2296178588538
2x6 F1,5.723446893787575,28.718155181778812,10.28742820098139,54.91307848311457
2x6 F1,5.739478957915831,28.48568209737099,10.177376737704112,54.59611440542356
2x6 F1,5.755511022044088,28.254311098213428,10.068369850737103,54.278751102879085
2x6 F1,5.771543086172344,28.02404923783996,9.96040045819081,54.00143377710359
2x6 F1,5.787575150300601,27.794903364667388,9.850696688843945,53.71674730952998
2x6 F1,5.803607214428857,27.566880122309414,9.740618738633609,53.431185612979846
2x6 F1,5.819639278557114,27.339985949956958,9.631536423365214,53.17020153849789
2x6 F1,5.83567134268537,27.11422708282698,9.523546604172202,52.89336422123679
2x6 F1,5.851703406813627,26.88960955267432,9.416641223749311,52.61633769574674
2x6 F1,5.867735470941883,26.66613918836987,9.310812218793213,52.33913902425995
2x6 F1,5.88376753507014,26.443821616541026,9.205281809537501,52.06096145716456
2x6 F1,5.8997995991983965,26.222662262274326,9.100325560482473,51.78249110140651
2x6 F1,5.915831663326653,26.0026663498798,8.996444315608741,51.498783553486895
2x6 F1,5.9318637274549095,25.783838903713423,8.893629831561288,51.19946379928514
2x6 F1,5.947895791583166,25.566184749060117,8.792068595752685,50.899534090723364
2x6 F1,5.963927855711423,25.349708513072102,8.691564230485275,50.59951858571291
2x6 F1,5.979959919839679,25.13441462576486,8.592097775621971,50.29943912007949
2x6 F1,5.995991983967936,24.92030732106659,8.493661044088206,49.999317548289966
2x6 F1,6.012024048096192,24.707390637922582,8.396245854922284,49.69917573708826
2x6 F1,6.028056112224449,24.495668421450322,8.302329627152384,49.399035559123604
2x6 F1,6.044088176352705,24.28514432414663,8.211897695383609,49.09891888657506
2x6 F1,6.060120240480962,24.075821807143754,8.122362906870011,48.79884758477652
2x6 F1,6.076152304609218,23.867704141514313,8.03055928355822,48.49884350584572
2x6 F1,6.092184368737475,23.66079440962279,7.939000383001673,48.19892848232161
2x6 F1,6.108216432865731,23.455095506522543,7.848396112837429,47.899124320813726
2x6 F1,6.124248496993988,23.250610141397896,7.7587385485485,47.599452795667624
2x6 F1,6.140280561122244,23.04734083904827,7.6696244665873445,47.29993564265032
2x6 F1,6.1563126252505,22.845289941414595,7.581126090487388,47.00059455265947
2x6 F1,6.172344689378757,22.644459609144945,7.493564681018059,46.70145116546028
2x6 F1,6.188376753507013,22.444851823201358,7.406932254708131,46.402527063453874
2x6 F1,6.20440881763527,22.246468386501466,7.3212208511485946,46.10384376548111
2x6 F1,6.220440881763526,22.049310925598153,7.236422534100005,45.80542272066531
2x6 F1,6.236472945891783,21.853380892393368,7.152529392566828,45.50728530229783
2x6 F1,6.252505010020039,21.658679565886136,7.069533541839233,45.209452801770105
2x6 F1,6.268537074148296,21.465208053951926,6.987427124502796,44.91194642255586
2x6 F1,6.284569138276552,21.27296729515346,6.90620231141659,44.61478727424668
2x6 F1,6.300601202404809,21.081958060581222,6.825851302660091,44.317996366645225
2x6 F1,6.316633266533065,20.892180955721262,6.746366328449434,44.02159460391861
2x6 F1,6.332665330661322,20.703636422351448,6.667739650023419,43.72560277881604
2x6 F1,6.348697394789578,20.516324740461823,6.5899635604997835,43.430041566953825
2x6 F1,6.364729458917835,20.330246030200367,6.513070473594766,43.13451554598036
2x6 F1,6.3807615230460915,20.145400253841498,6.437117986925664,42.830988931248044
2x6 F1,6.396793587174348,19.96178721777563,6.361990111644573,42.516211077320754
2x6 F1,6.4128256513026045,19.779406574521087,6.287679316764903,42.201950177125305
2x6 F1,6.428857715430861,19.598257824752974,6.217015567061156,41.88823207949605
2x6 F1,6.444889779559118,19.418340319352158,6.149282593258435,41.57508245033174
2x6 F1,6.460921843687374,19.239653261469403,6.081368031611464,41.2625267644509
2x6 F1,6.476953907815631,19.06219570860686,6.010585516534863,40.95059029758235
2x6 F1,6.492985971943887,18.885966574712374,5.940574656362636,40.63929811849606
2x6 F1,6.509018036072144,18.710964632287784,5.871328249023479,40.32867508127903
2x6 F1,6.5250501002004,18.53718851450996,5.802839131437645,40.02267655749758
2x6 F1,6.541082164328657,18.364636717361186,5.735100180014738,39.73676860106391
2x6 F1,6.557114228456913,18.19330760177124,5.668104311129225,39.45153128154557
2x6 F1,6.57314629258517,18.0231993957668,5.601844481574138,39.166982791054295
2x6 F1,6.589178356713426,17.854310196629225,5.5363136889934,38.883141134586836
2x6 F1,6.605210420841683,17.686637973058914,5.471504972293168,38.600024125854546
2x6 F1,6.621242484969939,17.520180567344134,5.407411412032659,38.31764938322042
2x6 F1,6.637274549098196,17.35493569753651,5.344026130794836,38.03603432574485
2x6 F1,6.6533066132264524,17.190900959627633,5.28134229353741,37.75519616934209
2x6 F1,6.669338677354709,17.028073829729856,5.219353107924545,37.47487357599845
2x6 F1,6.6853707414829655,16.866451666257355,5.158051824639687,37.194888113962456
2x6 F1,6.701402805611222,16.706031712108746,5.097431737679918,36.91573396931771
2x6 F1,6.717434869739479,16.546811096848796,5.037486184632247,36.645834672210135
2x6 F1,6.733466933867735,16.388786838888993,4.978208546932217,36.386186312000746
2x6 F1,6.749498997995992,16.23195584766558,4.9196027039731325,36.08472922808081
2x6 F1,6.765531062124248,16.07631492581528,4.861750589325552,35.8103366334369
2x6 F1,6.781563126252505,15.921860771346294,4.804544423677027,35.53684768496263
2x6 F1,6.797595190380761,15.768589979804943,4.747977800464424,35.26482459118157
2x6 F1,6.813627254509018,15.616499046436678,4.692044357705955,35.00345991372578
2x6 F1,6.829659318637274,15.465584368340814,4.637381250674393,34.7426807219834
2x6 F1,6.845691382765531,15.315842246618113,4.586177584085808,34.482118960343804
2x6 F1,6.861723446893787,15.167268888510241,4.535512092619778,34.22244905323529
2x6 F1,6.877755511022044,15.019860409531121,4.48537971865077,33.96368400005681
2x6 F1,6.8937875751503,14.873612835588323,4.4357754388529695,33.69978384052436
2x6 F1,6.909819639278557,14.728522105095246,4.38669426427411,33.41622093490432
2x6 F1,6.925851703406813,14.584584071071726,4.338131240400373,33.13384506696547
2x6 F1,6.94188376753507,14.441794503234487,4.290081447212415,32.85267158969696
2x6 F1,6.9579158316633265,14.300149090074463,4.242539999232884,32.5877016645851
2x6 F1,6.973947895791583,14.159643440922347,4.195502045565477,32.32597529132634
2x6 F1,6.989979959919839,14.020273088000753,4.148962769925922,32.06510971782699
2x6 F1,7.006012024048095,13.882033488462934,4.098854141027681,31.805238134851315
2x6 F1,7.022044088176352,13.744920026416983,4.047142488506816,31.546476088541517
2x6 F1,7.038076152304608,13.608928014935477,3.9960554370812424,31.28883508552066
2x6 F1,7.054108216432865,13.474052698049817,3.945586141410536,31.032326371456133
2x6 F1,7.070140280561121,13.340289252728985,3.8957278135603213,30.776694880974514
2x6 F1,7.086172344689378,13.207632790841783,3.846473722982724,30.522178271438023
2x6 F1,7.102204408817634,13.076078361102656,3.7978171964820118,30.268828709054027
2x6 F1,7.118236472945891,12.945620951000807,3.749751618165911,30.01665643762359
2x6 F1,7.134268537074147,12.81625548871109,3.7022704293830033,29.765671435908207
2x6 F1,7.150300601202404,12.687976844987638,3.6553671286466485,29.515883417438527
2x6 F1,7.1663326653306605,12.560779835039071,3.6090352715458556,29.260291231320288
2x6 F1,7.182364729458917,12.434659220385115,3.564724038771976,29.020311819122192
2x6 F1,7.1983967935871735,12.309609710694453,3.522074682870685,28.781694989235756
2x6 F1,7.21442885771543,12.185625965603203,3.479917194036741,28.54443378722741
2x6 F1,7.230460921843687,12.062702596513896,3.438246338554689,28.30834715956996
2x6 F1,7.246492985971943,11.94083416837474,3.3970569279124496,28.073004660813503
2x6 F1,7.2625250501002,11.820015201438684,3.3563898683120783,27.833822917925286
2x6 F1,7.278557114228456,11.700240173002586,3.3162758574261706,27.58833103839278
2x6 F1,7.294589178356713,11.581503519125004,3.27662504072028,27.344140837309542
2x6 F1,7.310621242484969,11.4637996363241,3.2374324564596177,27.10105820856952
2x6 F1,7.326653306613226,11.34712288325418,3.19869318683236,26.859278597267647
2x6 F1,7.342685370741482,11.231467582360894,3.160915256712227,26.619535225752294
2x6 F1,7.358717434869739,11.116828021515804,3.125388614006563,26.386402774250968
2x6 F1,7.374749498997995,11.003198455628457,3.0902485442924483,26.154923475789385
2x6 F1,7.390781563126252,10.890573108237893,3.0554911264248834,25.924325173561176
2x6 F1,7.406813627254508,10.77894617308171,3.0211124726307252,25.69473100132702
2x6 F1,7.422845691382765,10.668311815643568,2.987108728372101,25.462701829787953
2x6 F1,7.4388777555110215,10.558664174678547,2.9534760722065414,25.225485512768653
2x6 F1,7.454909819639278,10.449997363716982,2.9177600376245754,25.01444242010521
2x6 F1,7.4709418837675345,10.342305472545286,2.882332122871483,24.79112965507219
2x6 F1,7.486973947895791,10.235582568665414,2.8473216845446703,24.568490372189654
2x6 F1,7.503006012024048,10.129822698731868,2.8127241098850164,24.346994592871443
2x6 F1,7.519038076152304,10.025019889966057,2.778534829678413,24.112496050036086
2x6 F1,7.535070140280561,9.921168151549203,2.74474931802856,23.87710699885866
2x6 F1,7.551102204408817,9.818261475991834,2.711363092125877,23.639784499145595
2x6 F1,7.567134268537074,9.716293840481987,2.6783717120127344,23.41541902356546
2x6 F1,7.58316633266533,9.615259208210544,2.645770780345159,23.201919013955795
2x6 F1,7.599198396793587,9.51515152967461,2.6135559421511854,23.000036883453497
2x6 F1,7.615230460921843,9.41596474395819,2.5817228845860174,22.799388018577137
2x6 F1,7.6312625250501,9.317692779991209,2.55034147690843,22.59976294282595
2x6 F1,7.647294589178356,9.220329557785975,2.519341042663338,22.401293720613765
2x6 F1,7.663326653306613,9.12386898965161,2.4900388336716253,22.191645672062105
2x6 F1,7.679358717434869,9.028304981386702,2.459046210272257,21.98306142044694
2x6 F1,7.695390781563126,8.933631433449433,2.428301184268806,21.775761856651787
2x6 F1,7.7114228456913825,8.839842242106464,2.398626742743497,21.569865204421383
2x6 F1,7.727454909819639,8.746931300559412,2.3693060837320066,21.365372399146413
2x6 F1,7.7434869739478955,8.65489250005025,2.3403352047093122,21.162284156513383
2x6 F1,7.759519038076152,8.563719730944486,2.311714404667746,20.962615009653167
2x6 F1,7.775551102204409,8.4734068837933,2.283471034231667,20.771778606761945
2x6 F1,7.791583166332665,8.383947850374179,2.2555647107677057,20.5822196123402
2x6 F1,7.807615230460921,8.295336524710157,2.2279916069049377,20.39781275332199
2x6 F1,7.823647294589177,8.20756680406834,2.2007479339939047,20.208154105055815
2x6 F1,7.839679358717434,8.120632589936907,2.1738299418322082,20.02169304223301
2x6 F1,7.85571142284569,8.034527788981903,2.1472339183889098,19.837209685181506
2x6 F1,7.871743486973947,7.949246313982779,2.12095618952788,19.651506395868157
2x6 F1,7.887775551102203,7.86478208474791,2.094993118730178,19.462064399583838
2x6 F1,7.90380761523046,7.7811290290094375,2.069347806492088,19.274007620380445
2x6 F1,7.9198396793587165,7.698281083297873,2.0442425803658937,19.087334442568668
2x6 F1,7.935871743486973,7.616232193797144,2.0203825617918745,18.90204307442869
2x6 F1,7.9519038076152295,7.534976317179146,1.9955986645306638,18.718131551218658
2x6 F1,7.967935871743486,7.454507421419068,1.9711039456196255,18.535597738193516
2x6 F1,7.983967935871743,7.374819486591144,1.9466041968612882,18.354439333632442
2x6 F1,8.0,7.2959065056449965,1.9223332797126562,18.174653871873115
2x6 F2,0.0,96.96117836976944,95.31001060882026,98.39112623883986
2x6 F2,0.01603206412825651,96.95646074480774,95.30506513782667,98.38631178561728
2x6 F2,0.03206412825651302,96.95167037705383,95.30023084320786,98.38108164596444
2x6 F2,0.04809619238476953,96.94680615493586,95.28635886386354,98.37684177145843
2x6 F2,0.06412825651302605,96.94186695028134,95.27827727893865,98.37113360506333
2x6 F2,0.08016032064128256,96.93685161808193,95.26861455746922,98.36527705875169
2x6 F2,0.09619238476953906,96.93175899625479,95.26247021178975,98.36071737670939
2x6 F2,0.11222444889779558,96.92658790540078,95.25746405042909,98.355471435424
2x6 F2,0.1282565130260521,96.92133714856126,95.25380472359039,98.35007506343206
2x6 F2,0.1442885771543086,96.91600551096909,95.24651198174081,98.34457695368334
2x6 F2,0.16032064128256512,96.91059175979873,95.23364228497508,98.33900059569706
2x6 F2,0.17635270541082163,96.90509464391205,95.22076891654902,98.33454643770796
2x6 F2,0.19238476953907813,96.89951289360157,95.2098280266073,98.33082155982349
2x6 F2,0.20841683366733466,96.8938452203305,95.20392303203872,98.32813294578989
2x6 F2,0.22444889779559116,96.88809031646937,95.1881300317205,98.32167946450437
2x6 F2,0.24048096192384769,96.88224685502946,95.18377295535318,98.31525833833108
2x6 F2,0.2565130260521042,96.87631348939324,95.1644427433332,98.31123137703904
2x6 F2,0.2725450901803607,96.87028885304088,95.14958340982913,98.30584408690451
2x6 F2,0.2885771543086172,96.86417155927509,95.13762385253969,98.29967114515527
2x6 F2,0.3046092184368737,96.85796020093925,95.12357899231235,98.29330338347131
2x6 F2,0.32064128256513025,96.85165335013735,95.10739863929592,98.28705321829291
2x6 F2,0.3366733466933867,96.84524955794525,95.09383711843857,98.27971034386275
2x6 F2,0.35270541082164325,96.83874735412267,95.08019371051907,98.27410896562306
2x6 F2,0.3687374749498998,96.83214524681811,95.06726758762022,98.26597110333712
2x6 F2,0.38476953907815625,96.82544172227391,95.06331024104134,98.25578398202387
2x6 F2,0.4008016032064128,96.81863524452554,95.05287287461772,98.25047982304629
2x6 F2,0.4168336673346693,96.81172425509686,95.0463540950662,98.24053973008483
2x6 F2,0.43286573146292584,96.80470717269542,95.02713506667536,98.2344198723533
2x6 F2,0.4488977955911823,96.79758239289934,95.01846372895729,98.23089466231134
2x6 F2,0.46492985971943884,96.79034828784542,95.007202294399,98.22297675599081
2x6 F2,0.48096192384769537,96.78300320590779,94.99800628148611,98.21692127123346
2x6 F2,0.49699398797595185,96.7755454713809,94.98316597400382,98.20959855693677
2x6 F2,0.5130260521042084,96.76797338415085,94.97232915173494,98.202817867208
2x6 F2,0.5290581162324649,96.76028521936756,94.9617692987551,98.19506917065517
2x6 F2,0.5450901803607214,96.75247922711375,94.9429201378165,98.18754892238518
2x6 F2,0.561122244488978,96.74455363206641,94.91143430097281,98.17932290333383
2x6 F2,0.5771543086172344,96.73650663315932,94.88971879909153,98.17307456056409
2x6 F2,0.5931863727454909,96.72833640323778,94.88194435788591,98.16712775652768
2x6 F2,0.6092184368737474,96.72004108871084,94.87299809566538,98.15469524616248
2x6 F2,0.625250501002004,96.71161880920259,94.86404184619133,98.14906370422186
2x6 F2,0.6412825651302605,96.70306765719471,94.85745030078044,98.14089163026087
2x6 F2,0.657314629258517,96.69438569766903,94.84570736252265,98.13175012365882
2x6 F2,0.6733466933867734,96.68557096774335,94.82417259293142,98.12004831482932
2x6 F2,0.68937875751503,96.6766214763072,94.79994630909454,98.1114138910493
2x6 F2,0.7054108216432865,96.6675352036496,94.78629285264762,98.10407140286024
2x6 F2,0.721442885771543,96.65831010108651,94.7753462638801,98.09952002394795
2x6 F2,0.7374749498997996,96.64894409058026,94.7485632153992,98.09197179009738
2x6 F2,0.7535070140280561,96.6394350643612,94.72100151368325,98.08296667021341
2x6 F2,0.7695390781563125,96.62978088453862,94.68629181557166,98.07770828823821
2x6 F2,0.785571142284569,96.61997938271028,94.67607948142565,98.06749162482517
2x6 F2,0.8016032064128256,96.61002835957345,94.6725973219678,98.06104931396334
2x6 F2,0.8176352705410821,96.59992558452173,94.65846831236432,98.04926816367235
2x6 F2,0.8336673346693386,96.58966879524526,94.63952724167876,98.04081887050098
2x6 F2,0.8496993987975952,96.57925569732758,94.62387008810951,98.03524529143813
2x6 F2,0.8657314629258517,96.56868396383122,94.58527881795807,98.02801830316031
2x6 F2,0.8817635270541081,96.55795123488762,94.56295609008869,98.01963922456126
2x6 F2,0.8977955911823646,96.54705511727968,94.55629110130754,98.00805001160374
2x6 F2,0.9138276553106212,96.53599318401638,94.53787219720476,98.00060907826015
2x6 F2,0.9298597194388777,96.5247629739125,94.48906834111095,97.99523989597775
2x6 F2,0.9458917835671342,96.51336199115403,94.47725439746652,97.98842792160247
2x6 F2,0.9619238476953907,96.50178770486836,94.45199670790052,97.98156232543585
2x6 F2,0.9779559118236472,96.49003754868588,94.42623043195802,97.97414357335589
2x6 F2,0.9939879759519037,96.47810892029476,94.40821289010627,97.96629153695976
2x6 F2,1.0100200400801602,96.46599918100284,94.38131993942898,97.95834095086411
2x6 F2,1.0260521042084167,96.45370565528195,94.35358438536812,97.94895097398852
2x6 F2,1.0420841683366733,96.44122563031614,94.30856674094069,97.93389818989463
2x6 F2,1.0581162324649298,96.42855635554572,94.27614383951662,97.92568607961292
2x6 F2,1.0741482965931863,96.41569504220467,94.2338290682726,97.92021316197435
2x6 F2,1.0901803607214429,96.40263886285591,94.21099969051102,97.90969844302087
2x6 F2,1.1062124248496994,96.38938495092175,94.19527500624837,97.90358592916384
2x6 F2,1.122244488977956,96.37593040021282,94.16173186661507,97.89275584416927
2x6 F2,1.1382765531062122,96.36227226444772,94.13002188075554,97.88621062914446
2x6 F2,1.1543086172344688,96.34840755677563,94.0966050489829,97.88020974115616
2x6 F2,1.1703406813627253,96.33433324928987,94.05668242780433,97.8735347498945
2x6 F2,1.1863727454909818,96.32004627254148,94.02043277294449,97.86421409462284
2x6 F2,1.2024048096192383,96.30554351504435,93.98370261970082,97.85217572641163
2x6 F2,1.2184368737474949,96.29082182278232,93.94485573610638,97.84388469871672
2x6 F2,1.2344689378757514,96.27587799870787,93.91695772275868,97.82998825926516
2x6 F2,1.250501002004008,96.26070880223973,93.8702653450995,97.81952202001514
2x6 F2,1.2665330661322645,96.24531094875648,93.83096495659493,97.81252525311572
2x6 F2,1.282565130260521,96.22968110908486,93.78785183387677,97.80208632962496
2x6 F2,1.2985971943887775,96.21381590898697,93.7501908005942,97.79460723611778
2x6 F2,1.314629258517034,96.1977119286429,93.68318459296427,97.78199426435518
2x6 F2,1.3306613226452906,96.18136570212889,93.62267458461633,97.76457508097401
2x6 F2,1.3466933867735469,96.16477371689446,93.59081659545164,97.75664518312928
2x6 F2,1.3627254509018034,96.14793241323501,93.52364119313727,97.75057836878831
2x6 F2,1.37875751503006,96.13083818375905,93.47531067158981,97.74040316500775
2x6 F2,1.3947895791583165,96.11348737285572,93.42817524879426,97.72859065898537
2x6 F2,1.410821643286573,96.09587627615758,93.38134089086216,97.71939851943576
2x6 F2,1.4268537074148295,96.0780011399995,93.33352062887114,97.70431585240986
2x6 F2,1.442885771543086,96.05985816087679,93.28497820125588,97.69393102387723
2x6 F2,1.4589178356713426,96.04144348489652,93.23570349806265,97.68399188202322
2x6 F2,1.4749498997995991,96.02275320723226,93.18583840700205,97.67154974459274
2x6 F2,1.4909819639278556,96.00378337156978,93.13563140982583,97.66013312266863
2x6 F2,1.5070140280561122,95.98452996955155,93.0846708275008,97.64466303569179
2x6 F2,1.5230460921843687,95.96498894022209,93.03294622375026,97.62892166565766
2x6 F2,1.539078156312625,95.94515616946805,92.97500683669345,97.61830993494493
2x6 F2,1.5551102204408815,95.92502748945499,92.92349403499844,97.60778964392833
2x6 F2,1.571142284569138,95.90459867806283,92.86331690762547,97.60245652279548
2x6 F2,1.5871743486973946,95.88386545832306,92.79870484169105,97.59497859270253
2x6 F2,1.6032064128256511,95.86282349784618,92.72488788237104,97.58046245050407
2x6 F2,1.6192384769539077,95.84146840825339,92.65008674563182,97.56913699541036
2x6 F2,1.6352705410821642,95.81979574460414,92.57429002758188,97.5595728356722
2x6 F2,1.6513026052104207,95.79780100482208,92.49754454802813,97.55266067848287
2x6 F2,1.6673346693386772,95.77547962911981,92.42142334297671,97.54110563735279
2x6 F2,1.6833667334669338,95.75282699942302,92.36469854062702,97.52858431190771
2x6 F2,1.6993987975951903,95.72983843879048,92.30715804656202,97.52135147611132
2x6 F2,1.7154308617234468,95.70650921083657,92.24879121522532,97.51064913366649
2x6 F2,1.7314629258517034,95.68283451915175,92.18958729486991,97.49812959737233
2x6 F2,1.7474949899799597,95.65880950671904,92.12222128331399,97.48499431800857
2x6 F2,1.7635270541082162,95.63442925533506,92.03972252739418,97.47670095682288
2x6 F2,1.7795591182364727,95.60968878502815,91.9564497548857,97.46775394830817
2x6 F2,1.7955911823647293,95.58458305347507,91.87213951620033,97.45508866027434
2x6 F2,1.8116232464929858,95.55910695541803,91.7895021567885,97.44634122237379
2x6 F2,1.8276553106212423,95.53325532208606,91.73059367453341,97.43531666687826
2x6 F2,1.8436873747494988,95.50702292060978,91.64449720022667,97.42363467256313
2x6 F2,1.8597194388777554,95.48040445344195,91.55873300359636,97.4111952227855
2x6 F2,1.875751503006012,95.45339455777814,91.49617747275514,97.39595902381798
2x6 F2,1.8917835671342684,95.42598780497488,91.43271065251163,97.38095620047045
2x6 F2,1.907815631262525,95.39817869997232,91.36397900200495,97.36699940212628
2x6 F2,1.9238476953907815,95.3699616807191,91.27330200295437,97.35261739755438
2x6 F2,1.939879759519038,95.34133111759645,91.18125636170639,97.33793343457555
2x6 F2,1.9559118236472943,95.31228131284497,91.08782442963548,97.3247131150912
2x6 F2,1.9719438877755509,95.28280649999475,90.99321059538309,97.31349214337848
2x6 F2,1.9879759519038074,95.25290084329532,90.89740915044709,97.29371029745708
2x6 F2,2.004008016032064,95.2225584371524,90.80017585683235,97.2832703976354
2x6 F2,2.0200400801603204,95.19177330556445,90.7014926671862,97.27090284852484
2x6 F2,2.036072144288577,95.16053940156523,90.60134141533256,97.25593430865928
2x6 F2,2.0521042084168335,95.12885060666602,90.5101726797773,97.23972491735722
2x6 F2,2.06813627254509,95.09670073030667,90.41382487603133,97.22037004823548
2x6 F2,2.0841683366733466,95.06408350930734,90.31121111184581,97.20384456802455
2x6 F2,2.100200400801603,95.0309926073276,90.20729393196746,97.19292235342832
2x6 F2,2.1162324649298596,94.99742161432938,90.10206010296693,97.18185992104657
2x6 F2,2.132264529058116,94.96336404604344,89.9954963503042,97.170627783894
2x6 F2,2.1482965931863727,94.9288133434453,89.88793028593577,97.15756340616522
2x6 F2,2.164328657314629,94.89376287223402,89.77911200904563,97.14188666104944
2x6 F2,2.1803607214428857,94.85820592232014,89.67618105178494,97.12244649271265
2x6 F2,2.1963927855711423,94.82213570731918,89.57841581693036,97.11949589556558
2x6 F2,2.212424849699399,94.78554536405194,89.47957235768273,97.10647264888453
2x6 F2,2.2284569138276553,94.74842795205333,89.37964144114844,97.09333001236085
2x6 F2,2.244488977955912,94.71077645308965,89.27870191378864,97.08163956874085
2x6 F2,2.260521042084168,94.67258377068522,89.17690472945276,97.06935422304262
2x6 F2,2.2765531062124245,94.63384272965415,89.06479592618787,97.05195250836505
2x6 F2,2.292585170340681,94.59454607564948,88.93252919864476,97.03517456504397
2x6 F2,2.3086172344689375,94.55468647471294,88.81182959476236,97.02125290546493
2x6 F2,2.324649298597194,94.51425651284102,88.67943777867258,97.00282389070257
2x6 F2,2.3406813627254506,94.4732486955639,88.55667340097219,96.99276368494189
2x6 F2,2.356713426853707,94.43165544752965,88.44178561244065,96.98004548570228
2x6 F2,2.3727454909819636,94.38946911210567,88.32354617226858,96.9650254843796
2x6 F2,2.38877755511022,94.3466819509902,88.18389098885902,96.94953170959226
2x6 F2,2.4048096192384767,94.30328614384042,88.05961299339886,96.94260072583262
2x6 F2,2.420841683366733,94.25927378790826,87.93490223040371,96.92620160979446
2x6 F2,2.4368737474949898,94.21463689769793,87.79694657461047,96.9149232533991
2x6 F2,2.4529058116232463,94.16936740463272,87.65716681276409,96.90027899276244
2x6 F2,2.468937875751503,94.12345715674078,87.51554545338554,96.88525766430327
2x6 F2,2.4849699398797593,94.07689791835497,87.37206503689532,96.8689052748994
2x6 F2,2.501002004008016,94.02968136983272,87.22694489153248,96.85235788710978
2x6 F2,2.5170340681362724,93.98179910728896,87.08008449592526,96.83498177545003
2x6 F2,2.533066132264529,93.93324264235181,86.93132958365142,96.81855951228773
2x6 F2,2.5490981963927855,93.884003401935,86.78066318216052,96.80675243704428
2x6 F2,2.565130260521042,93.8340727280293,86.62806838884737,96.79019138069404
2x6 F2,2.5811623246492985,93.78344187751753,86.47352837908234,96.77047523879338
2x6 F2,2.597194388777555,93.73210202200531,86.31702641443411,96.75762566371968
2x6 F2,2.6132264529058116,93.6800442476803,86.15854585108448,96.73934285167188
2x6 F2,2.629258517034068,93.62725955518987,85.99807014843579,96.71342185898439
2x6 F2,2.6452905811623246,93.57373885954101,85.83558287790986,96.69081929950374
2x6 F2,2.661322645290581,93.5194729900319,85.67106773193849,96.67103698473981
2x6 F2,2.6773547094188372,93.46445269019671,85.50450853314453,96.65768620486621
2x6 F2,2.6933867735470938,93.40866861779037,85.33588924371243,96.6366025889178
2x6 F2,2.7094188376753503,93.35211134478746,85.16622618231679,96.62232431563426
2x6 F2,2.725450901803607,93.2947713574173,84.99745426855972,96.59426129349681
2x6 F2,2.7414829659318634,93.2366390562239,84.83820934030852,96.57760776277098
2x6 F2,2.75751503006012,93.17770475615629,84.66477670853068,96.55550003030145
2x6 F2,2.7735470941883764,93.11795868669016,84.48774600997996,96.53766666282529
2x6 F2,2.789579158316633,93.05739099197915,84.30874121220668,96.51852076167054
2x6 F2,2.8056112224448895,92.99599173103894,84.12775042150486,96.50334610257974
2x6 F2,2.821643286573146,92.93375087796716,83.9447619490819,96.48814248892357
2x6 F2,2.8376753507014025,92.87065832219416,83.75976431972451,96.47221228814797
2x6 F2,2.853707414829659,92.80670386877118,83.57274628057158,96.45608622934948
2x6 F2,2.8697394789579156,92.74187723869481,83.37343554205574,96.43830051375036
2x6 F2,2.885771543086172,92.67616806926812,83.16650592154556,96.41615120187178
2x6 F2,2.9018036072144286,92.60956591450082,82.95681333791109,96.39753250671542
2x6 F2,2.917835671342685,92.5420602455506,82.75680412306107,96.3863410991531
2x6 F2,2.9338677354709417,92.4736404512011,82.55627791645611,96.3536757311849
2x6 F2,2.9498997995991982,92.40429583838592,82.35354623808671,96.33158879304489
2x6 F2,2.9659318637274548,92.33401563275382,82.15490808171896,96.32146209915281
2x6 F2,2.9819639278557113,92.26278897927891,81.96526086683191,96.30877435794697
2x6 F2,2.997995991983968,92.19060494291392,81.7737289948668,96.29058813479703
2x6 F2,3.0140280561122244,92.11745250929278,81.58030477883761,96.26777535124357
2x6 F2,3.030060120240481,92.04332058547907,81.37923219107181,96.24202788517893
2x6 F2,3.0460921843687374,91.96819800076533,81.16718484371557,96.21612013635091
2x6 F2,3.062124248496994,91.89207350751961,80.95324725166994,96.19014860695474
2x6 F2,3.07815631262525,91.81493578208516,80.73762737619907,96.17464024813279
2x6 F2,3.0941883767535066,91.73677342573538,80.5201067876621,96.14479308015854
2x6 F2,3.110220440881763,91.65757496567468,80.31864155332096,96.12160993563418
2x6 F2,3.1262525050100196,91.57732885610658,80.13014573311959,96.10628018401373
2x6 F2,3.142284569138276,91.4960234793462,79.93995282230162,96.08705193408339
2x6 F2,3.1583166332665327,91.41364714699787,79.72369942609649,96.06541177426763
2x6 F2,3.174348697394789,91.33018810119061,79.46506341171954,96.0329006510493
2x6 F2,3.1903807615230457,91.24563451587392,79.20348778950398,96.01619457354496
2x6 F2,3.2064128256513023,91.15997449817328,78.97015664969165,95.99854567653037
2x6 F2,3.222444889779559,91.0731960898119,78.74856410793154,95.96698517922772
2x6 F2,3.2384769539078153,90.98528726859534,78.52507093869914,95.93645318532188
2x6 F2,3.254509018036072,90.89623594996158,78.29967538262743,95.90915050846262
2x6 F2,3.2705410821643284,90.80602998860095,78.07237603676133,95.88501595725462
2x6 F2,3.286573146292585,90.71465718014096,77.84587224040484,95.85578594829006
2x6 F2,3.3026052104208414,90.62210526290431,77.62162268010698,95.83139237900453
2x6 F2,3.318637274549098,90.52836191973556,77.39560813403872,95.79725064794266
2x6 F2,3.3346693386773545,90.43341477990397,77.14881362783734,95.75995213925493
2x6 F2,3.350701402805611,90.33725142107656,76.90599581510843,95.72857911493927
2x6 F2,3.3667334669338675,90.23985937137073,76.66643208857354,95.70108049881793
2x6 F2,3.382765531062124,90.14122611147891,76.42494803202968,95.67120530349253
2x6 F2,3.3987975951903806,90.04133907687765,76.18154530879382,95.62692938750115
2x6 F2,3.414829659318637,89.94018566011125,75.93619351103655,95.60220996045862
2x6 F2,3.4308617234468937,89.83775321315555,75.64744973001172,95.57309119269696
2x6 F2,3.44689378757515,89.7340290498714,75.35614491454666,95.55450074798021
2x6 F2,3.4629258517034067,89.62900044853406,75.06258273905489,95.52346979427905
2x6 F2,3.4789579158316633,89.52265465445073,74.77364441296581,95.49194731378446
2x6 F2,3.4949899799599193,89.41497888266423,74.51988216804862,95.45966744352984
2x6 F2,3.511022044088176,89.30596032074374,74.26410350109639,95.42533961392937
2x6 F2,3.5270541082164324,89.19558613166657,73.99133438185955,95.39388165454163
2x6 F2,3.543086172344689,89.0838434567857,73.68116309887792,95.36022060025968
2x6 F2,3.5591182364729455,88.97071941889223,73.36807847751362,95.33583277876002
2x6 F2,3.575150300601202,88.8562011253693,73.06529978159848,95.29177760468735
2x6 F2,3.5911823647294585,88.74027567143975,72.7857618982091,95.26240817931966
2x6 F2,3.607214428857715,88.62293014350684,72.50402498150274,95.23122461451926
2x6 F2,3.6232464929859716,88.50415162259456,72.22021807571117,95.20395638659559
2x6 F2,3.639278557114228,88.38392718788107,71.93501485251788,95.1714598489794
2x6 F2,3.6553106212424846,88.26224392033212,71.6476591837938,95.13488132483576
2x6 F2,3.671342685370741,88.13908890643465,71.358161419767,95.09747436607826
2x6 F2,3.6873747494989977,88.01444924202544,71.06653258252418,95.04931235241783
2x6 F2,3.703406813627254,87.88831203622789,70.77278437128653,95.00018330762649
2x6 F2,3.7194388777555107,87.76066441548213,70.47692916733101,94.96022791946845
2x6 F2,3.7354709418837673,87.63149352768582,70.16801257989103,94.93209585233068
2x6 F2,3.751503006012024,87.50078654643036,69.83290536077077,94.90351266683632
2x6 F2,3.7675350701402803,87.36853067534888,69.49535696807934,94.85849984672308
2x6 F2,3.783567134268537,87.23471315256039,69.15538931758321,94.82305658263972
2x6 F2,3.7995991983967934,87.09932125522398,68.81302533614635,94.78205067173978
2x6 F2,3.81563126252505,86.96234230420016,68.4682889641348,94.74035965677336
2x6 F2,3.8316633266533064,86.82376366881111,68.12860801582056,94.6979148341072
2x6 F2,3.847695390781563,86.68357277171357,67.80948413252217,94.65486619883191
2x6 F2,3.8637274549098195,86.54175709387646,67.44849800791854,94.61124781230822
2x6 F2,3.879759519038076,86.39830417966218,67.09663643501679,94.56696584120495
2x6 F2,3.8957915831663326,86.2532016420177,66.7818887318931,94.52204352995109
2x6 F2,3.9118236472945886,86.1064371677719,66.46550545841104,94.48756327408623
2x6 F2,3.927855711422845,85.95799852303738,66.14807136079186,94.4382602052965
2x6 F2,3.9438877755511017,85.80787355872071,65.82930702529605,94.40970542081088
2x6 F2,3.9599198396793582,85.65605021613706,65.50882248614623,94.38070682749596
2x6 F2,3.9759519038076148,85.50251653273145,65.1866405743767,94.32898673310164
2x6 F2,3.9919839679358713,85.34726064790253,64.85991291972493,94.28159637516403
2x6 F2,4.008016032064128,85.19027080893714,64.51915991091116,94.2483030525615
2x6 F2,4.024048096192384,85.03153537703749,64.13831559268397,94.19911462582316
2x6 F2,4.040080160320641,84.87104283346231,63.75562377986679,94.15536712655596
2x6 F2,4.056112224448897,84.70878178576184,63.40656422197843,94.1167955119887
2x6 F2,4.072144288577154,84.54474097411692,63.082922999719585,94.07757942321092
2x6 F2,4.0881763527054105,84.37890927777569,62.720358979050935,94.02983460300214
2x6 F2,4.104208416833667,84.21127572158923,62.36708867980036,93.9778423720711
2x6 F2,4.1202404809619235,84.04182948264238,62.02671363763364,93.92546923770003
2x6 F2,4.13627254509018,83.87055989697852,61.68578598450438,93.87696224963685
2x6 F2,4.152304609218437,83.69745646642116,61.34413570165134,93.8170932795663
2x6 F2,4.168336673346693,83.52250886547925,60.98992190850561,93.768007290272
2x6 F2,4.18436873747495,83.34570694834568,60.635311614152464,93.71868560633129
2x6 F2,4.200400801603206,83.16704075598297,60.30371912916469,93.66428573566654
2x6 F2,4.216432865731463,82.98650052328775,59.96529964891069,93.60886247704283
2x6 F2,4.232464929859719,82.80407668634112,59.63084885444877,93.55270709241226
2x6 F2,4.248496993987976,82.61975988973533,59.29976867660966,93.49556227492913
2x6 F2,4.264529058116232,82.43354099397374,58.948861425304045,93.43785843800656
2x6 F2,4.280561122244489,82.24541108294815,58.58949011880244,93.38518134351567
2x6 F2,4.296593186372745,82.05536147147949,58.22904356128054,93.33033285993257
2x6 F2,4.312625250501002,81.86338371292744,57.86755914932632,93.2596233134352
2x6 F2,4.328657314629258,81.66946960685907,57.50935779234414,93.19846571101235
2x6 F2,4.344689378757515,81.473611206779,57.154560254974314,93.13641585999919
2x6 F2,4.3607214428857715,81.2758008279089,56.79893507413544,93.08186180789357
2x6 F2,4.376753507014028,81.0760310550198,56.442518222893874,93.02364970398436
2x6 F2,4.3927855711422845,80.87429475030879,56.085346007555984,92.96588092988945
2x6 F2,4.408817635270541,80.67058506131515,55.72745505343516,92.91506029985689
2x6 F2,4.424849699398798,80.4648954288743,55.348796080944396,92.8567719361255
2x6 F2,4.440881763527054,80.2572195951004,54.956635941460114,92.78030567360982
2x6 F2,4.456913827655311,80.04755161139745,54.571669746556154,92.70692583337022
2x6 F2,4.472945891783567,79.83588584648741,54.20109820429375,92.63053178111457
2x6 F2,4.488977955911824,79.62221699445546,53.829920524383304,92.55266943234275
2x6 F2,4.50501002004008,79.40654008280458,53.4581788927081,92.47373390105362
2x6 F2,4.521042084168336,79.18885048051206,53.08628194215815,92.39371237876541
2x6 F2,4.537074148296592,78.96914390608359,52.71443608931446,92.31954785364181
2x6 F2,4.553106212424849,78.74741643559868,52.342158823203114,92.25524621232812
2x6 F2,4.5691382765531054,78.52366451074143,51.9694929025009,92.17910667423753
2x6 F2,4.585170340681362,78.29788494680655,51.59648126600326,92.09343372830902
2x6 F2,4.6012024048096185,78.07007494068054,51.22316701296208,92.00997243283742
2x6 F2,4.617234468937875,77.84023207878133,50.84959338326551,91.92613393211005
2x6 F2,4.633266533066132,77.60835434496214,50.47580373747911,91.82994497817933
2x6 F2,4.649298597194388,77.37444012835769,50.10184153676784,91.74307816540451
2x6 F2,4.665330661322645,77.13848823117999,49.73010781371837,91.6665499191375
2x6 F2,4.681362725450901,76.90049787644213,49.35203282069471,91.5756637718649
2x6 F2,4.697394789579158,76.66046871561478,48.97629469462635,91.49356363978552
2x6 F2,4.713426853707414,76.41840083619853,48.60055540112273,91.41029400861663
2x6 F2,4.729458917835671,76.17429476920665,48.22485925302588,91.32565680357523
2x6 F2,4.745490981963927,75.92815149655542,47.849777688138126,91.22913163891201
2x6 F2,4.761523046092184,75.6799724583439,47.475675791990255,91.1273293699731
2x6 F2,4.77755511022044,75.42975956002411,47.101750533467666,91.04083532781489
2x6 F2,4.793587174348697,75.17751517944534,46.72804542728653,90.95409592912996
2x6 F2,4.809619238476953,74.9232421737731,46.35460388554831,90.85546489967041
2x6 F2,4.82565130260521,74.66694388626355,45.963645613522715,90.76761058781463
2x6 F2,4.841683366733466,74.40862415289197,45.540197410336226,90.65923794009468
2x6 F2,4.857715430861723,74.14828730882692,45.11718284056383,90.55298323254438
2x6 F2,4.8737474949899795,73.88593819473334,44.6946664562331,90.4534032514728
2x6 F2,4.889779559118236,73.62158216290672,44.311393930850365,90.34437546018309
2x6 F2,4.905811623246493,73.35522508322013,43.94350237399789,90.2278475557496
2x6 F2,4.921843687374749,73.08687334888131,43.576163159429534,90.10956690772817
2x6 F2,4.937875751503006,72.81653388198625,43.209417626900674,89.98951226155582
2x6 F2,4.953907815631262,72.54421413886247,42.84330684462954,89.88654055153567
2x6 F2,4.969939879759519,72.26992211519773,42.477871591204604,89.78345489971451
2x6 F2,4.985971943887775,71.99366635093362,42.113152337771915,89.67905882593828
2x6 F2,5.002004008016032,71.71545593492723,41.74918923051838,89.57343602005068
2x6 F2,5.018036072144288,71.43530050936496,41.38602207346679,89.46657529661596
2x6 F2,5.034068136272545,71.15321027392295,41.023690311597676,89.34666381221685
2x6 F2,5.050100200400801,70.86919598966347,40.662233014312726,89.22352238097109
2x6 F2,5.066132264529058,70.58326898266036,40.30168885925363,89.09874570327706
2x6 F2,5.082164328657314,70.29544114734355,39.94302928030422,88.97491460083317
2x6 F2,5.098196392785571,70.00572494955662,39.58630473220326,88.85784263844272
2x6 F2,5.114228456913827,69.71413342931616,39.20952525671099,88.7391852156416
2x6 F2,5.130260521042084,69.42068020326792,38.78825243125039,88.61900690874499
2x6 F2,5.1462925851703405,69.1253794668311,38.368506385932015,88.4972928655302
2x6 F2,5.162324649298597,68.82824599602169,37.95034706252701,88.37402822196026
2x6 F2,5.1783567134268536,68.52929514894714,37.533833432493644,88.24919810662755
2x6 F2,5.19438877755511,68.22854286697128,37.11902346683386,88.12275140977631
2x6 F2,5.210420841683367,67.92600567553319,36.705974107208405,87.99463820816487
2x6 F2,5.226452905811623,67.62170068462152,36.314964768671565,87.86491569792663
2x6 F2,5.24248496993988,67.31564558889126,35.98716067925558,87.733569066147
2x6 F2,5.258517034068136,67.00785866742328,35.661679024716214,87.59940677134142
2x6 F2,5.274549098196393,66.69835878311429,35.338900841841365,87.45659036862503
2x6 F2,5.290581162324649,66.38716538169969,35.017789838766824,87.31201059801755
2x6 F2,5.306613226452906,66.07429849039445,34.69795120843019,87.16565242140396
2x6 F2,5.322645290581162,65.75977871615572,34.37941009298973,87.01746649497463
2x6 F2,5.338677354709418,65.44362724355923,34.070027685977934,86.86738156422989
2x6 F2,5.3547094188376745,65.12586583228436,33.7864142663473,86.7225031871662
2x6 F2,5.370741482965931,64.80651681420522,33.50394270722352,86.57812693728454
2x6 F2,5.3867735470941875,64.48560309008823,33.15422667481646,86.43171983941937
2x6 F2,5.402805611222444,64.1631481258854,32.802404738395715,86.28326117650556
2x6 F2,5.418837675350701,63.839175948629055,32.48932188535946,86.13273027132418
2x6 F2,5.434869739478957,63.513711141920155,32.11994007229772,85.98010649617324
2x6 F2,5.450901803607214,63.186778841012156,31.752013287761454,85.82536928281586
2x6 F2,5.46693386773547,62.858404727491155,31.38678587416393,85.66719231804485
2x6 F2,5.482965931863727,62.5286150235415,31.023776060805247,85.50370698712382
2x6 F2,5.498997995991983,62.19743648581152,30.713622132044755,85.33820125146366
2x6 F2,5.51503006012024,61.86489639887148,30.40917994154054,85.17065934930778
2x6 F2,5.531062124248496,61.53102256826067,30.136939852938845,85.00097146226814
2x6 F2,5.547094188376753,61.19584331313699,29.866071773853182,84.82917143431165
2x6 F2,5.563126252505009,60.85938745851892,29.5965879947214,84.65529375041831
2x6 F2,5.579158316633266,60.521684327129336,29.32850044836614,84.47932342644096
2x6 F2,5.595190380761522,60.18276373084433,29.06182070998101,84.30124566406478
2x6 F2,5.611222444889779,59.8426559617444,28.796559997286607,84.12104586092272
2x6 F2,5.6272545090180355,59.50139178278061,28.53272917085375,83.93902497997384
2x6 F2,5.643286573146292,59.15900241805184,28.264454317440997,83.75422276446555
2x6 F2,5.6593186372745485,58.8155195427045,27.959089234770133,83.56757133950548
2x6 F2,5.675350701402805,58.470975272458126,27.631776605479356,83.37874163185688
2x6 F2,5.691382765531062,58.125402152761325,27.298969907774847,83.18772017633627
2x6 F2,5.707414829659318,57.778833147585864,26.968609491993753,82.9937669637884
2x6 F2,5.723446893787575,57.431301627869125,26.64071529389678,82.79703023416951
2x6 F2,5.739478957915831,57.08284135960732,26.315306250549654,82.59490668279733
2x6 F2,5.755511022044088,56.73348649160959,26.00969134498784,82.38421686174594
2x6 F2,5.771543086172344,56.383271542922834,25.73041894534065,82.17078224336275
2x6 F2,5.787575150300601,56.032231389937095,25.45309377059213,81.95422777638724
2x6 F2,5.803607214428857,55.68040125317747,25.133748923936,81.73488681880973
2x6 F2,5.819639278557114,55.32781668379502,24.795404114943913,81.51274186881562
2x6 F2,5.83567134268537,54.974513549766385,24.460047164119636,81.29843480175165
2x6 F2,5.851703406813627,54.62052802181587,24.12769410132486,81.06924546135718
2x6 F2,5.867735470941883,54.26589655906539,23.79835967286785,80.83753409037267
2x6 F2,5.88376753507014,53.910655894431414,23.491903930214203,80.61145033029297
2x6 F2,5.8997995991983965,53.554843019772136,23.19063980764091,80.39182504064422
2x6 F2,5.915831663326653,53.19849517080849,22.892032122550432,80.16989680389116
2x6 F2,5.9318637274549095,52.841649811820794,22.59608854329437,79.94565778714403
2x6 F2,5.947895791583166,52.484344620143304,22.302815837320516,79.71910058556347
2x6 F2,5.963927855711423,52.126617470461206,22.012219883934414,79.4902182342849
2x6 F2,5.979959919839679,51.768506418935246,21.72430568746365,79.25900422035778
2x6 F2,5.995991983967936,51.41004968715593,21.439913455176402,79.02545249468925
2x6 F2,6.012024048096192,51.05128564595234,21.158667295856528,78.78955748398214
2x6 F2,6.028056112224449,50.692252799060746,20.880088355782462,78.55131410265602
2x6 F2,6.044088176352705,50.33298976667608,20.604178260027144,78.31071776474052
2x6 F2,6.060120240480962,49.97353526889604,20.32232013555689,78.06776439572941
2x6 F2,6.076152304609218,49.61392810907557,20.06034962244489,77.83474665805693
2x6 F2,6.092184368737475,49.25420715710395,19.820777851818708,77.60507770800679
2x6 F2,6.108216432865731,48.894411332623896,19.583350170601925,77.3731677711009
2x6 F2,6.124248496993988,48.53457958820703,19.34806457526125,77.13444144154997
2x6 F2,6.140280561122244,48.17475089249797,19.11491861459787,76.87790586306716
2x6 F2,6.1563126252505,47.814964213347935,18.884866081531158,76.6184570627036
2x6 F2,6.172344689378757,47.45525850094984,18.657222597102095,76.35647299295663
2x6 F2,6.188376753507013,47.095672670990616,18.43168551593466,76.09209611050592
2x6 F2,6.20440881763527,46.73624558784041,18.208250752169363,75.83214579131138
2x6 F2,6.220440881763526,46.377016047787244,17.986913827028612,75.55660288808832
2x6 F2,6.236472945891783,46.01802276234014,17.769049742063228,75.28484611646864
2x6 F2,6.252505010020039,45.65930434160959,17.550453681169728,74.99573039522565
2x6 F2,6.268537074148296,45.30089927778649,17.334372698132643,74.71098764049525
2x6 F2,6.284569138276552,44.94284592872776,17.12086159171966,74.42389156293314
2x6 F2,6.300601202404809,44.58518250167236,16.909429890801157,74.13954943041978
2x6 F2,6.316633266533065,44.227947037092555,16.70007090814102,73.85879144960698
2x6 F2,6.332665330661322,43.871177392703004,16.492777623158627,73.57569646604784
2x6 F2,6.348697394789578,43.51491122763777,16.287542690915814,73.29027151765088
2x6 F2,6.364729458917835,43.15918598680972,16.08435845107291,73.00252435426805
2x6 F2,6.3807615230460915,42.804038885466966,15.88321693680794,72.71246344595008
2x6 F2,6.396793587174348,42.449506893958365,15.684109883693335,72.44166611581278
2x6 F2,6.4128256513026045,42.0956267227234,15.487028738524554,72.12543792288109
2x6 F2,6.428857715430861,41.742434807514755,15.29196466809538,71.82819966338087
2x6 F2,6.444889779559118,41.38996729487173,15.098908567914824,71.50929708137393
2x6 F2,6.460921843687374,41.03826002785145,14.907851070860728,71.18254090464582
2x6 F2,6.476953907815631,40.687348532030676,14.718782555765488,70.87466421393945
2x6 F2,6.492985971943887,40.33726800179282,14.531693155929437,70.56993910765266
2x6 F2,6.509018036072144,39.98805328690424,14.346572767557653,70.26310277536324
2x6 F2,6.5250501002004,39.63973887939585,14.163411058116223,69.95417077961652
2x6 F2,6.541082164328657,39.292358900757634,13.982197474604108,69.64285968312163
2x6 F2,6.557114228456913,38.945947089453654,13.802921251737061,69.3235280785489
2x6 F2,6.57314629258517,38.60053678877074,13.62557142004016,68.99942856144875
2x6 F2,6.589178356713426,38.2561609350037,13.439036320581591,68.69091767088037
2x6 F2,6.605210420841683,37.91285204598956,13.24828357398058,68.37779750060221
2x6 F2,6.621242484969939,37.57064220999615,13.06783033766036,68.04339421918029
2x6 F2,6.637274549098196,37.2295630749702,12.900531665283381,67.69908245203865
2x6 F2,6.6533066132264524,36.88964583815663,12.735052935631,67.37267764853792
2x6 F2,6.669338677354709,36.5509212360869,12.571382595811864,67.04927764357349
2x6 F2,6.6853707414829655,36.213419534950376,12.409508948522904,66.7238928484345
2x6 F2,6.701402805611222,35.87717052134498,12.249420158916898,66.39646611361941
2x6 F2,6.717434869739479,35.5422034934203,12.089017732631126,66.0670472508558
2x6 F2,6.733466933867735,35.20854725240721,11.929338199981048,65.73571115493006
2x6 F2,6.749498997995992,34.876230094546585,11.771474723360848,65.39974401201303
2x6 F2,6.765531062124248,34.5452798034121,11.598293088128257,65.02814143298913
2x6 F2,6.781563126252505,34.21572364263446,11.41855613711958,64.64956252340814
2x6 F2,6.797595190380761,33.88758834902601,11.235337245410948,64.26866325173182
2x6 F2,6.813627254509018,33.560900126108855,11.055198612104848,63.88548353447721
2x6 F2,6.829659318637274,33.23568463804446,10.877583179407118,63.53475871009377
2x6 F2,6.845691382765531,32.91196700396825,10.723390675533283,63.2252240823864
2x6 F2,6.861723446893787,32.58977179272524,10.581433034289356,62.91447274272681
2x6 F2,6.877755511022044,32.26912301801071,10.450240234537173,62.60120286773668
2x6 F2,6.8937875751503,31.950044133909113,10.320484210062615,62.243874463949965
2x6 F2,6.909819639278557,31.63255803083425,10.192153971659216,61.879537863934075
2x6 F2,6.925851703406813,31.316687031865616,10.064671570707405,61.50320276382364
2x6 F2,6.94188376753507,31.00245288948092,9.937201760512686,61.12511061660681
2x6 F2,6.9579158316633265,30.689876782678457,9.800536001376374,60.74530361977188
2x6 F2,6.973947895791583,30.37897931448929,9.653083247146663,60.36379303849373
2x6 F2,6.989979959919839,30.069780509874697,9.5076080941089,59.980642185145676
2x6 F2,7.006012024048095,29.7622998140025,9.364147168260434,59.63683734708764
2x6 F2,7.022044088176352,29.45655609089951,9.222802022598431,59.30647917408926
2x6 F2,7.038076152304608,29.152567622478163,9.083740560516315,58.926623549233405
2x6 F2,7.054108216432865,28.850352107925577,8.946563867514667,58.54177485122393
2x6 F2,7.070140280561121,28.549926663455132,8.811252791286993,58.15559298772312
2x6 F2,7.086172344689378,28.251307822412684,8.677788178768292,57.79765082347699
2x6 F2,7.102204408817634,27.954511535731566,8.546150883247552,57.44098497375968
2x6 F2,7.118236472945891,27.659553172728444,8.416321771260156,57.070975048200516
2x6 F2,7.134268537074147,27.366447522238314,8.288281729262724,56.6917667725791
2x6 F2,7.150300601202404,27.075208794074083,8.162011670092964,56.311393205409864
2x6 F2,7.1663326653306605,26.785850620811583,8.037492539217258,55.93004133241683
2x6 F2,7.182364729458917,26.498386059886375,7.9175102052831985,55.54775696082301
2x6 F2,7.1983967935871735,26.212827596000444,7.811991319909958,55.164586364295324
2x6 F2,7.21442885771543,25.929187143824787,7.7077604813428335,54.78057626140057
2x6 F2,7.230460921843687,25.647476050996154,7.604805121823234,54.395773793592355
2x6 F2,7.246492985971943,25.367705101396332,7.503112711211075,54.01022650275001
2x6 F2,7.2625250501002,25.089884518706523,7.402670759463069,53.623982308291424
2x6 F2,7.278557114228456,24.814023970229528,7.279948451691771,53.261707264003135
2x6 F2,7.294589178356713,24.540132570969675,7.158473542809064,52.891970608371764
2x6 F2,7.310621242484969,24.2682188879643,7.038865830661794,52.46155266873812
2x6 F2,7.326653306613226,23.998290944856144,6.921101926383907,52.0923723040822
2x6 F2,7.342685370741482,23.730356226699346,6.8051585558548595,51.7333812087559
2x6 F2,7.358717434869739,23.464421684989517,6.69133801841817,51.34674943481915
2x6 F2,7.374749498997995,23.200493742911263,6.591758481119913,50.96037377868492
2x6 F2,7.390781563126252,22.938578300790816,6.484523591009995,50.57268957799602
2x6 F2,7.406813627254508,22.67868074174886,6.391953498498628,50.21112432479873
2x6 F2,7.422845691382765,22.42080593754231,6.300880222270335,49.827957185767666
2x6 F2,7.4388777555110215,22.16495825458838,6.211251804894845,49.45937126321393
2x6 F2,7.454909819639278,21.911141560159365,6.122812645110561,49.03839594671348
2x6 F2,7.4709418837675345,21.65935922874358,6.0355493892366585,48.63337694495923
2x6 F2,7.486973947895791,21.40961414855971,5.949448764359633,48.24485260599971
2x6 F2,7.503006012024048,21.16190872821944,5.86449757998611,47.85638624489718
2x6 F2,7.519038076152304,20.91624490352727,5.777979372023447,47.46802728572056
2x6 F2,7.535070140280561,20.672624144411735,5.683197700044806,47.07982509787303
2x6 F2,7.551102204408817,20.431047461976895,5.59176959735461,46.70127267628647
2x6 F2,7.567134268537074,20.19151541566871,5.5124084858256035,46.32524411000709
2x6 F2,7.58316633266533,19.954028120546173,5.4341079693400705,45.949503974173126
2x6 F2,7.599198396793587,19.71858525465004,5.356855743557155,45.545778407931216
2x6 F2,7.615230460921843,19.48518606646145,5.28063959348267,45.14104533349956
2x6 F2,7.6312625250501,19.253829382442383,5.198710340595998,44.73743740214611
2x6 F2,7.647294589178356,19.024513614650292,5.117712624786548,44.33436480191541
2x6 F2,7.663326653306613,18.79723676841967,5.037908619573094,43.93188259622776
2x6 F2,7.679358717434869,18.57199645010277,4.959282850055969,43.53004552279125
2x6 F2,7.695390781563126,18.348789874863776,4.881845438501594,43.12819401074186
2x6 F2,7.7114228456913825,18.127613874516733,4.805877500095414,42.746843266418345
2x6 F2,7.727454909819639,17.90846490540301,4.731032153479049,42.35606800801004
2x6 F2,7.7434869739478955,17.691339056299817,4.657294661913321,41.95704067897363
2x6 F2,7.759519038076152,17.47623205635401,4.584650424401372,41.57404927184078
2x6 F2,7.775551102204409,17.263139283034622,4.5130849763313865,41.19194157284645
2x6 F2,7.791583166332665,17.052055770098107,4.442583990039905,40.81076383549012
2x6 F2,7.807615230460921,16.84297621555925,4.373133275298273,40.430334196452975
2x6 F2,7.823647294589177,16.63589498966332,4.305577727604291,40.05080046229244
2x6 F2,7.839679358717434,16.430806142852713,4.245094109630778,39.678572345842134
2x6 F2,7.85571142284569,16.227703413722185,4.177042686276388,39.34546768941457
2x6 F2,7.871743486973947,16.026580236959717,4.1100338357084265,38.969435350333626
2x6 F2,7.887775551102203,15.827429751263498,4.044053125506756,38.59034044705215
2x6 F2,7.90380761523046,15.630244807234536,3.9790862737903714,38.21128066165057
2x6 F2,7.9198396793587165,15.435017975237098,3.915119149290215,37.833247788522414
2x6 F2,7.935871743486973,15.241741553223493,3.852349635969114,37.42654493310642
2x6 F2,7.9519038076152295,15.05040757451822,3.7950401238932843,37.0567079353993
2x6 F2,7.967935871743486,14.861007815557166,3.7442292621695312,36.688353024855495
2x6 F2,7.983967935871743,14.673533803578593,3.6940726820121172,36.32101061448998
2x6 F2,8.0,14.487976824260535,3.644562659169476,35.91882363892182
Clinical,0.0,97.124486578662,95.93753522409622,98.1523924563257
Clinical,0.01603206412825651,97.12357857441945,95.93721576407017,98.15210552812468
Clinical,0.03206412825651302,97.12265134641089,95.93688792439427,98.15153699586493
Clinical,0.04809619238476953,97.12170449006976,95.93565025963856,98.15071197023664
Clinical,0.06412825651302605,97.12073759245284,95.93153982704288,98.14987029542517
Clinical,0.08016032064128256,97.1197502320709,95.93019760702356,98.14915767113982
Clinical,0.09619238476953906,97.11874197872045,95.93006009267746,98.14881419916343
Clinical,0.11222444889779558,97.11771239330996,95.92587094092441,98.14846263320834
Clinical,0.1282565130260521,97.11666102768244,95.9244350286467,98.14804090295604
Clinical,0.1442885771543086,97.11558742443606,95.92209084812539,98.14708666648649
Clinical,0.16032064128256512,97.11449111674247,95.9219747054924,98.14611278935024
Clinical,0.17635270541082163,97.1133716281577,95.91798541779875,98.14511143847214
Clinical,0.19238476953907813,97.1122284724344,95.9161012265858,98.14237918796032
Clinical,0.20841683366733466,97.11106115332706,95.91277023465321,98.14135410107524
Clinical,0.22444889779559116,97.10986916439893,95.90909361034879,98.14030832009614
Clinical,0.24048096192384769,97.10865198881616,95.90442723841585,98.13924142770912
Clinical,0.2565130260521042,97.10740909914809,95.90286023757037,98.1381529982032
Clinical,0.2725450901803607,97.10613995716156,95.90226083441145,98.13702346488479
Clinical,0.2885771543086172,97.10484401360405,95.90195447900146,98.1357463062622
Clinical,0.3046092184368737,97.10352070799443,95.89994238577907,98.13472338437826
Clinical,0.32064128256513025,97.10216946840079,95.89968691776598,98.13355516245026
Clinical,0.3366733466933867,97.10078971122209,95.89944077320435,98.13236335193619
Clinical,0.35270541082164325,97.09938084095695,95.89581708352144,98.1311452007384
Clinical,0.3687374749498998,97.09794224997816,95.89502994324961,98.13061260598998
Clinical,0.38476953907815625,97.09647331829773,95.89356881685201,98.1298955225979
Clinical,0.4008016032064128,97.09497341332575,95.8923711854091,98.12857589741829
Clinical,0.4168336673346693,97.09344188963203,95.89119549747042,98.12722457730798
Clinical,0.43286573146292584,97.09187808869798,95.88897829771149,98.12583853503685
Clinical,0.4488977955911823,97.09028133866707,95.88506618742585,98.12556552091196
Clinical,0.46492985971943884,97.08865095408984,95.8833849366747,98.12538258292183
Clinical,0.48096192384769537,97.0869862356638,95.87663855528386,98.12519622976326
Clinical,0.49699398797595185,97.08528646997321,95.86744204970871,98.12443817710708
Clinical,0.5130260521042084,97.08355092921896,95.86211213589701,98.12281198504272
Clinical,0.5290581162324649,97.08177887094706,95.85889765705676,98.12226507070625
Clinical,0.5450901803607214,97.07996953777307,95.8573497899149,98.12136742760205
Clinical,0.561122244488978,97.07812215709922,95.85112671309604,98.1203141480206
Clinical,0.5771543086172344,97.07623594083235,95.8506136450081,98.11919635962568
Clinical,0.5931863727454909,97.07431008508827,95.84545291768343,98.11807537116478
Clinical,0.6092184368737474,97.07234376990198,95.84354377377053,98.1169550359372
Clinical,0.625250501002004,97.07033615892571,95.84219716580729,98.11581097752357
Clinical,0.6412825651302605,97.06828639912392,95.82324113527851,98.11461637857961
Clinical,0.657314629258517,97.06619362046526,95.82077415535818,98.1133697406462
Clinical,0.6733466933867734,97.06405693560735,95.81836552057712,98.11100388532442
Clinical,0.68937875751503,97.06187543957824,95.81590066173715,98.11028088760081
Clinical,0.7054108216432865,97.05964820945253,95.81106831035369,98.10973698524936
Clinical,0.721442885771543,97.05737430402176,95.81027042637147,98.10936707904519
Clinical,0.7374749498997996,97.05505276345981,95.8077293730644,98.10890546833825
Clinical,0.7535070140280561,97.05268260898299,95.80175288018478,98.10843398237542
Clinical,0.7695390781563125,97.05026284250714,95.79500731110652,98.1071793977498
Clinical,0.785571142284569,97.04779244629609,95.79457792464815,98.10500601024162
Clinical,0.8016032064128256,97.04527038260788,95.79416218020835,98.10400114203819
Clinical,0.8176352705410821,97.04269559333272,95.7842968382772,98.10301463158869
Clinical,0.8336673346693386,97.04006699962713,95.78281516102071,98.10165199234318
Clinical,0.8496993987975952,97.03738350154424,95.78227383062332,98.09910496978422
Clinical,0.8657314629258517,97.03464397765451,95.76836329214575,98.09654689537696
Clinical,0.8817635270541081,97.03184728466545,95.75697296064745,98.09551229575102
Clinical,0.8977955911823646,97.02899225703041,95.74416627241345,98.09445558970053
Clinical,0.9138276553106212,97.02607770655898,95.74362843863565,98.09337630535789
Clinical,0.9298597194388777,97.0231024220132,95.7428134956286,98.09224370684562
Clinical,0.9458917835671342,97.02006516870698,95.73284643162401,98.0904253262742
Clinical,0.9619238476953907,97.01696468808896,95.7252251674045,98.08809280452088
Clinical,0.9779559118236472,97.01379969733215,95.72170533143836,98.0872143706665
Clinical,0.9939879759519037,97.01056888890592,95.71966186612347,98.08628998374624
Clinical,1.0100200400801602,97.00727093014956,95.70924779632868,98.08196236081747
Clinical,1.0260521042084167,97.0039044628375,95.6911654651345,98.07807902910264
Clinical,1.0420841683366733,97.0004681027377,95.69019015866422,98.07631067622142
Clinical,1.0581162324649298,96.9969604391648,95.67680344661235,98.07450558461744
Clinical,1.0741482965931863,96.99338003452618,95.66505605781867,98.07255509673791
Clinical,1.0901803607214429,96.98972542386426,95.65212594262715,98.06943900071671
Clinical,1.1062124248496994,96.9859951143897,95.6371636892343,98.0676198335052
Clinical,1.122244488977956,96.98218758500788,95.62884365990212,98.06643162346664
Clinical,1.1382765531062122,96.97830128584386,95.61821083059858,98.06522315116626
Clinical,1.1543086172344688,96.97433463775432,95.61785379597008,98.06305528605562
Clinical,1.1703406813627253,96.97028603183722,95.60833229565095,98.0610263463227
Clinical,1.1863727454909818,96.96615382893391,95.59701403060278,98.05889475004753
Clinical,1.2024048096192383,96.96193635912536,95.57969839174365,98.05433787678665
Clinical,1.2184368737474949,96.95763192121842,95.5680753299007,98.05014607897853
Clinical,1.2344689378757514,96.95323878223157,95.54867834751252,98.04757496385442
Clinical,1.250501002004008,96.94875517686536,95.53020923831917,98.04494947598303
Clinical,1.2665330661322645,96.94417930697585,95.52473080300936,98.04437070347241
Clinical,1.282565130260521,96.93950934103188,95.51046712714103,98.04406750752291
Clinical,1.2985971943887775,96.93474341357073,95.50033970692282,98.0416836718724
Clinical,1.314629258517034,96.92987962464704,95.48194510504794,98.03733970671533
Clinical,1.3306613226452906,96.92491603927157,95.46898181875886,98.03526470324306
Clinical,1.3466933867735469,96.91985068684377,95.4496136616411,98.03456755788413
Clinical,1.3627254509018034,96.91468156057933,95.42603674939352,98.03283585945027
Clinical,1.37875751503006,96.90940661692746,95.40935675190725,98.03146587460863
Clinical,1.3947895791583165,96.90402377498214,95.3779001210888,98.02929450490495
Clinical,1.410821643286573,96.89853091588513,95.3432515416716,98.02518733678653
Clinical,1.4268537074148295,96.8929258822243,95.31458678825616,98.02284807595002
Clinical,1.442885771543086,96.88720647741792,95.29707618056672,98.01929497566157
Clinical,1.4589178356713426,96.88137046510091,95.28670053364834,98.01740334210538
Clinical,1.4749498997995991,96.8754155684922,95.26579759437568,98.01565158548087
Clinical,1.4909819639278556,96.86933946976359,95.24596512186271,98.01373526282875
Clinical,1.5070140280561122,96.8631398093944,95.23707909760677,98.0071868338867
Clinical,1.5230460921843687,96.8568141855218,95.22538035057715,98.00424698450931
Clinical,1.539078156312625,96.8503601532806,95.1881519378611,98.00203462176391
Clinical,1.5551102204408815,96.84377522413739,95.15935576862648,98.00063977712063
Clinical,1.571142284569138,96.8370568652125,95.14661548907293,97.99750610393863
Clinical,1.5871743486973946,96.83020249859692,95.13538920302913,97.99677132196514
Clinical,1.6032064128256511,96.82320950065879,95.12068486737331,97.99602010306513
Clinical,1.6192384769539077,96.81607520134314,95.08473977056843,97.9926111684573
Clinical,1.6352705410821642,96.80879688345954,95.05848158835265,97.98593695979748
Clinical,1.6513026052104207,96.80137178196314,95.03180353174332,97.98097364260065
Clinical,1.6673346693386772,96.7937970832284,95.00437118115573,97.97619070217932
Clinical,1.6833667334669338,96.78606992430805,94.96728975265273,97.97049401499753
Clinical,1.6993987975951903,96.77818739218965,94.92342573469718,97.96783806989636
Clinical,1.7154308617234468,96.77014652303528,94.9055339672628,97.96507160856288
Clinical,1.7314629258517034,96.76194430142121,94.85936173883366,97.96335873432393
Clinical,1.7474949899799597,96.75357765955745,94.82141188252355,97.96153298277935
Clinical,1.7635270541082162,96.74504347650382,94.77958658444824,97.9558142066642
Clinical,1.7795591182364727,96.73633857737505,94.73292925496607,97.95227361014655
Clinical,1.7955911823647293,96.72745973253605,94.68673698252223,97.9457808790099
Clinical,1.8116232464929858,96.71840365678435,94.63013200583951,97.94111874440621
Clinical,1.8276553106212423,96.70916700852385,94.58546660257626,97.93546195381697
Clinical,1.8436873747494988,96.69974638893055,94.5474094041754,97.93456802706598
Clinical,1.8597194388777554,96.69013834110068,94.52195938700862,97.93362078948368
Clinical,1.875751503006012,96.68033934919755,94.48920522848199,97.92493806363706
Clinical,1.8917835671342684,96.67034583757574,94.45470343357694,97.91603838209062
Clinical,1.907815631262525,96.66015416990462,94.39623159553547,97.91251713429631
Clinical,1.9238476953907815,96.64976064827547,94.34040401326469,97.90832479723049
Clinical,1.939879759519038,96.63916151229444,94.31003885490118,97.90442670842921
Clinical,1.9559118236472943,96.628352938171,94.25619443054947,97.90010988509255
Clinical,1.9719438877755509,96.61733103778687,94.18816751247927,97.89151060645908
Clinical,1.9879759519038074,96.60609185775701,94.12665210324974,97.88711852181079
Clinical,2.004008016032064,96.59463137847895,94.11977153286026,97.88168849260911
Clinical,2.0200400801603204,96.5829455131635,94.05665349679217,97.87864978504938
Clinical,2.036072144288577,96.57103010686262,93.98386310194577,97.86951260636536
Clinical,2.0521042084168335,96.55888093547527,93.92282809398498,97.86668430734615
Clinical,2.06813627254509,96.54649370474363,93.88342988595231,97.86507990443714
Clinical,2.0841683366733466,96.53386404923967,93.82369507575804,97.86143728082934
Clinical,2.100200400801603,96.52098753132964,93.7557236469,97.85380760489096
Clinical,2.1162324649298596,96.50785964013487,93.68645512890166,97.84949742807282
Clinical,2.132264529058116,96.49447579046974,93.62181751349759,97.84702045726169
Clinical,2.1482965931863727,96.48083132177126,93.56134802426342,97.84203701110432
Clinical,2.164328657314629,96.46692149701525,93.50009101515948,97.83689772242595
Clinical,2.1803607214428857,96.45274150161069,93.43362148182264,97.83130222453639
Clinical,2.1963927855711423,96.43828644228839,93.36856984726205,97.82664292677603
Clinical,2.212424849699399,96.42355134597022,93.29149487444059,97.82082330678635
Clinical,2.2284569138276553,96.40853115862282,93.20935174824588,97.81628004961439
Clinical,2.244488977955912,96.393220744099,93.12547542638613,97.81047862108929
Clinical,2.260521042084168,96.37761488296185,93.03983267123006,97.80688423631427
Clinical,2.2765531062124245,96.36170827129504,92.95238975646708,97.80226428667125
Clinical,2.292585170340681,96.34549551949605,92.86311246677828,97.79928600899977
Clinical,2.3086172344689375,96.3289711510531,92.77196609788957,97.79511936795436
Clinical,2.324649298597194,96.31212960131104,92.67891545702783,97.78942820371354
Clinical,2.3406813627254506,96.29496521621486,92.58392486379921,97.7834485180621
Clinical,2.356713426853707,96.2774722510412,92.48699716880436,97.77494206398599
Clinical,2.3727454909819636,96.25964486911495,92.38810555629429,97.76748133959877
Clinical,2.38877755511022,96.24147714050382,92.28691202362806,97.75982491622634
Clinical,2.4048096192384767,96.22296304070414,92.1839526578407,97.754003859438
Clinical,2.420841683366733,96.20409644930513,92.07858987148776,97.74554499683148
Clinical,2.4368737474949898,96.18487114863947,91.97118319622636,97.73951459604622
Clinical,2.4529058116232463,96.16528082241632,91.8615733250651,97.73226189431476
Clinical,2.468937875751503,96.1453190543374,91.7520207032331,97.72498820511186
Clinical,2.4849699398797593,96.12497932670101,91.64226805846248,97.71541336522121
Clinical,2.501002004008016,96.10425501898267,91.53062421263022,97.70751312204908
Clinical,2.5170340681362724,96.08313940640646,91.41706161080285,97.69876083184717
Clinical,2.533066132264529,96.06162565849651,91.30155248482899,97.69090508311636
Clinical,2.5490981963927855,96.03970683761207,91.1840688592846,97.68373168350512
Clinical,2.565130260521042,96.01737589747138,91.06458255778841,97.67560049422141
Clinical,2.5811623246492985,95.99462568165079,90.94306520969775,97.66937707810676
Clinical,2.597194388777555,95.97144892207851,90.81948825719489,97.66316628649379
Clinical,2.6132264529058116,95.94783823750704,90.69415310990469,97.65489247539767
Clinical,2.629258517034068,95.9237861319697,90.56714864409399,97.64902702919017
Clinical,2.6452905811623246,95.89928499322616,90.43802003748597,97.64226718341627
Clinical,2.661322645290581,95.87432709118937,90.32410810104066,97.63498877989085
Clinical,2.6773547094188372,95.84890457634047,90.21230239755647,97.62842224805806
Clinical,2.6933867735470938,95.82300947812949,90.0982655521603,97.61989935378932
Clinical,2.7094188376753503,95.7966337033594,89.9618335148941,97.61213735029577
Clinical,2.725450901803607,95.76976903456186,89.81181696244899,97.606813503615
Clinical,2.7414829659318634,95.74240712835365,89.65437457441266,97.59817280503034
Clinical,2.75751503006012,95.71453951378525,89.49410012153689,97.58984393585041
Clinical,2.7735470941883764,95.68615759067659,89.33095408956079,97.58427809073164
Clinical,2.789579158316633,95.65725262793761,89.17011577514492,97.57789272878013
Clinical,2.8056112224448895,95.6278157618832,89.01740105149437,97.56889802325323
Clinical,2.821643286573146,95.59783799453042,88.8657033327705,97.56337802599826
Clinical,2.8376753507014025,95.5673101918936,88.72080238338646,97.55662264596171
Clinical,2.853707414829659,95.53622308226286,88.5732722233542,97.54478239913824
Clinical,2.8697394789579156,95.50456725447786,88.42307493265962,97.53669226088083
Clinical,2.885771543086172,95.47233315619295,88.27017243700979,97.5297459069509
Clinical,2.9018036072144286,95.43951109213262,88.11452652492446,97.5242070440344
Clinical,2.917835671342685,95.40609122234228,87.95609886564303,97.51156792631866
Clinical,2.9338677354709417,95.3720635604323,87.78603975012138,97.5024403254805
Clinical,2.9498997995991982,95.33741797181702,87.58955082764487,97.49571219352141
Clinical,2.9659318637274548,95.30214417194843,87.38939652901601,97.48598773785763
Clinical,2.9819639278557113,95.26623172454978,87.18552778070752,97.47293379972207
Clinical,2.997995991983968,95.2296700398388,86.98619538129127,97.46291106489444
Clinical,3.0140280561122244,95.19244837276244,86.7987331722817,97.46019745388807
Clinical,3.030060120240481,95.15455582121463,86.60840669888783,97.45355550076509
Clinical,3.0460921843687374,95.11598132426923,86.4041497472499,97.44545524700112
Clinical,3.062124248496994,95.07671366040694,86.17727256419393,97.43665494065282
Clinical,3.07815631262525,95.03674144574501,85.94616891285145,97.42730170759131
Clinical,3.0941883767535066,94.99605313227413,85.71078671632382,97.41770734254636
Clinical,3.110220440881763,94.95463700609814,85.4710744142137,97.40870076407448
Clinical,3.1262525050100196,94.91248118568299,85.22698102365221,97.40122302309379
Clinical,3.142284569138276,94.86957362010665,84.97845620220734,97.38973494330874
Clinical,3.1583166332665327,94.82590208732991,84.72545031265618,97.38174485426792
Clinical,3.174348697394789,94.78145419246748,84.46791448959877,97.37462580604507
Clinical,3.1903807615230457,94.73621736607657,84.20580070788533,97.3677789512866
Clinical,3.2064128256513023,94.6901788624616,83.93906185282333,97.35583491017856
Clinical,3.222444889779559,94.6433257579862,83.671003530097,97.34051922205397
Clinical,3.2384769539078153,94.59564494941611,83.43892408991461,97.3395404404492
Clinical,3.254509018036072,94.54712315226895,83.20309892938506,97.33425503184351
Clinical,3.2705410821643284,94.49774689919373,82.96349311063322,97.32282340859457
Clinical,3.286573146292585,94.44750253837158,82.72007236399661,97.30936067688195
Clinical,3.3026052104208414,94.39637623194021,82.4728031333953,97.29981852601802
Clinical,3.318637274549098,94.34435395445064,82.22180879300191,97.2911411587069
Clinical,3.3346693386773545,94.29142149135183,81.96728746743536,97.28450078971345
Clinical,3.350701402805611,94.23756443750896,81.70903072301216,97.27886860574266
Clinical,3.3667334669338675,94.1827681957571,81.44681753946271,97.26613313056963
Clinical,3.382765531062124,94.12701797549487,81.15677803408006,97.25919716361423
Clinical,3.3987975951903806,94.07029879131599,80.84876940223727,97.25174439863132
Clinical,3.414829659318637,94.01259546169015,80.53601197944683,97.24540724493431
Clinical,3.4308617234468937,93.95389260768543,80.21847957707288,97.22982211676982
Clinical,3.44689378757515,93.89417465174567,79.89677211257731,97.21513028309877
Clinical,3.4629258517034067,93.83342581652096,79.57066282939097,97.20731306634978
Clinical,3.4789579158316633,93.77163012375443,79.23974338474231,97.19814933272824
Clinical,3.4949899799599193,93.70877139322968,78.90399528203267,97.18508223125448
Clinical,3.511022044088176,93.64483324178741,78.5634020560265,97.17303585604463
Clinical,3.5270541082164324,93.57979908240425,78.25206553669948,97.1666685151889
Clinical,3.543086172344689,93.51365212335082,77.96509487924631,97.161729071382
Clinical,3.5591182364729455,93.44637536742546,77.67487172609522,97.15029432155953
Clinical,3.575150300601202,93.37795161126543,77.38139197732369,97.14007187370218
Clinical,3.5911823647294585,93.3083634447527,77.08465259596541,97.13016500446355
Clinical,3.607214428857715,93.23759325050048,76.78465163380443,97.1174978835743
Clinical,3.6232464929859716,93.16562320344717,76.48138825685872,97.10641196462547
Clinical,3.639278557114228,93.09243527053985,76.13635894125416,97.09356431281954
Clinical,3.6553106212424846,93.01801121053452,75.76924026544644,97.08091449999152
Clinical,3.671342685370741,92.94233257389651,75.39765049176494,97.07043878964132
Clinical,3.6873747494989977,92.86538070283088,75.02159785129858,97.05672722850035
Clinical,3.703406813627254,92.7871367314234,74.64109293672978,97.04015814073935
Clinical,3.7194388777555107,92.70758158591758,74.25614875033443,97.03236070926025
Clinical,3.7354709418837673,92.6266959851222,73.86678075024996,97.0198243907017
Clinical,3.751503006012024,92.54446044096191,73.4730068948701,97.00096899444908
Clinical,3.7675350701402803,92.46085525917167,73.1336051394121,96.99305750954774
Clinical,3.783567134268537,92.37586054014557,72.79963937069101,96.98592262712134
Clinical,3.7995991983967934,92.28945617994447,72.4627003888253,96.97793336269454
Clinical,3.81563126252505,92.20162187147085,72.12280420251612,96.96815562249412
Clinical,3.8316633266533064,92.11233710581206,71.7799680842053,96.9629647240684
Clinical,3.847695390781563,92.02158117376874,71.43421058212354,96.94784694517205
Clinical,3.8637274549098195,91.92933316756191,71.04831908556118,96.93417889520448
Clinical,3.879759519038076,91.83557198274278,70.61312369073022,96.91943208782116
Clinical,3.8957915831663326,91.74027632028937,70.17322354309013,96.90590816605182
Clinical,3.9118236472945886,91.64342468892362,69.7286616599901,96.8895048370785
Clinical,3.927855711422845,91.54499540763133,69.27948449946348,96.87969524234532
Clinical,3.9438877755511017,91.44496660841206,68.8257419876299,96.8707578591053
Clinical,3.9599198396793582,91.3433162392511,68.36748754156925,96.86103249426664
Clinical,3.9759519038076148,91.24002206732877,67.90477808748889,96.85314864259023
Clinical,3.9919839679358713,91.13506168247474,67.43767407401072,96.84396393904663
Clinical,4.008016032064128,91.02841250086874,66.9113989681817,96.83133379320402
Clinical,4.024048096192384,90.92005176900028,66.3596123520007,96.82060987504549
Clinical,4.040080160320641,90.80995656789375,65.80256791016403,96.80953224716235
Clinical,4.056112224448897,90.69810381760065,65.24038414376824,96.79534851895393
Clinical,4.072144288577154,90.58447028197588,64.68183629563683,96.77922187296116
Clinical,4.0881763527054105,90.46903257373482,64.21005531704594,96.76657586425297
Clinical,4.104208416833667,90.35176715980589,63.76270781500896,96.75224744689753
Clinical,4.1202404809619235,90.23265036697961,63.31250783337794,96.72714375099258
Clinical,4.13627254509018,90.111658387866,62.859522904884535,96.71311665986673
Clinical,4.152304609218437,89.98876728716473,62.40382257098643,96.69549652063651
Clinical,4.168336673346693,89.86395300825004,61.94547835052056,96.67538901405013
Clinical,4.18436873747495,89.73719138008737,61.429911704544374,96.65522704032497
Clinical,4.200400801603206,89.60845812447702,60.885532718712284,96.64053752341646
Clinical,4.216432865731463,89.47772886363731,60.337920551584844,96.62955247029225
Clinical,4.232464929859719,89.34497912812967,59.787203574905746,96.61699678090716
Clinical,4.248496993987976,89.21018436513451,59.23506010088508,96.59682662811953
Clinical,4.264529058116232,89.07331994708079,58.72231193416113,96.57965947091273
Clinical,4.280561122244489,88.93436118063336,58.207255924297066,96.56050877570634
Clinical,4.296593186372745,88.79328331604864,57.690001918327944,96.5445872956154
Clinical,4.312625250501002,88.65006155689503,57.170661771674766,96.52600829859742
Clinical,4.328657314629258,88.50467107014828,56.64934925798535,96.50721173921484
Clinical,4.344689378757515,88.35708699666782,56.126179975295926,96.48787190449639
Clinical,4.3607214428857715,88.2072844620466,55.60127124866468,96.4780682831483
Clinical,4.376753507014028,88.05523858785251,55.074742029439264,96.46344318436783
Clinical,4.3927855711422845,87.90092450325353,54.49181803379918,96.43076111569805
Clinical,4.408817635270541,87.744317357035,53.89417448811875,96.41189970431992
Clinical,4.424849699398798,87.58539233000809,53.295335696117874,96.38952277659409
Clinical,4.440881763527054,87.42412464781154,52.69565016274141,96.36903068780992
Clinical,4.456913827655311,87.26048959411214,52.094609548090325,96.34650209241704
Clinical,4.472945891783567,87.09446252419981,51.4923985014161,96.32653969445393
Clinical,4.488977955911824,86.92601887898053,50.88920312860696,96.30585004120806
Clinical,4.50501002004008,86.75513419936493,50.33175327523101,96.28967720522522
Clinical,4.521042084168336,86.58178414105869,49.795469336668546,96.26885399862927
Clinical,4.537074148296592,86.40594448974134,49.25880049643619,96.25334621938275
Clinical,4.553106212424849,86.22759117664614,48.721965672111295,96.23967419032478
Clinical,4.5691382765531054,86.046700294528,48.18701904745615,96.22608074217986
Clinical,4.585170340681362,85.86324811402554,47.65208840134392,96.20443222857678
Clinical,4.6012024048096185,85.67721110040328,47.117305208006464,96.1707466796541
Clinical,4.617234468937875,85.48856593068334,46.58280079707287,96.14310204945139
Clinical,4.633266533066132,85.2972895111507,46.04870622463783,96.12398884422451
Clinical,4.649298597194388,85.10335899523315,45.515152144900064,96.09178856718422
Clinical,4.665330661322645,84.90675180174912,44.98226868263765,96.07925373647747
Clinical,4.681362725450901,84.70744563351597,44.450185306784,96.05972162454398
Clinical,4.697394789579158,84.50541849631205,43.91903070536409,96.03410960918883
Clinical,4.713426853707414,84.30064871818519,43.38927532155301,96.0009860419461
Clinical,4.729458917835671,84.09311496909747,42.861298480093424,95.9686591843947
Clinical,4.745490981963927,83.88279628089931,42.33462537681599,95.9448577376065
Clinical,4.761523046092184,83.66967206762342,41.80858853398277,95.90871407996372
Clinical,4.77755511022044,83.45372214607882,41.2830601791146,95.88822753052263
Clinical,4.793587174348697,83.23492675674918,40.78486067209881,95.85627968441273
Clinical,4.809619238476953,83.01326658497145,40.34149459841908,95.82960743376877
Clinical,4.82565130260521,82.78872278237776,39.781398933726166,95.79268168827987
Clinical,4.841683366733466,82.56127698860469,39.22092970517408,95.75580985312618
Clinical,4.857715430861723,82.33091135323353,38.68607956687458,95.72244622064092
Clinical,4.8737474949899795,82.09760855796205,38.174063112707316,95.67965190596415
Clinical,4.889779559118236,81.86135183898057,37.6765535948206,95.6358495547461
Clinical,4.905811623246493,81.62212500954269,37.181479844733104,95.59565730246315
Clinical,4.921843687374749,81.37991248270572,36.68902958445205,95.56712618040706
Clinical,4.937875751503006,81.13469929422922,36.19961372403088,95.5392486223379
Clinical,4.953907815631262,80.88647112560203,35.71584369361596,95.49640469870896
Clinical,4.969939879759519,80.63521432718672,35.28136672317532,95.46917285588009
Clinical,4.985971943887775,80.38091594145304,34.84917825901572,95.44159987232098
Clinical,5.002004008016032,80.12356372628142,34.41934006679439,95.41335021847438
Clinical,5.018036072144288,79.86314617831003,33.99194867550877,95.38115446259002
Clinical,5.034068136272545,79.59965255630607,33.56714647066674,95.3434786560988
Clinical,5.050100200400801,79.3330729045302,33.14486830859067,95.30416118803073
Clinical,5.066132264529058,79.06339807607287,32.7223734450806,95.26542014108698
Clinical,5.082164328657314,78.79061975613432,32.24737188941898,95.22401240379297
Clinical,5.098196392785571,78.51473048521918,31.77588505588523,95.17833538897561
Clinical,5.114228456913827,78.2357236822238,31.30798613395233,95.13144869480027
Clinical,5.130260521042084,77.95359366737733,30.84374549205125,95.08296721946294
Clinical,5.1462925851703405,77.66833568501465,30.346011215115603,95.0352901643503
Clinical,5.162324649298597,77.37994592614885,29.825940920842775,94.9961012756665
Clinical,5.1783567134268536,77.08842155081337,29.31083625800104,94.94851077317271
Clinical,5.19438877755511,76.79376071013836,28.853903923537825,94.89484661671634
Clinical,5.210420841683367,76.49596256813078,28.425593205012785,94.83996253260932
Clinical,5.226452905811623,76.19502732313235,28.001280085663204,94.79151020052224
Clinical,5.24248496993988,75.89095622890719,27.536765171673892,94.74280693675081
Clinical,5.258517034068136,75.58375161534221,27.08112975255653,94.68707937195224
Clinical,5.274549098196393,75.27341690871322,26.662811966765574,94.63019447635328
Clinical,5.290581162324649,74.95995665148914,26.248556356599803,94.57189333529942
Clinical,5.306613226452906,74.64337652163682,25.809657792524163,94.51227948114278
Clinical,5.322645290581162,74.3236833513922,25.356785412396324,94.46329609815687
Clinical,5.338677354709418,74.00088514546172,24.944187963881692,94.39903814027178
Clinical,5.3547094188376745,73.67499109861885,24.560595812372753,94.34818693261815
Clinical,5.370741482965931,73.34601161266065,24.18093556920796,94.29869399039205
Clinical,5.3867735470941875,73.01395831268692,23.805227913450253,94.24790773878453
Clinical,5.402805611222444,72.67884406266782,23.40291527008644,94.19600549072591
Clinical,5.418837675350701,72.34068298026621,22.984318942863226,94.14281340213924
Clinical,5.434869739478957,71.99949045087072,22.57102426257203,94.06765375443727
Clinical,5.450901803607214,71.6552831408168,22.163564749851847,93.98557238131511
Clinical,5.46693386773547,71.30807900975492,21.761338927716498,93.90157315458954
Clinical,5.482965931863727,70.95789732212211,21.364308003443444,93.8329482929427
Clinical,5.498997995991983,70.60475865770572,20.972481622659473,93.77206856412995
Clinical,5.51503006012024,70.24868492123744,20.585866286508683,93.70984614718523
Clinical,5.531062124248496,69.88969935101177,20.204465428051062,93.64625332526322
Clinical,5.547094188376753,69.52782652647515,19.82827949069896,93.58126189653323
Clinical,5.563126252505009,69.1630923747675,19.45781410994337,93.50719034680161
Clinical,5.579158316633266,68.79552417618187,19.146418376389246,93.4249593873299
Clinical,5.595190380761522,68.42515056851006,18.850099793565875,93.34081667240228
Clinical,5.611222444889779,68.0520015502499,18.527961323949217,93.25472145979676
Clinical,5.6272545090180355,67.67610848264485,18.152698367106517,93.1664272951088
Clinical,5.643286573146292,67.29750409052676,17.84718747016471,93.07559038671147
Clinical,5.6593186372745485,66.91622246194729,17.54698232791998,93.0002795884993
Clinical,5.675350701402805,66.53229904655771,17.250715183430298,92.92210171528095
Clinical,5.691382765531062,66.14577065273387,16.958371833759358,92.84923051568316
Clinical,5.707414829659318,65.75667544341086,16.66993677548634,92.7612782228651
Clinical,5.723446893787575,65.3650529306168,16.3853932495833,92.6608284792778
Clinical,5.739478957915831,64.97094396868883,16.104766667700165,92.56147515191165
Clinical,5.755511022044088,64.5743907461506,15.828783622256712,92.46965832299378
Clinical,5.771543086172344,64.17543677624283,15.556611545033062,92.36643204132272
Clinical,5.787575150300601,63.77412688609558,15.288229296228417,92.25858438175757
Clinical,5.803607214428857,63.370507204529616,15.023614715049352,92.1485654684196
Clinical,5.819639278557114,62.96462514848317,14.76274466250494,92.03621577364223
Clinical,5.83567134268537,62.55652940805846,14.505595063794004,91.92148002919345
Clinical,5.851703406813627,62.14626993018141,14.252140950240692,91.80445425841812
Clinical,5.867735470941883,61.7338979008809,14.002356500737198,91.6850991414555
Clinical,5.88376753507014,61.31946572618315,13.756215082655173,91.5633749573328
Clinical,5.8997995991983965,60.903027011631025,13.51368929219005,91.439241592405
Clinical,5.915831663326653,60.484636540427054,13.27475099410508,91.31833348519774
Clinical,5.9318637274549095,60.06435025022035,13.039371360844417,91.20365242343358
Clinical,5.947895791583166,59.6422252085372,12.80372839151502,91.09494098627569
Clinical,5.963927855711423,59.218319586879446,12.578455456708522,90.9924244866113
Clinical,5.979959919839679,58.792692633501815,12.352953248371007,90.86899375424963
Clinical,5.995991983967936,58.36540464488708,12.13090757667303,90.73577373511341
Clinical,6.012024048096192,57.936516935944134,11.912286435735362,90.60010555964847
Clinical,6.028056112224449,57.50609180895157,11.697057342513283,90.46863177183444
Clinical,6.044088176352705,57.074192521271144,11.473407560472205,90.3370157271008
Clinical,6.060120240480962,56.640883251866434,11.24751917015109,90.202822984306
Clinical,6.076152304609218,56.20622906665049,11.019787849604034,90.06601157727172
Clinical,6.092184368737475,55.77029588270429,10.796087980428725,89.9265392175616
Clinical,6.108216432865731,55.33315043139649,10.576371583359865,89.78436330876585
Clinical,6.124248496993988,54.89486022044755,10.360590283845925,89.63729181991523
Clinical,6.140280561122244,54.45549349497883,10.148695361347118,89.49257578357282
Clinical,6.1563126252505,54.01511919758606,9.947553775409114,89.34281981594708
Clinical,6.172344689378757,53.573806927489535,9.752970247614485,89.19021596711444
Clinical,6.188376753507013,53.13162689880272,9.561777601041982,89.0347209673951
Clinical,6.20440881763527,52.688649897972724,9.37417276859943,88.8762913472964
Clinical,6.220440881763526,52.24494724044288,9.190257388673341,88.71488345813037
Clinical,6.236472945891783,51.80059072658884,9.013377113875,88.55045172718945
Clinical,6.252505010020039,51.35565259698888,8.84344805943798,88.38214933747854
Clinical,6.268537074148296,50.91020548707672,8.665419769100687,88.21071587787058
Clinical,6.284569138276552,50.46432238124475,8.490633340685001,88.0361068861817
Clinical,6.300601202404809,50.01807656644901,8.319043440364986,87.85827784282615
Clinical,6.316633266533065,49.57154158537918,8.151464199735779,87.67718419846653
Clinical,6.332665330661322,49.124791189258275,7.988950307312938,87.49278140285253
Clinical,6.348697394789578,48.677899290330124,7.829392651484255,87.29836929578836
Clinical,6.364729458917835,48.23093991410217,7.672748708512851,87.0937916417337
Clinical,6.3807615230460915,47.7839871514039,7.5189761147286776,86.8845106520204
Clinical,6.396793587174348,47.337115110329336,7.368032686636581,86.67139200000852
Clinical,6.4128256513026045,46.890397868127096,7.219876440052066,86.45465026538301
Clinical,6.428857715430861,46.44390942310049,7.07446560828627,86.23424517122191
Clinical,6.444889779559118,45.997723646590174,6.931758659402063,86.01013684067065
Clinical,6.460921843687374,45.55191423509602,6.791714312563658,85.78228583781063
Clinical,6.476953907815631,45.10655466260893,6.654291553502204,85.55065320965439
Clinical,6.492985971943887,44.661718133217256,6.519570892698468,85.31520052925624
Clinical,6.509018036072144,44.217477534047354,6.387703878354479,85.07588993992475
Clinical,6.5250501002004,43.77390538860651,6.265371932272311,84.83268420051971
Clinical,6.541082164328657,43.331073810589174,6.1390747371554175,84.58554673181409
Clinical,6.557114228456913,42.889054458206864,6.005808163266283,84.33444166389792
Clinical,6.57314629258517,42.447918489104275,5.8831487613419045,84.07933388459766
Clinical,6.589178356713426,42.00773651591866,5.763127289264937,83.83230813127054
Clinical,6.605210420841683,41.568578562543955,5.645403640455602,83.60437207802467
Clinical,6.621242484969939,41.13051402114953,5.533051879424479,83.37309695746693
Clinical,6.637274549098196,40.69361161001606,5.425643265517851,83.13844925937977
Clinical,6.6533066132264524,40.25793933223567,5.325714897719381,82.89916535720184
Clinical,6.669338677354709,39.82356443532931,5.227523343385109,82.6564254975295
Clinical,6.6853707414829655,39.39055337183201,5.13104221316018,82.36547407980996
Clinical,6.701402805611222,38.95897176088877,5.036245378791501,82.04075129230858
Clinical,6.717434869739479,38.52888435091093,4.932097785610522,81.710185713199
Clinical,6.733466933867735,38.10035498333236,4.818501451996973,81.37373146835321
Clinical,6.749498997995992,37.67344655750549,4.719171855737271,81.03134504250545
Clinical,6.765531062124248,37.2482209967781,4.625431678324399,80.723344509565
Clinical,6.781563126252505,36.82473921578246,4.528166206127467,80.425374581511
Clinical,6.797595190380761,36.4030610889714,4.431174120892252,80.12327176479867
Clinical,6.813627254509018,35.9832454204319,4.336184051415186,79.81701900339641
Clinical,6.829659318637274,35.56534991500252,4.243137252652868,79.50660066661034
Clinical,6.845691382765531,35.149431150721966,4.151997926126728,79.192002599699
Clinical,6.861723446893787,34.735544552626585,4.062730763863487,78.87321217445154
Clinical,6.877755511022044,34.3237443679226,3.9753009492230973,78.55021833964781
Clinical,6.8937875751503,33.914083642543524,3.8896741573041096,78.22301167131472
Clinical,6.909819639278557,33.506614199112235,3.80581655494697,77.89158442269041
Clinical,6.925851703406813,33.10138661631605,3.7236948003551786,77.55590987724446
Clinical,6.94188376753507,32.698450209704376,3.6432760423536563,77.21589035395577
Clinical,6.9579158316633265,32.297853013915336,3.5645279193030777,76.87163792025704
Clinical,6.973947895791583,31.899641766336018,3.487995945661828,76.52315209162482
Clinical,6.989979959919839,31.503861892193516,3.414874875326665,76.17575143196163
Clinical,7.006012024048095,31.110557491081078,3.3472248864391023,75.86987768114737
Clinical,7.022044088176352,30.7197713249096,3.2852621360441447,75.56054561850868
Clinical,7.038076152304608,30.331544807280725,3.210106032677324,75.24788715239508
Clinical,7.054108216432865,29.94591799427326,3.137170199858325,74.93214051747167
Clinical,7.070140280561121,29.5629295766296,3.0724306717916035,74.61331276003548
Clinical,7.086172344689378,29.182616873330055,3.0153232381854487,74.21177796207732
Clinical,7.102204408817634,28.805015826539943,2.9531938527032238,73.7952079112242
Clinical,7.118236472945891,28.430160997909905,2.8884261758565173,73.37247500627238
Clinical,7.134268537074147,28.058085566211478,2.829549934560138,72.94451161440176
Clinical,7.150300601202404,27.688821326285968,2.7745970166088267,72.51134447969639
Clinical,7.1663326653306605,27.32239868928225,2.7210999942700544,72.0730040081503
Clinical,7.182364729458917,26.958846684159415,2.668604949396964,71.62936424006233
Clinical,7.1983967935871735,26.598192960427905,2.6170942438105804,71.20249900147647
Clinical,7.21442885771543,26.240463792098254,2.5665505065751377,70.7900682877104
Clinical,7.230460921843687,25.885684082811597,2.5169566316449483,70.39312582688758
Clinical,7.246492985971943,25.533877372117715,2.468295775458557,69.9548511420902
Clinical,7.2625250501002,25.185065842869896,2.4205513544842723,69.5333038136053
Clinical,7.278557114228456,24.839270329702916,2.373707042720969,69.10794303354284
Clinical,7.294589178356713,24.49651032855932,2.32569788385571,68.67881357828668
Clinical,7.310621242484969,24.156804007229777,2.2759296012897225,68.24476669121951
Clinical,7.326653306613226,23.82016821687022,2.2272015790985122,67.80669594891725
Clinical,7.342685370741482,23.48661850446015,2.181857460679922,67.36376727298702
Clinical,7.358717434869739,23.156169126162844,2.138430247423972,66.87947229562577
Clinical,7.374749498997995,22.82883306155237,2.0958484964526063,66.39101230903474
Clinical,7.390781563126252,22.50462202866577,2.0541783201830244,65.9401715722716
Clinical,7.406813627254508,22.1835464998448,2.0133259520153617,65.49435328392941
Clinical,7.422845691382765,21.865615718326172,1.973269203532301,65.04511099486211
Clinical,7.4388777555110215,21.550837715542915,1.9339932430977154,64.5925083479317
Clinical,7.454909819639278,21.239219329095878,1.8954834893745036,64.13661147983039
Clinical,7.4709418837675345,20.93076622135873,1.857725608149906,63.67748900107707
Clinical,7.486973947895791,20.62548289867651,1.8207055091564224,63.215211972390165
Clinical,7.503006012024048,20.323372731116958,1.7844093428907513,62.74985387740666
Clinical,7.519038076152304,20.024437972741293,1.74885546345629,62.281490591726474
Clinical,7.535070140280561,19.728679782350795,1.7140217349509594,61.81012888781698
Clinical,7.551102204408817,19.436098244675318,1.67986971010446,61.31330505330456
Clinical,7.567134268537074,19.146692391965438,1.6482794252620978,60.791479317715655
Clinical,7.58316633266533,18.860460225950792,1.617567217073149,60.22915450157447
Clinical,7.599198396793587,18.577398740130203,1.5874178704487818,59.6632644716268
Clinical,7.615230460921843,18.297503942357036,1.5578214184198915,59.09395456770385
Clinical,7.6312625250501,18.020770877685298,1.5231982082732618,58.52137405476142
Clinical,7.647294589178356,17.747193651443467,1.4882387103009822,57.94567598578267
Clinical,7.663326653306613,17.476765452501304,1.458382882426655,57.471623326089336
Clinical,7.679358717434869,17.209478576698707,1.42920159447664,56.99920452584035
Clinical,7.695390781563126,16.945324450404726,1.4005956733836231,56.52518267869752
Clinical,7.7114228456913825,16.684293654176027,1.3725541129158316,56.04964487990589
Clinical,7.727454909819639,16.426375946485393,1.3450661039581535,55.57267939202528
Clinical,7.7434869739478955,16.171560287490504,1.318121031519739,55.09437558212584
Clinical,7.759519038076152,15.919834862817556,1.2917084717646694,54.5800885031774
Clinical,7.775551102204409,15.67118710732999,1.263072244173909,54.049939342183215
Clinical,7.791583166332665,15.425603728858984,1.2377395862933287,53.51847287016885
Clinical,7.807615230460921,15.183070731868895,1.2129090115673065,52.985814783588694
Clinical,7.823647294589177,14.943573441035973,1.1886006311823492,52.451170255957436
Clinical,7.839679358717434,14.707096524714705,1.1648631369296691,51.9152097734023
Clinical,7.85571142284569,14.473624018272632,1.1415940337851833,51.37772939858098
Clinical,7.871743486973947,14.243139347271873,1.118784303731251,50.85199228619009
Clinical,7.887775551102203,14.015625350475748,1.0941135236120887,50.351715896238304
Clinical,7.90380761523046,13.791064302665093,1.0698373612066328,49.81323184294859
Clinical,7.9198396793587165,13.56943793724361,1.0460940786869894,49.23332841426916
Clinical,7.935871743486973,13.350727468615755,1.0228722356395772,48.68592870614241
Clinical,7.9519038076152295,13.13491361432325,1.001428803002253,48.14802374908643
Clinical,7.967935871743486,12.921976616921809,0.9796784443961174,47.60924032377254
Clinical,7.983967935871743,12.711896265587683,0.9574262588412257,47.0706477337986
Clinical,8.0,12.504651917438018,0.9371965433420049,46.53202164753265
