series,min_temperature_C,fit_percent,ci_low_percent,ci_high_percent
A549,-35.0,71.47120676315284,58.29858371090711,80.90045776311061
A549,-34.86973947895792,71.24956202839509,57.975521216807756,80.78333226777946
A549,-34.73947895791583,71.02585765371498,57.65459629448475,80.6885449731516
A549,-34.609218436873746,70.80009229550213,57.32316351933532,80.55806652163314
A549,-34.478957915831664,70.5722650758736,56.9948273769531,80.41600346977259
A549,-34.34869739478958,70.34237559124007,56.66511909515474,80.293146715322
A549,-34.21843687374749,70.11042392076223,56.32753369622284,80.14827262608304
A549,-34.08817635270541,69.87641063469272,55.98416074120333,79.99968927337022
A549,-33.95791583166333,69.64033680259729,55.64450236477552,79.86517408607683
A549,-33.82765531062124,69.40220400143657,55.32296991544805,79.74105328522339
A549,-33.69739478957916,69.16201432350647,54.995961477055594,79.59262405388912
A549,-33.567134268537075,68.91977038422142,54.64353713901567,79.43366205882316
A549,-33.43687374749499,68.67547532973865,54.28884754688845,79.2877351474867
A549,-33.3066132264529,68.42913284439965,53.932701232478585,79.13112172679591
A549,-33.17635270541082,68.1807471579951,53.575142156832165,78.97237840008638
A549,-33.04609218436874,67.93032305282956,53.21621504978743,78.81144704973049
A549,-32.91583166332666,67.67786587058305,52.855517561059344,78.64902920786396
A549,-32.78557114228457,67.42338151895508,52.49400279198148,78.49845854969448
A549,-32.655310621242485,67.16687647808637,52.131804903172075,78.34620550997427
A549,-32.5250501002004,66.90835780674097,51.77607870661445,78.19193284720836
A549,-32.394789579158314,66.64783314824038,51.42024714167935,78.02255721916913
A549,-32.26452905811623,66.38531073614813,51.069371351961074,77.84011175926265
A549,-32.13426853707415,66.12079939967667,50.72464590072518,77.6553421493068
A549,-32.00400801603207,65.85430856882759,50.375528246320805,77.48923056196402
A549,-31.87374749498998,65.58584827923546,50.02575596233577,77.34584104909287
A549,-31.743486973947896,65.31542917672029,49.67526812530085,77.19894997757757
A549,-31.613226452905813,65.04306252153137,49.324107768532876,77.02342113111948
A549,-31.482965931863728,64.76876019227107,48.97231826402705,76.86039558367975
A549,-31.352705410821642,64.49253468949651,48.62013959748952,76.70126114815349
A549,-31.22244488977956,64.21439913898301,48.267990660177894,76.5149811501896
A549,-31.092184368737474,63.93436729464195,47.91534611583151,76.31498160715908
A549,-30.96192384769539,63.65245354108512,47.57618778806966,76.11410261403131
A549,-30.831663326653306,63.36867289582587,47.20742751456288,75.92620447732665
A549,-30.701402805611224,63.08304101110908,46.85204598880385,75.73629361217404
A549,-30.571142284569138,62.795574175360855,46.497318749238644,75.54414093697773
A549,-30.440881763527052,62.50628931424867,46.12191299338843,75.34978990844067
A549,-30.31062124248497,62.21520399134953,45.768972510259125,75.15339551040148
A549,-30.180360721442888,61.922336408411965,45.393166838953135,74.957260811572
A549,-30.050100200400802,61.6277054052078,45.03938741997171,74.77738207441531
A549,-29.919839679358716,61.33133045896994,44.68681752951963,74.59505962702146
A549,-29.789579158316634,61.03323168340354,44.3343281511999,74.41027461374568
A549,-29.65931863727455,60.7334298272701,43.981297973781935,74.20705060205427
A549,-29.529058116232466,60.43194627253578,43.62827738808278,73.98692477634935
A549,-29.39879759519038,60.128803032080505,43.28651608356299,73.76363326930196
A549,-29.2685370741483,59.82402274696149,42.92222415239851,73.5635942871996
A549,-29.138276553106213,59.51762868322815,42.58431317339476,73.36869864730313
A549,-29.008016032064127,59.20964472828575,42.232122713272396,73.14418556613438
A549,-28.877755511022045,58.90009538680152,41.87736914995692,72.92332525143773
A549,-28.747494989979963,58.58900577615069,41.522932585233114,72.68859372010346
A549,-28.617234468937877,58.27640162140578,41.168968792631276,72.47023682270611
A549,-28.48697394789579,57.9623092498589,40.846410020963994,72.25081993935468
A549,-28.35671342685371,57.646755585080584,40.52758622022845,72.02638356090561
A549,-28.226452905811623,57.32976814051723,40.209252647596955,71.79693443470698
A549,-28.096192384769537,57.011375012618856,39.891440115778664,71.57798343129674
A549,-27.965931863727455,56.691604873506286,39.57006813505677,71.35005384533727
A549,-27.835671342685373,56.37048696317115,39.202603322481195,71.12001808822218
A549,-27.705410821643287,56.04805108121942,38.85915751390549,70.88773691711926
A549,-27.5751503006012,55.7243275781498,38.493148719210055,70.65325284819544
A549,-27.44488977955912,55.39934734617784,38.11961213247634,70.4200637804539
A549,-27.314629258517034,55.07314180960753,37.74689965994406,70.18685277024466
A549,-27.18436873747495,54.74574291475123,37.37506460215244,69.9511574007756
A549,-27.054108216432866,54.41718311940745,37.01028853554629,69.7131601162953
A549,-26.923847695390783,54.0874953818956,36.649729137221016,69.47948679284906
A549,-26.793587174348698,53.75671314965943,36.31412902290441,69.23079523604738
A549,-26.663326653306612,53.42487034744391,35.97628146351364,68.98659143460429
A549,-26.53306613226453,53.092001365049555,35.640932121766696,68.7395984930421
A549,-26.402805611222448,52.75814104467395,35.307205412170184,68.47292079322928
A549,-26.272545090180362,52.42332466785266,34.97561557514201,68.19102555425609
A549,-26.142284569138276,52.08758794199921,34.64276101847944,67.93344434023496
A549,-26.012024048096194,51.75096698656296,34.3119091831891,67.67379057933383
A549,-25.881763527054108,51.41349831881024,33.98150599357666,67.41207123990775
A549,-25.751503006012022,51.07521883923772,33.603439487410405,67.14829391015962
A549,-25.62124248496994,50.73616581663337,33.274286681593004,66.88246680472909
A549,-25.490981963927858,50.39637687279471,32.95608907811722,66.61459877098915
A549,-25.360721442885772,50.05588996691463,32.63948164901799,66.34405092144095
A549,-25.230460921843687,49.71474337965167,32.31601607181103,66.0711634943136
A549,-25.100200400801604,49.3729756968933,31.966522652303826,65.76996704236979
A549,-24.969939879759522,49.03062579323021,31.629127019545475,65.49144998249136
A549,-24.839679358717433,48.68773281515247,31.289270567827142,65.19159547872115
A549,-24.70941883767535,48.344336163983314,30.945333586747243,64.87664184506437
A549,-24.57915831663327,48.00047547856737,30.60344318602986,64.55927562895727
A549,-24.448897795591183,47.656190617724135,30.295149173657947,64.27245459922013
A549,-24.318637274549097,47.31152164248901,29.99483908756492,63.982664714887
A549,-24.188376753507015,46.96650879815013,29.644356845941957,63.67134340900273
A549,-24.058116232464933,46.62119249610687,29.328740562957435,63.35774417842452
A549,-23.927855711422847,46.27561329555672,29.01494389465357,63.04201242637315
A549,-23.79759519038076,45.929811885036614,28.736633565199742,62.71809299298859
A549,-23.66733466933868,45.5838290638297,28.45642851996227,62.40478395970618
A549,-23.537074148296593,45.237705723257726,28.143979517483853,62.09807245336969
A549,-23.406813627254508,44.891482827878555,27.833375523526687,61.81518150002666
A549,-23.276553106212425,44.5452013966014,27.524640720370893,61.513798878279964
A549,-23.146292585170343,44.19890248374431,27.21779851153538,61.20918592904266
A549,-23.016032064128257,43.85262716004701,26.912871519838635,60.902822484755724
A549,-22.88577154308617,43.506416493660254,26.619799335056374,60.56862853330495
A549,-22.75551102204409,43.160311531128855,26.328830660104977,60.222704624640585
A549,-22.625250501002007,42.81435327838648,26.013732056958645,59.90019678438549
A549,-22.49498997995992,42.46858268178199,25.69819514425833,59.583582529329234
A549,-22.364729458917836,42.12304060915477,25.387808869361333,59.265182141195744
A549,-22.234468937875754,41.777767830975556,25.104020628697594,58.94521927051848
A549,-22.104208416833668,41.43280500157487,24.831860515626516,58.62372194687954
A549,-21.973947895791582,41.088192640473025,24.563172425333228,58.29789994749201
A549,-21.8436873747495,40.74397111383264,24.26601324257993,57.9586934515249
A549,-21.713426853707418,40.40018061604932,23.986946786164168,57.65150368247373
A549,-21.583166332665332,40.056861151499,23.700071870020487,57.32419859054306
A549,-21.452905811623246,39.714052516459034,23.41757955736054,56.984153567250296
A549,-21.322645290581164,39.37179428121954,23.129295487562405,56.64266549179933
A549,-21.19238476953908,39.03012577240374,22.854093299944246,56.30438530725859
A549,-21.062124248496993,38.68908605550727,22.582887227774275,55.97826110718128
A549,-20.93186372745491,38.3487139176851,22.305936317585928,55.650305988038724
A549,-20.80160320641283,38.009047850785606,22.038359476684082,55.28412728280249
A549,-20.671342685370742,37.67012603466026,21.77911821436151,54.93559250328151
A549,-20.541082164328657,37.33198632075696,21.519430257065938,54.582547735353366
A549,-20.410821643286575,36.99466621601424,21.258949166582966,54.237519960536595
A549,-20.280561122244492,36.658202867067246,21.00063548696037,53.904679197647354
A549,-20.150300601202407,36.32263304478334,20.737416389955772,53.57952983961436
A549,-20.02004008016032,35.98799312913576,20.47931970894941,53.22755559260579
A549,-19.88977955911824,35.654319094431244,20.23875472591316,52.86768291851948
A549,-19.759519038076153,35.32164649490164,19.989163267724578,52.54052999076728
A549,-19.629258517034067,34.9900104506711,19.741762306109585,52.20635320209267
A549,-19.498997995991985,34.65944563411055,19.496554568308063,51.852195804382475
A549,-19.368737474949903,34.32998625658763,19.25362289127989,51.48732213464171
A549,-19.238476953907817,34.0016660556258,19.001592053870702,51.12547834099259
A549,-19.10821643286573,33.674518282475326,18.747884629952132,50.78789640104258
A549,-18.97795591182365,33.34857569011095,18.51606051419707,50.428828239199866
A549,-18.847695390781563,33.02387052166113,18.28665903195957,50.11220209883154
A549,-18.71743486973948,32.700434499273975,18.047858756302553,49.773131744452336
A549,-18.587174348697395,32.37829881343148,17.80434168217966,49.4243044126187
A549,-18.456913827655313,32.057494112713236,17.58282957503577,49.06069510843535
A549,-18.326653306613228,31.73805049401808,17.363182787050853,48.691329006181014
A549,-18.196392785571142,31.419997493246512,17.146211571288347,48.32123997531054
A549,-18.06613226452906,31.103364076448504,16.93132610648818,47.95048041774291
A549,-17.935871743486974,30.788178631441067,16.711147054976664,47.59094105418748
A549,-17.80561122244489,30.47446895989612,16.48668470337216,47.2327424326136
A549,-17.675350701402806,30.16226226990446,16.264555151643133,46.87708212139773
A549,-17.545090180360724,29.85158516901201,16.044752497037454,46.49545637265311
A549,-17.414829659318638,29.542463657735517,15.827270322275641,46.12896563863448
A549,-17.284569138276556,29.23492312355241,15.612193801284787,45.761009219543006
A549,-17.15430861723447,28.928988335369937,15.404557775800486,45.387422425591204
A549,-17.024048096192384,28.624683438466686,15.200052556835052,45.00565170465735
A549,-16.893787575150302,28.322031949909995,14.989597869878226,44.62380480676554
A549,-16.763527054108216,28.021056754446953,14.781487575780053,44.26866351437699
A549,-16.633266533066134,27.721780100861206,14.576730626755301,43.901102323012466
A549,-16.50300601202405,27.424223598800378,14.380005033242918,43.539080533644096
A549,-16.372745490981966,27.12840821606459,14.185625203040505,43.184744524697315
A549,-16.24248496993988,26.83435427635249,13.995384653408014,42.809880467452146
A549,-16.1122244488978,26.542081457465624,13.812322113835256,42.44761990405764
A549,-15.981963927855713,26.251608789957036,13.629973529659095,42.097933839037694
A549,-15.851703406813627,25.962954656227602,13.441505744872698,41.748524966484545
A549,-15.721442885771545,25.676136790058084,13.260726799220343,41.39865477949874
A549,-15.591182364729459,25.391172276572373,13.081953541341985,41.04670064469001
A549,-15.460921843687377,25.10807755262589,12.905280157464253,40.700970302039906
A549,-15.330661322645291,24.826868407611293,12.73088912740585,40.338180807540766
A549,-15.200400801603209,24.547559984673036,12.558461531568415,39.98261955716608
A549,-15.070140280561123,24.270166782324726,12.390506886448065,39.6327130779329
A549,-14.939879759519041,23.99470265645895,12.218980565548954,39.283350848177356
A549,-14.809619238476955,23.721180822742728,12.057272219986158,38.93457669749999
A549,-14.67935871743487,23.449613859389014,11.89143911116294,38.5938184627928
A549,-14.549098196392787,23.18001371029488,11.724305493487305,38.238377168011766
A549,-14.418837675350701,22.912391688536978,11.567863934041942,37.863290935539
A549,-14.28857715430862,22.64675848021565,11.414429861803638,37.52605638180497
A549,-14.158316633266534,22.383124148636597,11.246644976720239,37.1895888218614
A549,-14.028056112224451,22.121498138820897,11.090881412141567,36.85392684205328
A549,-13.897795591182366,21.86188928233241,10.937494960277489,36.51197210619877
A549,-13.767535070140283,21.604305802414032,10.79531379160368,36.16956642705708
A549,-13.637274549098198,21.348755319418895,10.635655710673484,35.8281247775442
A549,-13.507014028056112,21.095244856529998,10.487535360165086,35.48768708798791
A549,-13.37675350701403,20.843780845754605,10.341028021699977,35.15016081333927
A549,-13.246492985971944,20.594369134183943,10.196103353359597,34.82566230615293
A549,-13.116232464929862,20.34701499050686,10.047586566610448,34.49958929071937
A549,-12.985971943887776,20.101723111766617,9.891318281719986,34.15884488105276
A549,-12.855711422845694,19.8584976303508,9.737330896420536,33.81932417879739
A549,-12.725450901803608,19.617342121201748,9.594988784306823,33.48106557016833
A549,-12.595190380761526,19.37825960923837,9.464279182977094,33.14430037636353
A549,-12.46492985971944,19.141252576976658,9.320097198602529,32.82840604335152
A549,-12.334669338677354,18.906322972340465,9.178084769251448,32.513540830540244
A549,-12.204408817635272,18.673472216648683,9.037728808782516,32.19993520553822
A549,-12.074148296593187,18.44270121277105,8.899797701610535,31.88763377481251
A549,-11.943887775551104,18.214010353439882,8.764078863527722,31.57666460684187
A549,-11.813627254509019,17.987399529708213,8.63654478736004,31.267055221755776
A549,-11.683366733466936,17.762868139543464,8.510710952700073,30.95883258379495
A549,-11.55310621242485,17.540415096546738,8.38661823895971,30.652023094228987
A549,-11.422845691382769,17.320038838786886,8.264148358508132,30.322250967499965
A549,-11.292585170340683,17.10173733774001,8.137645924591153,29.969549527563174
A549,-11.162324649298597,16.885508107323773,8.015710451946342,29.65017706767561
A549,-11.032064128256515,16.67134821301713,7.898992548453943,29.337033755905892
A549,-10.901803607214429,16.459254281057035,7.779376469238635,29.008198118782673
A549,-10.771543086172347,16.249222507699784,7.666177884549889,28.67952850125483
A549,-10.641282565130261,16.041248668540348,7.5546093429715775,28.34511164542213
A549,-10.511022044088179,15.835328127880915,7.442320465741338,28.024268006390425
A549,-10.380761523046093,15.631455848137255,7.335982413755086,27.713135801039268
A549,-10.250501002004011,15.429626399276218,7.228817261738475,27.402720132486426
A549,-10.120240480961925,15.229833968276571,7.1231148214030595,27.094104974012353
A549,-9.989979959919843,15.03207236860291,7.0105942019503935,26.78003247936211
A549,-9.859719438877757,14.836335049685069,6.897799256706316,26.482696857234245
A549,-9.729458917835672,14.642615106398358,6.796061440621596,26.154723474561692
A549,-9.59919839679359,14.450905288532049,6.696549106621245,25.84362898037909
A549,-9.468937875751504,14.2611980102424,6.601430882969001,25.52580493100036
A549,-9.338677354709422,14.07348535948299,6.498808461159292,25.226133464082448
A549,-9.208416833667336,13.887759107402829,6.404559767597314,24.93136413340583
A549,-9.078156312625254,13.704010717709702,6.304674125248746,24.619774797085032
A549,-8.947895791583168,13.522231355987977,6.2047220773060765,24.332904089244234
A549,-8.817635270541086,13.34241189896841,6.103140914488526,24.03741897308438
A549,-8.687374749499,13.16454294374217,6.007788664264654,23.744054625451422
A549,-8.557114228456914,12.988614816913476,5.914186733758978,23.47911500155992
A549,-8.426853707414832,12.814617583686593,5.824168443707583,23.221133084028878
A549,-8.296593186372746,12.642541056880038,5.7354789285659376,22.944138358279016
A549,-8.166332665330664,12.472374805865275,5.64804765419703,22.668897921760593
A549,-8.036072144288578,12.304108165423417,5.561859567393533,22.39555224015152
A549,-7.905811623246496,12.137730244516193,5.476899709649652,22.127696807823938
A549,-7.77555110220441,11.973229934967222,5.393153219402537,21.873165412125452
A549,-7.645290581162328,11.810595920048645,5.31358011138603,21.620620890249658
A549,-7.515030060120242,11.649816682969993,5.230089401396763,21.37006945715521
A549,-7.384769539078157,11.490880515265697,5.151249217155994,21.133019636409035
A549,-7.2545090180360745,11.333775525077508,5.073525415713195,20.896045287598493
A549,-7.124248496993989,11.178489645328577,4.996989815769168,20.648044470389376
A549,-6.993987975951907,11.025010641787036,4.921529771596501,20.404955907985563
A549,-6.863727454909821,10.873326121015076,4.850335674900403,20.1591303292711
A549,-6.733466933867739,10.723423538202153,4.779281782534276,19.9151675202574
A549,-6.603206412825653,10.575290204879414,4.709211113126941,19.66444357234634
A549,-6.472945891783571,10.428913296512846,4.640250059862666,19.407413772756456
A549,-6.342685370741485,10.284279859973719,4.572029650612298,19.154963177897894
A549,-6.212424849699399,10.141376820884748,4.504779676139817,18.90521861331676
A549,-6.082164328657317,10.000190990839268,4.438578099420765,18.657587730596447
A549,-5.951903807615231,9.860709074493045,4.369429924855888,18.41230997753844
A549,-5.821643286573149,9.722917676527148,4.298857451990924,18.169426563944985
A549,-5.691382765531063,9.58680330848042,4.231707861973322,17.928935987199846
A549,-5.561122244488981,9.45235239545113,4.166620330858763,17.702197853861733
A549,-5.430861723446895,9.319551282666543,4.107503580106606,17.46181268948857
A549,-5.300601202404813,9.188386241920195,4.049259765791888,17.223030498454712
A549,-5.1703406813627275,9.058843477875845,3.9840574228550514,16.99136904455741
A549,-5.040080160320642,8.930909134238492,3.916530203728875,16.76355249488333
A549,-4.90981963927856,8.804569299791403,3.8563209088421635,16.536573681974602
A549,-4.779559118236474,8.679810014299578,3.7920687517209397,16.320955978464188
A549,-4.649298597194392,8.556617274279809,3.733718219029094,16.10371403762696
A549,-4.519038076152306,8.434977038636625,3.6764661544114166,15.898549544787127
A549,-4.388777555110224,8.314875234165918,3.6197131150465123,15.703996131225896
A549,-4.258517034068138,8.196297760924724,3.5562707837768976,15.511151673116768
A549,-4.128256513026056,8.079230497469393,3.5060565900654987,15.319775767197322
A549,-3.99799599198397,7.963659305961494,3.4490340926280103,15.130281408913543
A549,-3.8677354709418843,7.849570037142927,3.392901931254602,14.942661947949395
A549,-3.737474949899802,7.7369485351805345,3.3375457223852685,14.750259538387853
A549,-3.6072144288577164,7.625780642381209,3.282009449677151,14.551647963111217
A549,-3.476953907815634,7.516052203778762,3.2273623272371323,14.355171576084375
A549,-3.3466933867735484,7.407749071592828,3.1736109728611988,14.154371572920164
A549,-3.2164328657314663,7.300857109561867,3.122074443383427,13.945973475217123
A549,-3.0861723446893805,7.1953621971505575,3.0748278887591156,13.74008720580767
A549,-2.9559118236472983,7.091250233633367,3.02464180321905,13.538510365478057
A549,-2.825651302605209,6.988507142055297,2.977374410566003,13.365841248991497
A549,-2.695390781563127,6.887118873071602,2.933344824766521,13.194993764154741
A549,-2.5651302605210446,6.787071408667095,2.8898928595282656,13.02595840087931
A549,-2.4348697394789625,6.6883507657572885,2.846429120666512,12.85872544089576
A549,-2.304609218436873,6.590942999672572,2.8026404641185936,12.681845736815006
A549,-2.174348697394791,6.4948342075267735,2.75571057089098,12.506437859958465
A549,-2.044088176352709,6.400010531472138,2.7133221708919915,12.34015068152701
A549,-1.9138276553106266,6.306458161841792,2.6716959759887997,12.161093539041953
A549,-1.7835671342685373,6.214163340182146,2.6306891584478773,11.986853040357628
A549,-1.6533066132264551,6.123112362175723,2.590332767973774,11.816005793616233
A549,-1.523046092184373,6.0332915804577985,2.550603424188358,11.637580431949539
A549,-1.3927855711422836,5.944687407326691,2.5114864602838756,11.466092860503194
A549,-1.2625250501002014,5.857286317351146,2.4729523547204204,11.296756950424625
A549,-1.1322645290581193,5.771074849875587,2.4309223623822387,11.129556745758924
A549,-1.002004008016037,5.686039611425308,2.386680348962268,10.964476074037773
A549,-0.8717434869739478,5.602167278013477,2.345225061133675,10.8014985584699
A549,-0.7414829659318656,5.51944459735183,2.3087380936468405,10.640607629909212
A549,-0.6112224448897834,5.437858390966734,2.2728505513825024,10.481786538597255
A549,-0.4809619238477012,5.357395556222519,2.237506811059629,10.325018365677463
A549,-0.3507014028056119,5.278043068253922,2.202699066182706,10.178043101944805
A549,-0.22044088176352972,5.199787981809559,2.1684196089081693,10.042052981961387
A549,-0.09018036072144753,5.1226174330082,2.1346608292205635,9.907656105511725
A549,0.04008016032064177,5.04651864100972,2.101436581661759,9.76503488011325
A549,0.17034068136272396,4.9714789096025145,2.068750885428931,9.620540328902688
A549,0.30060120240480614,4.8974856287094095,2.036561988573981,9.47791394629866
A549,0.43086172344688833,4.8245262758135175,2.0048626987061757,9.340797174995544
A549,0.5611222444889776,4.7525884173064545,1.971891076049966,9.212975546844387
A549,0.6913827655310598,4.681659709760041,1.9423533289976374,9.08552130032657
A549,0.821643286573142,4.61172790112397,1.9123092593410729,8.960348548973743
A549,0.9519038076152313,4.542780831850619,1.8823689787984252,8.817778768192502
A549,1.0821643286573135,4.474806435949319,1.8500138513056164,8.679569218034679
A549,1.2124248496993957,4.407792741971404,1.8182031391473594,8.556818726823593
A549,1.3426853707414779,4.341727873928266,1.7869280832000471,8.44134034290774
A549,1.4729458917835672,4.27660005214357,1.756180051530995,8.328176823836243
A549,1.6032064128256494,4.212397594041896,1.7259505380285092,8.218464004785867
A549,1.7334669338677315,4.149108914875248,1.6982394254260256,8.113000779782135
A549,1.8637274549098137,4.086722528388952,1.6710825896301782,7.996558038051927
A549,1.993987975951903,4.0252270474290395,1.6444115345062411,7.88622983858798
A549,2.124248496993985,3.9646111844923912,1.6192417949290554,7.7786063119588515
A549,2.2545090180360674,3.904863752221315,1.5951034518500924,7.665717973848265
A549,2.3847695390781567,3.845973663844375,1.5713185850265365,7.56132715778348
A549,2.515030060120239,3.7879299335646985,1.5478822072901115,7.449581983153228
A549,2.645290581162321,3.7307216768977383,1.5236124496459869,7.351122079562914
A549,2.7755511022044033,3.674338110959548,1.4980599177472549,7.25150355611496
A549,2.9058116232464926,3.6187685547075406,1.472416725559594,7.158006638530097
A549,3.0360721442885747,3.564002429134716,1.4468506405490313,7.0578560845084235
A549,3.166332665330657,3.5100292574195397,1.4220655476129593,6.958182186827939
A549,3.2965931863727462,3.4568386650318916,1.398418484306939,6.860001999008283
A549,3.4268537074148284,3.4044203797975023,1.3767739039426123,6.763241631556752
A549,3.5571142284569106,3.3527642319215962,1.35436230225005,6.667607298218217
A549,3.687374749498993,3.3018601539734793,1.3317639588541645,6.573030673192568
A549,3.817635270541082,3.2516981808330474,1.3095265037039752,6.4796916468948265
A549,3.9478957915831643,3.202268449600946,1.2885703211734456,6.387576961292721
A549,4.0781563126252465,3.1535611994731916,1.2680066034379684,6.295941302108371
A549,4.208416833667329,3.105566771582105,1.2477664357656428,6.203254212370113
A549,4.338677354709418,3.0582756088041414,1.2278448740024093,6.110546350185741
A549,4.4689378757515,3.0116782555362445,1.2064770023988816,6.019754383888667
A549,4.599198396793582,2.965765357441848,1.184362156287853,5.937590828017736
A549,4.729458917835672,2.9205276611676547,1.1636329303717887,5.860348569171387
A549,4.859719438877754,2.8759560140321048,1.144100330822699,5.7765296282587695
A549,4.989979959919836,2.832041363687111,1.124899340626144,5.690074014779609
A549,5.120240480961918,2.7887747577536386,1.1060754950304996,5.6079519149987345
A549,5.2505010020040075,2.74614734343257,1.0875742310915844,5.523930192314206
A549,5.38076152304609,2.7041503670917155,1.069378684840711,5.443457959411388
A549,5.511022044088172,2.662775173829903,1.0514526911432955,5.3604474894002605
A549,5.641282565130261,2.6220132070193745,1.0337981232056066,5.284439683595562
A549,5.771543086172343,2.5818560078272204,1.0164365623513902,5.209300703286889
A549,5.9018036072144255,2.542295214716893,0.9985242628776066,5.135152200166762
A549,6.032064128256508,2.503322562930718,0.9798363227558525,5.059218179548763
A549,6.162324649298597,2.4649298839542424,0.9617306824904861,4.982490285550612
A549,6.292585170340679,2.42710910496341,0.9459107363103294,4.907654850225895
A549,6.422845691382761,2.389852248255188,0.9310920073077794,4.839762983040373
A549,6.553106212424844,2.3531514306627273,0.9150839053578033,4.763347247297362
A549,6.683366733466933,2.316998862955613,0.9005339526236406,4.686283750675456
A549,6.813627254509015,2.281386849226331,0.8862486039239869,4.614815725572047
A549,6.943887775551097,2.2463077862631855,0.8721875905933881,4.544378991556712
A549,7.074148296593187,2.2117541629109496,0.8581010907483972,4.482676626045759
A549,7.204408817635269,2.1777185594196014,0.8437214293476645,4.422810797862597
A549,7.334669338677351,2.1441936467820617,0.8295963332479034,4.366432911141216
A549,7.464929859719433,2.1111721860614057,0.8175918536732426,4.310916197946424
A549,7.595190380761522,2.078647027708392,0.8028775990463115,4.248908471601244
A549,7.725450901803605,2.0466111108699,0.7884484486104096,4.188668272464611
A549,7.855711422845687,2.0150574626887865,0.775201698619555,4.129356538568122
A549,7.985971943887776,1.9839791975958851,0.7621442946288179,4.066816232484535
A549,8.116232464929858,1.953369516594728,0.7493260522394705,4.0048600503610485
A549,8.24649298597194,1.9232217065394561,0.7367283731309191,3.9438033036055775
A549,8.376753507014023,1.8935291394065548,0.7243407410535194,3.884756543240449
A549,8.507014028056112,1.8642852715609768,0.7124154999241447,3.8264841270115086
A549,8.637274549098194,1.835483643016955,0.7007366370885179,3.768595090667354
A549,8.767535070140276,1.8071178766943234,0.688882841137233,3.711543313601485
A549,8.897795591182359,1.7791816776705325,0.677150605709973,3.655317847171885
A549,9.028056112224448,1.7516688324290361,0.6665797384734918,3.6032543316912866
A549,9.15831663326653,1.7245732081043519,0.655890723412614,3.557010256990102
A549,9.288577154308612,1.6978887517242622,0.6451317706729089,3.5113366265178025
A549,9.418837675350701,1.6716094894497264,0.6345480454324068,3.4619534985934153
A549,9.549098196392784,1.6457295258126055,0.6241367348102552,3.411066026287987
A549,9.679358717434866,1.6202430429519112,0.6138990953539125,3.361031060437072
A549,9.809619238476948,1.59514429984871,0.6030841891743465,3.3133624000006803
A549,9.939879759519037,1.5704276315602557,0.5924439669524775,3.268983914340339
A549,10.07014028056112,1.5460874484534117,0.582671598372989,3.2251739316734094
A549,10.200400801603202,1.522118235438068,0.5733833287960775,3.181901940283026
A549,10.330661322645291,1.4985145512005604,0.5634268435896641,3.1365442817914366
A549,10.460921843687373,1.4752710274375862,0.5536012014460767,3.092628964959395
A549,10.591182364729455,1.4523823680908017,0.5439458835902756,3.045951549554072
A549,10.721442885771538,1.4298433485824866,0.5352069142054361,3.0016137465634865
A549,10.851703406813627,1.4076488150525108,0.5266268361070027,2.961101546097623
A549,10.981963927855709,1.3857936835968834,0.5175310655796573,2.9217408673047958
A549,11.112224448897791,1.364272939508005,0.5091937505920231,2.8758770507258924
A549,11.242484969939873,1.3430816365171678,0.5003354283803615,2.8339788029421933
A549,11.372745490981963,1.3222148960392048,0.4918823087078639,2.797374721771267
A549,11.503006012024045,1.301667906419727,0.48414266505737746,2.7599767710387395
A549,11.633266533066127,1.2814359221850824,0.47652525939317725,2.720788286103368
A549,11.763527054108216,1.261514263295257,0.46836561067965216,2.682086003894672
A549,11.893787575150299,1.2418983143999038,0.4602370128902064,2.6437612026769735
A549,12.02404809619238,1.2225835240976988,0.45288175395570185,2.6060620313922382
A549,12.154308617234463,1.2035654041991821,0.44607365318374875,2.5689341054734647
A549,12.284569138276552,1.1848395289932843,0.4391137894550121,2.5322646844713703
A549,12.414829659318634,1.1664015345176806,0.43237878575665906,2.4939090199943514
A549,12.545090180360717,1.1482471178331106,0.4257465928456389,2.4565351095600394
A549,12.675350701402806,1.1303720363018266,0.41920851331722353,2.42084530509147
A549,12.805611222444888,1.1127721068703251,0.4122589098844829,2.384247526029009
A549,12.93587174348697,1.0954432053564571,0.4049433224145564,2.3475131325088814
A549,13.066132264529053,1.0783812657410585,0.3984366245543353,2.3110349551101113
A549,13.196392785571142,1.0615822794642158,0.3920340590506277,2.275094545555748
A549,13.326653306613224,1.0450422947262898,0.38544796495837297,2.2396867657216806
A549,13.456913827655306,1.0287574157937416,0.37891108080882757,2.205388771341919
A549,13.587174348697388,1.0127238023099991,0.37250527520427834,2.1723022161402206
A549,13.717434869739478,0.9969376686112308,0.3662073545525643,2.138404137953729
A549,13.84769539078156,0.9813952830473808,0.3603038929918307,2.1058386143075416
A549,13.977955911823642,0.966092967308266,0.3539012769135391,2.072425293272198
A549,14.108216432865731,0.9510270957550875,0.3478909877707559,2.0398530709066836
A549,14.238476953907814,0.9361940947571866,0.34198445216001244,2.007972578757595
A549,14.368737474949896,0.9215904420342411,0.33618899639690686,1.976550412055727
A549,14.498997995991978,0.907212666003975,0.3304913925561975,1.945609057960736
A549,14.629258517034067,0.8930573451353054,0.3248689552411737,1.9189810929950943
A549,14.75951903807615,0.8791211073071555,0.31936861663266974,1.8888486549149535
A549,14.889779559118232,0.8654006291728127,0.31350705495628833,1.862156153569464
A549,15.020040080160314,0.8518926355299882,0.3083157993061164,1.8360479862011272
A549,15.150300601202403,0.8385938986965663,0.3027960224470686,1.8063289695652855
A549,15.280561122244485,0.8255012378920688,0.2973747414833922,1.778132053044728
A549,15.410821643286567,0.8126115186248986,0.292050210368738,1.751946262117243
A549,15.541082164328657,0.7999216520853614,0.2870557338429133,1.7261139337124327
A549,15.671342685370739,0.7874285945444688,0.28233847216402747,1.7006507791209764
A549,15.801603206412821,0.7751293467586121,0.27767611502736367,1.6741570343810876
A549,15.931863727454903,0.7630209533800603,0.27267938046411777,1.647555466010737
A549,16.062124248496993,0.7511005023732535,0.2680370943636835,1.6213170403383086
A549,16.192384769539075,0.7393651244370716,0.26370377671653694,1.5947310223643671
A549,16.322645290581157,0.7278119924328521,0.25944159108893167,1.5702236632053155
A549,16.452905811623246,0.7164383208183474,0.25525969234944645,1.5453076525611174
A549,16.58316633266533,0.7052413650875484,0.25081528247818646,1.5213863864761206
A549,16.71342685370741,0.6942184212163475,0.24644719508636864,1.4997818779674976
A549,16.843687374749493,0.6833668251140762,0.24215497825247256,1.4788917743923091
A549,16.973947895791582,0.6726839520809224,0.23815103885132305,1.455690759406376
A549,17.104208416833664,0.6621672162711643,0.23432804961083936,1.4327258571198611
A549,17.234468937875747,0.6518140701622531,0.23063401888341017,1.4101175726619912
A549,17.36472945891783,0.6416220040297306,0.22685835496567566,1.387860547003935
A549,17.494989979959918,0.6315885454279163,0.22320832386103664,1.36734174670051
A549,17.625250501002,0.6217112586764333,0.21961688143277205,1.3481965178536937
A549,17.755511022044082,0.6119877443524725,0.21584400258442554,1.3293101161517318
A549,17.88577154308617,0.6024156387887942,0.21223505386756594,1.3106842912173955
A549,18.016032064128254,0.5929926135775215,0.20847538086739392,1.2913449508203483
A549,18.146292585170336,0.5837163750795177,0.204885388104691,1.2691315415385693
A549,18.27655310621242,0.5745846639395824,0.20136022726397296,1.2507322635866869
A549,18.406813627254508,0.5655952546071743,0.19789714680607703,1.2320971616009964
A549,18.53707414829659,0.5567459548628324,0.19462496919167582,1.2139906845835604
A549,18.667334669338672,0.5480346053501506,0.1914161482779183,1.1955241855668988
A549,18.79759519038076,0.5394590791133256,0.1882601218111778,1.1785931885011462
A549,18.927855711422843,0.5310172811402111,0.18499131123847865,1.1612679958477807
A549,19.058116232464926,0.5227071479109126,0.18152964465101443,1.143129270995123
A549,19.188376753507008,0.5145266469517779,0.17841827449187664,1.125196567927727
A549,19.318637274549097,0.5064737763948712,0.17534872137756352,1.1075415423582347
A549,19.44889779559118,0.49854656454279145,0.1722195649590453,1.0901600079676135
A549,19.57915831663326,0.4907430694388646,0.16931633087430248,1.0730478380180934
A549,19.709418837675344,0.4830613784426379,0.16659328297037887,1.0565808529493412
A549,19.839679358717433,0.47549960781065315,0.1637676414562295,1.0414158335903352
A549,19.969939879759515,0.46805590228245675,0.16125861678853223,1.0269225798319974
A549,20.100200400801597,0.46072843467178554,0.15844242767347733,1.0126271300765743
A549,20.230460921843687,0.45351540546293717,0.15555716010578083,0.9984922467102192
A549,20.36072144288577,0.4464150424122251,0.15291422192177295,0.9832667599618127
A549,20.49098196392785,0.43942560015451,0.15035583444036532,0.9686506541361396
A549,20.621242484969933,0.43254535981477865,0.14777364812461202,0.9549608753987883
A549,20.751503006012022,0.4257726286246664,0.1452466460698988,0.941453142773403
A549,20.881763527054105,0.4191057395439752,0.1427731229054772,0.9281248744373675
A549,21.012024048096187,0.4125430508870407,0.14034805334886186,0.914983369682357
A549,21.142284569138276,0.4060829459539851,0.1379641121137683,0.9020260657586167
A549,21.27254509018036,0.3997238326667651,0.1356206038030751,0.8892392149124143
A549,21.40280561122244,0.3934641432099945,0.13331821364391586,0.875404300619127
A549,21.533066132264523,0.38730233367647693,0.13115481450267283,0.8621678570464412
A549,21.663326653306612,0.38123688371742964,0.12891826650664368,0.8503490972130952
A549,21.793587174348694,0.37526629619731755,0.1267615930643163,0.8379507157465013
A549,21.923847695390776,0.36938909685329896,0.12465759859021837,0.8255952537600739
A549,22.05410821643286,0.36360383395918777,0.12249069527594521,0.8134040824289862
A549,22.184368737474948,0.35790907799392463,0.12038386814243013,0.8013177638621015
A549,22.31462925851703,0.35230342131448505,0.11823979225324101,0.7895863722232203
A549,22.444889779559112,0.3467854778332105,0.1162279545927531,0.777966803136817
A549,22.5751503006012,0.341353882699481,0.11422760377373277,0.7667943048930829
A549,22.705410821643284,0.33600729198570073,0.11222895527347145,0.7560643146744963
A549,22.835671342685366,0.33074438237755693,0.1102751104389476,0.7449843262717988
A549,22.965931863727448,0.32556385086850476,0.10848920782880175,0.734593785112314
A549,23.096192384769537,0.32046441445840645,0.10650794140065278,0.7246416812208206
A549,23.22645290581162,0.3154448098563285,0.10457325407800541,0.7137232679320406
A549,23.3567134268537,0.31050379318739785,0.10273959808002765,0.7035754294493203
A549,23.48697394789579,0.30564013970372095,0.10093806070398934,0.6936263331253518
A549,23.617234468937873,0.30085264349927543,0.09907964482608649,0.6829488076621328
A549,23.747494989979955,0.2961401172287707,0.09727499318936964,0.6727613643362478
A549,23.877755511022038,0.2915013918303957,0.09568192293855637,0.6621039067953298
A549,24.008016032064127,0.2869353162524409,0.09405590938843934,0.652730629167798
A549,24.13827655310621,0.282440757183727,0.09241165586290108,0.643338842056298
A549,24.26853707414829,0.2780165987878097,0.09083110315149434,0.6344734512996388
A549,24.398797595190373,0.27366174244090685,0.08932378843299892,0.6250362048800241
A549,24.529058116232463,0.26937510647351526,0.08787167402633841,0.6157209489784297
A549,24.659318637274545,0.2651556259156597,0.08638298540979952,0.6065332441436585
A549,24.789579158316627,0.26100225224574386,0.08486641724015102,0.5974817196775986
A549,24.919839679358716,0.2569139531429502,0.08337645152021098,0.5882173989630348
A549,25.0501002004008,0.252889712243157,0.0819121332118425,0.5790921216826069
A549,25.18036072144288,0.2489285288983138,0.0804706964918075,0.570107512955353
A549,25.310621242484963,0.2450294179392481,0.07905460338552674,0.5614614337413123
A549,25.440881763527052,0.241191409441855,0.0776648884964573,0.5537894536996926
A549,25.571142284569135,0.23741354849662613,0.07630054240294232,0.5459765293307143
A549,25.701402805611217,0.23369489498147736,0.07498157645907104,0.5378318794913366
A549,25.831663326653306,0.23003452333784288,0.07377877292815435,0.5296558510910886
A549,25.961923847695388,0.2264315223499745,0.0724741390748102,0.521714901110608
A549,26.09218436873747,0.22288499492743416,0.07121517510531587,0.5139343251166226
A549,26.222444889779553,0.21939405789070804,0.07000666369580587,0.5061186404873894
A549,26.352705410821642,0.21595784175992794,0.06881864556056044,0.4988904431790512
A549,26.482965931863724,0.21257549054664912,0.06765077370613082,0.4914433634328438
A549,26.613226452905806,0.2092461615486398,0.06650279683064701,0.4841068427706385
A549,26.74348697394789,0.20596902514766421,0.06532162199914567,0.47687925778540147
A549,26.873747494989978,0.20274326461018574,0.06426959605209404,0.46996751954721594
A549,27.00400801603206,0.19956807589099662,0.06317859049809453,0.46293773030545277
A549,27.134268537074142,0.19644266743969105,0.062106093586556194,0.45601218419223377
A549,27.26452905811623,0.19336626000998264,0.06105179173698107,0.44916896650991417
A549,27.394789579158314,0.19033808647180006,0.06001726322435988,0.44242793778159795
A549,27.525050100200396,0.18735739162614273,0.05900111770090617,0.43578758711068644
A549,27.655310621242478,0.18442343202264666,0.05800119147070484,0.42924642548973757
A549,27.785571142284567,0.18153547577984516,0.05700418615269529,0.4228033805540526
A549,27.91583166332665,0.17869280240805335,0.056024309851980945,0.4164512233592594
A549,28.04609218436873,0.17589470263487827,0.055104152943914214,0.410203506839287
A549,28.17635270541082,0.17314047823330078,0.054170314644536026,0.4038669756320205
A549,28.306613226452903,0.1704294418522928,0.053276942121221166,0.39781788589718553
A549,28.436873747494985,0.1677609168499396,0.052349220078441894,0.39186047717348454
A549,28.567134268537067,0.1651342371290411,0.051446039991059005,0.3861089058364826
A549,28.697394789579157,0.1625487469751415,0.05051694295855122,0.3803401933127225
A549,28.82765531062124,0.1600038008969688,0.049609900936657264,0.3746341006954239
A549,28.95791583166332,0.15749876346924568,0.04875488827932854,0.36901326210756813
A549,29.088176352705403,0.15503300917783686,0.04791460400277997,0.3634759595202394
A549,29.218436873747493,0.15260592226720593,0.04708879466106059,0.35802076059893007
A549,29.348697394789582,0.15021689659014653,0.04626990856680131,0.3526471134342735
A549,29.478957915831657,0.1478653354597563,0.04545931016155314,0.3473512208546941
A549,29.609218436873746,0.14555065150361957,0.04466355002742021,0.34166316809030317
A549,29.73947895791582,0.14327226652018213,0.043883384787579076,0.3359020380640025
A549,29.86973947895791,0.14102961133726583,0.04314803857829784,0.3309067349816327
A549,30.0,0.13882212567271077,0.04242883915864118,0.32628086185282634
CALU1,-35.0,90.9473864444935,84.8811533186906,93.81334240885344
CALU1,-34.86973947895792,90.89972502600224,84.7566639767932,93.79518922188389
CALU1,-34.73947895791583,90.85136018906299,84.64518881962273,93.78175908076805
CALU1,-34.609218436873746,90.80228256999195,84.50843779042152,93.76388134091269
CALU1,-34.478957915831664,90.75248271041265,84.38314937312227,93.74569409866602
CALU1,-34.34869739478958,90.70195105719594,84.24975963998395,93.72341729163273
CALU1,-34.21843687374749,90.65067796243677,84.11980407774035,93.69883816603995
CALU1,-34.08817635270541,90.59865368346374,83.97002907777063,93.67690627017383
CALU1,-33.95791583166333,90.54586838288267,83.83108209938901,93.655539409523
CALU1,-33.82765531062124,90.49231212865631,83.70458549475991,93.63626900622953
CALU1,-33.69739478957916,90.43797489421839,83.56696387988913,93.61191480273439
CALU1,-33.567134268537075,90.38284655862721,83.41386833670701,93.58323298033994
CALU1,-33.43687374749499,90.32691690676178,83.25918208497534,93.56212622837042
CALU1,-33.3066132264529,90.27017562954883,83.10289565950809,93.54705670641296
CALU1,-33.17635270541082,90.21261232424007,82.95058731363632,93.52941556616874
CALU1,-33.04609218436874,90.15421649472734,82.80318083129512,93.51321754999789
CALU1,-32.91583166332666,90.09497755190179,82.653098206148,93.49060351536879
CALU1,-32.78557114228457,90.03488481405908,82.488539567116,93.47331985087878
CALU1,-32.655310621242485,89.97392750734964,82.31519697337131,93.45382564005688
CALU1,-32.5250501002004,89.91209476627668,82.13992702587574,93.4323193115085
CALU1,-32.394789579158314,89.84937563424171,81.96271823484436,93.41079186021436
CALU1,-32.26452905811623,89.78575906414089,81.78331105122233,93.38844934532116
CALU1,-32.13426853707415,89.72123391901259,81.6018543163583,93.36594508429371
CALU1,-32.00400801603207,89.65578897273647,81.41840167029989,93.34305388325595
CALU1,-31.87374749498998,89.5894129107864,81.2329420967198,93.31787025932321
CALU1,-31.743486973947896,89.5220943310373,81.04546481919867,93.28682754671266
CALU1,-31.613226452905813,89.4538217446319,80.85638031071612,93.27207627953716
CALU1,-31.482965931863728,89.38458357690044,80.66724455583464,93.2478409914723
CALU1,-31.352705410821642,89.31436816834012,80.4717890030108,93.22708009406598
CALU1,-31.22244488977956,89.24316377565806,80.28940588097055,93.19891570218832
CALU1,-31.092184368737474,89.17095857287237,80.11576586982738,93.17180081175317
CALU1,-30.96192384769539,89.09774065247667,79.93281678987378,93.1587977473612
CALU1,-30.831663326653306,89.02349802666984,79.762382919106,93.13360053036705
CALU1,-30.701402805611224,88.94821862865149,79.58172737282183,93.11146935391113
CALU1,-30.571142284569138,88.87189031398076,79.40243153327059,93.08511106498854
CALU1,-30.440881763527052,88.79450086200852,79.22433701600333,93.05309116206304
CALU1,-30.31062124248497,88.71603797737521,79.03800609492461,93.02600398231573
CALU1,-30.180360721442888,88.63648929158244,78.81464436375312,93.00184955390928
CALU1,-30.050100200400802,88.5558423646326,78.60729347094058,92.96850010162795
CALU1,-29.919839679358716,88.47408468674709,78.41128778448304,92.94385439394996
CALU1,-29.789579158316634,88.39120368015479,78.21371620352164,92.91246708778912
CALU1,-29.65931863727455,88.30718670095989,78.01454006010971,92.87867078395162
CALU1,-29.529058116232466,88.2220210410857,77.80701439599184,92.85831445067633
CALU1,-29.39879759519038,88.13569393029734,77.61051498989951,92.83229377335896
CALU1,-29.2685370741483,88.04819253830333,77.40520855815987,92.79635492220079
CALU1,-29.138276553106213,87.95950397694178,77.19620719086618,92.76872311381591
CALU1,-29.008016032064127,87.86961530244305,76.9826051956963,92.73054582411152
CALU1,-28.877755511022045,87.77851351778467,76.76718277057489,92.70077965603585
CALU1,-28.747494989979963,87.68618557511972,76.54993810022606,92.67123948932776
CALU1,-28.617234468937877,87.59261837830383,76.33086970180226,92.63794563096198
CALU1,-28.48697394789579,87.49779878549992,76.11116903624166,92.60356178892148
CALU1,-28.35671342685371,87.40171361187397,75.89250047417767,92.57429126972987
CALU1,-28.226452905811623,87.30434963238234,75.67180368429533,92.54467213178924
CALU1,-28.096192384769537,87.205693584647,75.43596055961832,92.51715389358534
CALU1,-27.965931863727455,87.10573217192272,75.20727208513749,92.48603983020787
CALU1,-27.835671342685373,87.00445206615844,74.97544745168334,92.44890519392422
CALU1,-27.705410821643287,86.90183991114831,74.74475705206463,92.4111665027068
CALU1,-27.5751503006012,86.79788232578225,74.51017151682004,92.37706005682988
CALU1,-27.44488977955912,86.69256590738647,74.24494611725608,92.34073508396972
CALU1,-27.314629258517034,86.58587723516453,73.96582341234728,92.31209844898096
CALU1,-27.18436873747495,86.47780287373119,73.73491274267462,92.27255869995062
CALU1,-27.054108216432866,86.36832937674764,73.50155844202668,92.22966401593494
CALU1,-26.923847695390783,86.25744329065193,73.22582419089107,92.19246369442486
CALU1,-26.793587174348698,86.14513115849107,72.93222686504916,92.15251248838936
CALU1,-26.663326653306612,86.03137952384829,72.63579719528353,92.1218431698109
CALU1,-26.53306613226453,85.91617493487595,72.38490002043073,92.08720039410635
CALU1,-26.402805611222448,85.79950394842533,72.13915784774728,92.04941973189368
CALU1,-26.272545090180362,85.6813531342771,71.89195906247858,92.01357128705915
CALU1,-26.142284569138276,85.56170907947428,71.6358722833408,91.98613744116125
CALU1,-26.012024048096194,85.44055839275717,71.31876994802589,91.9433079484931
CALU1,-25.881763527054108,85.31788770909665,71.05370730783493,91.89857407168869
CALU1,-25.751503006012022,85.19368369433504,70.80048936843968,91.86617000955832
CALU1,-25.62124248496994,85.0679330499211,70.54550482405675,91.83009473695444
CALU1,-25.490981963927858,84.94062251775472,70.28887823480866,91.79450825319671
CALU1,-25.360721442885772,84.8117388851271,70.0236874438172,91.74875859456964
CALU1,-25.230460921843687,84.68126898976587,69.73086009594675,91.70745745328801
CALU1,-25.100200400801604,84.54919972497868,69.43551789825403,91.67034038913135
CALU1,-24.969939879759522,84.41551804490138,69.13767147482469,91.62912462431467
CALU1,-24.839679358717433,84.28021096984216,68.84814906660722,91.5845776774757
CALU1,-24.70941883767535,84.14326559172875,68.57328867296461,91.54060230482355
CALU1,-24.57915831663327,84.00466907965232,68.28399871805522,91.50361036817223
CALU1,-24.448897795591183,83.86440868551142,67.95938441917008,91.46240210189958
CALU1,-24.318637274549097,83.72247174975217,67.63275102368914,91.41649539355889
CALU1,-24.188376753507015,83.57884570720626,67.31810111357545,91.37566870927664
CALU1,-24.058116232464933,83.43351809302283,66.99082872274555,91.33379048238734
CALU1,-23.927855711422847,83.2864765486935,66.66145546474014,91.28878648400733
CALU1,-23.79759519038076,83.13770882817764,66.3397032846875,91.24380227682799
CALU1,-23.66733466933868,82.98720280410569,66.01646219458914,91.19654611509084
CALU1,-23.537074148296593,82.83494647408678,65.69088319524121,91.14116962158378
CALU1,-23.406813627254508,82.68092796709504,65.36298857898875,91.0910533836304
CALU1,-23.276553106212425,82.52513554994732,65.02443015700456,91.04997323268597
CALU1,-23.146292585170343,82.36755763386081,64.67174018386727,90.99357236189303
CALU1,-23.016032064128257,82.20818278110211,64.31961907853305,90.94369971791104
CALU1,-22.88577154308617,82.04699971170615,63.99704645734286,90.89292703756256
CALU1,-22.75551102204409,81.88399731028017,63.67269145869817,90.83829751320403
CALU1,-22.625250501002007,81.71916463288278,63.34675528407356,90.7884030527237
CALU1,-22.49498997995992,81.55249091397407,63.004970717455,90.73638652347448
CALU1,-22.364729458917836,81.38396557344059,62.65947321586546,90.68629721129747
CALU1,-22.234468937875754,81.21357822368245,62.311905523406985,90.62792379589175
CALU1,-22.104208416833668,81.04131867676969,61.96229985619754,90.57557944931432
CALU1,-21.973947895791582,80.86717695166118,61.61108486835334,90.5182095362701
CALU1,-21.8436873747495,80.69114328147914,61.22916315821146,90.46273695162202
CALU1,-21.713426853707418,80.51320812084013,60.85424597122045,90.40441381332042
CALU1,-21.583166332665332,80.33336215323966,60.54685330949009,90.34459821367615
CALU1,-21.452905811623246,80.15159629848438,60.188340594357676,90.28843549982878
CALU1,-21.322645290581164,79.96790172016725,59.828005526031056,90.23169419478062
CALU1,-21.19238476953908,79.78226983318598,59.465886730149755,90.17912124700797
CALU1,-21.062124248496993,79.59469231129538,59.11057742055849,90.10571228274175
CALU1,-20.93186372745491,79.40516109469668,58.76634627094164,90.03090703799383
CALU1,-20.80160320641283,79.21366839764852,58.401645718026494,89.9585302820502
CALU1,-20.671342685370742,79.02020671610902,58.02293182311119,89.89126453062937
CALU1,-20.541082164328657,78.82476883539158,57.669067359556664,89.8228888712987
CALU1,-20.410821643286575,78.62734783783836,57.3189011984074,89.7529067388386
CALU1,-20.280561122244492,78.4279371105012,56.96937954677888,89.68280807356594
CALU1,-20.150300601202407,78.22653035283007,56.62304132146515,89.60953825109863
CALU1,-20.02004008016032,78.02312158435781,56.27546851289677,89.5384579880513
CALU1,-19.88977955911824,77.81770515238259,55.92687444647005,89.45554948941557
CALU1,-19.759519038076153,77.6102757396355,55.577295617188916,89.36725265148114
CALU1,-19.629258517034067,77.40082837193624,55.2267689580555,89.29087150628
CALU1,-19.498997995991985,77.18935842582317,54.84849938353767,89.20269944159269
CALU1,-19.368737474949903,76.97586163615634,54.48352971472828,89.11845324865419
CALU1,-19.238476953907817,76.76033410368827,54.123215798675716,89.04102593263396
CALU1,-19.10821643286573,76.54277230259257,53.761907527967836,88.9638060801245
CALU1,-18.97795591182365,76.32317308794957,53.399647732773765,88.88506197354835
CALU1,-18.847695390781563,76.10153370317661,53.031432182574655,88.80479422589204
CALU1,-18.71743486973948,75.87785178740613,52.6677190822505,88.72359363447315
CALU1,-18.587174348697395,75.65212538278965,52.303317293100406,88.64076422498776
CALU1,-18.456913827655313,75.42435294174125,51.93827000791466,88.55659357770223
CALU1,-18.326653306613228,75.19453333409447,51.57202251842309,88.47082612944313
CALU1,-18.196392785571142,74.96266585418209,51.204223750825896,88.37616561482456
CALU1,-18.06613226452906,74.728750227818,50.805677000590315,88.28000746594061
CALU1,-17.935871743486974,74.49278661918777,50.39422724915039,88.19505831533876
CALU1,-17.80561122244489,74.25477563762895,49.98227166575162,88.10870116323859
CALU1,-17.675350701402806,74.01471834430441,49.569873005782696,88.01570352693386
CALU1,-17.545090180360724,73.77261625875221,49.15709429660746,87.91828592034041
CALU1,-17.414829659318638,73.52847136531467,48.74399879922586,87.81937191398065
CALU1,-17.284569138276556,73.28228611943052,48.31317425491038,87.72010231571959
CALU1,-17.15430861723447,73.03406345378863,47.896263891237204,87.62688749960569
CALU1,-17.024048096192384,72.78380678433658,47.503446879132156,87.52813953387754
CALU1,-16.893787575150302,72.53152001613155,47.08972015411917,87.43173063071495
CALU1,-16.763527054108216,72.2772075490325,46.67599509005688,87.31685047662745
CALU1,-16.633266533066134,72.02087428322059,46.26233553110357,87.20846835055943
CALU1,-16.50300601202405,71.76252562454921,45.86223348587654,87.10672301970615
CALU1,-16.372745490981966,71.5021674897047,45.46376223143445,87.00354292661805
CALU1,-16.24248496993988,71.239806311181,45.0799901433346,86.89436729337027
CALU1,-16.1122244488978,70.9754490420562,44.72730276182929,86.78255354990043
CALU1,-15.981963927855713,70.70910316056451,44.374891529944314,86.66814683261615
CALU1,-15.851703406813627,70.44077667445605,44.0227956285041,86.55173291623105
CALU1,-15.721442885771545,70.17047812513947,43.67105409753687,86.43010639650697
CALU1,-15.591182364729459,69.89821659159973,43.3197058190638,86.30670352941912
CALU1,-15.460921843687377,69.62400169408123,42.93016484649762,86.18157086543461
CALU1,-15.330661322645291,69.34784359753637,42.49862476061408,86.05468980528244
CALU1,-15.200400801603209,69.06975301482336,42.13054279653932,85.9250825539106
CALU1,-15.070140280561123,68.78974120965721,41.750356424358294,85.79615708650897
CALU1,-14.939879759519041,68.50781999929731,41.32850170747052,85.6640195185339
CALU1,-14.809619238476955,68.22400175697535,40.94512914213423,85.53001557919679
CALU1,-14.67935871743487,67.93829941404758,40.542434626374146,85.39384457563558
CALU1,-14.549098196392787,67.6507264618738,40.14067778381666,85.25593679657113
CALU1,-14.418837675350701,67.3612969534107,39.73991674476146,85.11683983312697
CALU1,-14.28857715430862,67.07002550451843,39.34208988421494,84.98090329530574
CALU1,-14.158316633266534,66.77692729497308,38.94536919121713,84.83179691703124
CALU1,-14.028056112224451,66.48201806917949,38.54999315462161,84.68666841807939
CALU1,-13.897795591182366,66.18531413657882,38.16790995849796,84.55166247609382
CALU1,-13.767535070140283,65.88683237174813,37.79054563135559,84.41219346925324
CALU1,-13.637274549098198,65.58659021418472,37.42655323840984,84.25993379284834
CALU1,-13.507014028056112,65.28460566777314,37.035921975869755,84.11107975188624
CALU1,-13.37675350701403,64.98089729992813,36.64728789549242,83.94986574970736
CALU1,-13.246492985971944,64.675484240411,36.27671030589273,83.81066520714657
CALU1,-13.116232464929862,64.3683861798178,35.922219047031504,83.6666330156033
CALU1,-12.985971943887776,64.05962336772903,35.55525826462739,83.51423674457882
CALU1,-12.855711422845694,63.74921661052686,35.14422161258928,83.35324771106347
CALU1,-12.725450901803608,63.43718726886883,34.735143076624574,83.19531420754183
CALU1,-12.595190380761526,63.12355725482236,34.38072918915562,83.04324454119866
CALU1,-12.46492985971944,62.80834902865061,33.99158494376017,82.88299522516186
CALU1,-12.334669338677354,62.49158559525371,33.6557135689564,82.71753647437441
CALU1,-12.204408817635272,62.173290500261956,33.321354943159086,82.54908345429712
CALU1,-12.074148296593187,61.85348782577675,32.98853827187987,82.37734981868091
CALU1,-11.943887775551104,61.53220218576239,32.65729212746064,82.20081588218713
CALU1,-11.813627254509019,61.2094587210882,32.327644442083766,82.02715391801125
CALU1,-11.683366733466936,60.885283094210834,31.999622501302465,81.86199825020209
CALU1,-11.55310621242485,60.559701483516626,31.673252938090428,81.68373323883227
CALU1,-11.422845691382769,60.23274057730328,31.323900668811145,81.50290438075879
CALU1,-11.292585170340683,59.9044275674119,30.969977580548594,81.31956731147551
CALU1,-11.162324649298597,59.57479014251484,30.618092496969215,81.13565457632647
CALU1,-11.032064128256515,59.243856481048795,30.26827836157364,80.94528317148928
CALU1,-10.901803607214429,58.91165524380588,29.920567135264466,80.77885472570605
CALU1,-10.771543086172347,58.57821556617922,29.575034971902017,80.58366358209292
CALU1,-10.641282565130261,58.2435670500667,29.231739573676418,80.39799301298753
CALU1,-10.511022044088179,57.90773975543699,28.890634665526704,80.2041459450587
CALU1,-10.380761523046093,57.57076419156025,28.551748234328706,80.0078948876987
CALU1,-10.250501002004011,57.23267130790754,28.215254278640113,79.80922437281932
CALU1,-10.120240480961925,56.89349248472317,27.88134401813718,79.60798504466946
CALU1,-9.989979959919843,56.55325952327393,27.54972543001334,79.40395719406547
CALU1,-9.859719438877757,56.21200463578166,27.196626870932793,79.19746199696353
CALU1,-9.729458917835672,55.869760435040995,26.891826057123325,78.98199939888099
CALU1,-9.59919839679359,55.526559923733714,26.566458749481562,78.7588419872132
CALU1,-9.468937875751504,55.18243648343995,26.243801175032857,78.52097034417443
CALU1,-9.338677354709422,54.83742386335547,25.923549944479873,78.27355017888435
CALU1,-9.208416833667336,54.49155616872068,25.605724061151772,78.02713508644513
CALU1,-9.078156312625254,54.144867848973,25.290341545041358,77.7978285110495
CALU1,-8.947895791583168,53.79739368561983,24.97741943845257,77.56567750657707
CALU1,-8.817635270541086,53.44916877985141,24.675302096854022,77.33066823947432
CALU1,-8.687374749499,53.10022853989528,24.393707550159103,77.09278749813292
CALU1,-8.557114228456914,52.75060866812185,24.11478931762814,76.85202271516991
CALU1,-8.426853707414832,52.40034514791056,23.811177968622847,76.608361989825
CALU1,-8.296593186372746,52.04947423028592,23.50604731005453,76.36453740302797
CALU1,-8.166332665330664,51.698032420331515,23.203437771435887,76.12142185328271
CALU1,-8.036072144288578,51.346056463394305,22.904054462830462,75.86815959144955
CALU1,-7.905811623246496,50.993583331085944,22.65154998354468,75.63135576234882
CALU1,-7.77555110220441,50.64065020709538,22.40332768653202,75.39206543257828
CALU1,-7.645290581162328,50.287294472817926,22.111541596458515,75.15028329071728
CALU1,-7.515030060120242,49.93355369281767,21.7994423147784,74.90158432144894
CALU1,-7.384769539078157,49.57946560013122,21.498408850991577,74.64863839864519
CALU1,-7.2545090180360745,49.225068081421654,21.21337740576015,74.39302349370743
CALU1,-7.124248496993989,48.87039916199947,20.918552060115218,74.13473603825621
CALU1,-6.993987975951907,48.51549699071953,20.627194201470676,73.87377319801321
CALU1,-6.863727454909821,48.16039982476336,20.343427025537903,73.62099322318674
CALU1,-6.733466933867739,47.805146014324485,20.097141549681673,73.35723996094389
CALU1,-6.603206412825653,47.44977398720399,19.853536758295363,73.07353760036737
CALU1,-6.472945891783571,47.09432223333108,19.612099338157282,72.78359086394232
CALU1,-6.342685370741485,46.738829289220874,19.37282630526981,72.52707940293746
CALU1,-6.212424849699399,46.38333372238046,19.129559343822372,72.2481240495051
CALU1,-6.082164328657317,46.027874115679744,18.878897579025235,71.96019678773865
CALU1,-5.951903807615231,45.67248905169304,18.63069469130967,71.6553090027626
CALU1,-5.821643286573149,45.31721709703264,18.384948234472667,71.33961724036001
CALU1,-5.691382765531063,44.962096786679844,18.141655143050322,71.02085525100415
CALU1,-5.561122244488981,44.60716660832928,17.887943756577037,70.69855581497235
CALU1,-5.430861723446895,44.25246498676103,17.627245795609248,70.37333359619696
CALU1,-5.300601202404813,43.89803026825069,17.369559438066645,70.04520317072135
CALU1,-5.1703406813627275,43.54390070502906,17.114879521009623,69.72277390620009
CALU1,-5.040080160320642,43.19011443980979,16.860350733810645,69.41435631797401
CALU1,-4.90981963927856,42.836709490391065,16.613585869226448,69.10503994127048
CALU1,-4.779559118236474,42.48372373434755,16.38034100870608,68.79325151198775
CALU1,-4.649298597194392,42.131194893824514,16.155015567356873,68.49290068781605
CALU1,-4.519038076152306,41.77916052044627,15.931219431419635,68.19370908221296
CALU1,-4.388777555110224,41.42765798035069,15.69592048000741,67.89143285676218
CALU1,-4.258517034068138,41.076724439362316,15.495079731079572,67.56240856606702
CALU1,-4.128256513026056,40.72639684831577,15.279887542309723,67.26701247468922
CALU1,-3.99799599198397,40.37671192854144,15.067420032236747,66.969541164026
CALU1,-3.8677354709418843,40.027706157524456,14.839985175761099,66.66350065562813
CALU1,-3.737474949899802,39.67941575474842,14.632882526474676,66.32986050074425
CALU1,-3.6072144288577164,39.331876667735955,14.43414942186661,65.99354677858895
CALU1,-3.476953907815634,38.98512455829312,14.238402233397842,65.65438323893773
CALU1,-3.3466933867735484,38.639194788974834,14.034335973077999,65.31286896756028
CALU1,-3.2164328657314663,38.29412240977451,13.82234090700753,64.96903092042389
CALU1,-3.0861723446893805,37.94994214505326,13.612998459191093,64.62489020277279
CALU1,-2.9559118236472983,37.60668838071405,13.422738667610444,64.26879120626438
CALU1,-2.825651302605209,37.264395151634524,13.237909938456724,63.92458508670364
CALU1,-2.695390781563127,36.9230961293642,13.055268725086833,63.58504035241561
CALU1,-2.5651302605210446,36.58282461009503,12.875152892133594,63.278292195843925
CALU1,-2.4348697394789625,36.243613502917086,12.69712518215022,62.96954689842105
CALU1,-2.304609218436873,35.90549531836153,12.516439797911751,62.63250579721252
CALU1,-2.174348697394791,35.568502157245476,12.336389812570914,62.287166472662285
CALU1,-2.044088176352709,35.232665699819336,12.158545688010184,61.926526090268666
CALU1,-1.9138276553106266,34.8980171952291,11.982891433117276,61.563586398252674
CALU1,-1.7835671342685373,34.56458745129589,11.80945406185032,61.1987615654379
CALU1,-1.6533066132264551,34.232406824621314,11.638260011283478,60.846675942447796
CALU1,-1.523046092184373,33.90150521102609,11.464950636019358,60.48566528227364
CALU1,-1.3927855711422836,33.57191203632055,11.302010229074279,60.13704694526992
CALU1,-1.2625250501002014,33.24365624742155,11.149572418130514,59.79288053768026
CALU1,-1.1322645290581193,32.91676630381126,10.998732250830825,59.44391023722846
CALU1,-1.002004008016037,32.59127016934913,10.843465833891374,59.08147155553282
CALU1,-0.8717434869739478,32.267195304436136,10.678386973364736,58.72638485316906
CALU1,-0.7414829659318656,31.944568658536255,10.510996264574079,58.36017487149937
CALU1,-0.6112224448897834,31.623416663059963,10.354330016875162,58.01316856094089
CALU1,-0.4809619238477012,31.303765224608405,10.19515195225858,57.63092843335457
CALU1,-0.3507014028056119,30.985639718583624,10.039093383992572,57.23316422074403
CALU1,-0.22044088176352972,30.669064983165264,9.8862011586356,56.83533720086126
CALU1,-0.09018036072144753,30.354065313655724,9.74313432104379,56.4456943715997
CALU1,0.04008016032064177,30.040664457193095,9.598057925621045,56.04362953773181
CALU1,0.17034068136272396,29.72888560783562,9.45490066950488,55.66389706010813
CALU1,0.30060120240480614,29.418751402012674,9.313644322975977,55.288711466487264
CALU1,0.43086172344688833,29.110283914348393,9.164985770622478,54.89950667890555
CALU1,0.5611222444889776,28.80350465385218,9.016837202341781,54.51543112824581
CALU1,0.6913827655310598,28.49843456047744,8.872717087250988,54.124941291792226
CALU1,0.821643286573142,28.195094002046293,8.74427828774198,53.761127131986086
CALU1,0.9519038076152313,27.893502771539627,8.617530952538898,53.398452778945305
CALU1,1.0821643286573135,27.593680084749057,8.492165461068693,53.017577020940315
CALU1,1.2124248496993957,27.295644578289807,8.367954565067457,52.61516590724747
CALU1,1.3426853707414779,26.999414307969385,8.245608991049684,52.21149870093876
CALU1,1.4729458917835672,26.705006747512385,8.124855014382529,51.847368807913895
CALU1,1.6032064128256494,26.412438787634116,8.001599424488871,51.4684756096747
CALU1,1.7334669338677315,26.121726735463156,7.88004302101898,51.071382369084
CALU1,1.8637274549098137,25.832886314305107,7.755367030103329,50.67325457229955
CALU1,1.993987975951903,25.54593266374587,7.624698935319526,50.28915090774977
CALU1,2.124248496993985,25.26088034008923,7.496042409592083,49.89680892371123
CALU1,2.2545090180360674,24.977743317122027,7.369372863592605,49.518020232349095
CALU1,2.3847695390781567,24.696534987205112,7.244665792144794,49.139324129425404
CALU1,2.515030060120239,24.417268162681232,7.122207307386087,48.76020589423126
CALU1,2.645290581162321,24.139955077596955,7.008477586228049,48.38090188567034
CALU1,2.7755511022044033,23.864607389729674,6.91276679809783,47.98445123227615
CALU1,2.9058116232464926,23.591236182918088,6.818523703031861,47.600287307657574
CALU1,3.0360721442885747,23.319851969684546,6.725466906222613,47.222984394902966
CALU1,3.166332665330657,23.050464694147006,6.6335841559174895,46.84561859087416
CALU1,3.2965931863727462,22.783083735212276,6.528535379618696,46.45812952705956
CALU1,3.4268537074148284,22.5177179100421,6.418281453337554,46.05276947073772
CALU1,3.5571142284569106,22.25437547778898,6.30975597554336,45.64601686716379
CALU1,3.687374749498993,21.993064143590747,6.20293634986394,45.2395732825552
CALU1,3.817635270541082,21.733791062817694,6.102611899743598,44.8382000708854
CALU1,3.9478957915831643,21.47656284556746,6.0103863409142155,44.459222347221456
CALU1,4.0781563126252465,21.221385561395433,5.919807779353228,44.08447201856007
CALU1,4.208416833667329,20.96826474427677,5.825122735560942,43.710079918239636
CALU1,4.338677354709418,20.717205397791435,5.738201940562757,43.33609360849804
CALU1,4.4689378757515,20.468212000522982,5.6558344788594335,42.962560444275624
CALU1,4.599198396793582,20.22128851166535,5.575310568262658,42.58952754942124
CALU1,4.729458917835672,19.976438376828163,5.4953934821249355,42.206482751445925
CALU1,4.859719438877754,19.73366453403386,5.412240831038199,41.8329046952202
CALU1,4.989979959919836,19.49296941989657,5.320531327404591,41.474903748513825
CALU1,5.120240480961918,19.254354975978014,5.239373508424156,41.1050882546093
CALU1,5.2505010020040075,19.01782265530945,5.159382664060444,40.74552965493857
CALU1,5.38076152304609,18.783373429072377,5.080560108106125,40.34842439240264
CALU1,5.511022044088172,18.551007793431058,5.00320498217497,39.95296134767967
CALU1,5.641282565130261,18.32072577650815,4.926962729439062,39.558567745991475
CALU1,5.771543086172343,18.092526945494924,4.849645036652129,39.16513670722854
CALU1,5.9018036072144255,17.866410413889206,4.7688627854528525,38.78758924011039
CALU1,6.032064128256508,17.642374848852352,4.689361602888533,38.4175923716551
CALU1,6.162324649298597,17.420418478677306,4.61511441246871,38.04871684339123
CALU1,6.292585170340679,17.200539100361844,4.548256233011715,37.67497329765757
CALU1,6.422845691382761,16.98273408727583,4.482473269039537,37.28213963372433
CALU1,6.553106212424844,16.76700039691864,4.417604153824965,36.891303568218234
CALU1,6.683366733466933,16.55333457875642,4.352586923646942,36.50191181064366
CALU1,6.813627254509015,16.34173278213329,4.288739086359997,36.12925688241234
CALU1,6.943887775551097,16.132190764248453,4.222780747941331,35.773049258404306
CALU1,7.074148296593187,15.924703898192032,4.157815958391169,35.418188351421314
CALU1,7.204408817635269,15.719267181033208,4.093866889564791,35.0721093309092
CALU1,7.334669338677351,15.51587524195272,4.030857493311292,34.716323481875506
CALU1,7.464929859719433,15.314522350413235,3.965847529893931,34.36248770255204
CALU1,7.595190380761522,15.115202424360987,3.899142075634604,33.99661309912199
CALU1,7.725450901803605,14.917909038451894,3.8334498215292885,33.63463802799276
CALU1,7.855711422845687,14.722635432295608,3.76898108533409,33.26714563106963
CALU1,7.985971943887776,14.529374518711757,3.706990634525016,32.88789391017197
CALU1,8.116232464929858,14.338118891990897,3.6478937214532885,32.528507117624024
CALU1,8.24649298597194,14.148860836155572,3.586695091885209,32.20531026562388
CALU1,8.376753507014023,13.961592333214734,3.524476581271296,31.87439905831101
CALU1,8.507014028056112,13.77630507140593,3.4632959838555055,31.527803422148562
CALU1,8.637274549098194,13.592990453419974,3.4031374118975783,31.19187045710527
CALU1,8.767535070140276,13.411639604601936,3.346973314901055,30.874304156045998
CALU1,8.897795591182359,13.232243381124412,3.2890652949744283,30.5153753972227
CALU1,9.028056112224448,13.054792378127273,3.2330436682346315,30.167993323630977
CALU1,9.15831663326653,12.879276937817506,3.1819347663983164,29.819969944660176
CALU1,9.288577154308612,12.705687157528077,3.1355478451855396,29.48473036995134
CALU1,9.418837675350701,12.534012897727239,3.089928629319055,29.183356890311458
CALU1,9.549098196392784,12.36424378997638,3.0449543127876186,28.889764944128036
CALU1,9.679358717434866,12.196369244831015,3.000612994347384,28.545520114189973
CALU1,9.809619238476948,12.030378459681563,2.956896391060657,28.201273707605303
CALU1,9.939879759519037,11.86626042652881,2.910526518707398,27.859414277231597
CALU1,10.07014028056112,11.704003939691885,2.8638608829383156,27.557233429137415
CALU1,10.200400801603202,11.543597603443828,2.817950290483228,27.277644727563203
CALU1,10.330661322645291,11.385029839571557,2.7720084387945674,26.999722919851784
CALU1,10.460921843687373,11.228288894858128,2.7229185220265544,26.6931942547879
CALU1,10.591182364729455,11.073362848481835,2.6815053593796936,26.37006142106384
CALU1,10.721442885771538,10.920239619331742,2.6410627228062915,26.04932552915342
CALU1,10.851703406813627,10.768906973235312,2.5985721744955796,25.730279881444922
CALU1,10.981963927855709,10.619352530095778,2.5526381698194345,25.425481407023383
CALU1,11.112224448897791,10.471563770936914,2.5098915321558852,25.134196414658593
CALU1,11.242484969939873,10.325528044852971,2.47052390190737,24.844484923513924
CALU1,11.372745490981963,10.181232575861408,2.4311446535249246,24.56148442440066
CALU1,11.503006012024045,10.038664469656359,2.3871697539595744,24.25718223296462
CALU1,11.633266533066127,9.897810720261273,2.3457712753224653,23.95536949383911
CALU1,11.763527054108216,9.758658216578592,2.3055652533993998,23.655086266113194
CALU1,11.893787575150299,9.621193748834996,2.267418159042172,23.357267181653068
CALU1,12.02404809619238,9.48540401492103,2.2272391589070333,23.08824662095949
CALU1,12.154308617234463,9.351275626623288,2.1922658552124004,22.82260654707978
CALU1,12.284569138276552,9.2187951157486,2.157866781881363,22.558555006694338
CALU1,12.414829659318634,9.087948940138228,2.123995026637441,22.29661528256717
CALU1,12.545090180360717,8.958723489572282,2.0906428956634464,22.02417084271557
CALU1,12.675350701402806,8.831105091562694,2.0578743323263984,21.764878913917133
CALU1,12.805611222444888,8.705080017034078,2.0256086153903072,21.507723597895104
CALU1,12.93587174348697,8.58063448589263,1.9938377592389993,21.25270892244953
CALU1,13.066132264529053,8.457754672481817,1.96255451790212,20.99972010939015
CALU1,13.196392785571142,8.336426710924558,1.9317517407915994,20.737092941150802
CALU1,13.326653306613224,8.216636700352522,1.901422371785555,20.47417937943366
CALU1,13.456913827655306,8.09837071002084,1.8715594483095037,20.208975787377373
CALU1,13.587174348697388,7.981614784310086,1.841593978069019,19.937155113409073
CALU1,13.717434869739478,7.866354947613568,1.8087354945517529,19.667372462169485
CALU1,13.84769539078156,7.7525772091120055,1.7764521319379125,19.399907448779548
CALU1,13.977955911823642,7.640267567433994,1.7447342227714298,19.135879520312045
CALU1,14.108216432865731,7.5294120152043975,1.7160459295199968,18.87498353327783
CALU1,14.238476953907814,7.4199965434790744,1.688845091853911,18.638462145803455
CALU1,14.368737474949896,7.312007146068553,1.6620676913151926,18.4079508815157
CALU1,14.498997995991978,7.205429823749192,1.6357073792561918,18.179607801275118
CALU1,14.629258517034067,7.100250588363965,1.609757894558858,17.953294846741823
CALU1,14.75951903807615,6.996455466812742,1.5842130626721824,17.72893049963342
CALU1,14.889779559118232,6.894030504933152,1.5593462713825266,17.494394934465248
CALU1,15.020040080160314,6.7929617712726875,1.534981271915766,17.258411171699255
CALU1,15.150300601202403,6.69323536075288,1.5102139506381018,17.016790373838205
CALU1,15.280561122244485,6.594837398227113,1.4858868013905444,16.7924380625419
CALU1,15.410821643286567,6.497754041931787,1.4622249465289823,16.563968139203446
CALU1,15.541082164328657,6.401971486833535,1.4389468735803115,16.358181620189434
CALU1,15.671342685370739,6.30747596787172,1.416033759184008,16.157392075052677
CALU1,15.801603206412821,6.2142537630993795,1.3935024656703416,15.958563930510573
CALU1,15.931863727454903,6.122291196721976,1.3682307348652458,15.761663228453875
CALU1,16.062124248496993,6.031574642036138,1.3439515006258893,15.566400044099014
CALU1,16.192384769539075,5.9420905242698,1.3196878833844674,15.357852328930035
CALU1,16.322645290581157,5.853825323324119,1.296892258885913,15.150821814745841
CALU1,16.452905811623246,5.766765576419632,1.2754181419104775,14.943913507874203
CALU1,16.58316633266533,5.680897880646923,1.2552998567990195,14.733226148160721
CALU1,16.71342685370741,5.5962088954242,1.235494695516697,14.52494669224548
CALU1,16.843687374749493,5.5126853448622555,1.2159979171564352,14.319073154178966
CALU1,16.973947895791582,5.430314020038853,1.1968048484282623,14.115592957653025
CALU1,17.104208416833664,5.34908178118376,1.1777981906671142,13.915720182394859
CALU1,17.234468937875747,5.26897555977604,1.1567905497006639,13.719778028230916
CALU1,17.36472945891783,5.189982360554648,1.1361530773216766,13.52377085609634
CALU1,17.494989979959918,5.112089263444685,1.115879411928038,13.330667853846384
CALU1,17.625250501002,5.035283425399522,1.0966620660780728,13.145698142748513
CALU1,17.755511022044082,4.959552082161952,1.07958276852722,12.973863958329536
CALU1,17.88577154308617,4.884882549944195,1.0602021024071824,12.80969808313576
CALU1,18.016032064128254,4.811262227029683,1.0413992125458702,12.641392494346528
CALU1,18.146292585170336,4.73867859529729,1.023912916751111,12.483689763663545
CALU1,18.27655310621242,4.667119221669892,1.0067440448887386,12.295867717983873
CALU1,18.406813627254508,4.596571759488774,0.99002441698404,12.135395700495382
CALU1,18.53707414829659,4.52702394981543,0.9751227259576836,11.971177993380334
CALU1,18.667334669338672,4.458463622662226,0.9604430976307925,11.79991107602209
CALU1,18.79759519038076,4.390878698153428,0.944578319500667,11.636754599115221
CALU1,18.927855711422843,4.324257187618353,0.9282073996113885,11.47299976390558
CALU1,19.058116232464926,4.258587194617964,0.9118723153265533,11.300197960489879
CALU1,19.188376753507008,4.1938569159063945,0.8963275217773051,11.144496905920333
CALU1,19.318637274549097,4.130054642329305,0.8802638808329802,10.991566133612169
CALU1,19.44889779559118,4.067168759659806,0.8645573459547389,10.840207015868124
CALU1,19.57915831663326,4.005187749374576,0.8500024552693212,10.68776706381888
CALU1,19.709418837675344,3.9441001893704555,0.8350678659645031,10.539321405748563
CALU1,19.839679358717433,3.8838947546238347,0.820262359709153,10.392576701099278
CALU1,19.969939879759515,3.8245602177940485,0.805719788721374,10.244491109501057
CALU1,20.100200400801597,3.7660854497720844,0.7914364910799379,10.101289412036454
CALU1,20.230460921843687,3.708459420176207,0.7774157603565043,9.949454650355989
CALU1,20.36072144288577,3.651671197796032,0.7626743795596174,9.804974975084566
CALU1,20.49098196392785,3.595709950986037,0.7494282912703668,9.669721771195611
CALU1,20.621242484969933,3.540564948010495,0.7368702600279479,9.53675676478303
CALU1,20.751503006012022,3.4862255573405556,0.7238446632834571,9.41186290428698
CALU1,20.881763527054105,3.432681247905532,0.7121226066881337,9.27328805885805
CALU1,21.012024048096187,3.3799215892990535,0.6983936219917133,9.123580658220076
CALU1,21.142284569138276,3.327936251941907,0.6859985975624823,8.978579153957153
CALU1,21.27254509018036,3.276715007202785,0.673888926332246,8.847694318298782
CALU1,21.40280561122244,3.2262477274778223,0.6627331115874053,8.72625548773919
CALU1,21.533066132264523,3.1765243862309,0.6518156898456711,8.592034650964646
CALU1,21.663326653306612,3.127535057995365,0.6416276374656427,8.46681377287693
CALU1,21.793587174348694,3.0792699183386265,0.6312316450705072,8.34324100386991
CALU1,21.923847695390776,3.031719243790855,0.6202601581556637,8.221139856696597
CALU1,22.05410821643286,2.9848734117390348,0.6097180225690174,8.10032828712188
CALU1,22.184368737474948,2.9387229002873174,0.599188164929553,7.982729948600411
CALU1,22.31462925851703,2.8932582880850903,0.588431107953196,7.8664936892083945
CALU1,22.444889779559112,2.848470254123676,0.5781717520950362,7.748035513692938
CALU1,22.5751503006012,2.8043495775029137,0.5680902032065549,7.633974426237526
CALU1,22.705410821643284,2.760887137168698,0.5581834167697242,7.521447141666288
CALU1,22.835671342685366,2.7180739116224792,0.5484483991092978,7.41043729814307
CALU1,22.965931863727448,2.675900978603739,0.5389079984280621,7.30092858193944
CALU1,23.096192384769537,2.6343595147467145,0.5295426689479309,7.192904731559938
CALU1,23.22645290581162,2.59344079521201,0.5203392289074813,7.0862110957447895
CALU1,23.3567134268537,2.5531361932943817,0.5120027319755668,6.980814319323277
CALU1,23.48697394789579,2.5134371800075788,0.5039038910315164,6.883344039378349
CALU1,23.617234468937873,2.4743353236470376,0.4959385610997537,6.7918956261983325
CALU1,23.747494989979955,2.4358222893316452,0.4881092992588677,6.683550486125366
CALU1,23.877755511022038,2.3978898385251086,0.47925698558445223,6.576685223104384
CALU1,24.008016032064127,2.360529828538238,0.4704176237850534,6.475979651476072
CALU1,24.13827655310621,2.3237342120126026,0.4628218117224398,6.379054556868615
CALU1,24.26853707414829,2.287495036386633,0.45467834986151634,6.283476700160036
CALU1,24.398797595190373,2.2518044433450815,0.4465058409017872,6.190054737000144
CALU1,24.529058116232463,2.2166546682521986,0.4384917123934806,6.098582853422569
CALU1,24.659318637274545,2.1820380395701013,0.43062076539971894,6.008369984822622
CALU1,24.789579158316627,2.1479469782623664,0.42289046537463154,5.926412771605561
CALU1,24.919839679358716,2.1143739971842153,0.415298321798634,5.842967042358512
CALU1,25.0501002004008,2.0813117004595676,0.40784188744363903,5.754199972205135
CALU1,25.18036072144288,2.0487527828459347,0.4005187576494526,5.669741694185217
CALU1,25.310621242484963,2.016690029087746,0.39332656961122264,5.587879858098141
CALU1,25.440881763527052,1.9851163132587453,0.3862630016778108,5.504752038022497
CALU1,25.571142284569135,1.9540245980942328,0.3793290476712324,5.425810629271354
CALU1,25.701402805611217,1.923407934313684,0.3730421590497382,5.34679628091757
CALU1,25.831663326653306,1.893259459934308,0.3668382535245425,5.264870289164901
CALU1,25.961923847695388,1.8635723995763758,0.3602874253012169,5.18593320354413
CALU1,26.09218436873747,1.834340063760657,0.3537448530888519,5.107322278329398
CALU1,26.222444889779553,1.8055558481985996,0.3472131099406249,5.03240019845568
CALU1,26.352705410821642,1.777213233075952,0.3411156036402318,4.9601432333628495
CALU1,26.482965931863724,1.7493057823301374,0.33515736571562,4.894513303648784
CALU1,26.613226452905806,1.721827142922028,0.32931657910362944,4.829627752339303
CALU1,26.74348697394789,1.694771044102595,0.3239291206152819,4.762644822629014
CALU1,26.873747494989978,1.668131296674944,0.3187092876186321,4.688879951910423
CALU1,27.00400801603206,1.6419017922521826,0.31357330048045023,4.613188237888184
CALU1,27.134268537074142,1.6160765025114843,0.3085198211544478,4.538610682079762
CALU1,27.26452905811623,1.5906494784450183,0.30315207904477576,4.465178291982306
CALU1,27.394789579158314,1.5656148496079483,0.29746313851168343,4.399320431363584
CALU1,27.525050100200396,1.540966823364016,0.2918858905383217,4.328288618763755
CALU1,27.655310621242478,1.5166996841291311,0.28659300288500555,4.260156374746389
CALU1,27.785571142284567,1.492807792613244,0.2822683948194761,4.196927352919116
CALU1,27.91583166332665,1.4692855850610365,0.27730301333323476,4.134594065566612
CALU1,28.04609218436873,1.4461275724916065,0.2723998262629055,4.070542714319728
CALU1,28.17635270541082,1.4233283399376515,0.2678528836507462,4.005621818190464
CALU1,28.306613226452903,1.4008825456844087,0.26339713085402955,3.942389877872732
CALU1,28.436873747494985,1.3787849205086506,0.2590195833777222,3.879809763145384
CALU1,28.567134268537067,1.3570302669181116,0.25499365514621014,3.822495658874008
CALU1,28.697394789579157,1.335613458391636,0.25108217068909183,3.762772122569399
CALU1,28.82765531062124,1.314529438620213,0.24723836843404617,3.7056573766245657
CALU1,28.95791583166332,1.2937732207494221,0.24345325794920028,3.642413210643275
CALU1,29.088176352705403,1.273339886623263,0.23949545685266777,3.583872681089868
CALU1,29.218436873747493,1.253224586029872,0.23530959816813127,3.5298590874037172
CALU1,29.348697394789582,1.2334225359491973,0.231334671487776,3.4796639346897726
CALU1,29.478957915831657,1.2139290198029808,0.2277496565148462,3.42677698439273
CALU1,29.609218436873746,1.1947393867071905,0.2242286962897446,3.3795330584036973
CALU1,29.73947895791582,1.175849050727183,0.2207620400479983,3.329044516342758
CALU1,29.86973947895791,1.1572534901357516,0.2171220785511624,3.2784308357986927
CALU1,30.0,1.138948246674308,0.2134724455300999,3.2285470595424957
CALU6,-35.0,90.43000044754055,84.01320209363325,94.07398512802037
CALU6,-34.86973947895792,90.34260568144546,83.8518547642784,94.03393292572262
CALU6,-34.73947895791583,90.25391763633199,83.68856765372689,94.00199849002821
CALU6,-34.609218436873746,90.16392021800591,83.52341308545557,93.96488088035208
CALU6,-34.478957915831664,90.07259722683432,83.35631206208171,93.924201367196
CALU6,-34.34869739478958,89.97993236020122,83.18711277597934,93.88874636272939
CALU6,-34.21843687374749,89.88590921508731,83.0157989616387,93.84577412820674
CALU6,-34.08817635270541,89.79051129077264,82.84197915217457,93.79810409658701
CALU6,-33.95791583166333,89.69372199168039,82.66561629501817,93.7418931251824
CALU6,-33.82765531062124,89.59552463034012,82.48708215868436,93.7027373936775
CALU6,-33.69739478957916,89.4959024304986,82.30651301042847,93.65575303168772
CALU6,-33.567134268537075,89.39483853036113,82.12219308808723,93.60645283748843
CALU6,-33.43687374749499,89.29231598597755,81.93284187600024,93.57123040364542
CALU6,-33.3066132264529,89.18831777477178,81.74127677438028,93.53970702402101
CALU6,-33.17635270541082,89.08282679921369,81.54748454128878,93.50729358281474
CALU6,-33.04609218436874,88.97582589064592,81.35779462338775,93.45503794361031
CALU6,-32.91583166332666,88.86729781325553,81.15175489515283,93.41345672944652
CALU6,-32.78557114228457,88.75722526820552,80.95099396311834,93.35842124452296
CALU6,-32.655310621242485,88.64559089791679,80.74795358785845,93.31614374126391
CALU6,-32.5250501002004,88.53237729051439,80.54216095244092,93.26607613433164
CALU6,-32.394789579158314,88.4175669844267,80.3339596065187,93.21393120247814
CALU6,-32.26452905811623,88.30114247315711,80.12343361104448,93.16354011776522
CALU6,-32.13426853707415,88.18308621021737,79.91057230789174,93.11084035250533
CALU6,-32.00400801603207,88.06338061422413,79.67978801634965,93.05720531952277
CALU6,-31.87374749498998,87.94200807417108,79.433551163923,93.00261955790103
CALU6,-31.743486973947896,87.81895095487126,79.19131204783952,92.94706739327403
CALU6,-31.613226452905813,87.69419160257293,78.95796207199369,92.89042871902524
CALU6,-31.482965931863728,87.56771235074716,78.72293176870336,92.8421088296759
CALU6,-31.352705410821642,87.4394955260605,78.48844264387053,92.78771762639359
CALU6,-31.22244488977956,87.30952345451702,78.26423362874428,92.72643639568479
CALU6,-31.092184368737474,87.17777846779067,78.03773709139094,92.66686544337414
CALU6,-30.96192384769539,87.04424290973006,77.79153189670781,92.61361942072611
CALU6,-30.831663326653306,86.9088991430511,77.54122643689131,92.55315124904979
CALU6,-30.701402805611224,86.77172955621582,77.28912997862476,92.48932060436618
CALU6,-30.571142284569138,86.63271657049069,77.06174376175639,92.42661040036289
CALU6,-30.440881763527052,86.49184264719464,76.83505647767369,92.36206788357757
CALU6,-30.31062124248497,86.34909029513531,76.60640987690815,92.30550948336301
CALU6,-30.180360721442888,86.20444207822894,76.35069513039835,92.26175942055656
CALU6,-30.050100200400802,86.05788062330865,76.09044781378935,92.2105889441456
CALU6,-29.919839679358716,85.90938862812472,75.82758232624772,92.14074576592925
CALU6,-29.789579158316634,85.75894886952837,75.56209700031826,92.06718335792668
CALU6,-29.65931863727455,85.60654421184442,75.3121369661334,91.99861912876572
CALU6,-29.529058116232466,85.45215761543388,75.05991176494766,91.92064763656755
CALU6,-29.39879759519038,85.29577214544035,74.76703950029624,91.83913214645564
CALU6,-29.2685370741483,85.13737098072531,74.47120461178125,91.75620515130747
CALU6,-29.138276553106213,84.9769374229877,74.19131159688853,91.67184496083874
CALU6,-29.008016032064127,84.81445490606737,73.90877617850393,91.58602965261264
CALU6,-28.877755511022045,84.64990700543117,73.60975174091914,91.50137725992614
CALU6,-28.747494989979963,84.48327744784147,73.28581013984024,91.42225333194311
CALU6,-28.617234468937877,84.31455012120317,72.95877927482452,91.34875507717526
CALU6,-28.48697394789579,84.14370908458527,72.62870628632629,91.27504195019257
CALU6,-28.35671342685371,83.9707385784216,72.32625291203338,91.19645224632438
CALU6,-28.226452905811623,83.79562303488001,72.03008119803617,91.1169894007986
CALU6,-28.096192384769537,83.61834708840067,71.70654657082774,91.03321056306233
CALU6,-27.965931863727455,83.43889558640214,71.40228496979887,90.9672959966726
CALU6,-27.835671342685373,83.25725360014805,71.09554124587729,90.88079284260108
CALU6,-27.705410821643287,83.07340643577045,70.78680261964033,90.78958959851134
CALU6,-27.5751503006012,82.88733964545061,70.47933451865985,90.70630035071807
CALU6,-27.44488977955912,82.69903903874702,70.17345309871806,90.61595496008563
CALU6,-27.314629258517034,82.50849069406912,69.86304110191172,90.5218637325298
CALU6,-27.18436873747495,82.31568097029087,69.55015647373223,90.43349094874466
CALU6,-27.054108216432866,82.12059651849734,69.23505808077603,90.32830307111224
CALU6,-26.923847695390783,81.92322429386189,68.91760120020258,90.23342079826985
CALU6,-26.793587174348698,81.72355156764377,68.59772646130736,90.1429358985533
CALU6,-26.663326653306612,81.52156593930357,68.27509098303828,90.03820580201831
CALU6,-26.53306613226453,81.31725534872605,67.94832819951311,89.93387866852571
CALU6,-26.402805611222448,81.11060808854701,67.61704181734824,89.84007840378233
CALU6,-26.272545090180362,80.90161281657237,67.28337795319773,89.74202933451548
CALU6,-26.142284569138276,80.69025856828765,66.94735956653999,89.64407788102457
CALU6,-26.012024048096194,80.4765347694407,66.57786517068539,89.53345777090142
CALU6,-25.881763527054108,80.2604312487002,66.20734792670619,89.41760547072015
CALU6,-25.751503006012022,80.0419382503711,65.86324344836288,89.30144189011847
CALU6,-25.62124248496994,79.82104644716325,65.51699875878892,89.1789687059812
CALU6,-25.490981963927858,79.59774695300375,65.17305620274256,89.06422484069927
CALU6,-25.360721442885772,79.37203133587938,64.8353089360274,88.94612975760796
CALU6,-25.230460921843687,79.14389163070098,64.46571408088728,88.84008052101107
CALU6,-25.100200400801604,78.91332035218119,64.11413166407071,88.73263614275841
CALU6,-24.969939879759522,78.68031050771098,63.75541674463595,88.62287288257055
CALU6,-24.839679358717433,78.44485561022458,63.395997846083844,88.50936900929419
CALU6,-24.70941883767535,78.20694969104143,63.034910079043065,88.39250122941176
CALU6,-24.57915831663327,77.96658731267655,62.67210629794201,88.27647102223577
CALU6,-24.448897795591183,77.72376358159933,62.308785905511975,88.15772638032627
CALU6,-24.318637274549097,77.4784741609329,61.95016216100153,88.03734952842949
CALU6,-24.188376753507015,77.23071528308526,61.58386705420316,87.91532302534608
CALU6,-24.058116232464933,76.98048376228782,61.21591060948489,87.78022847195525
CALU6,-23.927855711422847,76.72777700703764,60.83475161951202,87.6312265252082
CALU6,-23.79759519038076,76.47259303242602,60.46109599873582,87.50720187043106
CALU6,-23.66733466933868,76.21493047234044,60.08725345129373,87.37262764195836
CALU6,-23.537074148296593,75.95478859151723,59.71667614549293,87.24851564616472
CALU6,-23.406813627254508,75.69216729745091,59.36209199360228,87.1290070791093
CALU6,-23.276553106212425,75.4270671521157,59.00006193035947,87.00927429620924
CALU6,-23.146292585170343,75.15948938351438,58.59748129482721,86.87382279351526
CALU6,-23.016032064128257,74.88943589701668,58.21726548449503,86.72173699677217
CALU6,-22.88577154308617,74.61690928648409,57.83619305914531,86.56235859437274
CALU6,-22.75551102204409,74.34191284515951,57.454244825862034,86.40081613061852
CALU6,-22.625250501002007,74.06445057631115,57.06697963638118,86.23690640890452
CALU6,-22.49498997995992,73.78452720360875,56.68571943301975,86.06448809689441
CALU6,-22.364729458917836,73.50214818122218,56.29996446123353,85.90297582773456
CALU6,-22.234468937875754,73.21731970362146,55.91176972258988,85.73251461335006
CALU6,-22.104208416833668,72.93004871506506,55.49364482630551,85.57037093627687
CALU6,-21.973947895791582,72.64034291876322,55.115257653062244,85.3997584180498
CALU6,-21.8436873747495,72.34821078568993,54.73600599532354,85.22157918276119
CALU6,-21.713426853707418,72.05366156303965,54.325523006892766,85.04805130419558
CALU6,-21.583166332665332,71.756705282306,53.911712904569086,84.88395316727413
CALU6,-21.452905811623246,71.4573527669689,53.49654048999825,84.72243296091638
CALU6,-21.322645290581164,71.15561563977109,53.08056095146088,84.55880808318851
CALU6,-21.19238476953908,70.85150632957341,52.6640414289263,84.3927885371129
CALU6,-21.062124248496993,70.54503807776932,52.247677944012764,84.22472902813519
CALU6,-20.93186372745491,70.23622494424629,51.8306943418873,84.05461501080117
CALU6,-20.80160320641283,69.92508181287542,51.412249236082594,83.88220403645875
CALU6,-20.671342685370742,69.61162439651851,50.99240164489491,83.71088377434026
CALU6,-20.541082164328657,69.2958692415356,50.573919400112864,83.53099303385889
CALU6,-20.410821643286575,68.97783373177907,50.15551938797468,83.35252295185947
CALU6,-20.280561122244492,68.65753609206071,49.76774170222971,83.1703864148303
CALU6,-20.150300601202407,68.33499539107943,49.37996577621438,82.97361011510853
CALU6,-20.02004008016032,68.01023154379459,48.96716688453473,82.77431004683112
CALU6,-19.88977955911824,67.68326531323302,48.57906884214502,82.57194291433173
CALU6,-19.759519038076153,67.35411831172007,48.20552398172898,82.36664774139359
CALU6,-19.629258517034067,67.02281300151706,47.82886375642012,82.1458705789607
CALU6,-19.498997995991985,66.68937269486227,47.44129085632344,81.92224154386803
CALU6,-19.368737474949903,66.35382155339676,47.05380130383519,81.69574296278682
CALU6,-19.238476953907817,66.01618458697239,46.666445412063084,81.46635767358558
CALU6,-19.10821643286573,65.67648765182756,46.27942350279053,81.2461448860465
CALU6,-18.97795591182365,65.3347574481229,45.89280188317763,81.0352997139532
CALU6,-18.847695390781563,64.99102151683336,45.46810967950702,80.82170432335404
CALU6,-18.71743486973948,64.6453082359836,45.044853494348786,80.60453535794618
CALU6,-18.587174348697395,64.29764681622189,44.668124922131085,80.36140978247485
CALU6,-18.456913827655313,63.948067295730525,44.253905299235285,80.11476802603818
CALU6,-18.326653306613228,63.596600534465715,43.84761026972675,79.86424160458034
CALU6,-18.196392785571142,63.243278207716855,43.471409954831564,79.61769824835083
CALU6,-18.06613226452906,62.888132798993475,43.09355252677972,79.3903828510274
CALU6,-17.935871743486974,62.531197592228175,42.68029445186494,79.16106011302664
CALU6,-17.80561122244489,62.17250666329847,42.29270612967343,78.92830981895267
CALU6,-17.675350701402806,61.81209487086551,41.89243437900683,78.67921337380743
CALU6,-17.545090180360724,61.449997846528646,41.47954344374601,78.41290227429454
CALU6,-17.414829659318638,61.08625198430303,41.06922555349116,78.14766540425917
CALU6,-17.284569138276556,60.72089442941354,40.66377675490906,77.87943241261519
CALU6,-17.15430861723447,60.35396306641511,40.289268150663474,77.60799095993862
CALU6,-17.024048096192384,59.98549650664209,39.87466823505986,77.3569866251019
CALU6,-16.893787575150302,59.61553407498826,39.46126319342533,77.10693848758959
CALU6,-16.763527054108216,59.24411579602946,39.04911365318514,76.85424173399672
CALU6,-16.633266533066134,58.87128237949028,38.67086812265884,76.59893101025243
CALU6,-16.50300601202405,58.49707520506615,38.256318003194814,76.34100257904792
CALU6,-16.372745490981966,58.121536306611425,37.88886545014217,76.0804533814387
CALU6,-16.24248496993988,57.74470835569499,37.50842103209577,75.81728105220753
CALU6,-16.1122244488978,57.366634644547815,37.09913126362816,75.55117053790877
CALU6,-15.981963927855713,56.9873590684007,36.74313906572589,75.27215224930707
CALU6,-15.851703406813627,56.60692610723628,36.38845928240996,74.96592896307757
CALU6,-15.721442885771545,56.225380806962455,36.035127855600365,74.65644785338996
CALU6,-15.591182364729459,55.842768760022345,35.64697504111798,74.34342610988138
CALU6,-15.460921843687377,55.45913608545886,35.273013064008964,74.0271723202766
CALU6,-15.330661322645291,55.07452940845396,34.88100519606357,73.72744488095537
CALU6,-15.200400801603209,54.6889958393498,34.49529963340318,73.44857746122966
CALU6,-15.070140280561123,54.30258295217758,34.1469142558618,73.17377633176541
CALU6,-14.939879759519041,53.91533876271602,33.762062248349466,72.89671198284942
CALU6,-14.809619238476955,53.527311706089534,33.35213329921231,72.61739111100914
CALU6,-14.67935871743487,53.13855061393613,32.97621591065899,72.3358210866499
CALU6,-14.549098196392787,52.74910469116305,32.6024795131404,72.04069686025257
CALU6,-14.418837675350701,52.35902349231061,32.23083723495052,71.72843447685163
CALU6,-14.28857715430862,51.968356897548965,31.870278499068757,71.42630419649808
CALU6,-14.158316633266534,51.57715508833399,31.538598055557223,71.13580945903261
CALU6,-14.028056112224451,51.18546852274038,31.208704231367886,70.80823578291238
CALU6,-13.897795591182366,50.793347910502256,30.88062232034393,70.46116293630196
CALU6,-13.767535070140283,50.40084418778272,30.55056930602264,70.12670615336432
CALU6,-13.637274549098198,50.008008491702185,30.22667157860806,69.79774563947416
CALU6,-13.507014028056112,49.61489213464421,29.880704315138416,69.46625748515662
CALU6,-13.37675350701403,49.22154657837681,29.523293085029206,69.13226157021789
CALU6,-13.246492985971944,48.82802340800459,29.14445209049467,68.79577881731178
CALU6,-13.116232464929862,48.43437430578586,28.797841405501057,68.45683119648223
CALU6,-12.985971943887776,48.04065102484085,28.456890214277482,68.11638388236044
CALU6,-12.855711422845694,47.64690536277669,28.09068625094495,67.77339408450489
CALU6,-12.725450901803608,47.25318913525919,27.71797372960572,67.42729748838745
CALU6,-12.595190380761526,46.85955414956029,27.373609166352125,67.07745564719445
CALU6,-12.46492985971944,46.46605217810291,27.07450285535666,66.72975029980559
CALU6,-12.334669338677354,46.072734932041726,26.77861203591204,66.37791979681263
CALU6,-12.204408817635272,45.67965403489724,26.450076586332024,66.02382623979462
CALU6,-12.074148296593187,45.28686099627718,26.121507021959918,65.66749968080829
CALU6,-11.943887775551104,44.89440718571262,25.79551143351568,65.30801677058842
CALU6,-11.813627254509019,44.502343806632815,25.472107332308514,64.94609953840474
CALU6,-11.683366733466936,44.110721870510744,25.15128920773458,64.58564668665001
CALU6,-11.55310621242485,43.71959217120125,24.832169850322817,64.2342864558999
CALU6,-11.422845691382769,43.32900525950533,24.515868671029278,63.8758984271023
CALU6,-11.292585170340683,42.93901141797734,24.202231424989098,63.487767508095644
CALU6,-11.162324649298597,42.549660636010756,23.891825664227238,63.12192886042064
CALU6,-11.032064128256515,42.16100258522147,23.604663716724488,62.77013619286985
CALU6,-10.901803607214429,41.77308659515628,23.324739051419744,62.417983725981344
CALU6,-10.771543086172347,41.38596162934848,23.04617458075684,62.012465609379305
CALU6,-10.641282565130261,40.99967626174844,22.750584710990182,61.63942254081151
CALU6,-10.511022044088179,40.614278653547046,22.457828780235367,61.26403695072071
CALU6,-10.380761523046093,40.22981653041915,22.168192932575998,60.8857140129573
CALU6,-10.250501002004011,39.846337160205444,21.88116872633686,60.46944192120555
CALU6,-10.120240480961925,39.46388733105494,21.597389312851668,60.06384604994469
CALU6,-9.989979959919843,39.082513330047895,21.31424647373158,59.65295860644037
CALU6,-9.859719438877757,38.70226092232058,21.034292528992246,59.24508454419772
CALU6,-9.729458917835672,38.32317533070636,20.756982320683264,58.86481279765429
CALU6,-9.59919839679359,37.945301215914334,20.482465256421225,58.46502301623793
CALU6,-9.468937875751504,37.56868265726059,20.21238133747033,58.03537296157176
CALU6,-9.338677354709422,37.19336313396973,19.96561639014106,57.603660726993894
CALU6,-9.208416833667336,36.819385507057966,19.686443975533678,57.19208599352949
CALU6,-9.078156312625254,36.446792001816476,19.411655248258043,56.79763242687582
CALU6,-8.947895791583168,36.075624190904925,19.150102717577393,56.39694479299728
CALU6,-8.817635270541086,35.70592297806873,18.891195734107953,56.01432385287196
CALU6,-8.687374749499,35.33772858248867,18.634931261008198,55.630648151252515
CALU6,-8.557114228456914,34.971080523778156,18.381180031611503,55.244529324616586
CALU6,-8.426853707414832,34.606017607632324,18.114675631191837,54.81544437233112
CALU6,-8.296593186372746,34.24257791213807,17.85123755203406,54.440598517192605
CALU6,-8.166332665330664,33.880798774755064,17.60118871115099,54.065683249718994
CALU6,-8.036072144288578,33.52071677997158,17.344533826223735,53.65625731454604
CALU6,-7.905811623246496,33.16236774763847,17.088369339759225,53.23945177425076
CALU6,-7.77555110220441,32.80578672199089,16.835168524247734,52.82093853956266
CALU6,-7.645290581162328,32.45100796135517,16.584921318880664,52.4030244510624
CALU6,-7.515030060120242,32.098064928546954,16.3376169324474,51.99926233281864
CALU6,-7.384769539078157,31.746990281960414,16.098970444753416,51.594960203876376
CALU6,-7.2545090180360745,31.397815867348996,15.877164685159345,51.19017467055765
CALU6,-7.124248496993989,31.05057271029642,15.658406254037146,50.7845020597272
CALU6,-6.993987975951907,30.7052910093785,15.442503194274527,50.37843340925455
CALU6,-6.863727454909821,30.362000130010404,15.246523580402883,49.97202299848317
CALU6,-6.733466933867739,30.020728598979247,15.05407519356495,49.5649385928913
CALU6,-6.603206412825653,29.681504099654404,14.847838485123082,49.138512181196475
CALU6,-6.472945891783571,29.344353467874768,14.632361481270783,48.68817912467362
CALU6,-6.342685370741485,29.00930268850101,14.419665967042034,48.23770861708711
CALU6,-6.212424849699399,28.676376892634575,14.213122219395432,47.78718030223948
CALU6,-6.082164328657317,28.345600355487527,14.02304930197147,47.35457500249455
CALU6,-5.951903807615231,28.016996494901072,13.83257745223082,46.93322231381965
CALU6,-5.821643286573149,27.690587870500803,13.61602781041179,46.51210892274
CALU6,-5.691382765531063,27.366396183481317,13.40850309326481,46.09129818647188
CALU6,-5.561122244488981,27.044442277008514,13.200257465037643,45.67085327984923
CALU6,-5.430861723446895,26.72474613722824,13.010926367952905,45.25083715750937
CALU6,-5.300601202404813,26.40732689487327,12.827707729042677,44.84968878050543
CALU6,-5.1703406813627275,26.092202827451864,12.650139616978516,44.42840923534599
CALU6,-5.040080160320642,25.779391362010482,12.474662555146157,44.02260590934011
CALU6,-4.90981963927856,25.468909078452814,12.300412974836878,43.59955715020156
CALU6,-4.779559118236474,25.16077171340693,12.114471113098713,43.16106124546053
CALU6,-4.649298597194392,24.85499416462034,11.926996184438439,42.745499664584834
CALU6,-4.519038076152306,24.55159049587717,11.74149163614616,42.34500140296856
CALU6,-4.388777555110224,24.250573942413705,11.558223638491699,41.95402399641525
CALU6,-4.258517034068138,23.951956916824056,11.37163318479485,41.57940475540815
CALU6,-4.128256513026056,23.655751015438703,11.180590556757691,41.20402015768115
CALU6,-3.99799599198397,23.36196702515838,11.006161562196185,40.786477745324774
CALU6,-3.8677354709418843,23.070614930732056,10.83858800035723,40.40318970886479
CALU6,-3.737474949899802,22.78170392245789,10.673036695327518,40.00982284094779
CALU6,-3.6072144288577164,22.49524240429552,10.509703792514493,39.60306565023455
CALU6,-3.476953907815634,22.211238002370855,10.34592517162201,39.20852491589474
CALU6,-3.3466933867735484,21.92969757385774,10.175765252815745,38.78874486342688
CALU6,-3.2164328657314663,21.65062721622002,10.0210499886274,38.386075130169296
CALU6,-3.0861723446893805,21.37403227679841,9.861321360504302,37.97212981495733
CALU6,-2.9559118236472983,21.099917362723644,9.704463898511168,37.54798317698221
CALU6,-2.825651302605209,20.82828635114143,9.550047025134218,37.14662175188698
CALU6,-2.695390781563127,20.55914239973159,9.397858162721276,36.740970753732256
CALU6,-2.5651302605210446,20.292487957505504,9.247834849513037,36.33469531008306
CALU6,-2.4348697394789625,20.028324775864405,9.103455255520824,35.98680564702793
CALU6,-2.304609218436873,19.766653919904268,8.969513895610591,35.58451414333381
CALU6,-2.174348697394791,19.50747577994888,8.831079082244747,35.21522766819614
CALU6,-2.044088176352709,19.25079008329708,8.681497215236867,34.847069400260075
CALU6,-1.9138276553106266,18.9965959061664,8.543051030328586,34.48003999177383
CALU6,-1.7835671342685373,18.744891685819322,8.407985258966812,34.115081034758816
CALU6,-1.6533066132264551,18.495675232855334,8.284450894774691,33.73099280397211
CALU6,-1.523046092184373,18.24894374365419,8.157566985003854,33.3313019506545
CALU6,-1.3927855711422836,18.004693812954944,8.025780661918533,32.933498156250344
CALU6,-1.2625250501002014,17.76292144655646,7.895932981788681,32.5377811600046
CALU6,-1.1322645290581193,17.523622074124784,7.7681878683092025,32.17686199769433
CALU6,-1.002004008016037,17.28679056209297,7.642149508495748,31.821926450435566
CALU6,-0.8717434869739478,17.052421226639197,7.517798168700042,31.459849921835584
CALU6,-0.7414829659318656,16.82050784673059,7.395481755217066,31.097291134911192
CALU6,-0.6112224448897834,16.591043677217854,7.2772778099696875,30.743565930508275
CALU6,-0.4809619238477012,16.364021461969866,7.156603829762358,30.3652134221937
CALU6,-0.3507014028056119,16.139433447033085,7.04328349095926,29.989074718927032
CALU6,-0.22044088176352972,15.91727139380576,6.92379971734314,29.635583695920857
CALU6,-0.09018036072144753,15.69752659221298,6.810073969553678,29.28682586089309
CALU6,0.04008016032064177,15.480189873873293,6.698188295492155,28.948763528447962
CALU6,0.17034068136272396,15.265251625242694,6.58800581783778,28.61806451417449
CALU6,0.30060120240480614,15.052701800728348,6.479497971183702,28.28029339151087
CALU6,0.43086172344688833,14.84252993575863,6.367810664357086,27.932750276766328
CALU6,0.5611222444889776,14.634725159801576,6.258007921638938,27.587517310793007
CALU6,0.6913827655310598,14.42927620932013,6.149969137934103,27.244442213654384
CALU6,0.821643286573142,14.226171440656774,6.05321103100787,26.90528236775672
CALU6,0.9519038076152313,14.025398842836493,5.954742793972975,26.56825462951663
CALU6,1.0821643286573135,13.82694605028088,5.849245416780588,26.23386745592842
CALU6,1.2124248496993957,13.630800355424673,5.746208297750137,25.90213999207223
CALU6,1.3426853707414779,13.436948721226631,5.653537930900192,25.57309028033764
CALU6,1.4729458917835672,13.245377793566991,5.561048136281502,25.246735268338366
CALU6,1.6032064128256494,13.056073913525967,5.466555894876058,24.923090817577382
CALU6,1.7334669338677315,12.869023129533511,5.373717941304352,24.60217171283535
CALU6,1.8637274549098137,12.68421120938724,5.284410378618216,24.28385482808007
CALU6,1.993987975951903,12.501623652129918,5.2058188657224695,23.96811701418324
CALU6,2.124248496993985,12.321245699782116,5.11688019545173,23.655147603407762
CALU6,2.2545090180360674,12.143062348923905,5.033229905899312,23.347863758891517
CALU6,2.3847695390781567,11.967058362121774,4.95381449026652,23.05657508312198
CALU6,2.515030060120239,11.793218279193919,4.873825123963685,22.768100921069248
CALU6,2.645290581162321,11.621526428312148,4.792180099611746,22.47854863924221
CALU6,2.7755511022044033,11.451966936934094,4.711108573587795,22.16575931326189
CALU6,2.9058116232464926,11.284523742563374,4.627845852445679,21.876183031273474
CALU6,3.0360721442885747,11.119180603334248,4.55498730069067,21.580372094515436
CALU6,3.166332665330657,10.95592110841625,4.478396245590553,21.307692326383386
CALU6,3.2965931863727462,10.794728688237997,4.403107760889472,21.051125824835992
CALU6,3.4268537074148284,10.635586624526391,4.329025437458909,20.796743746849184
CALU6,3.5571142284569106,10.47847806015879,4.256058392799071,20.54139071971533
CALU6,3.687374749498993,10.323386008827383,4.18580886030602,20.267187504877853
CALU6,3.817635270541082,10.170293364512602,4.1194602501430895,19.982198716101845
CALU6,3.9478957915831643,10.019182910765204,4.053515466128531,19.71170702393854
CALU6,4.0781563126252465,9.870037329795359,3.987976543069356,19.461118903846387
CALU6,4.208416833667329,9.722839211367635,3.9182891310905084,19.21510266709436
CALU6,4.338677354709418,9.57757106150195,3.8487220841944954,18.97466218730269
CALU6,4.4689378757515,9.434215310978367,3.7803396327818173,18.745746145443235
CALU6,4.599198396793582,9.292754323647463,3.717042823253331,18.500799057024025
CALU6,4.729458917835672,9.153170404544694,3.655067207145022,18.252602622722318
CALU6,4.859719438877754,9.015445807809233,3.591269133860778,18.00992280643543
CALU6,4.989979959919836,8.879562744408174,3.528195846026774,17.76406234285246
CALU6,5.120240480961918,8.745503389665599,3.4704518456440927,17.530790809618956
CALU6,5.2505010020040075,8.61324989059823,3.4169514119101367,17.269364960180255
CALU6,5.38076152304609,8.48278437305729,3.3578795845069935,17.00924094171274
CALU6,5.511022044088172,8.354088948678902,3.2963763532901456,16.753560064829355
CALU6,5.641282565130261,8.227145721643021,3.245270476004712,16.535754099539925
CALU6,5.771543086172343,8.10193679524288,3.18686594700323,16.30631652119588
CALU6,5.9018036072144255,7.978444278266158,3.1304581127584696,16.056628924207335
CALU6,6.032064128256508,7.856650291189064,3.079882556327846,15.82656410824838
CALU6,6.162324649298597,7.736536972185889,3.0301921647539465,15.602875657099114
CALU6,6.292585170340679,7.61808648295488,2.9812775788560333,15.372853769652927
CALU6,6.422845691382761,7.501281014362719,2.9331275160688626,15.163193076336889
CALU6,6.553106212424844,7.3861027919097975,2.885727091465749,14.962147725659825
CALU6,6.683366733466933,7.272534081018056,2.8390081622752597,14.727067303044238
CALU6,6.813627254509015,7.160557192143593,2.7909678897700947,14.5279744564005
CALU6,6.943887775551097,7.050154485716728,2.742499826127798,14.32017952757081
CALU6,7.074148296593187,6.941308376910935,2.698142563934646,14.10899838609157
CALU6,7.204408817635269,6.8340013402443365,2.657148418972837,13.902044514554964
CALU6,7.334669338677351,6.728215914014753,2.60670722585638,13.707838343876269
CALU6,7.464929859719433,6.623934704572382,2.5606476252301063,13.513217873863882
CALU6,7.595190380761522,6.521140390431143,2.5140031755684515,13.326867762205051
CALU6,7.725450901803605,6.41981572622269,2.4730115825726973,13.148117219363746
CALU6,7.855711422845687,6.3199435464945894,2.4327193800643703,12.971464018952972
CALU6,7.985971943887776,6.221506769356541,2.3930669920679657,12.796944276266919
CALU6,8.116232464929858,6.124488399975928,2.346385514078722,12.615654897845772
CALU6,8.24649298597194,6.0288715339271715,2.3004156193339402,12.437283511851582
CALU6,8.376753507014023,5.934639360396034,2.2584088771620547,12.253708428276774
CALU6,8.507014028056112,5.841775165243027,2.223052670692456,12.081874705337356
CALU6,8.637274549098194,5.75026233392757,2.1888924877760796,11.886248242565328
CALU6,8.767535070140276,5.660084354296977,2.1552454322113257,11.7030032686222
CALU6,8.897795591182359,5.571224819241823,2.1221041602106667,11.525051630131516
CALU6,9.028056112224448,5.483667429221739,2.0876567349757367,11.341166021167282
CALU6,9.15831663326653,5.397395994663438,2.052369122820887,11.176720864787237
CALU6,9.288577154308612,5.312394438234684,2.017665390995976,11.018770356572517
CALU6,9.418837675350701,5.228646796996481,1.9835363051719568,10.866158057620378
CALU6,9.549098196392784,5.146137224436537,1.9514791109246914,10.711885670894123
CALU6,9.679358717434866,5.0648499923867885,1.9180399570011986,10.55942808728016
CALU6,9.809619238476948,4.984769492827913,1.8842603267622997,10.407955832964381
CALU6,9.939879759519037,4.905880239583337,1.8507569530107415,10.250658124705328
CALU6,10.07014028056112,4.828166869906033,1.8174856942290984,10.095459006373463
CALU6,10.200400801603202,4.751614145959974,1.7850804866006231,9.942338881660689
CALU6,10.330661322645291,4.676206956200233,1.7532423055439537,9.799904808992219
CALU6,10.460921843687373,4.601930316653236,1.7215271406761534,9.662039683684256
CALU6,10.591182364729455,4.528769372100597,1.6903710258844002,9.525901453645437
CALU6,10.721442885771538,4.456709397168881,1.6597880044283944,9.39119910681846
CALU6,10.851703406813627,4.385735797328163,1.6297487295488935,9.24513805299826
CALU6,10.981963927855709,4.315834109801611,1.600779580882338,9.096835494666081
CALU6,11.112224448897791,4.246990004389139,1.57245840812145,8.963052650830006
CALU6,11.242484969939873,4.179189284207196,1.5434813149218518,8.833558603379627
CALU6,11.372745490981963,4.1124178863474725,1.5150296380129848,8.705471571616343
CALU6,11.503006012024045,4.046661882457146,1.4871671821680268,8.572299989266156
CALU6,11.633266533066127,3.9819074792424773,1.4601424500344558,8.43121617094152
CALU6,11.763527054108216,3.9181410188988903,1.4336012982569601,8.294223755171044
CALU6,11.893787575150299,3.855348979469477,1.407563508611151,8.169624099906615
CALU6,12.02404809619238,3.793517975134108,1.3834313216361203,8.046505205226504
CALU6,12.154308617234463,3.7326347564320095,1.358194977316185,7.925072820017116
CALU6,12.284569138276552,3.672686210419441,1.3349644200402022,7.805301517396022
CALU6,12.414829659318634,3.6136593607648755,1.3123263617886682,7.677409347574013
CALU6,12.545090180360717,3.555541367783987,1.2900668812408602,7.569341072628978
CALU6,12.675350701402806,3.4983195284166286,1.2677548575718933,7.456733968326368
CALU6,12.805611222444888,3.4419812761471653,1.245947295334793,7.343937153436218
CALU6,12.93587174348697,3.3865141808713894,1.224719704341711,7.2342154597063475
CALU6,13.066132264529053,3.3319059487109426,1.2038612382016416,7.133803105767957
CALU6,13.196392785571142,3.278144421777667,1.1833827319162118,7.034389468868397
CALU6,13.326653306613224,3.2252175778899552,1.1632483244402292,6.935777373931781
CALU6,13.456913827655306,3.1731135302426186,1.1426733539295844,6.839534689324375
CALU6,13.587174348697388,3.1218205270321717,1.1232212348195951,6.744335245941547
CALU6,13.717434869739478,3.0713269510397185,1.1019640645912583,6.644768344567154
CALU6,13.84769539078156,3.021621319172525,1.0812497115072435,6.541379328558547
CALU6,13.977955911823642,2.972692281966572,1.0615741962484406,6.4497018374704576
CALU6,14.108216432865731,2.924528623051453,1.043219165645303,6.359941539314737
CALU6,14.238476953907814,2.8771192585793983,1.0256602166911355,6.271342436259522
CALU6,14.368737474949896,2.830453236619797,1.0062165577976225,6.183758658148276
CALU6,14.498997995991978,2.784519736521055,0.9886107229527397,6.095264560404827
CALU6,14.629258517034067,2.7393080682410877,0.9713246283512388,5.999823257741376
CALU6,14.75951903807615,2.6948076716480016,0.9543726497492616,5.905519144147418
CALU6,14.889779559118232,2.6510081157924,0.9372949786403643,5.816311352783121
CALU6,15.020040080160314,2.6078990981526737,0.9204386558040215,5.721161186021587
CALU6,15.150300601202403,2.565470443854684,0.9038404775828793,5.638079583973343
CALU6,15.280561122244485,2.523712104867088,0.8875388472084278,5.556667337804893
CALU6,15.410821643286567,2.482614159173765,0.8715402596334982,5.4782995063961675
CALU6,15.541082164328657,2.4421668099242377,0.8559242978883275,5.389671322418478
CALU6,15.671342685370739,2.4023603845638575,0.8405292779914475,5.302140832711581
CALU6,15.801603206412821,2.363185333944291,0.8253783896614718,5.215941077411838
CALU6,15.931863727454903,2.3246322314159524,0.810498262515455,5.131063536703446
CALU6,16.062124248496993,2.286691771903319,0.7958883271574692,5.047490488966445
CALU6,16.192384769539075,2.2493547709641746,0.7815644448020346,4.965204366913039
CALU6,16.322645290581157,2.2126121638337466,0.7675027565964443,4.885665957285519
CALU6,16.452905811623246,2.1764550044551116,0.7537710513177269,4.81310577917114
CALU6,16.58316633266533,2.140874464496374,0.7406103894806574,4.741086082809169
CALU6,16.71342685370741,2.105861832355906,0.7278313044410527,4.669732799698207
CALU6,16.843687374749493,2.0714085121564563,0.7152710601788197,4.599385007565481
CALU6,16.973947895791582,2.0375060227290027,0.7029259658676097,4.525980402737187
CALU6,17.104208416833664,2.0041459965872916,0.6907923909835214,4.453541384435089
CALU6,17.234468937875747,1.9713201788937733,0.6788667643867272,4.385174215736936
CALU6,17.36472945891783,1.9390204264178377,0.6671455734147523,4.313916470873677
CALU6,17.494989979959918,1.9072387064871712,0.6554860850810404,4.243732708596415
CALU6,17.625250501002,1.8759670959327834,0.6436803574391303,4.176476707899417
CALU6,17.755511022044082,1.8451977800286974,0.631738302499505,4.108194943325092
CALU6,17.88577154308617,1.8149230514268098,0.6200386505368214,4.040880978705117
CALU6,18.016032064128254,1.785135309087668,0.6085601187029426,3.974776797869345
CALU6,18.146292585170336,1.7558270572077945,0.5975630300128741,3.909708435629011
CALU6,18.27655310621242,1.7269909041442346,0.5867605052165467,3.845661147509282
CALU6,18.406813627254508,1.6986195613368806,0.5757001811823325,3.782858691785102
CALU6,18.53707414829659,1.6707058422291912,0.5648470962816186,3.7216119380965003
CALU6,18.667334669338672,1.6432426611877478,0.5541974140066643,3.66582519617072
CALU6,18.79759519038076,1.6162230324214475,0.5438996116535535,3.610842237795099
CALU6,18.927855711422843,1.5896400689005332,0.5339153950363895,3.556652454683594
CALU6,19.058116232464926,1.563486981276202,0.5246654813421213,3.5032453493660505
CALU6,19.188376753507008,1.537757076801148,0.5156279786690039,3.4461895134500464
CALU6,19.318637274549097,1.5124437582514794,0.506745327672018,3.3943007834555603
CALU6,19.44889779559118,1.4875405228505865,0.49801490317504543,3.3451671501180864
CALU6,19.57915831663326,1.46304096119518,0.48943412354518623,3.2959505088383976
CALU6,19.709418837675344,1.4389387561840827,0.4810004500034712,3.2413736048315864
CALU6,19.839679358717433,1.4152276819500291,0.4727113859453382,3.1919809887494437
CALU6,19.969939879759515,1.391901602794976,0.4645644762707827,3.143044229990264
CALU6,20.100200400801597,1.368954472129024,0.4565573067240822,3.091787275134809
CALU6,20.230460921843687,1.3463803314136644,0.4484144312573074,3.044183040571081
CALU6,20.36072144288577,1.324173309109302,0.44023551915705317,2.9978882136942495
CALU6,20.49098196392785,1.3023276196275304,0.43220511435836734,2.948310190087512
CALU6,20.621242484969933,1.2808375622885262,0.42432054477746434,2.9015326165246575
CALU6,20.751503006012022,1.2596975202836223,0.41657918552488105,2.8572074734155546
CALU6,20.881763527054105,1.2389019596435076,0.4089784581040257,2.811117953046987
CALU6,21.012024048096187,1.21844542821222,0.40167706696215955,2.7655034329969346
CALU6,21.142284569138276,1.1983225546271825,0.39416141507103486,2.7185126886564923
CALU6,21.27254509018036,1.1785280473054853,0.38697003192758206,2.669322290670823
CALU6,21.40280561122244,1.1590566934366533,0.38020828024676406,2.6223353945332275
CALU6,21.533066132264523,1.1399033579820943,0.373840002760112,2.5815842740087476
CALU6,21.663326653306612,1.121062982681375,0.36751838552987126,2.545512583131899
CALU6,21.793587174348694,1.102530585065558,0.3611784592623523,2.506458259888524
CALU6,21.923847695390776,1.084301257477722,0.3548813328625378,2.4657887210976814
CALU6,22.05410821643286,1.0663701661008238,0.3491248708964013,2.4257623566445377
CALU6,22.184368737474948,1.0487325499930962,0.3434624199004085,2.386253042797626
CALU6,22.31462925851703,1.0313837201310123,0.3378397498541366,2.347318452448932
CALU6,22.444889779559112,1.014319058460077,0.33237383536475407,2.3091772601543332
CALU6,22.5751503006012,0.9975340169534138,0.32703358238426755,2.2726266589125186
CALU6,22.705410821643284,0.9810241166784113,0.3217286018247889,2.2366409164319156
CALU6,22.835671342685366,0.9647849468713945,0.3165093961193743,2.2012117341697333
CALU6,22.965931863727448,0.9488121640204676,0.31137458744334395,2.1663309219197555
CALU6,23.096192384769537,0.9331014909566652,0.30604714060417465,2.1319903968335474
CALU6,23.22645290581162,0.9176487159533446,0.30077049614084717,2.098182182435486
CALU6,23.3567134268537,0.9024496918340595,0.29558454953414,2.0644641209969703
CALU6,23.48697394789579,0.8875003350888384,0.2904877513669332,2.032256007073457
CALU6,23.617234468937873,0.8727966249990209,0.2854785783641943,2.0000853795215905
CALU6,23.747494989979955,0.8583346027706025,0.2805774042987543,1.9684134414355887
CALU6,23.877755511022038,0.8441103706762425,0.27587427536832576,1.937826307360251
CALU6,24.008016032064127,0.8301200912058692,0.27120580525510923,1.909306299932125
CALU6,24.13827655310621,0.8163599862259906,0.26648043095114965,1.881140904810261
CALU6,24.26853707414829,0.8028263361476585,0.2617417132853128,1.8503018122649095
CALU6,24.398797595190373,0.7895154791032035,0.25720558312600583,1.819668921032872
CALU6,24.529058116232463,0.776423810131663,0.25279130368629316,1.7895947518364579
CALU6,24.659318637274545,0.7635477803729441,0.24838594383822776,1.7620599288953354
CALU6,24.789579158316627,0.7508838962707775,0.24407393789891663,1.7349409501298338
CALU6,24.919839679358716,0.7384287187843421,0.23985899906795982,1.7082317742200397
CALU6,25.0501002004008,0.7261788626087279,0.2352982192151317,1.6819264402981418
CALU6,25.18036072144288,0.7141309954040479,0.2307880391770873,1.6560190671038333
CALU6,25.310621242484963,0.7022818370332925,0.22645136914065675,1.6286976141085636
CALU6,25.440881763527052,0.6906281588089516,0.22262761514737336,1.6001175420601315
CALU6,25.571142284569135,0.6791667827482225,0.2185107074663037,1.572964005155911
CALU6,25.701402805611217,0.6678945808369748,0.2144197866776513,1.5481779810657872
CALU6,25.831663326653306,0.6568084743022886,0.21042062332306982,1.5247336644562377
CALU6,25.961923847695388,0.64590543289365,0.20694004452075707,1.501638751510385
CALU6,26.09218436873747,0.6351824741726873,0.20352284241502644,1.477469431518087
CALU6,26.222444889779553,0.6246366628114742,0.1999507044058522,1.4534732640587247
CALU6,26.352705410821642,0.6142651098993329,0.19625515248509853,1.4304849737511773
CALU6,26.482965931863724,0.6040649722580976,0.19262101644326574,1.4079565072264328
CALU6,26.613226452905806,0.594033451765807,0.18915447572855715,1.3858432601138269
CALU6,26.74348697394789,0.5841677946887844,0.1859928628332602,1.3650650158455322
CALU6,26.873747494989978,0.5744652910220159,0.1824049450849812,1.3443689752888277
CALU6,27.00400801603206,0.5649232738378622,0.17885010030323764,1.3219876904544714
CALU6,27.134268537074142,0.5555391186429615,0.17543594824812822,1.301313010465279
CALU6,27.26452905811623,0.5463102427433301,0.1721841199232074,1.281502230656874
CALU6,27.394789579158314,0.5372341046175866,0.1689949333470467,1.26196627639327
CALU6,27.525050100200396,0.5283082032982457,0.165864714854753,1.2416661362037111
CALU6,27.655310621242478,0.5195300777610196,0.1629037118575147,1.2214209842430193
CALU6,27.785571142284567,0.5108973063220774,0.16001823561343828,1.201243074485356
CALU6,27.91583166332665,0.5024075060432013,0.1569120253659618,1.181372513935755
CALU6,28.04609218436873,0.4940583321447622,0.15409224544092398,1.1618265972870245
CALU6,28.17635270541082,0.48584747742647216,0.1512569629113196,1.1426911729274565
CALU6,28.306613226452903,0.4777726716958504,0.1488849120772556,1.1246942778418254
CALU6,28.436873747494985,0.46983168120431085,0.14636600689761314,1.107008803772135
CALU6,28.567134268537067,0.4620223080908387,0.14373447591364413,1.0895795794586336
CALU6,28.697394789579157,0.45434238983317526,0.14140615844168652,1.072469569149661
CALU6,28.82765531062124,0.44678979870644153,0.13882007683525668,1.0556179221262725
CALU6,28.95791583166332,0.4393624412491259,0.13606502720601377,1.0389947954044974
CALU6,29.088176352705403,0.4320582577364089,0.13347390953961083,1.022994072584572
CALU6,29.218436873747493,0.4248752216606777,0.1311200560686705,1.0082933231454956
CALU6,29.348697394789582,0.4178113392192477,0.12881463436747786,0.9938016880511563
CALU6,29.478957915831657,0.41086464880915974,0.1265496943961458,0.9789582022626138
CALU6,29.609218436873746,0.40403322052901264,0.12433018284582854,0.9636147218777111
CALU6,29.73947895791582,0.397315155687741,0.12214571795791744,0.9482034874316839
CALU6,29.86973947895791,0.3907085863202901,0.1198657276148629,0.9321136830696204
CALU6,30.0,0.38421167471010087,0.117700024593588,0.9162552263532114
