x_um,y_um,T_min_C,delta_CC3
-102.71207134172522,828.5475669295644,9.376559625714993,-5.38246694583062
-102.71207134172522,1237.7988821390911,8.218561966383275,-5.010033612497287
-102.71207134172522,1442.4245397438544,7.6863969556750735,-5.40261694583062
-102.71207134172522,1647.0501973486178,7.118609325039011,-1.0629669458306203
-102.71207134172522,1851.675854953381,6.32336010013109,-7.96126694583062
-102.71207134172522,2056.301512558144,5.826068913175893,-9.04866694583062
-102.71207134172522,2260.9271701629077,5.099180606729945,-8.94536694583062
-102.71207134172522,2670.1784853724344,4.089140423461726,-6.950700279163954
-102.71207134172522,2874.8041429771974,3.7291828333764787,-7.117616945830621
-102.71207134172522,3079.429800581961,3.1183777696502153,-6.79861694583062
-102.71207134172522,3284.0554581867245,2.4648751745418127,-1.4584169458306202
-102.71207134172522,3488.6811157914876,1.9974027928533638,-7.37718694583062
-102.71207134172522,3693.3067733962507,1.5621519837855917,-8.59726694583062
-102.71207134172522,4307.18374621054,0.49783787206540864,30.600999720836047
-102.71207134172522,4511.809403815304,0.39026171006757365,-2.350083612497287
-102.71207134172522,4921.060719024831,0.16400094634233678,-9.01116694583062
-102.71207134172522,5125.686376629595,0.027549474267637927,-8.42926694583062
10.016588375599127,521.6090805224194,10.170348941229472,12.521533054169378
10.016588375599127,726.2347381271827,9.573102485758735,-4.666424088687763
10.016588375599127,930.8603957319459,9.02577697287946,-4.22575694583062
10.016588375599127,1135.4860533367096,8.414455103174893,-6.25844194583062
10.016588375599127,1340.1117109414727,7.780962698749927,-5.625681231544905
10.016588375599127,1544.7373685462362,7.236600461554803,-3.2789669458306205
10.016588375599127,1749.3630261509993,6.687477717317302,-2.7717419458306205
10.016588375599127,1953.9886837557628,5.9056772000486975,-4.2445033094669835
10.016588375599127,2158.614341360526,5.511040591536815,-5.944609802973479
10.016588375599127,2363.2399989652895,4.7530464334143705,-3.06471400465415
10.016588375599127,2567.8656565700526,4.310003625117901,-5.55486694583062
10.016588375599127,2772.491314174816,3.8150513261329335,-1.2772487640124377
10.016588375599127,2977.116971779579,3.0985588632294707,-5.162776036739711
10.016588375599127,3181.7426293843428,2.49633130245291,-2.725700279163954
10.016588375599127,3386.368286989106,2.1984228580701943,-3.0219044458306197
10.016588375599127,3590.9939445938694,1.4850355410498959,-8.23341694583062
10.016588375599127,3795.6196021986325,1.0343092509607394,-5.828650279163955
10.016588375599127,4000.245259803396,0.5909043206131861,7.695290197026524
10.016588375599127,4204.87091740816,0.23512979975743487,-5.665633612497288
10.016588375599127,4409.496575012922,0.17688429699295252,-4.37557944583062
10.016588375599127,4614.122232617686,-0.06326981534081061,-6.220139673103347
10.016588375599127,4818.747890222449,-0.24877128072280374,-3.57106694583062
10.016588375599127,5023.373547827213,-0.1544567852944738,-5.213888374402048
10.016588375599127,5227.9992054319755,-0.0645463944897401,-5.082289168052842
10.016588375599127,5432.624863036739,-0.09942840667340587,-2.89477694583062
10.016588375599127,5637.250520641503,-0.017504495323456253,-4.76244694583062
10.016588375599127,5841.876178246266,0.39837801641763454,-3.074603309466984
10.016588375599127,6046.501835851029,0.6218399984448735,-4.29872944583062
10.016588375599127,6251.127493455792,0.8862583311082217,-1.58262694583062
10.016588375599127,6455.753151060556,1.493623201637078,-6.268000279163954
10.016588375599127,6865.004466270082,2.3661179650792903,-6.30811694583062
122.74524809292348,419.29625172003773,10.282002505693164,7.6573219430582675
122.74524809292348,623.921909324801,9.757248565536186,-3.6247260367397103
122.74524809292348,828.5475669295644,9.143640643686142,-0.15795027916395302
122.74524809292348,1033.1732245343278,8.543873712746274,3.119351235987561
122.74524809292348,1237.7988821390911,7.894343702461067,-0.3641780569417319
122.74524809292348,1442.4245397438544,7.3157655896825515,-4.527378056941732
122.74524809292348,1647.0501973486178,6.731027797685377,-5.4223284842921595
122.74524809292348,1851.675854953381,5.839087299098715,0.16578305416938033
122.74524809292348,2056.301512558144,5.567432936782485,-6.072755834719509
122.74524809292348,2260.9271701629077,4.953505622921607,-5.3738669458306205
122.74524809292348,2465.5528277676713,4.2437525816712505,-5.35967944583062
122.74524809292348,2670.1784853724344,3.4469388920241277,-0.6517919458306205
122.74524809292348,2874.8041429771974,3.093295270611293,3.2084630541693793
122.74524809292348,3079.429800581961,2.1073567247996277,7.149373054169379
122.74524809292348,3284.0554581867245,1.9922594317466662,-2.193456945830621
122.74524809292348,3488.6811157914876,1.270458593094947,-4.82766694583062
122.74524809292348,3693.3067733962507,1.2521569187613406,-7.497895517259191
122.74524809292348,3897.9324310010143,0.5663137243775708,-4.15761694583062
122.74524809292348,4102.558088605778,0.2652437057099094,-6.45481694583062
122.74524809292348,4307.18374621054,-0.11277065011885136,-5.580716945830621
122.74524809292348,4511.809403815304,-0.3426891645401212,-2.9547391680528423
122.74524809292348,4716.4350614200675,-0.5212113956304838,-3.3399469458306204
122.74524809292348,4921.060719024831,-0.6657872585966426,-3.53262694583062
122.74524809292348,5125.686376629595,-0.5949486267579853,-4.22498694583062
122.74524809292348,5330.312034234357,-0.6083346161317728,-1.4382812315449058
122.74524809292348,5534.937691839121,-0.4349792356909102,-2.4241502791639538
122.74524809292348,5739.563349443884,0.1730977111473165,-7.482433612497286
122.74524809292348,5944.189007048647,0.21003941171234236,2.4974580541693796
122.74524809292348,6148.814664653411,0.6004535682781844,-4.71109694583062
122.74524809292348,6353.440322258174,0.9781737604292897,-5.204166945830621
122.74524809292348,6558.065979862938,1.3316840238270264,3.2412785087148333
122.74524809292348,6762.691637467701,2.0128610469392787,-4.854858612497288
122.74524809292348,6967.317295072464,2.4152154801548305,-5.755338374402048
122.74524809292348,7171.942952677227,2.9022975642789985,-7.44009194583062
122.74524809292348,7376.568610281991,3.394448233422857,-6.78166694583062
235.4739078102478,521.6090805224194,9.832648264457966,1.5017148723511973
235.4739078102478,726.2347381271827,9.223122004912804,0.4147730541693795
235.4739078102478,930.8603957319459,8.596312634959551,8.69258305416938
235.4739078102478,1135.4860533367096,8.081821689909379,-6.181029445830621
235.4739078102478,1340.1117109414727,7.346323753330653,-5.289878056941731
235.4739078102478,1544.7373685462362,6.747687609324695,-5.731986945830621
235.4739078102478,1749.3630261509993,6.139037907709694,3.3172638234001477
235.4739078102478,1953.9886837557628,5.428254476445779,39.31969555416938
235.4739078102478,2158.614341360526,4.680272277542019,0.4121455541693795
235.4739078102478,2363.2399989652895,4.050920948951697,-6.015200279163953
235.4739078102478,2567.8656565700526,3.3984179965489654,21.608061625597948
235.4739078102478,2772.491314174816,2.799635484508408,-4.778622501386176
235.4739078102478,2977.116971779579,2.660572833596382,-7.50706694583062
235.4739078102478,3181.7426293843428,1.981546905413984,26.600961625597957
235.4739078102478,3386.368286989106,1.0956242611358467,-3.1489526601163353
235.4739078102478,3590.9939445938694,0.6211279492791558,-2.2778369458306207
235.4739078102478,3795.6196021986325,0.2549847598885824,-5.707386945830621
235.4739078102478,4000.245259803396,-0.1255470683061445,3.6776330541693794
235.4739078102478,4204.87091740816,-0.5063711598456992,-5.236159253522929
235.4739078102478,4409.496575012922,-0.908801667993257,7.24875805416938
235.4739078102478,4614.122232617686,-1.1990930922724967,11.13278305416938
235.4739078102478,4818.747890222449,-1.0741630587221185,3.27213305416938
235.4739078102478,5023.373547827213,-1.1116888352095557,-3.1124836124972863
235.4739078102478,5227.9992054319755,-1.222144411609528,-0.5670578549215295
235.4739078102478,5432.624863036739,-1.3107139231390619,-4.8260069458306205
235.4739078102478,5637.250520641503,-0.864782071436341,-1.4504419458306195
235.4739078102478,5841.876178246266,-0.30402901309996255,-3.3700002791639534
235.4739078102478,6046.501835851029,-0.1885039400612235,-3.4261669458306208
235.4739078102478,6251.127493455792,0.4680096467019173,-5.36116694583062
235.4739078102478,6455.753151060556,0.6454680796970659,-0.11951694583062045
235.4739078102478,6660.378808665319,1.39385651581329,-3.71261694583062
235.4739078102478,6865.004466270082,1.8305295426307082,-3.5879869458306204
235.4739078102478,7069.630123874846,2.308429412208427,-4.0534764696401435
235.4739078102478,7274.255781479609,2.962000751307493,-5.252825279163954
235.4739078102478,7478.881439084373,3.4799731446039837,-3.4371002791639533
235.4739078102478,7683.507096689135,4.248899849784825,-4.889495517259191
235.4739078102478,7888.132754293899,4.725797316282492,-1.6783669458306205
235.4739078102478,8092.758411898662,5.462988353311267,-4.626100279163953
235.4739078102478,8297.384069503425,6.105521567473451,2.9428044827408075
235.4739078102478,8502.009727108189,6.675074179809823,-5.97036694583062
235.4739078102478,8706.635384712952,7.2817112436930325,-5.3101002791639536
235.4739078102478,8911.261042317714,7.9449334090205,-2.1230336124972866
348.20256752757217,419.29625172003773,9.915630087615494,7.33258305416938
348.20256752757217,623.921909324801,9.285265203144043,-4.73452848429216
348.20256752757217,828.5475669295644,8.724242359517962,0.4657263875027133
348.20256752757217,1033.1732245343278,8.193919571510925,-8.48156694583062
348.20256752757217,1237.7988821390911,7.542947750787127,-6.05159194583062
348.20256752757217,1442.4245397438544,6.9278678787187395,-7.571633612497286
348.20256752757217,1647.0501973486178,5.90476661864599,7.822266387502714
348.20256752757217,1851.675854953381,5.465156006771813,5.74513305416938
348.20256752757217,2056.301512558144,4.593913430510418,4.777344165280491
348.20256752757217,2260.9271701629077,3.8449299155015337,4.66615305416938
348.20256752757217,2465.5528277676713,3.2841997918410173,4.560833054169379
348.20256752757217,2670.1784853724344,2.8741147590620257,-4.693166945830621
348.20256752757217,2874.8041429771974,2.415604869460097,5.9424330541693795
348.20256752757217,3488.6811157914876,0.5303595133063544,-5.332666945830621
348.20256752757217,3693.3067733962507,-0.1356847710299981,4.721533054169379
348.20256752757217,3897.9324310010143,-0.7091092061188048,-6.63284194583062
348.20256752757217,4102.558088605778,-1.161493110766671,-4.006596945830621
348.20256752757217,4307.18374621054,-1.4191418426135336,-5.433300279163954
348.20256752757217,4511.809403815304,-1.7652497844004738,-4.88056694583062
348.20256752757217,4716.4350614200675,-1.7976925634714882,-4.199652660116334
348.20256752757217,5330.312034234357,-1.3970880549560867,-5.098900279163954
348.20256752757217,5534.937691839121,-1.6238290348876463,-4.747900279163954
348.20256752757217,5739.563349443884,-1.3035944202665106,-3.835230582194256
348.20256752757217,5944.189007048647,-0.950491231655989,-4.60391694583062
348.20256752757217,6148.814664653411,-0.716875338131981,-4.828933612497287
348.20256752757217,6353.440322258174,-0.2353136185735059,-5.53349194583062
348.20256752757217,6558.065979862938,0.6477455292880536,-6.5514669458306205
348.20256752757217,6762.691637467701,1.1079331039779583,-2.94581694583062
348.20256752757217,6967.317295072464,1.709473308580934,11.146858054169378
348.20256752757217,7171.942952677227,2.393209847743484,-3.033578056941731
348.20256752757217,7376.568610281991,2.9383278317889916,-4.853116945830619
348.20256752757217,7581.194267886754,3.5623505450299358,-2.486986945830621
348.20256752757217,7785.819925491517,4.227082621928776,0.8913080541693796
348.20256752757217,7990.445583096281,4.923420752633872,-1.74180694583062
348.20256752757217,8195.071240701043,5.632040718280693,-7.495438374402049
348.20256752757217,8399.696898305807,6.358557799754214,-6.927654445830619
348.20256752757217,8604.32255591057,6.862970840506035,-3.7381606958306204
348.20256752757217,8808.948213515332,7.469633830321447,-4.869688374402048
348.20256752757217,9013.573871120096,8.136349049610741,-4.83896694583062
348.20256752757217,9218.19952872486,8.654845374130375,-5.80826694583062
460.93122724489655,521.6090805224194,9.441681612474337,-6.18639694583062
460.93122724489655,726.2347381271827,8.75012071475003,-5.944158612497287
460.93122724489655,930.8603957319459,8.385701130424525,-7.01876694583062
460.93122724489655,1544.7373685462362,5.972122181478197,-6.12316694583062
460.93122724489655,1749.3630261509993,5.381004995784426,23.819753054169382
460.93122724489655,1953.9886837557628,4.685406538771238,2.32115305416938
460.93122724489655,2158.614341360526,4.109839433005783,-2.2668869458306204
460.93122724489655,2363.2399989652895,3.094560520817803,14.02943305416938
460.93122724489655,2567.8656565700526,2.9019929795587776,-2.2315098029734775
460.93122724489655,2772.491314174816,2.4402400220009555,-7.22576694583062
460.93122724489655,3590.9939445938694,-0.19291056239255766,-7.45866694583062
460.93122724489655,3795.6196021986325,-1.205122736748255,-7.60816694583062
460.93122724489655,4000.245259803396,-1.2623457961194586,1.4158330541693793
460.93122724489655,4204.87091740816,-1.9087033980029033,-5.0856269458306205
460.93122724489655,4409.496575012922,-2.240507943112393,-2.18656694583062
460.93122724489655,4614.122232617686,-2.4999685281485235,-5.891920791984465
460.93122724489655,5432.624863036739,-1.7291195587851118,-4.52146694583062
460.93122724489655,5637.250520641503,-2.156179731376833,-4.938800279163954
460.93122724489655,5841.876178246266,-1.9407956577129895,-4.593616945830621
460.93122724489655,6046.501835851029,-1.2808902034091167,-3.432009802973478
460.93122724489655,6251.127493455792,-0.6573485161860392,-7.164966945830621
460.93122724489655,6455.753151060556,-0.30484464879186435,-4.20398694583062
460.93122724489655,6660.378808665319,0.31060158721010883,-4.896033612497287
460.93122724489655,6865.004466270082,0.9375671169928116,-5.5795002791639545
460.93122724489655,7069.630123874846,1.967407483830999,-5.24406694583062
460.93122724489655,7274.255781479609,2.463980788852863,-4.952233612497286
460.93122724489655,7478.881439084373,2.841739469334789,-5.88007944583062
460.93122724489655,7683.507096689135,3.682384068652192,-4.32999194583062
460.93122724489655,7888.132754293899,4.379121773987684,-6.716579445830621
460.93122724489655,8092.758411898662,4.908310161030031,-4.201866945830621
460.93122724489655,8297.384069503425,5.5926142741563165,-4.36176694583062
460.93122724489655,8502.009727108189,6.4686978528574475,-4.914981231544906
460.93122724489655,8706.635384712952,6.947058945718784,-6.604556945830621
460.93122724489655,8911.261042317714,7.623249081908723,-4.710752660116334
460.93122724489655,9115.886699922477,8.19985494453453,-5.023496357595326
460.93122724489655,9320.512357527241,8.84854991319323,-2.01784194583062
460.93122724489655,9525.138015132005,9.405248444386379,-3.65841694583062
460.93122724489655,9729.763672736768,10.054942883912199,-7.25726694583062
573.6598869622208,419.29625172003773,9.431766916398027,5.957013054169378
573.6598869622208,623.921909324801,8.862958424353774,-5.7856069458306205
573.6598869622208,828.5475669295644,8.402814511207701,0.10529972083604673
573.6598869622208,1647.0501973486178,5.5383558580334125,14.58659305416938
573.6598869622208,1851.675854953381,4.7828595129781535,-4.14134694583062
573.6598869622208,2056.301512558144,4.2779591993755,1.85375805416938
573.6598869622208,2260.9271701629077,3.3250918907492455,0.8718080541693796
573.6598869622208,2465.5528277676713,2.562697594371057,-6.530126945830621
573.6598869622208,3693.3067733962507,-1.1877115834065584,0.26499972083604667
573.6598869622208,3897.9324310010143,-1.9862781922777881,3.4572901970265226
573.6598869622208,4102.558088605778,-2.621393870268598,-1.4400669458306201
573.6598869622208,4307.18374621054,-2.5140901533818454,-4.27516694583062
573.6598869622208,4511.809403815304,-3.0671053406993556,-2.9735383744020476
573.6598869622208,5739.563349443884,-2.9637304903283668,-4.204638374402049
573.6598869622208,5944.189007048647,-1.9533158332718386,-4.28139194583062
573.6598869622208,6148.814664653411,-1.9684765392228791,-5.039241945830621
573.6598869622208,6353.440322258174,-1.0720070858084818,-4.53109194583062
573.6598869622208,6558.065979862938,-0.5373040865991996,-3.963416945830621
573.6598869622208,6762.691637467701,0.35407039043230776,-6.571500279163954
573.6598869622208,7581.194267886754,2.926266977709572,-5.52849194583062
573.6598869622208,7785.819925491517,3.5298918953787406,3.1154580541693795
573.6598869622208,7990.445583096281,4.3230515777194585,-6.210683612497287
573.6598869622208,8195.071240701043,4.914885426008025,-4.63098694583062
573.6598869622208,8399.696898305807,5.951392097623504,-7.41786694583062
573.6598869622208,8604.32255591057,6.373073685444704,3.008910831947157
573.6598869622208,8808.948213515332,7.203534166572581,-5.51251694583062
573.6598869622208,9013.573871120096,7.87744647784572,-2.6183396731033475
573.6598869622208,9218.19952872486,8.445056357713352,-2.8707336124972866
573.6598869622208,9422.825186329623,9.02937553604976,-1.2137002791639537
573.6598869622208,9627.450843934386,9.704726610730182,-2.3478919458306198
573.6598869622208,9832.07650153915,10.170930196028243,6.709858054169379
573.6598869622208,10036.702159143913,10.727798949396751,-6.798766945830621
686.3885466795452,521.6090805224194,9.077714278710676,-0.21039771506138935
686.3885466795452,726.2347381271827,8.542660764975068,-4.43046694583062
686.3885466795452,1749.3630261509993,5.020240120101848,-0.6804469458306202
686.3885466795452,1953.9886837557628,4.200103492797976,-3.8208469458306196
686.3885466795452,2158.614341360526,3.340506372974776,-5.593506945830621
686.3885466795452,2363.2399989652895,2.5470124391027955,-5.451686945830621
686.3885466795452,2567.8656565700526,2.167520549658779,-4.63826694583062
686.3885466795452,3795.6196021986325,-2.1639036699362477,-2.8109054073690816
686.3885466795452,4000.245259803396,-2.48972287048956,-4.929300279163954
686.3885466795452,4204.87091740816,-3.2349497005836345,-6.397466945830621
686.3885466795452,4409.496575012922,-3.644898774392267,-2.90160694583062
686.3885466795452,5637.250520641503,-2.990563692347855,-5.797941945830619
686.3885466795452,5841.876178246266,-2.9669004330485897,-4.65386694583062
686.3885466795452,6046.501835851029,-2.769542942407955,-6.179600279163953
686.3885466795452,6251.127493455792,-2.19464344121482,-4.373016945830621
686.3885466795452,6455.753151060556,-1.4498046665113162,-5.00874694583062
686.3885466795452,6660.378808665319,-0.5262659145147828,-4.709566945830621
686.3885466795452,7683.507096689135,2.8899828856524676,-5.92731694583062
686.3885466795452,7888.132754293899,3.465797862307647,-4.3963098029734775
686.3885466795452,8092.758411898662,4.225023335502691,-4.772575279163953
686.3885466795452,8297.384069503425,4.748467589151011,3.38243305416938
686.3885466795452,8502.009727108189,5.6431486049972035,-6.697733612497287
686.3885466795452,8706.635384712952,6.546814333352747,-7.6534502791639545
686.3885466795452,8911.261042317714,7.359690458536309,-6.425333612497287
686.3885466795452,9115.886699922477,8.063795222385755,-5.59986694583062
686.3885466795452,9320.512357527241,8.647526062294984,-6.008733612497285
686.3885466795452,9525.138015132005,9.170503858777037,-1.4683319458306205
686.3885466795452,9729.763672736768,9.849650694632551,3.25614555416938
686.3885466795452,9934.389330341532,10.413059796813034,-0.549176945830621
799.1172063968695,419.29625172003773,9.091293326079212,-0.38385027916395426
799.1172063968695,623.921909324801,8.681498171992807,-3.0081169458306203
799.1172063968695,1647.0501973486178,5.2295018935979884,-5.12666694583062
799.1172063968695,1851.675854953381,4.072502951042178,6.62223305416938
799.1172063968695,2056.301512558144,3.263499873267241,-2.3628780569417316
799.1172063968695,2260.9271701629077,2.6678482091728726,0.4927530541693791
799.1172063968695,2465.5528277676713,2.1341683720208144,-4.794433612497287
799.1172063968695,3693.3067733962507,-2.026516343471873,-5.238166945830621
799.1172063968695,3897.9324310010143,-2.664270760844806,-6.62246694583062
799.1172063968695,4102.558088605778,-3.8362488177639147,-5.62096694583062
799.1172063968695,4307.18374621054,-4.039941407492868,-5.327600279163954
799.1172063968695,4511.809403815304,-4.370002261735755,-4.83446694583062
799.1172063968695,5739.563349443884,-4.228664869902155,-5.9780240886877625
799.1172063968695,5944.189007048647,-3.4642988033269786,-5.50326694583062
799.1172063968695,6148.814664653411,-3.0087334049872414,16.19018305416938
799.1172063968695,6353.440322258174,-2.382101486881446,5.108910831947157
799.1172063968695,6558.065979862938,-1.205122736748255,-4.975966945830621
799.1172063968695,7785.819925491517,2.8857087764122187,-4.97306694583062
799.1172063968695,7990.445583096281,3.6764458441888124,-2.30802944583062
799.1172063968695,8195.071240701043,4.325883106020514,-3.5822356958306205
799.1172063968695,8399.696898305807,5.011843932472374,-2.1069002791639533
799.1172063968695,8604.32255591057,5.895206348468221,2.2752330541693793
799.1172063968695,9422.825186329623,8.772610717641857,-5.66211694583062
799.1172063968695,9627.450843934386,9.366624763689618,-2.0874760367397114
799.1172063968695,9832.07650153915,9.943685191312143,-2.7622502791639536
799.1172063968695,10036.702159143913,10.499140724028159,-4.019300279163954
911.845866114194,316.98342291765607,9.132328086987549,66.05283305416938
911.845866114194,521.6090805224194,8.640939678807182,-7.027139168052842
911.845866114194,1749.3630261509993,4.402983154438454,-5.393752660116334
911.845866114194,1953.9886837557628,3.4630738765308897,5.26905305416938
911.845866114194,2158.614341360526,2.432028304487336,2.28273305416938
911.845866114194,2363.2399989652895,1.931039787454879,-0.37442408868776295
911.845866114194,3795.6196021986325,-3.6508020962583,3.1312330541693796
911.845866114194,4000.245259803396,-4.064062213873594,-6.27756694583062
911.845866114194,4204.87091740816,-5.004451015289615,-6.157152660116334
911.845866114194,4409.496575012922,-5.476241099369231,3.3278330541693792
911.845866114194,5841.876178246266,-4.433208437662044,-5.27164694583062
911.845866114194,6046.501835851029,-3.811027420406555,-5.5169336124972865
911.845866114194,6251.127493455792,-3.6691898585634646,-6.632416945830619
911.845866114194,6455.753151060556,-2.622244376192343,-4.536011390275065
911.845866114194,7888.132754293899,2.955069857530497,-0.715522501386176
911.845866114194,8092.758411898662,3.4257119615201055,-6.79406694583062
911.845866114194,8297.384069503425,4.525374294951296,5.49347055416938
911.845866114194,8502.009727108189,5.380293418415466,-5.138116945830621
911.845866114194,9525.138015132005,8.884760635370206,-4.522066945830621
911.845866114194,9729.763672736768,9.485544731585506,-5.860455181124737
911.845866114194,9934.389330341532,10.15961151838576,-3.164258612497287
1024.5745258315183,419.29625172003773,8.807052090042202,0.4463869003232255
1024.5745258315183,623.921909324801,8.23075248213908,-4.96299194583062
1024.5745258315183,1851.675854953381,3.696433088993899,-1.5635569458306204
1024.5745258315183,2260.9271701629077,1.7659966740664912,-4.00206694583062
1024.5745258315183,2465.5528277676713,1.4077465957652602,-8.50646694583062
1024.5745258315183,3897.9324310010143,-5.086384368201019,-1.8025169458306194
1024.5745258315183,4102.558088605778,-5.763455941896872,-5.35776694583062
1024.5745258315183,4307.18374621054,-6.213326036446577,-5.13916694583062
1024.5745258315183,4511.809403815304,-5.702759582823873,-7.71446694583062
1024.5745258315183,5739.563349443884,-5.464229717530288,10.06953305416938
1024.5745258315183,5944.189007048647,-4.659968481292099,-4.49364194583062
1024.5745258315183,6148.814664653411,-3.911913009835986,-3.6986002791639536
1024.5745258315183,6353.440322258174,-3.5019346623967462,-4.12514194583062
1024.5745258315183,7990.445583096281,2.9739318302159647,-4.9299669458306195
1024.5745258315183,8399.696898305807,4.4981620660770805,-3.8469669458306206
1024.5745258315183,8604.32255591057,5.401803184139136,-7.79486694583062
1024.5745258315183,9627.450843934386,8.955751681858283,-2.8341669458306207
1024.5745258315183,9832.07650153915,9.62045623075415,-6.3162002791639535
1137.3031855488425,521.6090805224194,8.348948974303433,-4.024131231544906
1137.3031855488425,1749.3630261509993,3.734341800785411,4.020548438784764
1137.3031855488425,2158.614341360526,2.146600096109716,-3.7470269458306205
1137.3031855488425,2363.2399989652895,1.1380880617994273,-2.3532033094669838
1137.3031855488425,3795.6196021986325,-5.0201270045978035,-3.4968669458306203
1137.3031855488425,4000.245259803396,-5.8143668996403814,-4.515157854921529
1137.3031855488425,4204.87091740816,-6.882238626887117,-4.91056694583062
1137.3031855488425,4409.496575012922,-7.355960348343601,-6.686383612497288
1137.3031855488425,5841.876178246266,-6.267711882129198,-6.557333612497286
1137.3031855488425,6046.501835851029,-6.037984258893331,-4.50414194583062
1137.3031855488425,6251.127493455792,-4.421831582962265,-6.303466945830621
1137.3031855488425,6455.753151060556,-3.8122437035682495,-4.75636694583062
1137.3031855488425,7888.132754293899,2.23815431964396,-2.2191526601163347
1137.3031855488425,8092.758411898662,3.250967318447046,1.0910430541693796
1137.3031855488425,8297.384069503425,4.034749663690316,-2.1033955172591914
1137.3031855488425,8502.009727108189,4.725682523994565,-6.168950279163954
1137.3031855488425,9729.763672736768,9.131549819058279,-7.45756694583062
1137.3031855488425,9934.389330341532,9.719033659853515,-7.855516945830621
1250.0318452661668,419.29625172003773,8.564194643843457,-2.71173694583062
1250.0318452661668,623.921909324801,7.857170326073809,-7.15326694583062
1250.0318452661668,1647.0501973486178,3.7338338075313002,9.472333054169379
1250.0318452661668,1851.675854953381,3.218461216034114,5.131145554169381
1250.0318452661668,2056.301512558144,2.3909697169192405,-6.13231694583062
1250.0318452661668,2260.9271701629077,1.612867391855213,21.173566387502714
1250.0318452661668,3693.3067733962507,-5.559551827189588,-4.87926694583062
1250.0318452661668,3897.9324310010143,-6.300371148514969,-3.5701469458306208
1250.0318452661668,4102.558088605778,-7.295693692190207,-7.65061694583062
1250.0318452661668,4307.18374621054,-7.662053092168676,-4.267250279163954
1250.0318452661668,5739.563349443884,-7.340065132896156,-4.31520444583062
1250.0318452661668,5944.189007048647,-6.511232699225492,-4.84846694583062
1250.0318452661668,6148.814664653411,-5.903117086907461,-6.76826694583062
1250.0318452661668,6353.440322258174,-5.0577259183587895,-6.011346945830621
1250.0318452661668,7990.445583096281,2.4946091207133185,-1.9921760367397114
1250.0318452661668,8195.071240701043,3.396540241282692,6.359213054169379
1250.0318452661668,8399.696898305807,4.18698553606297,-1.9941269458306201
1250.0318452661668,9627.450843934386,8.795181051305843,-6.105516945830621
1250.0318452661668,9832.07650153915,9.39524667296181,-0.27601240037607505
1362.7605049834913,316.98342291765607,8.658827543194556,-0.3618240886877629
1362.7605049834913,521.6090805224194,8.033590553181549,-4.9271140046541495
1362.7605049834913,1544.7373685462362,3.9597194676003493,-7.25599194583062
1362.7605049834913,1749.3630261509993,3.394149844216031,10.735516387502713
1362.7605049834913,1953.9886837557628,2.323236503049416,0.46390448274080853
1362.7605049834913,2158.614341360526,1.561587192832725,4.12155805416938
1362.7605049834913,2363.2399989652895,0.7126767540633508,-3.6583669458306205
1362.7605049834913,3590.9939445938694,-5.895213105291068,13.515113054169376
1362.7605049834913,3795.6196021986325,-6.428848705877493,4.88563305416938
1362.7605049834913,4000.245259803396,-7.337578254306097,-5.68456694583062
1362.7605049834913,4204.87091740816,-8.392354773269505,-6.01086694583062
1362.7605049834913,4409.496575012922,-8.824370394780695,-0.89211694583062
1362.7605049834913,5637.250520641503,-8.615603789328034,-5.06886694583062
1362.7605049834913,5841.876178246266,-7.658739535943354,-5.532546945830621
1362.7605049834913,6046.501835851029,-6.510668123699918,-5.52596694583062
1362.7605049834913,6251.127493455792,-6.350479945634928,-5.745033612497287
1362.7605049834913,6455.753151060556,-4.928491416143367,-3.965483612497286
1362.7605049834913,7888.132754293899,1.6453630410412192,-4.310000279163953
1362.7605049834913,8092.758411898662,2.707972075006809,-6.263833612497287
1362.7605049834913,8297.384069503425,3.7152299109120124,15.021613054169379
1362.7605049834913,8502.009727108189,4.230222029639658,20.479610831947156
1362.7605049834913,9729.763672736768,9.0083805323907,-3.3645919458306204
1362.7605049834913,9934.389330341532,9.505617171896835,-5.304741945830621
1475.4891647008155,419.29625172003773,8.190654192729562,-4.0390586124972865
1475.4891647008155,623.921909324801,7.571342118249536,0.18345805416937933
1475.4891647008155,1442.4245397438544,4.119424117729666,-5.78774694583062
1475.4891647008155,1647.0501973486178,3.515740049303942,-2.002174088687763
1475.4891647008155,1851.675854953381,2.5616553920406933,4.96743305416938
1475.4891647008155,2056.301512558144,1.7038102247160833,1.5788730541693794
1475.4891647008155,2260.9271701629077,0.7339835934968424,29.069445554169377
1475.4891647008155,2465.5528277676713,-0.19374801159831617,-3.2564383744020486
1475.4891647008155,2670.1784853724344,-1.4058884705915085,-8.80686694583062
1475.4891647008155,3488.6811157914876,-6.0147332518065495,-3.5876780569417313
1475.4891647008155,3693.3067733962507,-7.051650113188771,-5.475333612497287
1475.4891647008155,3897.9324310010143,-7.63245396251333,-1.3438502791639533
1475.4891647008155,4102.558088605778,-8.761481979982115,0.18679972083604687
1475.4891647008155,4307.18374621054,-9.316036479047686,-5.50706694583062
1475.4891647008155,4511.809403815304,-9.89144181769517,0.5206330541693792
1475.4891647008155,4716.4350614200675,-11.41390093119676,-6.74286694583062
1475.4891647008155,5534.937691839121,-10.762051735323803,-6.30506694583062
1475.4891647008155,5739.563349443884,-9.481401572303946,-4.800550279163953
1475.4891647008155,5944.189007048647,-8.860592199794876,-5.63134694583062
1475.4891647008155,6148.814664653411,-7.098468219508974,-5.79110444583062
1475.4891647008155,6353.440322258174,-6.213997203325914,-5.915478056941731
1475.4891647008155,6558.065979862938,-5.335037014839651,7.097440197026524
1475.4891647008155,7785.819925491517,1.017290350645562,-1.4112769458306205
1475.4891647008155,7990.445583096281,1.8376819479270894,-3.7941955172591912
1475.4891647008155,8195.071240701043,2.765821811619424,-5.92950694583062
1475.4891647008155,8399.696898305807,3.8041625090004736,3.3489830541693797
1475.4891647008155,9832.07650153915,9.135456965745272,2.3945430541693797
1588.21782441814,316.98342291765607,8.414985923544213,3.634766387502712
1588.21782441814,521.6090805224194,7.8309222456674,-0.8103294458306203
1588.21782441814,726.2347381271827,7.000774739850371,-1.265138374402049
1588.21782441814,930.8603957319459,6.158041588948029,-5.874991945830621
1588.21782441814,1135.4860533367096,5.309435133737701,-1.3443812315449062
1588.21782441814,1340.1117109414727,4.457488069245633,-3.84141694583062
1588.21782441814,1544.7373685462362,3.7053523346040844,-0.5002487640124385
1588.21782441814,1749.3630261509993,2.910405820211176,13.277716387502712
1588.21782441814,1953.9886837557628,1.8264199169958428,-4.54106694583062
1588.21782441814,2158.614341360526,0.9903497721690635,-5.35919194583062
1588.21782441814,2363.2399989652895,-0.11590987566203821,7.0569730541693785
1588.21782441814,2567.8656565700526,-0.8195992134569812,-3.5129969458306207
1588.21782441814,2772.491314174816,-2.3878560796128534,-3.0620169458306203
1588.21782441814,2977.116971779579,-3.4969642792584703,-7.20251694583062
1588.21782441814,3386.368286989106,-5.753193704303999,-6.547516945830621
1588.21782441814,3590.9939445938694,-6.940170668245105,-4.7273069458306205
1588.21782441814,3795.6196021986325,-8.07585999145777,-6.417795517259192
1588.21782441814,4000.245259803396,-8.529789461393019,-5.97166694583062
1588.21782441814,4204.87091740816,-9.572022311968079,-6.072050279163953
1588.21782441814,4409.496575012922,-10.892408959337656,-4.89310694583062
1588.21782441814,4614.122232617686,-11.37710453695745,-5.694009802973477
1588.21782441814,4818.747890222449,-12.80330796368452,21.10295805416938
1588.21782441814,5432.624863036739,-11.886832276722995,-7.90516694583062
1588.21782441814,5637.250520641503,-10.580848893474567,-7.63061694583062
1588.21782441814,5841.876178246266,-9.84308879680866,-6.51445444583062
1588.21782441814,6046.501835851029,-8.99909114603113,-6.57247944583062
1588.21782441814,6251.127493455792,-7.750979196313667,-4.68352694583062
1588.21782441814,6455.753151060556,-6.124613526868952,-1.9909169458306204
1588.21782441814,6660.378808665319,-5.482247960444766,2.255444165280491
1588.21782441814,7683.507096689135,0.30045241841703507,16.70798305416938
1588.21782441814,7888.132754293899,1.1217577446533173,-7.02171694583062
1588.21782441814,8092.758411898662,2.060208867277739,2.455847339883666
1588.21782441814,8297.384069503425,3.034344476036478,-2.3120544458306203
1588.21782441814,8502.009727108189,3.8938830299719647,-4.158043868907543
1588.21782441814,9729.763672736768,8.72948935632531,-6.199300279163953
1588.21782441814,9934.389330341532,9.350465558946677,-7.53649194583062
1700.9464841354643,419.29625172003773,7.992899531397814,-3.6035284842921587
1700.9464841354643,623.921909324801,7.298414359034491,-4.320474088687763
1700.9464841354643,828.5475669295644,6.54507418923283,5.875196690533016
1700.9464841354643,1033.1732245343278,5.716979886607627,4.54583305416938
1700.9464841354643,1237.7988821390911,4.797690184837883,0.7986330541693802
1700.9464841354643,1442.4245397438544,4.086925425489296,1.0327759113122374
1700.9464841354643,1647.0501973486178,3.0940306042375227,5.4539530541693795
1700.9464841354643,1851.675854953381,2.2996300275403274,-6.61826694583062
1700.9464841354643,2056.301512558144,1.1134055897137856,7.563066387502713
1700.9464841354643,2260.9271701629077,0.22963578828585798,7.159918768455093
1700.9464841354643,2465.5528277676713,-0.8076828287903252,3.1515330541693807
1700.9464841354643,2670.1784853724344,-1.7795298319277963,-5.545850279163954
1700.9464841354643,2874.8041429771974,-3.1017116950519896,-1.6626269458306209
1700.9464841354643,3079.429800581961,-4.410173396798685,-4.21322694583062
1700.9464841354643,3284.0554581867245,-5.543739672628148,-1.0997836124972864
1700.9464841354643,3488.6811157914876,-7.047330121262288,-3.0778502791639535
1700.9464841354643,3693.3067733962507,-7.943677262412959,-5.293550279163953
1700.9464841354643,3897.9324310010143,-9.465369174114985,2.4056330541693804
1700.9464841354643,4102.558088605778,-10.349593269296832,3.02343305416938
1700.9464841354643,4307.18374621054,-11.32007458294672,-7.21066694583062
1700.9464841354643,4511.809403815304,-12.150613593559974,-6.782066945830621
1700.9464841354643,4716.4350614200675,-13.41147388006175,-4.871633612497287
1700.9464841354643,4921.060719024831,-13.565216527605774,4.96309305416938
1700.9464841354643,5125.686376629595,-13.744163755811849,-4.62869194583062
1700.9464841354643,5330.312034234357,-13.245834246885678,-4.5363336124972875
1700.9464841354643,5534.937691839121,-11.662429595313522,-4.70424694583062
1700.9464841354643,5739.563349443884,-10.79494072746442,-7.238666945830619
1700.9464841354643,5944.189007048647,-10.50686211037808,-5.271266945830621
1700.9464841354643,6353.440322258174,-7.589222381680643,-6.536466945830621
1700.9464841354643,6558.065979862938,-6.187326014917836,-4.919541945830621
1700.9464841354643,6762.691637467701,-5.480311381466121,-1.9867869458306207
1700.9464841354643,7581.194267886754,-0.6386224302330047,-0.26676694583061966
1700.9464841354643,7785.819925491517,0.42069707460925954,-0.7520044458306203
1700.9464841354643,7990.445583096281,1.4414525685622115,-0.5331002791639537
1700.9464841354643,8195.071240701043,2.328061248403106,-6.08316694583062
1700.9464841354643,8399.696898305807,3.315131705861883,-6.1837169458306205
1700.9464841354643,8604.32255591057,4.092023537419303,-4.52308694583062
1700.9464841354643,9832.07650153915,8.910143681701983,-3.0612124003760752
1700.9464841354643,10036.702159143913,9.525855208619193,-1.7884336124972868
1813.6751438527886,316.98342291765607,8.260789411322934,-2.0887669458306206
1813.6751438527886,521.6090805224194,7.552221499218451,2.63188305416938
1813.6751438527886,726.2347381271827,6.759070027524394,-2.857597715061389
1813.6751438527886,930.8603957319459,6.103726939664394,-1.9082336124972865
1813.6751438527886,1135.4860533367096,5.225122198547186,0.049363054169379514
1813.6751438527886,1340.1117109414727,4.336776163383239,-1.9930669458306198
1813.6751438527886,1544.7373685462362,3.2936419786324977,3.96671305416938
1813.6751438527886,1749.3630261509993,2.538202491525832,0.12473305416938008
1813.6751438527886,1953.9886837557628,1.217558950839698,10.388199720836043
1813.6751438527886,2158.614341360526,0.4456774853562611,2.725123054169379
1813.6751438527886,2363.2399989652895,-0.4613431678247706,0.39011638750271366
1813.6751438527886,2567.8656565700526,-1.4645850518156,4.228933054169379
1813.6751438527886,2772.491314174816,-2.5549326923948037,10.76503305416938
1813.6751438527886,2977.116971779579,-3.8526950794762342,-5.553146945830621
1813.6751438527886,3181.7426293843428,-5.623813725169739,-4.36835444583062
1813.6751438527886,3386.368286989106,-6.936918380209642,3.909869417805743
1813.6751438527886,3590.9939445938694,-8.046546647177932,7.709278508714834
1813.6751438527886,3795.6196021986325,-9.228074815495145,-3.48686694583062
1813.6751438527886,4000.245259803396,-10.65884201854316,-6.737666945830619
1813.6751438527886,4204.87091740816,-11.887157403660568,4.54498305416938
1813.6751438527886,4409.496575012922,-12.496949062863814,-5.113833612497287
1813.6751438527886,4614.122232617686,-13.726158568131558,-5.25119194583062
1813.6751438527886,4818.747890222449,-13.888606928802487,-2.7304669458306203
1813.6751438527886,5023.373547827213,-13.84784586856039,-7.2726336124972875
1813.6751438527886,5227.9992054319755,-13.847370520071905,-4.08871694583062
1813.6751438527886,5432.624863036739,-13.248606430812487,-3.80266694583062
1813.6751438527886,5637.250520641503,-12.457380951575143,-5.3186169458306205
1813.6751438527886,5841.876178246266,-11.321308393416055,-6.27806694583062
1813.6751438527886,6251.127493455792,-8.57216639400188,-6.212166945830621
1813.6751438527886,6455.753151060556,-8.18441122421836,-5.10806694583062
1813.6751438527886,6660.378808665319,-6.429889407669002,-3.235822501386176
1813.6751438527886,6865.004466270082,-5.329499434370391,0.3442330541693802
1813.6751438527886,7069.630123874846,-3.7984167217278775,-6.50209194583062
1813.6751438527886,7274.255781479609,-2.649677915145725,4.34303305416938
1813.6751438527886,7478.881439084373,-1.640748873777223,-5.32846694583062
1813.6751438527886,7683.507096689135,-0.1562264517743448,-2.6642447236083977
1813.6751438527886,7888.132754293899,0.6747200364893173,11.24438305416938
1813.6751438527886,8092.758411898662,1.6133524261950138,-6.85511694583062
1813.6751438527886,8502.009727108189,3.5660128873600634,-2.8761169458306197
1813.6751438527886,8706.635384712952,4.345824923521857,-6.613166945830621
1813.6751438527886,9729.763672736768,8.451500160553753,-5.77696694583062
1813.6751438527886,9934.389330341532,9.140829948880421,-3.20389194583062
1813.6751438527886,10139.014987946295,9.770144547894123,6.238133054169381
1926.403803570113,214.67059411527444,8.4028145112077,-1.6611336124972862
1926.403803570113,419.29625172003773,7.771689669175275,-6.969208612497287
1926.403803570113,623.921909324801,7.24286226383672,-6.56636694583062
1926.403803570113,828.5475669295644,6.24123784130756,-0.06424694583062003
1926.403803570113,1033.1732245343278,5.4228442714256655,6.176483054169379
1926.403803570113,1237.7988821390911,4.569835078386728,3.0138108319471564
1926.403803570113,1442.4245397438544,3.553903321112028,12.54735805416938
1926.403803570113,1647.0501973486178,2.733242547529433,-8.10286694583062
1926.403803570113,1851.675854953381,1.8414176368655943,-0.5721169458306208
1926.403803570113,2056.301512558144,0.9032158967903158,1.0564997208360467
1926.403803570113,2260.9271701629077,-0.31758565729689736,-0.2121919458306203
1926.403803570113,2465.5528277676713,-1.2977577552715303,-1.1512069458306198
1926.403803570113,2670.1784853724344,-2.4671589280278985,2.497304482740808
1926.403803570113,2874.8041429771974,-3.5670518396369864,-4.862052660116334
1926.403803570113,3079.429800581961,-5.109763180741645,-5.88701694583062
1926.403803570113,3284.0554581867245,-6.476143542567523,10.014518768455096
1926.403803570113,3488.6811157914876,-7.740174022488351,0.5963774986138239
1926.403803570113,3693.3067733962507,-9.123077925468218,1.4365730541693789
1926.403803570113,3897.9324310010143,-11.041803682694361,-5.806226945830621
1926.403803570113,4102.558088605778,-11.80624331882527,-1.341195517259192
1926.403803570113,4307.18374621054,-13.878180112377194,-3.545600279163953
1926.403803570113,4511.809403815304,-14.60947785765936,-3.8929669458306204
1926.403803570113,4716.4350614200675,-14.724347396983763,-5.91258694583062
1926.403803570113,4921.060719024831,-15.220075488871771,-4.93098694583062
1926.403803570113,5125.686376629595,-15.614518966575266,-2.5372969458306196
1926.403803570113,5330.312034234357,-14.67631628511359,-6.047309802973478
1926.403803570113,5534.937691839121,-14.45779157582458,-6.188133612497286
1926.403803570113,5944.189007048647,-11.934378718227354,-6.85156694583062
1926.403803570113,6148.814664653411,-10.808348004214158,-5.19871694583062
1926.403803570113,6353.440322258174,-9.449650293084868,-4.379866945830621
1926.403803570113,6558.065979862938,-7.548763060566127,-2.2881669458306204
1926.403803570113,6762.691637467701,-6.7894321290437505,-3.6621269458306203
1926.403803570113,6967.317295072464,-4.81468447838842,-1.3208669458306201
1926.403803570113,7171.942952677227,-3.6228036380855095,-5.08861694583062
1926.403803570113,7376.568610281991,-2.251124764563655,-1.4046955172591917
1926.403803570113,7581.194267886754,-1.1100970888176473,-5.408950279163954
1926.403803570113,7990.445583096281,0.8966582917459716,-0.66462694583062
1926.403803570113,8195.071240701043,2.0425040106459225,4.547283054169379
1926.403803570113,8399.696898305807,2.9583108037993746,8.522266387502714
1926.403803570113,8604.32255591057,3.9011109240929227,9.734610831947158
1926.403803570113,9422.825186329623,7.203919532270193,-5.80726694583062
1926.403803570113,9627.450843934386,7.970003859657915,-5.207266945830621
1926.403803570113,9832.07650153915,8.718069760970165,-2.525603309466984
1926.403803570113,10036.702159143913,9.425524645603856,-4.236381231544906
2039.1324632874375,316.98342291765607,8.122146089142554,-4.980351561215235
2039.1324632874375,521.6090805224194,7.279124924308675,0.13376430416937946
2039.1324632874375,726.2347381271827,6.490215079293515,-6.418826945830619
2039.1324632874375,930.8603957319459,5.529882532271623,-8.67416694583062
2039.1324632874375,1135.4860533367096,4.762913185773146,5.922366387502713
2039.1324632874375,1340.1117109414727,3.9507113580253255,11.095899720836044
2039.1324632874375,1544.7373685462362,2.901789915184776,6.08213305416938
2039.1324632874375,1749.3630261509993,2.058350461808479,15.413049720836048
2039.1324632874375,1953.9886837557628,1.1479453300051539,7.16397305416938
2039.1324632874375,2158.614341360526,-0.24838094450852774,2.1995997208360465
2039.1324632874375,2363.2399989652895,-1.1058824041578084,5.552258054169379
2039.1324632874375,2567.8656565700526,-2.1618542433194006,3.45384555416938
2039.1324632874375,2772.491314174816,-3.528462495144281,-1.115655834719509
2039.1324632874375,2977.116971779579,-4.939050214037516,-6.468000279163953
2039.1324632874375,3181.7426293843428,-6.428848705877493,-6.32036694583062
2039.1324632874375,3386.368286989106,-7.409380360790481,-4.4360669458306194
2039.1324632874375,3590.9939445938694,-9.272055647271415,-4.54906694583062
2039.1324632874375,3795.6196021986325,-10.641664364439517,-5.73346694583062
2039.1324632874375,4000.245259803396,-12.431351006257197,-0.15540027916395335
2039.1324632874375,4204.87091740816,-13.945188290659864,-7.03271694583062
2039.1324632874375,4409.496575012922,-14.35158823866548,-6.26306694583062
2039.1324632874375,4614.122232617686,-15.327757061645583,-6.178209802973478
2039.1324632874375,4818.747890222449,-16.143188091634627,-5.649366945830621
2039.1324632874375,5023.373547827213,-16.418967141052917,-4.29967944583062
2039.1324632874375,5227.9992054319755,-15.640987470660326,3.0772530541693803
2039.1324632874375,5432.624863036739,-15.56483808147506,-7.6284002791639525
2039.1324632874375,5637.250520641503,-14.339750973625874,-6.430966945830621
2039.1324632874375,5841.876178246266,-13.570383201916767,-6.216766945830621
2039.1324632874375,6046.501835851029,-12.154896380931559,-6.394344723608398
2039.1324632874375,6251.127493455792,-11.132421886446634,-7.14696694583062
2039.1324632874375,6455.753151060556,-8.670528123077087,-5.159546945830622
2039.1324632874375,6660.378808665319,-7.097222559575474,-6.461100279163953
2039.1324632874375,6865.004466270082,-5.840223390779967,3.0677330541693806
2039.1324632874375,7069.630123874846,-4.952080665910846,-6.22266694583062
2039.1324632874375,7274.255781479609,-3.0856428861546243,-1.13016694583062
2039.1324632874375,7478.881439084373,-1.8351921789913592,3.3510259113122367
2039.1324632874375,7683.507096689135,-0.8364273768328985,-6.533491945830621
2039.1324632874375,7888.132754293899,0.6221265926420928,-4.64076694583062
2039.1324632874375,8092.758411898662,1.3562206322421697,40.813733054169376
2039.1324632874375,8297.384069503425,2.3460200006206615,-6.1319869458306195
2039.1324632874375,8502.009727108189,3.274985550562002,2.45645305416938
2039.1324632874375,8706.635384712952,4.1608816910266215,2.8282997208360463
2039.1324632874375,8911.261042317714,5.055512269601159,-5.07516694583062
2039.1324632874375,9115.886699922477,5.919982744734979,-7.769266945830621
2039.1324632874375,9320.512357527241,6.654604198086985,-5.21886694583062
2039.1324632874375,9525.138015132005,7.472226261856646,-3.3071823304460044
2039.1324632874375,9729.763672736768,8.258804854582396,-3.498990475242385
2039.1324632874375,9934.389330341532,8.98860376352389,-5.698080279163954
2039.1324632874375,10139.014987946295,9.50580600750116,-6.913416945830621
2151.861123004762,214.67059411527444,8.345812111225165,0.40445805416937963
2151.861123004762,419.29625172003773,7.629020982024996,-4.890630582194256
2151.861123004762,623.921909324801,6.788096845957887,2.6672705541693795
2151.861123004762,828.5475669295644,6.042855848269335,0.2700730541693794
2151.861123004762,1033.1732245343278,5.297188263116632,10.229318768455093
2151.861123004762,1237.7988821390911,4.32046736827545,4.930983054169379
2151.861123004762,1442.4245397438544,3.5428544792353662,-4.438241945830621
2151.861123004762,1647.0501973486178,2.3329822959593565,2.049791387502713
2151.861123004762,1851.675854953381,1.485035541049896,13.71298305416938
2151.861123004762,2056.301512558144,0.30486267952668544,8.91326305416938
2151.861123004762,2465.5528277676713,-1.855725794939679,-1.2184294458306206
2151.861123004762,2670.1784853724344,-3.1860555763193608,-4.023724088687763
2151.861123004762,2874.8041429771974,-4.242807012876346,-3.7367336124972863
2151.861123004762,3079.429800581961,-6.038222761502944,-1.3305419458306202
2151.861123004762,3284.0554581867245,-7.525376718928489,-2.7748746381383125
2151.861123004762,3488.6811157914876,-9.152838277089002,-4.506838374402049
2151.861123004762,3693.3067733962507,-10.6018182030588,-6.22944194583062
2151.861123004762,4102.558088605778,-13.609387941322643,-5.11708694583062
2151.861123004762,4307.18374621054,-15.220258259902643,-5.48977944583062
2151.861123004762,4511.809403815304,-17.20593710230313,-5.146038374402049
2151.861123004762,4716.4350614200675,-17.24943936127937,-4.925079445830621
2151.861123004762,4921.060719024831,-17.648467944328182,-4.21636694583062
2151.861123004762,5125.686376629595,-17.765127920242193,3.416521943058268
2151.861123004762,5330.312034234357,-17.969612996896483,-6.29356694583062
2151.861123004762,5534.937691839121,-16.187106918740643,-4.50681694583062
2151.861123004762,5739.563349443884,-15.033849375046898,-6.20222694583062
2151.861123004762,5944.189007048647,-12.608517488015584,-6.06796694583062
2151.861123004762,6148.814664653411,-12.016634656824218,-6.568566945830621
2151.861123004762,6353.440322258174,-10.351952199708798,-5.636616945830621
2151.861123004762,6558.065979862938,-8.850162459804059,-5.187266945830619
2151.861123004762,6762.691637467701,-6.944589685620252,-5.28941694583062
2151.861123004762,6967.317295072464,-5.326092880509485,-5.04824194583062
2151.861123004762,7171.942952677227,-4.074343369445575,-5.4459169458306205
2151.861123004762,7376.568610281991,-2.8060836417937183,-5.947016945830621
2151.861123004762,7581.194267886754,-1.4359698333858462,-6.063226945830619
2151.861123004762,7785.819925491517,-0.4620510435679095,-2.6459836124972873
2151.861123004762,7990.445583096281,0.5325482206695639,1.723099720836047
2151.861123004762,8195.071240701043,1.5107985228114411,0.17908305416937953
2151.861123004762,8399.696898305807,2.57238688956213,7.2047730541693795
2151.861123004762,8604.32255591057,3.6311265255275678,-3.37394694583062
2151.861123004762,8808.948213515332,4.442126961078981,-0.6849955172591916
2151.861123004762,9013.573871120096,5.412242123931606,-1.8324169458306203
2151.861123004762,9218.19952872486,6.177508675688722,3.3457869003232252
2151.861123004762,9422.825186329623,7.0189209144739,-2.9979869458306205
2151.861123004762,9627.450843934386,7.838326223806401,-7.89561694583062
2151.861123004762,9832.07650153915,8.496719846845439,-5.26076694583062
2151.861123004762,10036.702159143913,9.307026143387624,-2.0884169458306197
2264.589782722086,112.35776531289278,8.606784033163619,-4.598503309466984
2264.589782722086,316.98342291765607,7.961342013408878,-5.101044723608398
2264.589782722086,521.6090805224194,7.1938182578150185,-3.3077044458306197
2264.589782722086,726.2347381271827,6.526893264792889,-2.705966945830621
2264.589782722086,930.8603957319459,5.629064486727686,-5.66076694583062
2264.589782722086,1135.4860533367096,4.481011195901562,0.4759330541693796
2264.589782722086,1340.1117109414727,3.57773678539653,3.36780805416938
2264.589782722086,1544.7373685462362,2.8053356904792643,11.15653305416938
2264.589782722086,1749.3630261509993,1.6984249712747674,21.610999720836045
2264.589782722086,1953.9886837557628,0.7807089537848297,-0.5541794458306195
2264.589782722086,2158.614341360526,-0.3536114638897549,4.04014416528049
2264.589782722086,2363.2399989652895,-1.4058884705915085,4.197933054169381
2264.589782722086,2567.8656565700526,-2.6268067040541783,-3.5137558347195093
2264.589782722086,2772.491314174816,-4.3321794123777275,-4.96411694583062
2264.589782722086,2977.116971779579,-5.520637529208201,-6.555024088687763
2264.589782722086,3181.7426293843428,-6.912817416258102,-1.7341780569417318
2264.589782722086,3386.368286989106,-8.51262923682431,-4.02830694583062
2264.589782722086,3590.9939445938694,-10.343902438033131,-4.439824088687763
2264.589782722086,3795.6196021986325,-11.735443584764253,-6.62624694583062
2264.589782722086,4000.245259803396,-13.279795826415826,-6.98526694583062
2264.589782722086,4204.87091740816,-14.971248353525489,-3.93739194583062
2264.589782722086,4409.496575012922,-16.87439317627182,10.570899720836046
2264.589782722086,4614.122232617686,-17.849185750836316,-0.6512669458306204
2264.589782722086,4818.747890222449,-18.819997346081724,-4.693750279163953
2264.589782722086,5023.373547827213,-18.403358259487362,-6.75926694583062
2264.589782722086,5227.9992054319755,-18.674227727878346,-2.8735919458306203
2264.589782722086,5432.624863036739,-17.95116194068519,-4.975766945830619
2264.589782722086,5637.250520641503,-16.462538838725802,-4.6548836124972865
2264.589782722086,5841.876178246266,-15.335512038830643,-6.76391694583062
2264.589782722086,6046.501835851029,-13.330509450516638,-4.672633612497286
2264.589782722086,6251.127493455792,-11.874161953404123,-4.702124088687763
2264.589782722086,6455.753151060556,-9.806810692011247,-5.8502419458306205
2264.589782722086,6660.378808665319,-8.271279634107763,-7.362266945830621
2264.589782722086,6865.004466270082,-6.757961356145267,-5.054939673103348
2264.589782722086,7069.630123874846,-5.08296727976526,-5.995383612497286
2264.589782722086,7274.255781479609,-3.783128234723389,-5.812024088687763
2264.589782722086,7683.507096689135,-1.1773033818041176,-5.48274819583062
2264.589782722086,7888.132754293899,0.18037512299130065,1.1328130541693797
2264.589782722086,8297.384069503425,2.017327822821789,-5.974566945830619
2264.589782722086,8502.009727108189,2.979020149376727,5.111013054169379
2264.589782722086,8706.635384712952,3.8450720661937123,-6.201566945830621
2264.589782722086,8911.261042317714,4.836055755163832,-3.2742069458306196
2264.589782722086,9115.886699922477,5.675340100784424,-5.235266945830619
2264.589782722086,9320.512357527241,6.503765831369881,3.3089205541693794
2264.589782722086,9525.138015132005,7.398633190102835,-8.07496694583062
2264.589782722086,9729.763672736768,8.193919571510925,-2.0925669458306206
2264.589782722086,9934.389330341532,8.843281939521185,-6.27126694583062
2377.3184424394103,214.67059411527444,8.207945045507536,-1.2826592535229273
2377.3184424394103,419.29625172003773,7.525287940893125,3.0519730541693795
2377.3184424394103,1442.4245397438544,3.2184794833973625,5.209408054169379
2377.3184424394103,1647.0501973486178,2.1848078022737867,17.95509733988366
2377.3184424394103,1851.675854953381,1.0259041717755801,2.953655276391602
2377.3184424394103,2056.301512558144,0.019416988002133474,10.910646387502714
2377.3184424394103,2260.9271701629077,-1.1008195005218309,-3.7116669458306197
2377.3184424394103,2465.5528277676713,-2.1867462235226625,-4.056233612497286
2377.3184424394103,2670.1784853724344,-3.092348788890042,-6.00636694583062
2377.3184424394103,3284.0554581867245,-7.92800318007896,-4.181833612497287
2377.3184424394103,3488.6811157914876,-9.763941151857807,4.295533054169379
2377.3184424394103,3693.3067733962507,-11.934378718227354,-7.13271694583062
2377.3184424394103,3897.9324310010143,-13.09444647999903,-5.42596694583062
2377.3184424394103,4102.558088605778,-15.092245332575239,-6.2572746381383135
2377.3184424394103,4307.18374621054,-16.783444068381765,-4.13710694583062
2377.3184424394103,4511.809403815304,-18.362218942750793,-3.35114194583062
2377.3184424394103,4716.4350614200675,-18.807860250534727,-5.282433612497287
2377.3184424394103,4921.060719024831,-19.548976787988547,-6.818466945830619
2377.3184424394103,5125.686376629595,-19.626395175485758,-4.75106694583062
2377.3184424394103,5330.312034234357,-18.57617513138965,-1.5050002791639538
2377.3184424394103,5534.937691839121,-17.928214503245734,-3.56072694583062
2377.3184424394103,5739.563349443884,-16.28341815811779,-3.937774638138312
2377.3184424394103,5944.189007048647,-14.453923701173002,-3.6595419458306204
2377.3184424394103,6148.814664653411,-12.781917883261812,-4.63504194583062
2377.3184424394103,6353.440322258174,-11.39076097782392,-2.2587919458306196
2377.3184424394103,6558.065979862938,-9.494188231097263,-1.7374669458306204
2377.3184424394103,6762.691637467701,-7.92800318007896,-7.3563669458306205
2377.3184424394103,6967.317295072464,-5.983995545520594,-5.68224194583062
2377.3184424394103,7171.942952677227,-4.962898014902657,-4.26666694583062
2377.3184424394103,7376.568610281991,-3.2644130159588256,-6.5910919458306205
2377.3184424394103,7785.819925491517,-0.7758075390873093,-6.482838374402049
2377.3184424394103,7990.445583096281,0.21858153517221632,-3.5630169458306202
2377.3184424394103,8195.071240701043,1.4761179889128295,-7.46216694583062
2377.3184424394103,8399.696898305807,2.184088384218746,-0.2066669458306197
2377.3184424394103,8604.32255591057,3.3941906355796725,8.35463305416938
2377.3184424394103,8808.948213515332,4.413115202176366,-1.3109502791639536
2377.3184424394103,9013.573871120096,5.133494046795942,0.8681730541693801
2377.3184424394103,9218.19952872486,6.040231270944722,-1.5458955172591917
2377.3184424394103,9422.825186329623,6.87975844074528,-6.18082694583062
2377.3184424394103,9627.450843934386,7.641281643408177,-5.57076694583062
2377.3184424394103,9832.07650153915,8.422863231976482,-4.374633612497287
2490.0471021567346,112.35776531289278,8.57513683026487,-5.149806945830621
2490.0471021567346,316.98342291765607,7.831493394786061,7.7889330541693775
2490.0471021567346,1544.7373685462362,2.647641327754335,-4.17366694583062
2490.0471021567346,1749.3630261509993,1.621614565668528,3.663649720836046
2490.0471021567346,1953.9886837557628,0.5761311110192324,1.518761625597951
2490.0471021567346,2158.614341360526,-0.6389532279893377,1.9276080541693799
2490.0471021567346,2363.2399989652895,-1.7035949509265538,2.810110831947157
2490.0471021567346,2567.8656565700526,-2.864077212994512,-7.211126945830619
2490.0471021567346,3386.368286989106,-9.05215148839006,-4.65886694583062
2490.0471021567346,3590.9939445938694,-11.040240618822372,-4.912233612497286
2490.0471021567346,3795.6196021986325,-12.731022089381717,1.1946955541693798
2490.0471021567346,4000.245259803396,-15.004837862225072,-5.9596669458306195
2490.0471021567346,4204.87091740816,-16.56502402476336,3.845333054169378
2490.0471021567346,4409.496575012922,-18.760418009013893,-5.144595517259191
2490.0471021567346,4614.122232617686,-19.558360669170302,-1.9046240886877632
2490.0471021567346,5432.624863036739,-19.50733478943371,-6.43986694583062
2490.0471021567346,5637.250520641503,-18.405062622414793,-1.8420098029734775
2490.0471021567346,5841.876178246266,-16.4060091038268,-6.26976694583062
2490.0471021567346,6046.501835851029,-14.292175843763834,-6.930446945830622
2490.0471021567346,6251.127493455792,-12.269804824258443,-3.5820669458306202
2490.0471021567346,7069.630123874846,-5.411492590172773,-4.690420279163954
2490.0471021567346,7274.255781479609,-4.226083950181832,-5.399455834719509
2490.0471021567346,7478.881439084373,-2.632794493005229,-7.52456694583062
2490.0471021567346,7683.507096689135,-1.449234823279455,-6.0020336124972875
2490.0471021567346,7888.132754293899,-0.6386224302330047,-7.75976694583062
2490.0471021567346,8092.758411898662,0.6127576295589906,-5.8521669458306205
2490.0471021567346,8297.384069503425,1.873616344470882,1.627275911312236
2490.0471021567346,8502.009727108189,2.866064237131318,7.634183054169378
2490.0471021567346,8706.635384712952,3.751869438705535,-2.190628484292159
2490.0471021567346,8911.261042317714,4.6863214535902475,-7.546866945830621
2490.0471021567346,9115.886699922477,5.550611508639726,-6.095116945830621
2490.0471021567346,9320.512357527241,6.437242174989859,-3.7702869458306196
2490.0471021567346,9525.138015132005,7.229693849894108,-7.76476694583062
2490.0471021567346,9729.763672736768,7.800638019271589,-7.24661694583062
2490.0471021567346,9934.389330341532,8.661973980781095,-3.22564694583062
2602.775761874059,10.044936510511121,8.755766034317523,0.3450530541693805
2602.775761874059,214.67059411527444,8.176613068176193,-2.086790022753697
2602.775761874059,419.29625172003773,7.552558199498895,1.41208305416938
2602.775761874059,1647.0501973486178,1.9716507843711648,11.063914872351196
2602.775761874059,1851.675854953381,0.8861174428404142,0.7346330541693797
2602.775761874059,2056.301512558144,-0.24802557155760424,68.62703305416939
2602.775761874059,2260.9271701629077,-1.2891247397091439,-0.3112124003760746
2602.775761874059,3693.3067733962507,-12.427782335700567,-0.5532214912851657
2602.775761874059,3897.9324310010143,-14.027048397368933,-5.36820694583062
2602.775761874059,4102.558088605778,-16.414852532568272,-3.1444669458306196
2602.775761874059,4307.18374621054,-18.233746476283002,-5.37542944583062
2602.775761874059,4511.809403815304,-19.57877102106494,-3.5824869458306203
2602.775761874059,5534.937691839121,-19.33167701516186,-1.18706694583062
2602.775761874059,5739.563349443884,-17.992257222319502,-3.7307669458306205
2602.775761874059,5944.189007048647,-15.653711733729361,-5.7856569458306195
2602.775761874059,6148.814664653411,-14.35158823866548,-6.47606694583062
2602.775761874059,7171.942952677227,-4.991825648820688,-5.479366945830621
2602.775761874059,7376.568610281991,-3.4969642792584703,-6.65341694583062
2602.775761874059,7581.194267886754,-2.2968631407562423,-6.1696169458306205
2602.775761874059,7785.819925491517,-0.9213501827345824,-6.48906694583062
2602.775761874059,7990.445583096281,-0.08268054406245795,-5.012900279163953
2602.775761874059,8195.071240701043,1.2002262406643915,-5.77196694583062
2602.775761874059,8399.696898305807,2.415100676291515,-5.554366945830621
2602.775761874059,8604.32255591057,3.3223098207403234,-7.2863069458306216
2602.775761874059,8808.948213515332,4.31566237945681,-7.48176694583062
2602.775761874059,9013.573871120096,5.229501893597987,3.29433305416938
2602.775761874059,9218.19952872486,6.026083244921691,-5.840846945830619
2602.775761874059,9627.450843934386,7.552350369836876,2.601066387502714
2602.775761874059,9832.07650153915,8.309050257968616,-7.02034194583062
2715.5044215913836,112.35776531289278,8.584885743845248,-5.988200279163954
2715.5044215913836,316.98342291765607,7.76709272154073,-6.35619194583062
2715.5044215913836,1544.7373685462362,2.3166310606984832,-8.24596694583062
2715.5044215913836,1749.3630261509993,1.368506246788899,21.50298305416938
2715.5044215913836,1953.9886837557628,0.40092015327062897,3.7056705541693797
2715.5044215913836,2158.614341360526,-0.8724121770378711,2.8419901970265227
2715.5044215913836,3590.9939445938694,-11.60155362769685,53.41473305416938
2715.5044215913836,3795.6196021986325,-13.494999001348765,-3.46096694583062
2715.5044215913836,4000.245259803396,-15.775868744801075,-4.441000279163954
2715.5044215913836,4204.87091740816,-17.61191107169388,-7.11134194583062
2715.5044215913836,4409.496575012922,-19.761315711396392,-4.21117944583062
2715.5044215913836,5637.250520641503,-19.240206924327957,-6.720409802973477
2715.5044215913836,5841.876178246266,-17.642884431263393,-6.700691945830621
2715.5044215913836,6046.501835851029,-15.12232415908502,-5.831230582194255
2715.5044215913836,7478.881439084373,-2.9929245106141966,7.826595554169379
2715.5044215913836,7683.507096689135,-1.7000970813448184,-5.4969919458306205
2715.5044215913836,7888.132754293899,-0.4510095547042701,-6.604521491285166
2715.5044215913836,8092.758411898662,0.7103583564878804,0.8851663875027134
2715.5044215913836,8297.384069503425,1.709760490292173,-3.8257269458306205
2715.5044215913836,8502.009727108189,2.60415072908282,-6.920652660116334
2715.5044215913836,8706.635384712952,3.57773678539653,-6.07711694583062
2715.5044215913836,9320.512357527241,6.405135231065208,-4.38846694583062
2715.5044215913836,9525.138015132005,7.137030132132007,0.6924730541693798
2715.5044215913836,9729.763672736768,7.880001197508744,-4.342351561215235
2715.5044215913836,9934.389330341532,8.705219703242914,-6.615346945830621
2828.233081308708,214.67059411527444,8.17082008764231,1.4638945926309184
2828.233081308708,419.29625172003773,7.460297891865935,12.55941305416938
2828.233081308708,1647.0501973486178,1.8162773159325607,-1.0621336124972867
2828.233081308708,1851.675854953381,0.8621459985743347,15.180366387502712
2828.233081308708,2056.301512558144,-0.2693600242774811,1.0760455541693785
2828.233081308708,2260.9271701629077,-1.269498678540859,-2.0152919458306204
2828.233081308708,3693.3067733962507,-13.311902018903048,5.3028663875027116
2828.233081308708,3897.9324310010143,-14.923832241515397,-4.198821491285166
2828.233081308708,4102.558088605778,-17.139785249329286,-6.6841169458306195
2828.233081308708,4307.18374621054,-19.31661483917414,-3.444424088687763
2828.233081308708,5739.563349443884,-18.437209844380614,-2.9588447236083986
2828.233081308708,5944.189007048647,-16.54271500466803,-4.68688694583062
2828.233081308708,7376.568610281991,-3.8534258986198893,-5.552133612497287
2828.233081308708,7785.819925491517,-1.1604560158780053,-7.225706945830619
2828.233081308708,7990.445583096281,-0.016809743231985037,-1.7706069458306204
2828.233081308708,8195.071240701043,1.2132257732958716,-6.803241945830621
2828.233081308708,8399.696898305807,2.2502153834465948,-6.8114169458306195
2828.233081308708,8604.32255591057,2.998479807457826,-4.87056694583062
2828.233081308708,9422.825186329623,6.648349761607847,-8.836366945830619
2828.233081308708,9627.450843934386,7.619437217117553,-5.469604445830621
2828.233081308708,9832.07650153915,8.35720679355275,-5.688795517259193
2828.233081308708,10036.702159143913,9.021445873339598,-7.798195517259191
2940.961741026032,112.35776531289278,8.461396455993603,11.51612396326029
2940.961741026032,316.98342291765607,7.637023232690338,-4.190751156356936
2940.961741026032,1544.7373685462362,2.242075805178631,-5.43141694583062
2940.961741026032,1749.3630261509993,1.407628554014552,-6.39324194583062
2940.961741026032,1953.9886837557628,0.36183735730896055,8.680347339883667
2940.961741026032,2158.614341360526,-0.8757274881972483,-5.534566945830619
2940.961741026032,3795.6196021986325,-13.846478968355209,-3.49525444583062
2940.961741026032,4000.245259803396,-16.05676647085172,-6.2413240886877634
2940.961741026032,4204.87091740816,-18.80697641424198,-5.80318694583062
2940.961741026032,5637.250520641503,-19.904202742940544,-5.823533612497287
2940.961741026032,5841.876178246266,-17.865240291260346,-4.149741945830621
2940.961741026032,7478.881439084373,-3.1738971213474434,-5.7820169458306205
2940.961741026032,7683.507096689135,-1.7297711851286188,-6.99326694583062
2940.961741026032,7888.132754293899,-0.5176097905618289,1.800616387502713
2940.961741026032,8092.758411898662,0.4543810497379389,-1.2697812315449057
2940.961741026032,8297.384069503425,1.6387662451898684,-4.77481694583062
2940.961741026032,9525.138015132005,7.320747726969781,-4.53606694583062
2940.961741026032,9729.763672736768,7.8039577063769245,-6.160086945830621
2940.961741026032,9934.389330341532,8.66749539590937,-5.8066756414827925
2940.961741026032,10139.014987946295,9.254837327615261,-7.290900279163953
3053.6904007433563,10.044936510511121,8.741433300867225,-7.39386694583062
3053.6904007433563,214.67059411527444,8.040997413612448,-0.1335869458306206
3053.6904007433563,419.29625172003773,7.465774235231315,-7.96096694583062
3053.6904007433563,1647.0501973486178,1.8784948813853053,31.024499720836047
3053.6904007433563,1851.675854953381,0.8594130999069958,-1.4945919458306203
3053.6904007433563,2056.301512558144,-0.2836318186344759,1.113851235987561
3053.6904007433563,2260.9271701629077,-1.3557599708512962,-3.17264194583062
3053.6904007433563,3693.3067733962507,-12.972534321831489,-0.9656002791639534
3053.6904007433563,3897.9324310010143,-14.931866783956774,1.0757580541693796
3053.6904007433563,4102.558088605778,-17.530882286757976,-4.527544723608398
3053.6904007433563,4307.18374621054,-19.547673319185776,-6.227233612497287
3053.6904007433563,5739.563349443884,-18.63425423908534,-2.4660919458306205
3053.6904007433563,5944.189007048647,-17.22089297684839,-7.40636694583062
3053.6904007433563,7376.568610281991,-3.553913144282344,-5.16399194583062
3053.6904007433563,7581.194267886754,-2.389069656402371,-1.25897694583062
3053.6904007433563,7785.819925491517,-1.0339727351667416,-4.91816694583062
3053.6904007433563,7990.445583096281,0.1729789510728346,-4.261222501386175
3053.6904007433563,8195.071240701043,1.0256428958730852,-6.248833612497286
3053.6904007433563,8399.696898305807,2.092532277102867,-7.484216945830621
3053.6904007433563,9832.07650153915,8.233646190737053,-7.681259253522929
3053.6904007433563,10036.702159143913,8.990832725242633,0.4073219430582689
3166.4190604606806,112.35776531289278,8.53637400276047,3.8005941652804895
3166.4190604606806,316.98342291765607,7.790728040631138,-0.8293606958306208
3166.4190604606806,1544.7373685462362,2.4152751577269944,-6.462881231544906
3166.4190604606806,1749.3630261509993,1.2899553448450207,7.244014872351198
3166.4190604606806,1953.9886837557628,-0.045937204619091926,-4.19016694583062
3166.4190604606806,2158.614341360526,-0.9320108710523565,-2.1147869458306205
3166.4190604606806,3590.9939445938694,-12.164682449848739,4.60271305416938
3166.4190604606806,3795.6196021986325,-13.673376857221813,-4.3035955172591915
3166.4190604606806,4000.245259803396,-16.133404456503055,-6.36296694583062
3166.4190604606806,4204.87091740816,-18.51112676161316,-4.85446694583062
3166.4190604606806,5637.250520641503,-19.49256068080245,3.0703616255979513
3166.4190604606806,5841.876178246266,-17.813300675989787,-4.063738374402049
3166.4190604606806,7478.881439084373,-2.9681713122219002,-1.0135606958306203
3166.4190604606806,7683.507096689135,-1.6594368057137245,-5.61898694583062
3166.4190604606806,7888.132754293899,-0.6249080929885998,-5.95094194583062
3166.4190604606806,8092.758411898662,0.3544985586329898,-7.31466694583062
3166.4190604606806,8297.384069503425,1.6723429630609594,-6.339050279163953
3166.4190604606806,9729.763672736768,8.01995769615438,-5.692800279163954
3166.4190604606806,9934.389330341532,8.63909695697961,-8.079200279163954
3166.4190604606806,10139.014987946295,9.237492661060253,-5.93536694583062
3279.1477201780053,214.67059411527444,8.176360709003308,-1.3003469458306205
3279.1477201780053,419.29625172003773,7.3787683948299785,0.4923080541693799
3279.1477201780053,1442.4245397438544,3.030439068741956,4.9123330541693795
3279.1477201780053,1647.0501973486178,1.9213569811654734,7.81363305416938
3279.1477201780053,1851.675854953381,0.9124108616593888,-5.53345444583062
3279.1477201780053,2056.301512558144,-0.1565230495363751,29.439083054169384
3279.1477201780053,2260.9271701629077,-1.423070934545461,-3.4704130996767737
3279.1477201780053,3693.3067733962507,-12.679770978051323,0.6108901970265225
3279.1477201780053,3897.9324310010143,-14.793697026680162,-0.5913098029734777
3279.1477201780053,4102.558088605778,-16.78351378964914,6.2052205541693795
3279.1477201780053,4307.18374621054,-19.039774937548046,-5.243885127648801
3279.1477201780053,5739.563349443884,-18.203671415739986,-4.7425383744020495
3279.1477201780053,5944.189007048647,-16.28884988942458,-4.417344723608398
3279.1477201780053,7581.194267886754,-2.2448927545051047,-5.71059194583062
3279.1477201780053,7785.819925491517,-1.2408004052425985,-5.235874638138312
3279.1477201780053,7990.445583096281,0.08888583415935661,-6.47657944583062
3279.1477201780053,8195.071240701043,1.2693996923646802,-5.7923169458306205
3279.1477201780053,8399.696898305807,1.967407483830999,-5.23451694583062
3279.1477201780053,9832.07650153915,8.322705265667606,-6.539395517259192
3279.1477201780053,10036.702159143913,8.97059552790388,-6.505238374402048
3391.8763798953296,112.35776531289278,8.488014397563292,-8.211966945830621
3391.8763798953296,316.98342291765607,7.781343251752558,-3.6872098029734772
3391.8763798953296,521.6090805224194,7.0176877295410955,-5.926330582194257
3391.8763798953296,726.2347381271827,6.302916317397557,7.4374330541693805
3391.8763798953296,1340.1117109414727,3.5337247930733775,-0.7845900227536972
3391.8763798953296,1544.7373685462362,2.5831481767337556,4.011183054169379
3391.8763798953296,1749.3630261509993,1.7659966740664912,-1.591666945830621
3391.8763798953296,2363.2399989652895,-1.7987942385938573,-1.7283169458306205
3391.8763798953296,3590.9939445938694,-11.170692712028252,-4.4957469458306205
3391.8763798953296,3795.6196021986325,-13.378668739247471,6.3266997208360465
3391.8763798953296,4000.245259803396,-15.366752910110879,-5.4365069458306206
3391.8763798953296,4204.87091740816,-17.14064837804811,-4.91026694583062
3391.8763798953296,4409.496575012922,-19.017008169402974,-5.61742694583062
3391.8763798953296,5637.250520641503,-18.710023464174967,-3.3624202791639535
3391.8763798953296,5841.876178246266,-17.0627945561634,-4.789748764012438
3391.8763798953296,6046.501835851029,-14.64659511079111,-4.69069194583062
3391.8763798953296,7478.881439084373,-2.776120213897193,-5.547912400376075
3391.8763798953296,7683.507096689135,-1.5758568212589714,-6.0574069458306194
3391.8763798953296,7888.132754293899,-0.5346700865429924,-5.215981231544906
3391.8763798953296,8092.758411898662,0.6747146975524843,-5.908666945830619
3391.8763798953296,8297.384069503425,1.6723571537603714,-6.145400279163954
3391.8763798953296,9729.763672736768,8.082507278927256,-5.71716694583062
3391.8763798953296,9934.389330341532,8.699203251510374,-5.54711694583062
3391.8763798953296,10139.014987946295,9.341792884551309,-6.41476694583062
3504.605039612654,214.67059411527444,8.191211017267808,-1.4410269458306204
3504.605039612654,419.29625172003773,7.420345540699131,-6.93906694583062
3504.605039612654,623.921909324801,6.601147580137112,4.2295997208360445
3504.605039612654,828.5475669295644,5.8678433079917625,-1.4214919458306199
3504.605039612654,1237.7988821390911,3.994850091800944,8.32412396326029
3504.605039612654,1442.4245397438544,2.997261885611108,5.725566387502713
3504.605039612654,1647.0501973486178,2.050463274079819,9.967149720836046
3504.605039612654,1851.675854953381,1.1127771894175382,-5.901533612497286
3504.605039612654,2056.301512558144,-0.20668931468381932,4.544408054169379
3504.605039612654,2260.9271701629077,-1.2521637465920554,-0.21695785492152939
3504.605039612654,2465.5528277676713,-2.569841957326078,-8.22746694583062
3504.605039612654,2670.1784853724344,-3.4345798557644627,-1.501783612497287
3504.605039612654,3284.0554581867245,-8.572166394001876,-6.52306694583062
3504.605039612654,3488.6811157914876,-10.397884745847367,-5.545646945830621
3504.605039612654,3693.3067733962507,-12.10017295272712,8.498821943058267
3504.605039612654,3897.9324310010143,-13.66545460982457,-2.5607269458306208
3504.605039612654,4102.558088605778,-15.56431157260323,-4.549333612497287
3504.605039612654,4307.18374621054,-17.439054122464125,-3.5000891680528428
3504.605039612654,4511.809403815304,-19.0005103087305,-6.05956694583062
3504.605039612654,5534.937691839121,-18.80754459471589,-0.35964194583062037
3504.605039612654,5739.563349443884,-17.310659257154388,-2.46934194583062
3504.605039612654,5944.189007048647,-15.625555052564751,-7.141916945830621
3504.605039612654,6148.814664653411,-13.000138808570195,-4.3159669458306205
3504.605039612654,7376.568610281991,-3.0656111179474936,-4.30136694583062
3504.605039612654,7581.194267886754,-2.102178162327413,-6.3883669458306205
3504.605039612654,7785.819925491517,-0.7324280683248482,-6.50316694583062
3504.605039612654,7990.445583096281,0.0885248599235691,-6.566516945830621
3504.605039612654,8195.071240701043,1.1584392161547767,-6.53090694583062
3504.605039612654,8399.696898305807,2.266927557018582,-7.88856694583062
3504.605039612654,9832.07650153915,8.443237863931282,-5.233689168052842
3504.605039612654,10036.702159143913,9.17030298550992,0.47926032689665216
3617.333699329978,112.35776531289278,8.488014397563292,-7.76586694583062
3617.333699329978,316.98342291765607,7.808252389789863,8.277140197026522
3617.333699329978,521.6090805224194,7.070840028965296,-1.03510444583062
3617.333699329978,726.2347381271827,6.129180224344011,3.223061625597952
3617.333699329978,930.8603957319459,5.520809602725225,0.30143305416937966
3617.333699329978,1135.4860533367096,4.6150978330852706,1.4305530541693794
3617.333699329978,1340.1117109414727,3.585199021039662,2.443066387502712
3617.333699329978,1544.7373685462362,2.562833962368167,-3.5401069458306202
3617.333699329978,1953.9886837557628,0.5899046069420593,0.01983305416937995
3617.333699329978,2158.614341360526,-0.4157664963127812,11.86323305416938
3617.333699329978,2363.2399989652895,-1.7036846126847138,-1.9251240886877632
3617.333699329978,2567.8656565700526,-2.8036656612772184,-4.544609802973477
3617.333699329978,2772.491314174816,-4.064062213873594,-6.46936694583062
3617.333699329978,3181.7426293843428,-7.422357642575477,-2.9946919458306205
3617.333699329978,3386.368286989106,-9.230846676889756,0.5144830541693795
3617.333699329978,3590.9939445938694,-10.694110172697634,-3.27284194583062
3617.333699329978,3795.6196021986325,-12.951274215140383,-6.97186694583062
3617.333699329978,4000.245259803396,-14.466729935663954,-6.11156694583062
3617.333699329978,4204.87091740816,-15.282761851877936,-4.08186694583062
3617.333699329978,4409.496575012922,-17.718441437856626,-4.46496694583062
3617.333699329978,5637.250520641503,-18.232376855353078,-5.32476694583062
3617.333699329978,5841.876178246266,-15.51720792709412,-2.540546945830621
3617.333699329978,6046.501835851029,-14.12541579527551,-5.13624194583062
3617.333699329978,6251.127493455792,-11.791739393714277,-3.7358669458306206
3617.333699329978,7274.255781479609,-3.6474897795233594,-5.77531694583062
3617.333699329978,7478.881439084373,-2.405376069344027,-5.0882955172591915
3617.333699329978,7683.507096689135,-1.4238424963057947,-6.55732694583062
3617.333699329978,7888.132754293899,-0.38714574303619076,-7.87326694583062
3617.333699329978,8297.384069503425,1.89998219601165,-5.140400279163954
3617.333699329978,9729.763672736768,8.230883163819447,-7.22946694583062
3617.333699329978,9934.389330341532,8.736191608947784,-6.071495517259192
3730.0623590473024,214.67059411527444,8.101121392809265,-7.356266945830621
3730.0623590473024,419.29625172003773,7.588790876728252,-2.476833612497288
3730.0623590473024,623.921909324801,6.6177478925365305,14.95894555416938
3730.0623590473024,828.5475669295644,5.971752736900114,5.10479555416938
3730.0623590473024,1033.1732245343278,5.074457551943563,12.482566387502711
3730.0623590473024,1237.7988821390911,4.149707811997605,-4.266633612497286
3730.0623590473024,1647.0501973486178,2.366334564378384,-3.1489669458306206
3730.0623590473024,1851.675854953381,1.121757744653317,-5.58306694583062
3730.0623590473024,2056.301512558144,0.2185815351722163,8.385583054169379
3730.0623590473024,2260.9271701629077,-0.7886063261839587,-5.6985669458306205
3730.0623590473024,2465.5528277676713,-1.937657968832673,-7.82539194583062
3730.0623590473024,2670.1784853724344,-2.9853981051198493,-3.8639169458306197
3730.0623590473024,2874.8041429771974,-4.809461016991672,4.922166387502713
3730.0623590473024,3079.429800581961,-6.2574779871102395,-3.2584780569417315
3730.0623590473024,3284.0554581867245,-7.87796349884984,-4.4336469458306205
3730.0623590473024,3488.6811157914876,-9.619791490302582,1.6136730541693793
3730.0623590473024,3693.3067733962507,-11.353022383230297,-4.419433612497286
3730.0623590473024,3897.9324310010143,-13.048415200071535,-5.817066945830621
3730.0623590473024,4102.558088605778,-14.454296603486652,-5.37124194583062
3730.0623590473024,4307.18374621054,-16.073843093291096,-5.032238374402049
3730.0623590473024,4511.809403815304,-17.7571419285493,-0.52421694583062
3730.0623590473024,4716.4350614200675,-18.389357533835,0.183566387502713
3730.0623590473024,4921.060719024831,-18.00562529501936,-5.17066694583062
3730.0623590473024,5330.312034234357,-17.82889575244572,-5.58230694583062
3730.0623590473024,5534.937691839121,-17.022909230649102,-2.51141694583062
3730.0623590473024,5739.563349443884,-15.835785797802941,-6.167300279163953
3730.0623590473024,5944.189007048647,-14.033085220684308,4.528833054169379
3730.0623590473024,6148.814664653411,-12.63127846298537,-1.521076036739711
3730.0623590473024,6353.440322258174,-10.762051735323803,-5.69326694583062
3730.0623590473024,7171.942952677227,-4.14054722583913,-3.68046694583062
3730.0623590473024,7376.568610281991,-2.958993236056141,-4.409300279163953
3730.0623590473024,7581.194267886754,-1.717640893077696,-4.47124694583062
3730.0623590473024,7990.445583096281,0.32674491592401217,-5.7801169458306205
3730.0623590473024,8195.071240701043,1.57884443550729,-4.6037780569417315
3730.0623590473024,8399.696898305807,2.533772200184589,-5.690108612497286
3730.0623590473024,9832.07650153915,8.465760950699671,-0.25959694583062004
3730.0623590473024,10036.702159143913,9.231236079631103,2.389449720836047
3842.791018764627,316.98342291765607,8.012130526769031,-2.1684919458306204
3842.791018764627,521.6090805224194,7.2540079375484545,-2.8522257693600324
3842.791018764627,726.2347381271827,6.418412606292314,4.826816387502713
3842.791018764627,930.8603957319459,5.644445467596786,0.8634830541693799
3842.791018764627,1135.4860533367096,4.763030582449072,4.432783054169378
3842.791018764627,2158.614341360526,-0.22073459668827283,12.214304482740811
3842.791018764627,2363.2399989652895,-1.2505577127169485,-1.6066113902750645
3842.791018764627,2567.8656565700526,-2.5709872455467813,-3.40441694583062
3842.791018764627,2772.491314174816,-3.9253415390724253,0.6596830541693796
3842.791018764627,2977.116971779579,-5.277113930969046,-0.31596694583062046
3842.791018764627,3181.7426293843428,-6.7030213357039825,-4.967966945830621
3842.791018764627,3386.368286989106,-8.253062686566373,3.59853305416938
3842.791018764627,3590.9939445938694,-9.656593090053544,-4.479646945830621
3842.791018764627,3795.6196021986325,-11.380749626368836,-6.26844194583062
3842.791018764627,4000.245259803396,-12.563919590636866,-5.764700279163954
3842.791018764627,4204.87091740816,-14.455042408113952,2.6013759113122368
3842.791018764627,4409.496575012922,-15.494319024075779,-5.47486694583062
3842.791018764627,4614.122232617686,-16.891283294458997,-5.65736694583062
3842.791018764627,4818.747890222449,-17.796049045427022,-5.77579194583062
3842.791018764627,5023.373547827213,-18.171138286003618,-2.8467669458306206
3842.791018764627,5227.9992054319755,-17.72922987138049,11.84453305416938
3842.791018764627,5432.624863036739,-17.444085279983295,-2.7196002791639535
3842.791018764627,5637.250520641503,-15.593524711587555,-2.8858231958306195
3842.791018764627,5841.876178246266,-14.542711394838333,-5.851966945830621
3842.791018764627,6046.501835851029,-12.914612016918344,-3.47010444583062
3842.791018764627,6251.127493455792,-11.135290264907802,-3.6197669458306208
3842.791018764627,6455.753151060556,-9.104928486521583,-6.64346694583062
3842.791018764627,6660.378808665319,-7.675180411327217,-6.9257169458306205
3842.791018764627,6865.004466270082,-6.428848705877493,-3.2638669458306193
3842.791018764627,7069.630123874846,-4.739124255138513,-2.9808669458306203
3842.791018764627,7274.255781479609,-3.5373343286417516,-5.05266694583062
3842.791018764627,7478.881439084373,-2.165846954282389,-5.515451561215236
3842.791018764627,7683.507096689135,-0.7887815345106229,-5.648833612497287
3842.791018764627,7888.132754293899,-0.11023804864498288,13.43413305416938
3842.791018764627,8092.758411898662,1.2076545450252378,-5.172481231544906
3842.791018764627,8297.384069503425,2.1268050729231045,-3.6833869458306205
3842.791018764627,8502.009727108189,3.093490236505351,-5.938933612497286
3842.791018764627,9729.763672736768,8.291717460588972,-5.5420610634776795
3842.791018764627,9934.389330341532,8.913582883163171,-6.226961063477678
3955.5196784819514,214.67059411527444,8.348827409175804,-2.6410069458306205
3955.5196784819514,419.29625172003773,7.705163699767547,-6.600066945830619
3955.5196784819514,623.921909324801,6.887919908147066,0.016175911312236835
3955.5196784819514,828.5475669295644,6.155175779030833,10.817778508714833
3955.5196784819514,1033.1732245343278,5.367218790538596,12.726763054169378
3955.5196784819514,1237.7988821390911,4.2232539266483125,10.150718768455095
3955.5196784819514,1647.0501973486178,2.483484727038208,18.90015305416938
3955.5196784819514,1851.675854953381,1.4764478804627144,30.615199720836046
3955.5196784819514,2056.301512558144,0.6483625752885878,-5.74291694583062
3955.5196784819514,2260.9271701629077,-0.6203082065673015,11.065344165280491
3955.5196784819514,2465.5528277676713,-1.4238424963057947,2.5543130541693797
3955.5196784819514,2670.1784853724344,-2.6196207737512847,-5.77139194583062
3955.5196784819514,2874.8041429771974,-4.162637248278281,-5.769152660116334
3955.5196784819514,3079.429800581961,-5.658098343358113,-1.4115955172591914
3955.5196784819514,3284.0554581867245,-7.170040005842537,-5.798766945830621
3955.5196784819514,3488.6811157914876,-8.659041184654193,-6.4196169458306205
3955.5196784819514,3693.3067733962507,-9.360574417060079,1.8645830541693797
3955.5196784819514,3897.9324310010143,-11.673506557332722,-5.106991945830621
3955.5196784819514,4102.558088605778,-13.050821138533308,-6.92786694583062
3955.5196784819514,4307.18374621054,-14.363399707407858,8.11913305416938
3955.5196784819514,4511.809403815304,-15.44339698349821,-1.292483612497287
3955.5196784819514,4716.4350614200675,-17.056088135653695,-4.62396694583062
3955.5196784819514,4921.060719024831,-17.555681431550745,-5.15420694583062
3955.5196784819514,5125.686376629595,-16.652249857528446,-5.07458694583062
3955.5196784819514,5330.312034234357,-16.111684258814233,-5.661674088687763
3955.5196784819514,5534.937691839121,-15.653381784878032,-5.55866694583062
3955.5196784819514,5739.563349443884,-13.70058454001831,-2.486811390275064
3955.5196784819514,5944.189007048647,-12.852172557114333,6.60823305416938
3955.5196784819514,6148.814664653411,-10.71575546643345,-6.58596694583062
3955.5196784819514,6353.440322258174,-9.553952990592553,-6.5449669458306206
3955.5196784819514,6558.065979862938,-8.122849892996753,-5.5969487640124385
3955.5196784819514,6762.691637467701,-6.642542500128442,-2.685946945830621
3955.5196784819514,6967.317295072464,-5.394602359033329,-6.38180444583062
3955.5196784819514,7171.942952677227,-3.950771130738852,-5.421879445830621
3955.5196784819514,7376.568610281991,-2.2065282067209995,-5.522066945830621
3955.5196784819514,7581.194267886754,-1.611074769993428,-6.421816945830621
3955.5196784819514,7785.819925491517,-0.3732337258883321,-5.97696694583062
3955.5196784819514,7990.445583096281,0.6484793485422081,-4.859816945830621
3955.5196784819514,8195.071240701043,1.7786388951080632,-6.59496694583062
3955.5196784819514,8399.696898305807,2.78686222371752,-5.71356694583062
3955.5196784819514,8604.32255591057,3.6358740535248453,-6.70811694583062
3955.5196784819514,8808.948213515332,4.5257098668950695,-7.69556694583062
3955.5196784819514,9422.825186329623,7.320747726969781,-6.0438669458306205
3955.5196784819514,9627.450843934386,7.954895566412512,-4.43960694583062
3955.5196784819514,9832.07650153915,8.637250452072546,-5.62067944583062
3955.5196784819514,10036.702159143913,9.316462302785618,-3.292294218557893
4068.248338199275,316.98342291765607,8.139458873308412,-3.264136176599851
4068.248338199275,521.6090805224194,7.411095436955553,-3.1133502791639533
4068.248338199275,726.2347381271827,6.540321422902835,-3.75416694583062
4068.248338199275,930.8603957319459,5.749565153288629,10.16064305416938
4068.248338199275,1135.4860533367096,4.9676972703027635,6.073213054169377
4068.248338199275,1340.1117109414727,3.8450720661937123,-8.31796694583062
4068.248338199275,1544.7373685462362,3.3121574032013235,12.81825305416938
4068.248338199275,1749.3630261509993,2.1970828416450847,11.17971305416938
4068.248338199275,1953.9886837557628,1.2391658176834808,-0.6872044458306203
4068.248338199275,2158.614341360526,0.362971415652634,-5.828083612497287
4068.248338199275,2363.2399989652895,-0.6873014997047565,10.863590197026523
4068.248338199275,2567.8656565700526,-1.709445427319831,20.704699720836047
4068.248338199275,2772.491314174816,-3.044389095875076,-2.234821491285166
4068.248338199275,2977.116971779579,-4.396616350056915,1.781341387502713
4068.248338199275,3181.7426293843428,-5.511935690589003,-2.69724694583062
4068.248338199275,3386.368286989106,-7.171684003337057,-6.281133612497288
4068.248338199275,3590.9939445938694,-8.507540532371289,-4.9192169458306205
4068.248338199275,3795.6196021986325,-9.863197193549418,-6.31775444583062
4068.248338199275,4000.245259803396,-11.922979798257623,-2.0151544458306203
4068.248338199275,4204.87091740816,-13.016643526552594,-5.997916945830621
4068.248338199275,4409.496575012922,-14.065833199883802,-2.818638374402049
4068.248338199275,4614.122232617686,-14.147663118277741,-6.77536694583062
4068.248338199275,4818.747890222449,-15.282761851877936,-6.84826694583062
4068.248338199275,5023.373547827213,-15.732123401971416,-5.920691945830621
4068.248338199275,5227.9992054319755,-15.440245086064701,-5.87451694583062
4068.248338199275,5432.624863036739,-14.93484531369762,-5.18686694583062
4068.248338199275,5637.250520641503,-13.871959687560699,-6.05211694583062
4068.248338199275,5841.876178246266,-12.318001519637946,-5.772733612497287
4068.248338199275,6046.501835851029,-11.07580316357675,-4.534675279163953
4068.248338199275,6455.753151060556,-8.702478579980347,-0.8303669458306207
4068.248338199275,6660.378808665319,-6.944090616856275,-5.29766694583062
4068.248338199275,6865.004466270082,-5.455470240063327,-3.68715444583062
4068.248338199275,7069.630123874846,-4.27564571997505,-4.848641945830621
4068.248338199275,7478.881439084373,-1.7206451068677293,-6.052250279163954
4068.248338199275,7683.507096689135,-0.4427938116276273,-6.455566945830619
4068.248338199275,7888.132754293899,0.4708963065622911,-1.4538851276488023
4068.248338199275,8297.384069503425,2.5624757713830655,-0.7095669458306202
4068.248338199275,8502.009727108189,3.3073661470121296,-6.537941945830621
4068.248338199275,8706.635384712952,4.1344448146607435,-6.3756002791639546
4068.248338199275,8911.261042317714,5.153164130971058,-5.686504445830621
4068.248338199275,9115.886699922477,6.034226800667591,-6.10926694583062
4068.248338199275,9320.512357527241,6.82428873235902,-6.87838694583062
4068.248338199275,9525.138015132005,7.449827157664298,-2.331066945830621
4068.248338199275,9729.763672736768,8.328955552232484,-6.232844723608398
4068.248338199275,9934.389330341532,9.079300443237305,-6.80196694583062
4180.9769979166,214.67059411527444,8.563213805142796,-0.5389361765998513
4180.9769979166,419.29625172003773,7.9169497528461745,-7.125446945830621
4180.9769979166,623.921909324801,7.242721636271394,-8.81956694583062
4180.9769979166,1033.1732245343278,5.425349540810621,7.373744165280489
4180.9769979166,1237.7988821390911,4.672232474361445,14.81427305416938
4180.9769979166,1442.4245397438544,3.751923966231393,26.417399720836045
4180.9769979166,1851.675854953381,1.6817152004559912,3.2631997208360466
4180.9769979166,2056.301512558144,1.0122788904155604,-5.43032694583062
4180.9769979166,2260.9271701629077,-0.10185271019624254,3.51908305416938
4180.9769979166,2465.5528277676713,-1.0738687519754688,0.48524074647707205
4180.9769979166,2670.1784853724344,-2.1369622631161387,-6.387716945830621
4180.9769979166,2874.8041429771974,-3.4988580971940557,-6.34276694583062
4180.9769979166,3079.429800581961,-4.913111936865848,-3.367124088687763
4180.9769979166,3284.0554581867245,-6.0159710345419715,-0.9145447236083979
4180.9769979166,3488.6811157914876,-7.305066549326453,-3.58040694583062
4180.9769979166,3693.3067733962507,-8.950978711445734,-5.878800279163953
4180.9769979166,3897.9324310010143,-10.21528384562182,-6.67547944583062
4180.9769979166,4102.558088605778,-11.416812546581214,-6.634366945830621
4180.9769979166,4307.18374621054,-12.191320025905556,0.41243305416938014
4180.9769979166,4511.809403815304,-13.546298790272413,-5.36534194583062
4180.9769979166,4716.4350614200675,-13.63338082494169,-5.21941694583062
4180.9769979166,4921.060719024831,-14.139562259866272,-5.428009802973477
4180.9769979166,5125.686376629595,-14.306440137707071,-5.313891945830621
4180.9769979166,5330.312034234357,-13.473199038127955,-5.770251561215236
4180.9769979166,5534.937691839121,-13.035219664028489,-2.1238836124972864
4180.9769979166,5739.563349443884,-11.665371061288885,-4.638800279163953
4180.9769979166,5944.189007048647,-11.43291296294064,-6.113446945830621
4180.9769979166,6148.814664653411,-9.355277816181617,-4.174726945830621
4180.9769979166,6353.440322258174,-8.441854208023402,-6.708066945830621
4180.9769979166,6558.065979862938,-6.592487541522343,-1.63456694583062
4180.9769979166,6762.691637467701,-6.056234565537639,1.1046330541693803
4180.9769979166,6967.317295072464,-4.644230177136749,-3.5270851276488027
4180.9769979166,7171.942952677227,-3.2139295914622434,-4.39449194583062
4180.9769979166,7376.568610281991,-1.9223291068041897,-4.29089194583062
4180.9769979166,7581.194267886754,-0.9369162574368505,-5.25136694583062
4180.9769979166,7785.819925491517,0.2731621240020956,-5.54441694583062
4180.9769979166,7990.445583096281,1.2002262406643915,-4.51316694583062
4180.9769979166,8195.071240701043,2.142668797818826,-0.8880169458306204
4180.9769979166,8399.696898305807,2.8781758561201585,-2.7655669458306207
4180.9769979166,8604.32255591057,4.028573034925848,20.45103305416938
4180.9769979166,8808.948213515332,4.902075324410377,2.14005805416938
4180.9769979166,9013.573871120096,5.703968669228421,-4.334778056941732
4180.9769979166,9218.19952872486,6.555200355705257,9.085618768455094
4180.9769979166,9422.825186329623,7.363666707361953,1.184655276391602
4180.9769979166,9627.450843934386,8.15659533990064,-6.320391945830621
4180.9769979166,9832.07650153915,8.773798562299618,-2.164400279163954
4180.9769979166,10036.702159143913,9.438712660272543,-0.034606945830620364
4293.705657633925,112.35776531289278,8.955751681858283,-6.77116694583062
4293.705657633925,316.98342291765607,8.396153286005315,-3.98117944583062
4293.705657633925,521.6090805224194,7.64178403694968,-6.003600279163954
4293.705657633925,1340.1117109414727,4.448304817049636,-1.122938374402049
4293.705657633925,1544.7373685462362,3.518885675622177,3.49477305416938
4293.705657633925,1749.3630261509993,2.837939165915813,4.702866387502713
4293.705657633925,1953.9886837557628,1.4333802006151002,-2.3250419458306206
4293.705657633925,2158.614341360526,0.5791299580747713,-5.82722694583062
4293.705657633925,2363.2399989652895,-0.42813857197743654,8.161748438784766
4293.705657633925,2567.8656565700526,-1.5763484910180352,-5.51290694583062
4293.705657633925,2772.491314174816,-2.654542197045418,-4.602733612497286
4293.705657633925,2977.116971779579,-4.217032237804674,-2.742566945830621
4293.705657633925,3181.7426293843428,-5.121769227453226,17.066099720836046
4293.705657633925,3386.368286989106,-6.014680531952088,12.739033054169381
4293.705657633925,3590.9939445938694,-7.387439578467016,-1.954752660116334
4293.705657633925,3795.6196021986325,-8.421726204436276,-6.285391945830621
4293.705657633925,4000.245259803396,-10.094540836155955,2.1056663875027115
4293.705657633925,4204.87091740816,-11.32404919315756,-4.220706945830621
4293.705657633925,4409.496575012922,-11.840560863225214,-5.9169169458306206
4293.705657633925,4614.122232617686,-12.51927964716773,-2.692957854921528
4293.705657633925,4818.747890222449,-13.295848922659436,-3.8563502791639537
4293.705657633925,5023.373547827213,-13.473762931771754,-6.1488955172591915
4293.705657633925,5227.9992054319755,-13.001746625163904,-5.931850279163953
4293.705657633925,5432.624863036739,-12.169439679015989,-5.491979445830621
4293.705657633925,5637.250520641503,-11.77398735187121,-5.60398694583062
4293.705657633925,5841.876178246266,-10.39528840190344,-7.933266945830621
4293.705657633925,6046.501835851029,-9.58834884815726,-5.72091694583062
4293.705657633925,6251.127493455792,-8.221783833578256,0.1446616255979515
4293.705657633925,6455.753151060556,-6.674306959344768,-5.85106694583062
4293.705657633925,6660.378808665319,-5.890856119890323,-4.241000279163955
4293.705657633925,6865.004466270082,-4.424716808660911,-4.719326945830621
4293.705657633925,7069.630123874846,-3.2572258799778506,-6.15864194583062
4293.705657633925,7274.255781479609,-2.143143286125898,-5.2923169458306205
4293.705657633925,7478.881439084373,-1.1770303835947529,-7.097916945830621
4293.705657633925,7683.507096689135,-0.00027524048247105914,-5.79866694583062
4293.705657633925,7888.132754293899,1.1482281101384622,-7.183666945830621
4293.705657633925,8092.758411898662,2.2172240533386804,-6.2991669458306205
4293.705657633925,8297.384069503425,2.8655565963256406,-6.80189194583062
4293.705657633925,8502.009727108189,3.8448817582153763,7.622433054169381
4293.705657633925,8706.635384712952,4.659049358320061,5.908258054169379
4293.705657633925,8911.261042317714,5.426852113070955,-3.21265694583062
4293.705657633925,9115.886699922477,6.178860473397892,-5.69251694583062
4293.705657633925,9525.138015132005,7.857170326073807,-7.581166945830621
4293.705657633925,9729.763672736768,8.473922709652214,-4.75305444583062
4293.705657633925,9934.389330341532,9.153116253419253,-5.69660694583062
4406.434317351249,214.67059411527444,8.808889548975959,-6.139189168052843
4406.434317351249,419.29625172003773,8.170235731573513,-7.15376694583062
4406.434317351249,1442.4245397438544,3.973337424343139,6.746093054169378
4406.434317351249,1647.0501973486178,3.284638788317717,27.006633054169377
4406.434317351249,1851.675854953381,2.3611072431273947,-0.7057396731033478
4406.434317351249,2056.301512558144,1.4072744287624241,-2.9264169458306197
4406.434317351249,2260.9271701629077,0.5157813830126644,-6.434900279163954
4406.434317351249,2465.5528277676713,-0.43351913352905314,17.73643305416938
4406.434317351249,3284.0554581867245,-5.147537444010813,-8.31006694583062
4406.434317351249,3488.6811157914876,-6.53404510022061,2.6955187684550936
4406.434317351249,3693.3067733962507,-7.423684773341539,6.629299720836046
4406.434317351249,3897.9324310010143,-8.993872670321775,-4.1802669458306205
4406.434317351249,4102.558088605778,-9.657244220217743,-6.1856869458306205
4406.434317351249,4307.18374621054,-10.466207770284269,-5.396358612497288
4406.434317351249,4511.809403815304,-11.680617480500954,-5.16786694583062
4406.434317351249,4716.4350614200675,-12.80330796368452,-5.81581694583062
4406.434317351249,5330.312034234357,-12.174395636399733,-5.62366694583062
4406.434317351249,5534.937691839121,-11.512127426812823,6.2866330541693785
4406.434317351249,5739.563349443884,-10.032071066554861,-5.75406694583062
4406.434317351249,5944.189007048647,-8.898490295398167,-6.10409194583062
4406.434317351249,6148.814664653411,-8.601261846330972,-2.380349088687764
4406.434317351249,6353.440322258174,-7.2443922030561145,-5.715038374402049
4406.434317351249,6558.065979862938,-5.713126179888056,-2.17935894583062
4406.434317351249,6762.691637467701,-4.875192092222388,-5.681933612497287
4406.434317351249,6967.317295072464,-3.7984167217278775,-5.18221694583062
4406.434317351249,7171.942952677227,-2.466945684266057,-6.170036945830621
4406.434317351249,7376.568610281991,-1.3124511359803515,-5.57923837440205
4406.434317351249,7581.194267886754,-0.09645929635372137,-4.96931694583062
4406.434317351249,7785.819925491517,0.5324069734120859,-5.405750279163954
4406.434317351249,7990.445583096281,1.5523919849650287,-5.889533612497288
4406.434317351249,8195.071240701043,2.3600133267688497,-2.2690294458306206
4406.434317351249,8399.696898305807,3.465687697303621,0.407004482740808
4406.434317351249,8604.32255591057,4.3266370883893295,-0.1966469458306211
4406.434317351249,8808.948213515332,5.242636236091818,1.3320099772463025
4406.434317351249,9013.573871120096,5.909059573009691,6.155847339883665
4406.434317351249,9218.19952872486,6.848255325467478,3.9786580541693786
4406.434317351249,9422.825186329623,7.551270821986982,-4.069666945830621
4406.434317351249,9627.450843934386,8.299352988315364,-4.212838374402049
4406.434317351249,9832.07650153915,9.184994213073225,2.7651830541693796
4406.434317351249,10036.702159143913,9.577846510515071,4.934518768455093
4519.162977068573,112.35776531289278,9.272259402223938,-6.69746694583062
4519.162977068573,316.98342291765607,8.564400698368448,5.834210831947156
4519.162977068573,1340.1117109414727,4.481011195901562,19.92513305416938
4519.162977068573,1544.7373685462362,3.9135693977877337,-4.93741694583062
4519.162977068573,1749.3630261509993,3.005909563329127,11.793849720836045
4519.162977068573,2158.614341360526,1.1243355234145793,10.777114872351195
4519.162977068573,2363.2399989652895,0.136710651927397,-5.88686694583062
4519.162977068573,3386.368286989106,-5.044464577780452,-5.246200279163954
4519.162977068573,3590.9939445938694,-6.510668123699918,-2.5978669458306207
4519.162977068573,3795.6196021986325,-6.901477801159886,-5.16979194583062
4519.162977068573,4000.245259803396,-8.20976539594881,-0.4534544458306202
4519.162977068573,4204.87091740816,-8.825630376868311,-5.67720694583062
4519.162977068573,4409.496575012922,-10.123461331768075,-4.111216945830621
4519.162977068573,5432.624863036739,-10.71575546643345,-5.91546694583062
4519.162977068573,5637.250520641503,-9.51091482619184,-6.593800279163954
4519.162977068573,5841.876178246266,-8.949869232534317,-3.1519869458306204
4519.162977068573,6046.501835851029,-8.059059878847982,-3.7159669458306204
4519.162977068573,6251.127493455792,-7.072340177769324,-1.4728891680528422
4519.162977068573,6455.753151060556,-5.952338518010014,-4.225833612497286
4519.162977068573,6660.378808665319,-5.207272054399825,-4.0095419458306205
4519.162977068573,7069.630123874846,-2.759429799628687,-4.6164336124972865
4519.162977068573,7274.255781479609,-1.5723818188375642,-5.235850279163953
4519.162977068573,7478.881439084373,-0.36965667902452565,-5.175900279163954
4519.162977068573,7683.507096689135,0.35234951966655503,-0.38919194583062033
4519.162977068573,7888.132754293899,1.3219113216597915,-6.124052660116334
4519.162977068573,8092.758411898662,2.3165227610489345,-6.07074194583062
4519.162977068573,8297.384069503425,3.2781081714148304,-6.49484194583062
4519.162977068573,8502.009727108189,4.300762832728623,-5.0800669458306205
4519.162977068573,8706.635384712952,4.80467318705927,-5.214824088687763
4519.162977068573,8911.261042317714,5.6149422771247135,-4.84826694583062
4519.162977068573,9115.886699922477,6.617919688395153,-4.9920169458306205
4519.162977068573,9320.512357527241,7.320506611423622,-4.5803526601163345
4519.162977068573,9525.138015132005,8.081979059296714,-2.491433612497287
4519.162977068573,9729.763672736768,8.725151509898232,-2.6218447236083984
4519.162977068573,9934.389330341532,9.576152061672117,-1.3992069458306207
4631.891636785897,214.67059411527444,9.113376464843125,5.213891877698792
4631.891636785897,419.29625172003773,8.633321416986227,-7.66176694583062
4631.891636785897,1442.4245397438544,4.315783529659701,-2.390333612497287
4631.891636785897,1647.0501973486178,3.6057132240150684,-6.116581231544905
4631.891636785897,1851.675854953381,2.8055061421871077,-3.58906694583062
4631.891636785897,2260.9271701629077,0.984833338624554,-5.393011390275065
4631.891636785897,3488.6811157914876,-4.972703699773105,-0.24868694583062007
4631.891636785897,3693.3067733962507,-6.169150194986911,0.1677552763916014
4631.891636785897,3897.9324310010143,-7.270957514319359,-6.01218694583062
4631.891636785897,4102.558088605778,-7.474208213201542,6.098908054169379
4631.891636785897,4307.18374621054,-8.761473176587806,-5.61606694583062
4631.891636785897,5534.937691839121,-9.464496272422332,-3.758800279163953
4631.891636785897,5739.563349443884,-8.263133844993375,6.1353441652804905
4631.891636785897,5944.189007048647,-7.588885627001444,-5.83946694583062
4631.891636785897,6148.814664653411,-6.817468638171456,-2.4949526601163354
4631.891636785897,6353.440322258174,-6.1357872086720935,-2.6885977150613893
4631.891636785897,7581.194267886754,0.2812967749718075,-5.314189168052843
4631.891636785897,7990.445583096281,2.5141454796235263,-4.939366945830621
4631.891636785897,8195.071240701043,3.125648396985179,0.811921943058269
4631.891636785897,8399.696898305807,3.955976148913505,-2.3329098029734774
4631.891636785897,8604.32255591057,4.585308094886407,-7.449500279163954
4631.891636785897,8808.948213515332,5.401504694959459,-2.60826694583062
4631.891636785897,9013.573871120096,6.241584969196963,-4.80176694583062
4631.891636785897,9218.19952872486,6.888218983734686,0.7377330541693805
4631.891636785897,9422.825186329623,7.796409342145618,-2.8163869458306197
4631.891636785897,9832.07650153915,9.279032920013213,1.76973305416938
4631.891636785897,10036.702159143913,9.837333005079063,-0.0633169458306202
4744.620296503222,112.35776531289278,9.520029267877623,-5.90211694583062
4744.620296503222,316.98342291765607,8.864796538425752,-6.098739673103347
4744.620296503222,1544.7373685462362,4.345279791125989,6.1967730541693795
4744.620296503222,1953.9886837557628,2.6717433553214454,17.075083054169383
4744.620296503222,2158.614341360526,1.650692458778756,-0.5584419458306207
4744.620296503222,3590.9939445938694,-5.032121958086806,-2.94327944583062
4744.620296503222,3795.6196021986325,-5.656634769798876,5.01463305416938
4744.620296503222,4000.245259803396,-6.95519486021323,-2.0322269458306206
4744.620296503222,4204.87091740816,-7.424773980121269,-3.552095517259192
4744.620296503222,5637.250520641503,-7.802867098578631,-4.52056694583062
4744.620296503222,5841.876178246266,-6.964298871687705,-5.747291945830621
4744.620296503222,6046.501835851029,-6.285483062515907,2.217088609724936
4744.620296503222,6251.127493455792,-5.80270850455951,-5.06936694583062
4744.620296503222,7683.507096689135,1.2439873806365962,-6.600138374402049
4744.620296503222,7888.132754293899,2.117817045978873,-4.155466945830621
4744.620296503222,8092.758411898662,2.8938955882002393,1.6188997208360465
4744.620296503222,8297.384069503425,3.6589554921547056,-0.04268694583061983
4744.620296503222,8502.009727108189,4.3683559689184746,-5.9927919458306205
4744.620296503222,9729.763672736768,9.079146591824761,-1.1892740886877629
4744.620296503222,9934.389330341532,9.684850007295145,7.129783054169379
4857.348956220546,214.67059411527444,9.295313786108267,1.310787220836046
4857.348956220546,1647.0501973486178,4.205023558273573,2.006843054169379
4857.348956220546,1851.675854953381,3.612908479505933,3.201983054169379
4857.348956220546,2056.301512558144,2.4147386673741127,24.906766387502717
4857.348956220546,3693.3067733962507,-4.296043050396645,-3.17794694583062
4857.348956220546,3897.9324310010143,-5.546631335328826,2.7542530541693795
4857.348956220546,4102.558088605778,-6.4623292403738954,-5.7067069458306205
4857.348956220546,5739.563349443884,-6.983307153962837,-4.938903309466983
4857.348956220546,5944.189007048647,-6.333663491169517,-4.875406945830621
4857.348956220546,6148.814664653411,-5.423426095365249,-6.2112487640124385
4857.348956220546,7785.819925491517,1.8664964991335218,-5.553548764012438
4857.348956220546,7990.445583096281,2.660137663153681,-4.81466694583062
4857.348956220546,8195.071240701043,3.541582583866548,-3.6334502791639536
4857.348956220546,8399.696898305807,4.2102752005334825,-7.909266945830621
4857.348956220546,9627.450843934386,8.812753777975335,-3.194406945830621
4857.348956220546,9832.07650153915,9.455427183833612,-5.065952660116335
4857.348956220546,10036.702159143913,10.021807957284173,8.453208054169378
4970.07761593787,112.35776531289278,9.659758675948865,-3.95064194583062
4970.07761593787,316.98342291765607,9.248672560496171,-7.370089168052843
4970.07761593787,1544.7373685462362,4.801211173842718,12.90119305416938
4970.07761593787,1749.3630261509993,4.164758874463312,6.508333054169379
4970.07761593787,1953.9886837557628,3.385460540142962,22.848790197026517
4970.07761593787,2158.614341360526,2.5689680222025055,-5.24137944583062
4970.07761593787,3590.9939445938694,-3.684920433619767,-3.1086002791639533
4970.07761593787,3795.6196021986325,-3.950155515818754,5.059749720836045
4970.07761593787,4000.245259803396,-4.782970920232529,7.674749720836047
4970.07761593787,4204.87091740816,-5.9752242740060675,-1.9001002791639532
4970.07761593787,5637.250520641503,-6.269888842841236,-5.72480694583062
4970.07761593787,5841.876178246266,-5.070232794338043,-3.4195669458306206
4970.07761593787,6046.501835851029,-5.017958084736098,-6.085433612497287
4970.07761593787,7683.507096689135,1.8769023284720725,-3.7499869458306208
4970.07761593787,7888.132754293899,2.7572627258694284,-4.608141945830621
4970.07761593787,8092.758411898662,3.340580125129604,0.3276630541693798
4970.07761593787,8297.384069503425,4.225174747261669,-2.3042669458306198
4970.07761593787,9115.886699922477,7.291540678294885,-1.7775419458306205
4970.07761593787,9729.763672736768,9.303545667092147,-4.906006945830621
4970.07761593787,9934.389330341532,9.961376364633376,-0.19008694583062063
5082.806275655194,214.67059411527444,9.65946523130987,-4.01092944583062
5082.806275655194,419.29625172003773,9.132266740140157,-5.56533837440205
5082.806275655194,1442.4245397438544,5.272828368467614,-4.51776694583062
5082.806275655194,1647.0501973486178,4.703120290812723,15.326433054169378
5082.806275655194,1851.675854953381,4.065469238984702,14.746533054169381
5082.806275655194,2056.301512558144,3.2160766377893006,5.905573054169379
5082.806275655194,2260.9271701629077,2.366334564378384,-4.64236694583062
5082.806275655194,3488.6811157914876,-2.821652100042691,0.7294330541693803
5082.806275655194,3693.3067733962507,-3.0737295574270593,-0.4165558347195088
5082.806275655194,4102.558088605778,-4.622299324525139,-4.167913099676773
5082.806275655194,5739.563349443884,-5.228873617941295,-4.795526945830621
5082.806275655194,5944.189007048647,-4.912989310290854,-0.585566945830621
5082.806275655194,6148.814664653411,-3.705150135948686,-5.03931694583062
5082.806275655194,7785.819925491517,2.524521017363981,-6.59486694583062
5082.806275655194,7990.445583096281,3.510124027382671,32.738293054169375
5082.806275655194,8195.071240701043,4.0046564251211665,-0.934383612497287
5082.806275655194,9627.450843934386,9.175042484795117,-4.4174780569417305
5082.806275655194,9832.07650153915,9.810676103171897,-1.8229669458306206
5082.806275655194,10036.702159143913,10.220528952934453,13.03383305416938
5195.534935372519,112.35776531289278,9.996774885556665,-6.951566945830621
5195.534935372519,316.98342291765607,9.482558751238004,1.6749330541693794
5195.534935372519,521.6090805224194,8.9414351166809,-7.64606694583062
5195.534935372519,1544.7373685462362,5.444140775551127,10.91183305416938
5195.534935372519,1749.3630261509993,4.569538406158472,0.686088609724935
5195.534935372519,1953.9886837557628,3.9903552784178813,4.812816387502713
5195.534935372519,2158.614341360526,3.013606462372925,2.3027219430582693
5195.534935372519,3590.9939445938694,-2.0637483212683048,0.6032512359875615
5195.534935372519,4000.245259803396,-3.5103456605684236,-1.7206669458306205
5195.534935372519,4204.87091740816,-4.143016035752145,-4.274900279163953
5195.534935372519,5637.250520641503,-4.048350594762656,-4.99416694583062
5195.534935372519,5841.876178246266,-3.9172309604711235,-5.01846694583062
5195.534935372519,6046.501835851029,-3.092348788890045,-5.25136694583062
5195.534935372519,7683.507096689135,2.4440156635767556,-4.1707669458306205
5195.534935372519,7888.132754293899,3.03050671191115,1.3255330541693802
5195.534935372519,8092.758411898662,3.98189855241519,-5.870716945830621
5195.534935372519,9729.763672736768,9.531583551795773,-5.622266945830621
5195.534935372519,9934.389330341532,10.175098348130975,0.7005580541693792
5308.263595089843,214.67059411527444,10.038043114423317,-6.207816945830619
5308.263595089843,419.29625172003773,9.445066526912882,-8.25266694583062
5308.263595089843,623.921909324801,8.848928801744462,-5.05196694583062
5308.263595089843,828.5475669295644,8.230883163819444,-2.3594002791639537
5308.263595089843,1237.7988821390911,6.848473248141856,-7.2427669458306205
5308.263595089843,1442.4245397438544,5.876783943585187,8.81743305416938
5308.263595089843,1647.0501973486178,5.115873885732377,-1.4779869458306203
5308.263595089843,2056.301512558144,3.8353155332989712,6.399905781442106
5308.263595089843,2260.9271701629077,2.9589812035333027,5.7023130541693785
5308.263595089843,3488.6811157914876,-1.523358475402439,-3.78092944583062
5308.263595089843,3693.3067733962507,-1.8781920749698997,0.014225911312237065
5308.263595089843,3897.9324310010143,-2.9497478771964496,-6.91366694583062
5308.263595089843,4102.558088605778,-2.9920064409518115,-3.91406694583062
5308.263595089843,4307.18374621054,-3.0021165592742602,-5.37406694583062
5308.263595089843,5739.563349443884,-3.475906636402653,-4.844333612497287
5308.263595089843,5944.189007048647,-2.837656358665277,-4.373226945830621
5308.263595089843,6148.814664653411,-2.026516343471875,-7.181233612497287
5308.263595089843,7785.819925491517,3.177224224433059,-4.743625279163953
5308.263595089843,7990.445583096281,4.005054224333998,-7.03614194583062
5308.263595089843,8195.071240701043,4.553369548716918,-7.20816694583062
5308.263595089843,9832.07650153915,10.133457763458619,-0.8670294458306205
5420.992254807168,112.35776531289278,10.351374616139003,-2.77886694583062
5420.992254807168,316.98342291765607,9.856682624776163,-6.53313617659985
5420.992254807168,521.6090805224194,9.187891304067145,4.432853054169379
5420.992254807168,726.2347381271827,8.499807005750965,-0.41555861249728715
5420.992254807168,930.8603957319459,8.035380216182185,-0.648991945830621
5420.992254807168,1135.4860533367096,7.271858371163625,-4.24331694583062
5420.992254807168,1340.1117109414727,6.6831173290870485,5.157133054169379
5420.992254807168,1544.7373685462362,6.034521917779927,17.394783054169377
5420.992254807168,1749.3630261509993,5.054761085359712,-6.174583612497287
5420.992254807168,1953.9886837557628,4.300762832728623,-6.884866945830621
5420.992254807168,2158.614341360526,3.874640722306708,-1.429200279163953
5420.992254807168,2363.2399989652895,3.1035191149528907,-5.78786694583062
5420.992254807168,2567.8656565700526,2.709019309551749,-8.731766945830621
5420.992254807168,3386.368286989106,-0.35998588040442414,-4.17421694583062
5420.992254807168,3590.9939445938694,-0.9787473756911352,-2.3729836124972867
5420.992254807168,3795.6196021986325,-1.5820522925531315,-3.5699169458306197
5420.992254807168,4204.87091740816,-2.746547198386797,-4.915946945830621
5420.992254807168,5432.624863036739,-3.092348788890042,-5.41816694583062
5420.992254807168,5637.250520641503,-2.912187092898755,-4.694000279163953
5420.992254807168,5841.876178246266,-2.675526375605136,-5.085200279163954
5420.992254807168,6046.501835851029,-1.948039773395435,-5.534000279163954
5420.992254807168,6251.127493455792,-1.556143459118077,-4.9760169458306205
5420.992254807168,7683.507096689135,3.4257119615201033,-7.64846694583062
5420.992254807168,7888.132754293899,3.912669240602744,3.0837830541693787
5420.992254807168,8092.758411898662,4.46550593923751,-2.209300279163953
5420.992254807168,9729.763672736768,10.038116800036263,-3.97865444583062
5420.992254807168,9934.389330341532,10.55906325066632,-1.58948694583062
5533.720914524492,214.67059411527444,10.348061518767521,-6.96056694583062
5533.720914524492,419.29625172003773,9.522991037030902,-4.86526694583062
5533.720914524492,623.921909324801,9.012064476975842,4.60297305416938
5533.720914524492,828.5475669295644,8.396345911370178,0.3654705541693799
5533.720914524492,1033.1732245343278,7.7167988942878525,2.5661830541693798
5533.720914524492,1237.7988821390911,7.151011160193549,1.9615330541693794
5533.720914524492,1442.4245397438544,6.418852408244497,-4.51779194583062
5533.720914524492,1647.0501973486178,5.717376987379807,9.560790197026522
5533.720914524492,1851.675854953381,5.084437899510958,5.709166387502713
5533.720914524492,2056.301512558144,4.400698912380407,10.259177498613823
5533.720914524492,2260.9271701629077,3.75157506827111,2.286833054169378
5533.720914524492,2465.5528277676713,3.1032668243283092,10.86557305416938
5533.720914524492,2670.1784853724344,2.5037379940982682,-4.36696694583062
5533.720914524492,3284.0554581867245,0.7128121743749937,-1.4126240886877632
5533.720914524492,3488.6811157914876,0.013236301641208433,-1.4065169458306195
5533.720914524492,3693.3067733962507,-1.119417941824474,14.157633054169379
5533.720914524492,3897.9324310010143,-0.968165397617172,-6.511950279163954
5533.720914524492,4102.558088605778,-1.6712395707430412,-4.7084669458306205
5533.720914524492,4307.18374621054,-2.0534693915115763,-6.108556945830621
5533.720914524492,4511.809403815304,-2.1165222750964388,1.4027830541693795
5533.720914524492,5330.312034234357,-1.9520032105879885,-5.00811694583062
5533.720914524492,5534.937691839121,-2.479461269104485,-5.243091945830621
5533.720914524492,6148.814664653411,-0.8082084537703162,-6.51886694583062
5533.720914524492,6353.440322258174,-0.6142360856166771,-6.3781169458306195
5533.720914524492,7785.819925491517,3.8623302302226223,-1.5655769458306203
5533.720914524492,7990.445583096281,4.690845649471065,-1.7327942185578926
5533.720914524492,8195.071240701043,5.3205443006141655,-4.00960444583062
5533.720914524492,9627.450843934386,9.938393176647978,1.7518330541693796
5533.720914524492,9832.07650153915,10.536350204582224,-0.9369669458306202
5646.449574241817,112.35776531289278,10.754084966965799,5.104883054169379
5646.449574241817,316.98342291765607,10.005166727331114,-7.94941694583062
5646.449574241817,521.6090805224194,9.59153371525443,-5.934416945830621
5646.449574241817,930.8603957319459,8.42881432846966,-1.4481269458306203
5646.449574241817,1135.4860533367096,7.682349111149302,4.81137305416938
5646.449574241817,1340.1117109414727,7.060620428041195,6.36194555416938
5646.449574241817,1544.7373685462362,6.485761122305188,5.002099720836046
5646.449574241817,1749.3630261509993,5.809853888104801,1.7391603268966522
5646.449574241817,1953.9886837557628,5.127950969223311,7.248499720836044
5646.449574241817,2158.614341360526,4.307485730549491,26.947299720836046
5646.449574241817,2363.2399989652895,3.618056093412833,5.126818768455093
5646.449574241817,2567.8656565700526,3.0606841259189626,-5.28506694583062
5646.449574241817,2772.491314174816,2.5068828726514703,1.7468705541693796
5646.449574241817,2977.116971779579,1.9391212072781445,-2.4965780569417313
5646.449574241817,3181.7426293843428,1.1990214999159396,0.8427148723511974
5646.449574241817,3386.368286989106,0.47107934606358753,-1.8320098029734773
5646.449574241817,3590.9939445938694,0.07631694531053623,-3.1340919458306202
5646.449574241817,3795.6196021986325,-0.5841401003788611,4.0857330541693795
5646.449574241817,4000.245259803396,-1.4349850263211512,-4.4260669458306205
5646.449574241817,4204.87091740816,-1.2537988208431632,-4.882183612497287
5646.449574241817,4409.496575012922,-1.5418615692397983,-2.15449194583062
5646.449574241817,4614.122232617686,-1.4066252315179537,-6.36236694583062
5646.449574241817,4818.747890222449,-1.5328126616946396,-1.2577669458306202
5646.449574241817,5023.373547827213,-1.7884677663527075,-5.33946694583062
5646.449574241817,5227.9992054319755,-1.7395539486659672,-6.274650279163954
5646.449574241817,5432.624863036739,-1.9021303980005637,-5.27481694583062
5646.449574241817,5637.250520641503,-1.6704229775610209,-7.45786694583062
5646.449574241817,5841.876178246266,-1.1003631097685538,-7.151338374402047
5646.449574241817,6251.127493455792,-0.5053848403483665,-6.23826694583062
5646.449574241817,6455.753151060556,0.1906849230186208,-5.673266945830619
5646.449574241817,7683.507096689135,4.028147603149296,-7.218733612497286
5646.449574241817,7888.132754293899,4.552156273894635,4.76753305416938
5646.449574241817,8092.758411898662,5.245896161807885,-3.3560002791639536
5646.449574241817,8297.384069503425,5.919627584406944,-8.064491945830621
5646.449574241817,9729.763672736768,10.324101472854066,0.6999830541693797
5759.178233959141,10.044936510511121,11.022480128069642,-7.19216694583062
5759.178233959141,214.67059411527444,10.610183542508404,-0.02421694583062095
5759.178233959141,419.29625172003773,10.153976612838264,-3.686109802973477
5759.178233959141,623.921909324801,9.341792884551309,-7.652533612497287
5759.178233959141,828.5475669295644,8.959554487278334,-3.51085444583062
5759.178233959141,1033.1732245343278,8.226229483966023,6.2477330541693785
5759.178233959141,1237.7988821390911,7.876014428341218,3.259666387502713
5759.178233959141,1442.4245397438544,7.062832839562253,5.472275911312236
5759.178233959141,1647.0501973486178,6.199875985951452,16.183149720836045
5759.178233959141,1851.675854953381,5.737829090309389,8.482454482740808
5759.178233959141,2056.301512558144,5.005410369643884,-4.0215955172591915
5759.178233959141,2260.9271701629077,4.6597824403835695,-5.0122669458306195
5759.178233959141,2465.5528277676713,3.878136291601996,-1.11511694583062
5759.178233959141,2670.1784853724344,3.3781141270525836,-6.12626694583062
5759.178233959141,2874.8041429771974,2.513504859205809,4.8987694178057435
5759.178233959141,3079.429800581961,1.9873756194273162,13.07479305416938
5759.178233959141,3284.0554581867245,1.6648589057338923,-5.42216694583062
5759.178233959141,3488.6811157914876,0.9905072904088311,-5.445178056941732
5759.178233959141,3693.3067733962507,0.6618308863726962,-7.4737919458306195
5759.178233959141,3897.9324310010143,-0.6573485161860392,-4.2519669458306195
5759.178233959141,4102.558088605778,-0.5009645011735383,-1.3759419458306201
5759.178233959141,4307.18374621054,-0.6386224302330047,-5.53056694583062
5759.178233959141,4511.809403815304,-1.3225237525800848,-5.69436694583062
5759.178233959141,4716.4350614200675,-1.2112234230376664,-6.183936176599851
5759.178233959141,4921.060719024831,-1.4178104515256744,-6.6438891680528425
5759.178233959141,5125.686376629595,-1.2965518222290033,-4.703858612497286
5759.178233959141,5330.312034234357,-1.582709447043432,-6.337016945830621
5759.178233959141,5534.937691839121,-0.8831127975824645,-5.93156694583062
5759.178233959141,5944.189007048647,-0.16575285237982051,-3.0216419458306207
5759.178233959141,6148.814664653411,-0.11995785020473305,-6.64196694583062
5759.178233959141,6353.440322258174,0.38049351355944766,-5.41936694583062
5759.178233959141,6558.065979862938,1.1017288525923852,-2.4867794458306203
5759.178233959141,6762.691637467701,1.816457467370202,-4.22284194583062
5759.178233959141,7581.194267886754,3.9012288701472793,-5.06659194583062
5759.178233959141,7785.819925491517,4.645710285560384,2.397504482740808
5759.178233959141,7990.445583096281,5.026400044848636,-1.2376336124972869
5759.178233959141,8195.071240701043,5.857123105736382,-7.105816945830621
5759.178233959141,9627.450843934386,10.269158117030676,-3.6569669458306198
5759.178233959141,9832.07650153915,10.73347291841511,1.0381022849386103
5871.906893676465,112.35776531289278,11.104008895504986,-2.46481694583062
5871.906893676465,316.98342291765607,10.52649596282166,-4.8825269458306195
5871.906893676465,521.6090805224194,9.93441933719041,-1.5147869458306205
5871.906893676465,726.2347381271827,9.45915656107328,1.8970497208360468
5871.906893676465,930.8603957319459,8.675413524057632,-7.065550279163954
5871.906893676465,1135.4860533367096,8.1140214246294,2.3309705541693795
5871.906893676465,1340.1117109414727,7.639666305612224,3.3665187684550935
5871.906893676465,1544.7373685462362,6.947764956667351,-3.70789194583062
5871.906893676465,1749.3630261509993,6.363329588396108,-2.23356694583062
5871.906893676465,1953.9886837557628,5.627692604678089,-4.85696694583062
5871.906893676465,2158.614341360526,5.014352346147274,8.973827171816438
5871.906893676465,2363.2399989652895,4.648435584203305,-5.12466694583062
5871.906893676465,2567.8656565700526,3.5663987379577144,-4.88736694583062
5871.906893676465,2772.491314174816,2.940831379441834,0.52439305416938
5871.906893676465,2977.116971779579,2.6192154211146423,12.761816387502712
5871.906893676465,3181.7426293843428,1.9820998795028315,34.00863305416938
5871.906893676465,3386.368286989106,1.5505653919541187,-2.8068869458306205
5871.906893676465,3590.9939445938694,1.0837319501244131,5.8192774986138245
5871.906893676465,3795.6196021986325,0.6396172477397559,-1.6013002791639537
5871.906893676465,4000.245259803396,0.5418051748992518,-5.08766694583062
5871.906893676465,4204.87091740816,-0.003708386610440484,-5.445800279163954
5871.906893676465,4409.496575012922,-0.5275913876839675,-6.62016694583062
5871.906893676465,4614.122232617686,-0.5543550434443377,-5.598916945830621
5871.906893676465,4818.747890222449,-0.39199196631240163,-3.5015812315449066
5871.906893676465,5023.373547827213,-0.6620637526490039,-5.78636694583062
5871.906893676465,5227.9992054319755,-0.7113504517145495,-5.69229194583062
5871.906893676465,5432.624863036739,-0.6192113661667135,-6.43067944583062
5871.906893676465,5637.250520641503,-0.43818449351378375,-5.50680694583062
5871.906893676465,5841.876178246266,0.006576746632485382,4.65943305416938
5871.906893676465,6046.501835851029,0.453123787400326,-4.77384194583062
5871.906893676465,6251.127493455792,0.47489029706364433,-5.730891945830621
5871.906893676465,6455.753151060556,1.2145052469177695,-4.6077469458306215
5871.906893676465,6660.378808665319,1.67329900910323,-5.926528484292159
5871.906893676465,6865.004466270082,2.451768013670409,-6.205204445830621
5871.906893676465,7069.630123874846,2.998479807457823,-0.3807669458306198
5871.906893676465,7274.255781479609,3.5346205423969317,3.7655663875027137
5871.906893676465,7478.881439084373,4.073183230182647,-5.101848764012439
5871.906893676465,7683.507096689135,4.604675680151564,-5.99298694583062
5871.906893676465,7888.132754293899,5.290856054369391,-4.7938669458306205
5871.906893676465,8092.758411898662,5.801569966146355,4.224147339883666
5871.906893676465,8297.384069503425,6.516894702362145,-4.3508438689075435
5871.906893676465,9525.138015132005,10.20375020385482,0.7661830541693802
5871.906893676465,9729.763672736768,10.641413715326317,4.91513305416938
5871.906893676465,9934.389330341532,11.116011744760556,1.5027330541693793
5984.635553393789,10.044936510511121,11.454160634163998,-7.3499169458306195
5984.635553393789,214.67059411527444,11.024301159837506,9.221147339883668
5984.635553393789,419.29625172003773,10.532085956387048,0.9267759113122362
5984.635553393789,623.921909324801,9.962187113479995,-5.725544723608398
5984.635553393789,828.5475669295644,9.385123624136536,-5.39526694583062
5984.635553393789,1033.1732245343278,8.714081009512938,-3.41491694583062
5984.635553393789,1237.7988821390911,8.156299840040065,4.160904482740809
5984.635553393789,1442.4245397438544,7.599750686110336,-2.3902044458306198
5984.635553393789,1647.0501973486178,7.054339282908581,7.909913054169378
5984.635553393789,1851.675854953381,6.171658187535093,29.30483305416938
5984.635553393789,2056.301512558144,5.741046687285184,-5.16974194583062
5984.635553393789,2260.9271701629077,5.229469740253181,-4.603266945830621
5984.635553393789,2465.5528277676713,4.6586423306683145,-4.32486694583062
5984.635553393789,2670.1784853724344,3.796499503198659,7.3209330541693785
5984.635553393789,2874.8041429771974,3.1700527502010885,-2.5758669458306205
5984.635553393789,3079.429800581961,3.1178186695819226,10.464299720836047
5984.635553393789,3284.0554581867245,2.209814254930081,-5.031681231544907
5984.635553393789,3488.6811157914876,1.9372702381262457,-1.5829955172591925
5984.635553393789,3693.3067733962507,1.5257382906230816,-6.0178002791639535
5984.635553393789,3897.9324310010143,1.112620223657173,-5.404950279163953
5984.635553393789,4102.558088605778,0.7789087318410388,-5.331200279163954
5984.635553393789,4307.18374621054,0.26645909800345335,-7.811116945830619
5984.635553393789,4511.809403815304,0.5691875343346215,-4.34056694583062
5984.635553393789,4716.4350614200675,-0.15105928025540807,-5.66118694583062
5984.635553393789,4921.060719024831,-0.11531847016192036,-6.152009802973477
5984.635553393789,5125.686376629595,0.1327569470927915,-7.81546694583062
5984.635553393789,5330.312034234357,0.12670005980614862,-5.942691945830621
5984.635553393789,5534.937691839121,0.4945196309272361,-6.095133612497286
5984.635553393789,5739.563349443884,0.4427408041611225,-4.71056694583062
5984.635553393789,5944.189007048647,0.5665127264647268,-5.44736694583062
5984.635553393789,6148.814664653411,1.032419660445131,-6.20626694583062
5984.635553393789,6353.440322258174,1.509515800355138,-6.395233612497287
5984.635553393789,6558.065979862938,1.882228970998323,-5.298450279163954
5984.635553393789,6762.691637467701,2.328840337319365,-5.28034194583062
5984.635553393789,6967.317295072464,2.9297762589605307,-5.93858694583062
5984.635553393789,7171.942952677227,3.319467833268944,-3.6311919458306208
5984.635553393789,7376.568610281991,4.119007451281202,-3.0719955172591917
5984.635553393789,7581.194267886754,4.728431107630767,-5.386709802973478
5984.635553393789,7785.819925491517,5.241555036002389,-2.6999669458306204
5984.635553393789,7990.445583096281,6.082996855809703,8.441966387502713
5984.635553393789,8195.071240701043,6.466014247929051,-1.5448169458306205
5984.635553393789,8399.696898305807,7.144455570578166,-3.63864194583062
5984.635553393789,8604.32255591057,7.765682561940214,-5.99076694583062
5984.635553393789,8808.948213515332,8.469757279058525,-3.4161669458306196
5984.635553393789,9013.573871120096,9.114741760883975,-5.54736694583062
5984.635553393789,9218.19952872486,9.617116347832217,-0.5837669458306198
5984.635553393789,9422.825186329623,10.087702330012858,-3.86796694583062
5984.635553393789,9627.450843934386,10.614978818911302,3.5572616255979517
5984.635553393789,9832.07650153915,11.017685372423562,7.5224330541693805
6097.364213111114,112.35776531289278,11.526561409588556,12.82429305416938
6097.364213111114,316.98342291765607,10.995117745900302,-2.0583054073690823
6097.364213111114,521.6090805224194,10.37470250235974,-2.49734694583062
6097.364213111114,726.2347381271827,9.668241520443239,-4.02444194583062
6097.364213111114,930.8603957319459,9.132268188432123,8.530566387502713
6097.364213111114,1135.4860533367096,8.674350506287889,-5.348809802973477
6097.364213111114,1340.1117109414727,8.118889036225893,3.4263330541693797
6097.364213111114,1544.7373685462362,7.583256903226618,5.767842145078469
6097.364213111114,1749.3630261509993,6.970969780084225,17.85442305416938
6097.364213111114,1953.9886837557628,6.264051748934704,6.199775911312237
6097.364213111114,2158.614341360526,5.778994058352527,19.169983054169382
6097.364213111114,2363.2399989652895,5.3148053782480815,-3.3450891680528425
6097.364213111114,2567.8656565700526,4.617631028565963,4.143416387502714
6097.364213111114,2772.491314174816,4.1973872560268735,-4.88726694583062
6097.364213111114,2977.116971779579,3.7595570093218895,5.431566387502713
6097.364213111114,3181.7426293843428,3.18886705608788,4.233408054169379
6097.364213111114,3386.368286989106,2.4295380442924217,-4.34106694583062
6097.364213111114,3590.9939445938694,2.2460070671570938,-4.6260269458306205
6097.364213111114,3795.6196021986325,1.885124792801752,-6.542979445830619
6097.364213111114,4000.245259803396,1.3384157550640243,-4.978166945830621
6097.364213111114,4204.87091740816,1.161805696952209,-5.027266945830619
6097.364213111114,4409.496575012922,1.069170907015365,-5.552666945830621
6097.364213111114,4614.122232617686,0.7263048852052798,-5.7007269458306205
6097.364213111114,4818.747890222449,0.3807734660932871,-5.172083612497287
6097.364213111114,5023.373547827213,0.6136262592484023,-5.62361694583062
6097.364213111114,5227.9992054319755,0.5192982604532967,-5.11176694583062
6097.364213111114,5432.624863036739,0.4352999680463253,-5.50211694583062
6097.364213111114,5637.250520641503,0.9650564027422621,-5.060166945830621
6097.364213111114,5841.876178246266,1.1212864444311332,-3.6282169458306197
6097.364213111114,6046.501835851029,1.6245455516767349,-6.202633612497287
6097.364213111114,6251.127493455792,1.5978881114384043,-5.289324088687763
6097.364213111114,6455.753151060556,2.1671957868817353,-4.129816945830621
6097.364213111114,6660.378808665319,2.8543587374178516,-6.87406694583062
6097.364213111114,6865.004466270082,3.2156864890068655,6.516018768455093
6097.364213111114,7069.630123874846,3.687393364338439,-4.78674194583062
6097.364213111114,7274.255781479609,4.317439146313918,-0.03948694583062036
6097.364213111114,7478.881439084373,4.820688883678493,-6.5114669458306205
6097.364213111114,7683.507096689135,5.240312224480113,-0.23998123154490703
6097.364213111114,7888.132754293899,5.947009748589406,-4.305476945830621
6097.364213111114,8092.758411898662,6.525555675037885,-4.3876669458306194
6097.364213111114,8297.384069503425,7.115437871976009,-5.94546694583062
6097.364213111114,8502.009727108189,7.75610401730919,-3.9361336124972865
6097.364213111114,8706.635384712952,8.341235969939737,1.5994997208360473
6097.364213111114,8911.261042317714,8.884231966830413,-2.7803969458306197
6097.364213111114,9115.886699922477,9.531195371902722,0.11621638750271342
6097.364213111114,9320.512357527241,10.057765749683337,-3.82513694583062
6097.364213111114,9525.138015132005,10.689867403692453,-1.2131669458306202
6097.364213111114,9729.763672736768,11.13636466860286,4.112766387502713
6097.364213111114,9934.389330341532,11.378010747710281,14.39418305416938
6210.092872828438,10.044936510511121,11.725352903945117,-7.55966694583062
6210.092872828438,214.67059411527444,11.38423566268472,-4.548103309466984
6210.092872828438,419.29625172003773,10.806649936741527,-6.385675279163954
6210.092872828438,623.921909324801,10.088453073928804,-7.64841694583062
6210.092872828438,1237.7988821390911,8.488014397563292,-5.0175669458306205
6210.092872828438,1442.4245397438544,8.05464092094291,1.0772239632602887
6210.092872828438,1647.0501973486178,7.680062179343263,11.05423305416938
6210.092872828438,1851.675854953381,6.967710454920352,-5.18576694583062
6210.092872828438,2056.301512558144,6.364046629448481,-7.93086694583062
6210.092872828438,2260.9271701629077,5.955451457815253,4.734708054169379
6210.092872828438,2465.5528277676713,5.429812350161843,-2.6661891680528425
6210.092872828438,2670.1784853724344,4.690670863012173,-3.905009802973477
6210.092872828438,2874.8041429771974,4.079495199666473,-3.4984669458306206
6210.092872828438,3079.429800581961,3.612222786444578,-4.606078056941731
6210.092872828438,3284.0554581867245,3.471671455047933,-6.232816945830621
6210.092872828438,3488.6811157914876,2.8527344070235383,-4.721316945830621
6210.092872828438,3693.3067733962507,2.585179667584128,-4.36314194583062
6210.092872828438,3897.9324310010143,2.0112769394574626,-5.660916945830619
6210.092872828438,4102.558088605778,2.041746557625685,-7.77181694583062
6210.092872828438,4307.18374621054,1.494650101982737,-4.79396694583062
6210.092872828438,4511.809403815304,1.4421371127122944,-5.41888694583062
6210.092872828438,4716.4350614200675,1.0175258334903723,-7.44489194583062
6210.092872828438,4921.060719024831,1.0719163805862033,-4.982689168052843
6210.092872828438,5125.686376629595,1.104980879091793,-6.402716945830621
6210.092872828438,5330.312034234357,1.1482281101384622,-4.72646694583062
6210.092872828438,5534.937691839121,1.6849106307164228,-4.25332694583062
6210.092872828438,5739.563349443884,1.6618140580365843,-7.426166945830619
6210.092872828438,5944.189007048647,1.8671344423990852,-7.23376694583062
6210.092872828438,6148.814664653411,2.3165444209788455,-4.07224694583062
6210.092872828438,6353.440322258174,2.781689023484801,-4.8891169458306205
6210.092872828438,6558.065979862938,2.9700569351979893,-5.327685127648802
6210.092872828438,6762.691637467701,3.339139748783316,-6.203200279163954
6210.092872828438,6967.317295072464,3.9003339825047822,-4.54311694583062
6210.092872828438,7171.942952677227,4.3387125198832575,-4.080224088687763
6210.092872828438,7376.568610281991,4.791869800585579,-6.2102069458306195
6210.092872828438,7581.194267886754,5.674255557457201,-5.546206945830621
6210.092872828438,7785.819925491517,5.8922612321790435,1.5334730541693804
6210.092872828438,7990.445583096281,6.648349761607847,17.21458305416938
6210.092872828438,8195.071240701043,7.0923226012740415,-3.476350279163954
6210.092872828438,8399.696898305807,7.654401089063416,7.844516387502712
6210.092872828438,8604.32255591057,8.311597377750655,13.260193054169378
6210.092872828438,8808.948213515332,8.926946775477095,3.33777305416938
6210.092872828438,9013.573871120096,9.429967289405086,0.07324733988366537
6210.092872828438,9218.19952872486,9.954739513927194,-1.7441869458306205
6210.092872828438,9422.825186329623,10.567551451957398,-4.352700279163954
6210.092872828438,9627.450843934386,11.121014350250256,-3.091166945830621
6210.092872828438,9832.07650153915,11.50211806941709,8.031333054169378
6322.821532545762,112.35776531289278,11.744402968421051,14.026766387502711
6322.821532545762,316.98342291765607,11.387665433926829,1.6231163875027128
6322.821532545762,521.6090805224194,10.7065520634254,-7.59406694583062
6322.821532545762,1340.1117109414727,8.433180547997715,10.59058305416938
6322.821532545762,1544.7373685462362,8.094311533754407,-4.386050279163953
6322.821532545762,1749.3630261509993,7.819482121538996,8.53860805416938
6322.821532545762,1953.9886837557628,7.025916418681382,13.52930305416938
6322.821532545762,2158.614341360526,6.460536227148,2.0688268041693796
6322.821532545762,2363.2399989652895,5.906199899882537,-2.8459669458306207
6322.821532545762,2567.8656565700526,5.25826246014044,-7.472300279163953
6322.821532545762,3181.7426293843428,3.788896989138356,-4.717646945830621
6322.821532545762,3386.368286989106,3.692033649466812,-3.2485955172591923
6322.821532545762,3590.9939445938694,2.80581073164364,1.90395805416938
6322.821532545762,3795.6196021986325,2.911763493868616,-4.24502694583062
6322.821532545762,4000.245259803396,2.167520549658779,-6.42436694583062
6322.821532545762,4204.87091740816,2.291111853099717,-5.5512794458306205
6322.821532545762,4409.496575012922,1.7845909540430405,-4.62920694583062
6322.821532545762,4614.122232617686,1.3562206322421697,-5.50706694583062
6322.821532545762,5023.373547827213,1.2782234364532794,-2.00856694583062
6322.821532545762,5227.9992054319755,1.509301699903503,-6.574400279163953
6322.821532545762,5432.624863036739,1.748314526113518,-6.051150279163953
6322.821532545762,5637.250520641503,2.076668980671005,-4.61550694583062
6322.821532545762,5841.876178246266,2.250070983913865,-6.03416694583062
6322.821532545762,6046.501835851029,2.4624406829992522,-6.35581694583062
6322.821532545762,6251.127493455792,2.659001981778972,-4.310141945830621
6322.821532545762,6455.753151060556,3.0023615485575226,-4.909300279163954
6322.821532545762,6660.378808665319,3.630012286892697,-5.18584194583062
6322.821532545762,6865.004466270082,3.9174652777509196,-4.776066945830619
6322.821532545762,7069.630123874846,4.647880643284827,-3.5850361765998504
6322.821532545762,7274.255781479609,5.077346438165552,-4.646716945830621
6322.821532545762,7478.881439084373,5.61427145814658,-6.016400279163953
6322.821532545762,7683.507096689135,6.1583924838531505,3.571858054169379
6322.821532545762,7888.132754293899,6.573290294998503,-4.495600279163953
6322.821532545762,8092.758411898662,7.101799803549076,-6.435606945830621
6322.821532545762,8297.384069503425,7.988814950493846,1.6538830541693796
6322.821532545762,8502.009727108189,8.311545696668665,8.74792305416938
6322.821532545762,8706.635384712952,8.81777721496602,1.2789473398836653
6322.821532545762,8911.261042317714,9.333091693812612,-2.82844194583062
6322.821532545762,9115.886699922477,9.911590586532755,4.180847339883665
6322.821532545762,9320.512357527241,10.227121451049337,6.844853054169379
6322.821532545762,9525.138015132005,10.94062445420492,2.9290530541693798
6322.821532545762,9729.763672736768,11.457764778829858,1.4106580541693794
6322.821532545762,9934.389330341532,11.770115376129468,2.9462830541693803
6435.5501922630865,10.044936510511121,12.238951258339945,8.742483054169378
6435.5501922630865,214.67059411527444,11.780342040880724,-2.2946240886877627
6435.5501922630865,419.29625172003773,11.3625209146338,0.38193305416938017
6435.5501922630865,1442.4245397438544,8.424114482796597,-4.877116945830622
6435.5501922630865,1647.0501973486178,8.177076479037732,7.58513305416938
6435.5501922630865,1851.675854953381,7.612738145859311,13.44845305416938
6435.5501922630865,2056.301512558144,7.080895565035378,9.817733054169379
6435.5501922630865,2260.9271701629077,6.540000693985563,-4.889966945830619
6435.5501922630865,2465.5528277676713,5.784294518360025,-5.637566945830621
6435.5501922630865,3284.0554581867245,3.8911966866886196,-0.8561669458306209
6435.5501922630865,3488.6811157914876,4.033753984213788,-1.58347944583062
6435.5501922630865,3693.3067733962507,3.494092352090783,-3.6083419458306203
6435.5501922630865,3897.9324310010143,3.045372779185775,-5.42882694583062
6435.5501922630865,4102.558088605778,3.0452755248900996,-5.58324194583062
6435.5501922630865,4307.18374621054,2.499988360336736,-5.64022944583062
6435.5501922630865,5330.312034234357,2.242075805178631,-6.338016945830621
6435.5501922630865,5739.563349443884,2.4316921757082812,-7.615766945830619
6435.5501922630865,5944.189007048647,2.8849752707907967,-6.218100279163953
6435.5501922630865,6148.814664653411,3.4011693174081574,-4.953600279163953
6435.5501922630865,6353.440322258174,3.550509640177324,-5.263466945830619
6435.5501922630865,6558.065979862938,3.492705664585634,-0.6603955172591922
6435.5501922630865,6762.691637467701,3.8911966866886196,-3.0910669458306206
6435.5501922630865,6967.317295072464,4.525588726961824,-5.439400279163954
6435.5501922630865,7171.942952677227,5.387062536669585,-5.601700279163953
6435.5501922630865,7376.568610281991,5.825447025121212,-4.758038374402049
6435.5501922630865,7581.194267886754,6.063131271774114,-4.28089694583062
6435.5501922630865,7785.819925491517,6.624552211310359,-4.827709802973478
6435.5501922630865,7990.445583096281,7.291259353654436,-0.18484194583062008
6435.5501922630865,8195.071240701043,7.7484291080187635,1.2952080541693798
6435.5501922630865,8399.696898305807,8.426964675887296,3.0998219430582683
6435.5501922630865,8604.32255591057,8.741186747665719,-7.434146945830621
6435.5501922630865,8808.948213515332,9.360558269975915,-3.500678056941731
6435.5501922630865,9013.573871120096,9.933853794986542,-0.17516694583062087
6435.5501922630865,9218.19952872486,10.434735272429927,1.3431616255979517
6435.5501922630865,9422.825186329623,10.864314850726617,2.858188609724936
6435.5501922630865,9627.450843934386,11.354978866519321,0.6032580541693795
6435.5501922630865,9832.07650153915,11.940814924212528,20.2174044827408
6548.278851980412,112.35776531289278,12.263958865847346,5.720139304169379
6548.278851980412,316.98342291765607,11.724778751032792,-2.63188694583062
6548.278851980412,1544.7373685462362,8.842316779249614,4.945716387502713
6548.278851980412,1749.3630261509993,8.086940769933685,21.8777187684551
6548.278851980412,1953.9886837557628,7.673348440812866,25.057633054169372
6548.278851980412,2158.614341360526,7.1086356975760365,-5.529400279163954
6548.278851980412,3386.368286989106,4.20240145344854,-6.002550279163953
6548.278851980412,3590.9939445938694,4.133051792227272,3.2575130541693795
6548.278851980412,3795.6196021986325,4.061746670386328,-6.39206694583062
6548.278851980412,4000.245259803396,3.5663987379577144,4.58603305416938
6548.278851980412,4204.87091740816,3.199864504466037,0.7332705541693798
6548.278851980412,5432.624863036739,3.0310382467303674,-4.783852660116335
6548.278851980412,5637.250520641503,2.998479807457824,-6.398216945830621
6548.278851980412,5841.876178246266,3.189758039877313,-3.836700279163954
6548.278851980412,6046.501835851029,3.378348207826468,4.061499720836047
6548.278851980412,6251.127493455792,3.8598594059093725,-6.457033612497288
6548.278851980412,7274.255781479609,5.830556647166462,-4.54886694583062
6548.278851980412,7478.881439084373,6.377687731517649,-5.851683612497287
6548.278851980412,7683.507096689135,6.7078376288586234,13.358883054169379
6548.278851980412,7888.132754293899,7.3577809753787005,1.0859108319471575
6548.278851980412,8092.758411898662,7.814370061799259,-1.8143044458306201
6548.278851980412,8297.384069503425,8.45094097881208,-6.0613098029734775
6548.278851980412,8502.009727108189,8.836479672467572,-3.414733612497287
6548.278851980412,8706.635384712952,9.155442182767695,-6.36846694583062
6548.278851980412,8911.261042317714,9.860771649385363,3.413173054169379
6548.278851980412,9115.886699922477,10.36742344827215,-1.8162836124972872
6548.278851980412,9320.512357527241,10.756661571815403,2.0304530541693797
6548.278851980412,9525.138015132005,11.343982052842506,11.00701305416938
6548.278851980412,9729.763672736768,11.848338113479883,13.90890448274081
6661.007511697736,10.044936510511121,12.53857594494941,21.798183054169378
6661.007511697736,214.67059411527444,12.238672307349075,-5.2548502791639535
6661.007511697736,419.29625172003773,11.844339884557447,-8.17956694583062
6661.007511697736,1442.4245397438544,9.272259402223938,-7.75746694583062
6661.007511697736,1647.0501973486178,8.765742136380064,6.47949305416938
6661.007511697736,1851.675854953381,8.233650854064669,12.625433054169381
6661.007511697736,2056.301512558144,7.799859314972679,14.497091387502712
6661.007511697736,3488.6811157914876,4.606338394707001,-0.9744002791639536
6661.007511697736,3693.3067733962507,4.592399335712225,-4.370683612497287
6661.007511697736,3897.9324310010143,4.065166467456016,-5.517133612497287
6661.007511697736,4102.558088605778,3.9946891975956333,-0.6401526601163336
6661.007511697736,5534.937691839121,3.591734643531643,-6.017625279163954
6661.007511697736,5739.563349443884,3.4720285046859347,-5.87871694583062
6661.007511697736,5944.189007048647,3.890374408539582,-4.254700279163953
6661.007511697736,6148.814664653411,4.052499240757214,-2.07386694583062
6661.007511697736,6762.691637467701,5.011843932472374,-6.44346694583062
6661.007511697736,7376.568610281991,6.3836750888095635,-6.686950279163953
6661.007511697736,7581.194267886754,7.006714834081345,-5.59729194583062
6661.007511697736,7785.819925491517,7.430153740406204,-5.071233612497287
6661.007511697736,7990.445583096281,7.8942190385268125,1.6521497208360458
6661.007511697736,8195.071240701043,8.391524199563829,-5.42105444583062
6661.007511697736,8399.696898305807,8.696428506382457,-5.76544194583062
6661.007511697736,8604.32255591057,9.114741760883975,-0.5801169458306203
6661.007511697736,9218.19952872486,10.674581127455461,0.3944830541693798
6661.007511697736,9422.825186329623,11.31540637209181,7.046297760051733
6661.007511697736,9627.450843934386,11.86762652827636,8.334573054169379
6661.007511697736,9832.07650153915,12.31465556978976,11.965375911312236
6773.73617141506,112.35776531289278,12.58901627216849,-0.09195694583061984
6773.73617141506,316.98342291765607,12.141010634539281,-5.756995517259192
6773.73617141506,1544.7373685462362,9.38758245104101,19.174016387502714
6773.73617141506,1749.3630261509993,8.625832695607105,7.755553054169378
6773.73617141506,1953.9886837557628,8.502283720135269,4.416733054169381
6773.73617141506,2158.614341360526,7.856972675173445,-4.334581231544907
6773.73617141506,3590.9939445938694,5.091825206330058,-5.91106694583062
6773.73617141506,3795.6196021986325,4.84364263157497,-6.62312694583062
6773.73617141506,4000.245259803396,4.692273313037362,-5.08476694583062
6773.73617141506,4204.87091740816,4.330319625779216,20.859099720836046
6773.73617141506,5432.624863036739,3.6127798626400494,-5.490733612497287
6773.73617141506,5637.250520641503,4.3255780424256836,-5.235366945830619
6773.73617141506,5841.876178246266,4.387630930633929,-6.49666694583062
6773.73617141506,6046.501835851029,4.572281060277015,-5.161006231544905
6773.73617141506,7478.881439084373,6.963336498153805,-4.3121396731033474
6773.73617141506,7683.507096689135,7.518885071287006,-5.118933612497287
6773.73617141506,7888.132754293899,7.963645465562002,-4.731566945830621
6773.73617141506,8092.758411898662,8.516094875315655,-4.16690694583062
6773.73617141506,9320.512357527241,11.347436065510943,1.5698830541693791
6773.73617141506,9525.138015132005,11.827537646926407,1.6945441652804911
6773.73617141506,9729.763672736768,12.297589554137948,8.287978508714836
6886.4648311323845,214.67059411527444,12.560363292975756,4.353938609724934
6886.4648311323845,1442.4245397438544,9.89217553380029,13.552433054169379
6886.4648311323845,1647.0501973486178,9.341431867039786,4.309304482740808
6886.4648311323845,1851.675854953381,8.990496454255137,1.4077473398836655
6886.4648311323845,2056.301512558144,8.504367891640792,-4.703559253522928
6886.4648311323845,3488.6811157914876,5.6822904158447205,-4.397344723608398
6886.4648311323845,3693.3067733962507,5.271535066301489,1.3926997208360465
6886.4648311323845,3897.9324310010143,5.358600459306808,-4.549133612497287
6886.4648311323845,4102.558088605778,4.755701500727886,-5.57286694583062
6886.4648311323845,5534.937691839121,4.803147328615674,-5.51854194583062
6886.4648311323845,5739.563349443884,4.968175595343588,-7.49851694583062
6886.4648311323845,5944.189007048647,4.5257098668950695,-5.41216694583062
6886.4648311323845,6148.814664653411,5.011843932472374,-6.0533669458306205
6886.4648311323845,7581.194267886754,7.71617718066558,-3.607524088687763
6886.4648311323845,7785.819925491517,8.230883163819444,2.1394497208360472
6886.4648311323845,7990.445583096281,8.669482963678954,-7.019533612497287
6886.4648311323845,8195.071240701043,8.759227404276807,-1.7264669458306203
6886.4648311323845,9422.825186329623,11.774986932486472,9.418233054169379
6886.4648311323845,9627.450843934386,12.240996021445886,7.6526913875027125
6886.4648311323845,9832.07650153915,12.48196173202433,3.2190330541693797
6999.193490849709,112.35776531289278,13.085477447464154,-5.334004445830621
6999.193490849709,316.98342291765607,12.561901461185093,-6.71511694583062
6999.193490849709,1544.7373685462362,9.874350218210775,18.162109977246306
6999.193490849709,1749.3630261509993,9.431666848513185,3.27035805416938
6999.193490849709,1953.9886837557628,9.031429888709956,3.1832945926309173
6999.193490849709,2158.614341360526,8.463588247488577,-5.562133612497287
6999.193490849709,3590.9939445938694,5.950605864752511,0.7581580541693794
6999.193490849709,3795.6196021986325,5.540219807200066,-0.6990336124972867
6999.193490849709,4000.245259803396,5.7584693182804525,-6.64328694583062
6999.193490849709,5637.250520641503,5.141033047252587,-5.230233612497286
6999.193490849709,5841.876178246266,5.372300429692806,-4.2107669458306205
6999.193490849709,6046.501835851029,5.442332068062882,-4.70626694583062
6999.193490849709,7478.881439084373,7.819027626528679,-6.96946694583062
6999.193490849709,7683.507096689135,8.368914356417987,-4.91436694583062
6999.193490849709,7888.132754293899,8.626595275445892,-3.395700279163954
6999.193490849709,8092.758411898662,9.021665369286033,-4.41826694583062
6999.193490849709,9525.138015132005,12.339434422471989,12.902408054169381
6999.193490849709,9729.763672736768,12.658438468115166,5.137761625597952
7111.922150567033,214.67059411527444,12.921103972275054,1.3298830541693794
7111.922150567033,419.29625172003773,12.65058837910827,-5.57596694583062
7111.922150567033,1442.4245397438544,10.318370969681236,-2.09298694583062
7111.922150567033,1647.0501973486178,10.012813597871233,-2.27264194583062
7111.922150567033,1851.675854953381,9.4491299408765,6.6303080541693795
7111.922150567033,2056.301512558144,9.265994567276161,-1.7095002791639538
7111.922150567033,3488.6811157914876,6.473768029946406,-3.892676945830621
7111.922150567033,3693.3067733962507,6.292464998191356,-1.8837419458306202
7111.922150567033,3897.9324310010143,6.055356744003447,-6.38476694583062
7111.922150567033,4102.558088605778,5.885306181585576,-4.297595517259191
7111.922150567033,5534.937691839121,5.843751060385779,-4.328352660116335
7111.922150567033,5739.563349443884,5.867451598996703,-4.438096945830621
7111.922150567033,5944.189007048647,5.600346659874625,-5.531433612497287
7111.922150567033,7581.194267886754,8.328310957593908,-5.63301694583062
7111.922150567033,7785.819925491517,8.542660764975068,-4.03741694583062
7111.922150567033,7990.445583096281,9.123295448615806,-4.975700279163953
7111.922150567033,9627.450843934386,12.71689139827388,2.45774555416938
7111.922150567033,9832.07650153915,12.905649972148963,12.390799720836048
7224.650810284357,112.35776531289278,13.320993331621002,-5.232295517259191
7224.650810284357,316.98342291765607,12.942888763157656,4.139966387502713
7224.650810284357,521.6090805224194,12.650894757005899,-2.4299098029734774
7224.650810284357,1340.1117109414727,10.965681442000227,1.9251130541693802
7224.650810284357,1544.7373685462362,10.445469604973399,9.597699720836046
7224.650810284357,1749.3630261509993,10.015824819477102,3.705133054169378
7224.650810284357,1953.9886837557628,9.618898428810258,23.190353054169382
7224.650810284357,2158.614341360526,9.230093722603325,-6.76112694583062
7224.650810284357,3386.368286989106,6.945606012722283,-3.5972669458306203
7224.650810284357,3590.9939445938694,6.791095850765019,2.4489330541693803
7224.650810284357,3795.6196021986325,6.559802984227549,-0.5569169458306203
7224.650810284357,4000.245259803396,6.3490312321720905,-3.8987447236083974
7224.650810284357,4204.87091740816,6.2410979993293205,-4.844766945830621
7224.650810284357,5432.624863036739,6.30291631739756,-3.55976694583062
7224.650810284357,5637.250520641503,6.057887808301165,-5.38513694583062
7224.650810284357,5841.876178246266,6.445721242307768,-7.52836694583062
7224.650810284357,6046.501835851029,6.459508226815846,-3.464012400376075
7224.650810284357,7683.507096689135,8.970389507417973,2.904204482740808
7224.650810284357,7888.132754293899,9.50029537230173,-6.83022694583062
7224.650810284357,8092.758411898662,9.583025177846583,12.687633054169378
7224.650810284357,9525.138015132005,12.808561081111565,2.6750997208360467
7224.650810284357,9729.763672736768,13.092060690594591,15.65924214507847
7337.3794700016815,10.044936510511121,13.849848461402823,-6.4426336124972865
7337.3794700016815,214.67059411527444,13.35542830493801,4.91424305416938
7337.3794700016815,419.29625172003773,13.002902289338975,-0.856794218557893
7337.3794700016815,623.921909324801,12.667416467707561,-7.3298069458306205
7337.3794700016815,828.5475669295644,12.453613164845937,-7.08226694583062
7337.3794700016815,1033.1732245343278,11.932968221881639,-6.00666694583062
7337.3794700016815,1237.7988821390911,11.414700725121332,-7.0453396731033475
7337.3794700016815,1442.4245397438544,10.949443046062202,4.131786900323226
7337.3794700016815,1647.0501973486178,10.70644806145375,8.059016387502712
7337.3794700016815,1851.675854953381,10.176756233873151,4.870461625597952
7337.3794700016815,2056.301512558144,9.65112768414009,-2.0765124003760747
7337.3794700016815,2260.9271701629077,9.50294183591287,-4.18476694583062
7337.3794700016815,3284.0554581867245,8.007659052761252,-3.7450669458306205
7337.3794700016815,3488.6811157914876,7.211426823452842,-3.2617269458306213
7337.3794700016815,3693.3067733962507,7.00715073090922,-3.4052919458306206
7337.3794700016815,3897.9324310010143,6.988266136056405,-4.88516694583062
7337.3794700016815,4102.558088605778,6.593443288749961,-3.7039769458306204
7337.3794700016815,5534.937691839121,6.41305132738999,-5.5417447236083985
7337.3794700016815,5739.563349443884,6.6213929330837145,-3.467233612497287
7337.3794700016815,5944.189007048647,6.688327994182064,-4.742083612497288
7337.3794700016815,6148.814664653411,7.05622198119233,-4.85614194583062
7337.3794700016815,7581.194267886754,9.019764306868588,-2.514400279163954
7337.3794700016815,7785.819925491517,9.617281774367651,-6.03976694583062
7337.3794700016815,7990.445583096281,9.910079207694157,-4.505778056941732
7337.3794700016815,9627.450843934386,13.064515184117303,2.5359949589312842
7450.108129719006,112.35776531289278,13.70339049732984,-7.25486694583062
7450.108129719006,316.98342291765607,13.37436306879104,0.03390805416937881
7450.108129719006,521.6090805224194,12.895165163910056,-5.00918694583062
7450.108129719006,726.2347381271827,12.716066425284803,-2.4008419458306203
7450.108129719006,930.8603957319459,12.299098003133706,-5.7328669458306205
7450.108129719006,1135.4860533367096,11.81428577394412,1.0262830541693795
7450.108129719006,1340.1117109414727,11.31413310367644,7.817040197026523
7450.108129719006,1544.7373685462362,11.152845436228567,5.16585305416938
7450.108129719006,1749.3630261509993,10.698366332856917,5.670077498613824
7450.108129719006,1953.9886837557628,10.307238551932782,-0.6100169458306199
7450.108129719006,2158.614341360526,9.785940348576146,2.763169417805743
7450.108129719006,2363.2399989652895,9.656735257807718,-5.590075279163954
7450.108129719006,3181.7426293843428,8.465026474984437,-7.43820444583062
7450.108129719006,3386.368286989106,7.856851702872781,-4.640600279163953
7450.108129719006,3590.9939445938694,7.721702353779232,-4.931733612497286
7450.108129719006,3795.6196021986325,7.203778904704864,-4.12636694583062
7450.108129719006,4000.245259803396,7.238821375171902,32.04678305416938
7450.108129719006,4204.87091740816,7.124134897121755,-1.6075900227536966
7450.108129719006,5432.624863036739,6.846495343863391,-5.55072694583062
7450.108129719006,5637.250520641503,7.034710395390402,-5.16249194583062
7450.108129719006,5841.876178246266,6.708636764652352,-2.2348669458306194
7450.108129719006,6046.501835851029,7.152790653100796,-4.284938374402048
7450.108129719006,7683.507096689135,9.600566551995033,-4.016544723608398
7450.108129719006,7888.132754293899,10.121168618984878,-5.9668002791639525
7450.108129719006,8092.758411898662,10.421570907749441,-5.328583612497287
7450.108129719006,9525.138015132005,13.13639016703271,-1.0275396731033475
7450.108129719006,9729.763672736768,13.502211876362978,3.258916387502713
7562.83678943633,10.044936510511121,14.162415314122605,10.758121943058269
7562.83678943633,214.67059411527444,13.81261732298548,2.898317669553995
7562.83678943633,419.29625172003773,13.48162676489605,-0.024166945830620377
7562.83678943633,623.921909324801,12.905901673342525,-5.696512400376074
7562.83678943633,828.5475669295644,12.580543882755649,-7.640141945830621
7562.83678943633,1033.1732245343278,12.295066931663575,-1.6112669458306208
7562.83678943633,1237.7988821390911,11.8662774527511,-0.47677944583062093
7562.83678943633,1442.4245397438544,11.514379463309352,-0.9726383744020485
7562.83678943633,1647.0501973486178,10.917418082873754,7.534766387502713
7562.83678943633,1851.675854953381,10.631776131287786,2.277324720836047
7562.83678943633,2056.301512558144,10.29696253228651,15.36003305416938
7562.83678943633,2260.9271701629077,9.9414828492497,-4.34092694583062
7562.83678943633,2465.5528277676713,9.756509364946055,-4.786422501386175
7562.83678943633,2874.8041429771974,9.18110371822329,-4.21648694583062
7562.83678943633,3079.429800581961,8.870987387378847,-4.3205919458306195
7562.83678943633,3284.0554581867245,8.388133564686019,-1.47691694583062
7562.83678943633,3488.6811157914876,8.169295451403938,-2.64375785492153
7562.83678943633,3693.3067733962507,7.9042145588793735,-5.73699194583062
7562.83678943633,3897.9324310010143,7.564288708349102,-1.4254002791639546
7562.83678943633,4102.558088605778,7.941902763414187,-3.83449194583062
7562.83678943633,4307.18374621054,7.598307151527861,-7.509406945830619
7562.83678943633,4921.060719024831,7.6291695022019494,-5.98256694583062
7562.83678943633,5125.686376629595,7.424032315526435,-6.074500279163954
7562.83678943633,5330.312034234357,7.278893095951176,-4.19751694583062
7562.83678943633,5534.937691839121,7.377676210723586,1.04858305416938
7562.83678943633,5739.563349443884,7.50130247303614,-7.8662002791639525
7562.83678943633,5944.189007048647,7.837992054626378,-4.985441945830621
7562.83678943633,6148.814664653411,7.935919798688264,-6.387355834719509
7562.83678943633,7581.194267886754,9.723276145234339,-5.75741694583062
7562.83678943633,7785.819925491517,10.178233086472758,-2.286839673103348
7562.83678943633,7990.445583096281,10.41020588347731,-4.896300279163953
7562.83678943633,8195.071240701043,11.022480128069642,-4.56906694583062
7562.83678943633,9422.825186329623,13.17374385664652,-5.925666945830621
7562.83678943633,9627.450843934386,13.440280934857963,3.1906945926309187
7675.565449153654,-92.26789229187054,14.430647832077675,-6.86106694583062
7675.565449153654,112.35776531289278,14.127093438832782,3.60278305416938
7675.565449153654,316.98342291765607,13.851466983108743,-6.19714194583062
7675.565449153654,521.6090805224194,13.520026708956856,-5.99666694583062
7675.565449153654,726.2347381271827,13.110545552922268,5.600144165280491
7675.565449153654,930.8603957319459,12.663227907833978,-5.860203309466983
7675.565449153654,1135.4860533367096,12.24943738510541,16.48038305416938
7675.565449153654,1340.1117109414727,11.936687573269102,-6.6113669458306195
7675.565449153654,1544.7373685462362,11.654178735502109,-3.4451669458306196
7675.565449153654,1749.3630261509993,11.219024099798082,7.28583305416938
7675.565449153654,1953.9886837557628,10.907227069209744,11.659623963260287
7675.565449153654,2158.614341360526,10.620826889930568,-2.3192669458306208
7675.565449153654,2363.2399989652895,10.207590568607646,-3.77424194583062
7675.565449153654,2567.8656565700526,9.786062327613799,-5.39563569583062
7675.565449153654,2772.491314174816,9.619364013781384,-3.8067336124972875
7675.565449153654,2977.116971779579,9.260361127754724,-5.2510558347195095
7675.565449153654,3181.7426293843428,8.916025587129706,-4.07750694583062
7675.565449153654,3386.368286989106,8.574393898447138,7.524013054169378
7675.565449153654,3590.9939445938694,8.355721673729136,-1.9732269458306202
7675.565449153654,3795.6196021986325,8.5607928953773,-6.2553669458306205
7675.565449153654,4000.245259803396,8.103378092357271,-4.810246945830621
7675.565449153654,4204.87091740816,8.113915012188748,-4.505289168052843
7675.565449153654,4409.496575012922,7.927115942645482,-5.1959169458306205
7675.565449153654,4614.122232617686,7.963689480803969,-5.292516945830621
7675.565449153654,4818.747890222449,7.907305969095017,-2.7549002791639534
7675.565449153654,5023.373547827213,7.780845250248142,-5.866024088687763
7675.565449153654,5227.9992054319755,7.598110217459853,-5.411446945830621
7675.565449153654,5432.624863036739,7.750006046984337,-4.79000694583062
7675.565449153654,5637.250520641503,8.00696084308596,-4.751913099676774
7675.565449153654,5841.876178246266,8.15214811715388,-5.650076945830621
7675.565449153654,6046.501835851029,8.19200469991706,-5.63246694583062
7675.565449153654,6251.127493455792,8.302938030610777,-6.546616945830619
7675.565449153654,6455.753151060556,8.741433300867225,-6.89056694583062
7675.565449153654,6660.378808665319,8.991162048763275,-5.58736694583062
7675.565449153654,7478.881439084373,10.002647041707986,-3.8696669458306197
7675.565449153654,7683.507096689135,10.285339395817534,-1.4630669458306207
7675.565449153654,7888.132754293899,10.468712368201178,-0.6501919458306202
7675.565449153654,8092.758411898662,10.946653878549423,1.8659230541693799
7675.565449153654,8297.384069503425,11.514947963492851,-7.32906694583062
7675.565449153654,9525.138015132005,13.594278593381262,3.4819497208360466
7788.2941088709795,10.044936510511121,14.503164438479363,-2.2169469458306206
7788.2941088709795,214.67059411527444,14.173577543936696,0.15413305416937906
7788.2941088709795,419.29625172003773,13.834688499049806,-7.713021491285165
7788.2941088709795,623.921909324801,13.504084668729096,-8.28786694583062
7788.2941088709795,828.5475669295644,13.070805423064668,-7.8757558347195085
7788.2941088709795,1033.1732245343278,12.73469388356522,-6.1888955172591915
7788.2941088709795,1237.7988821390911,12.338679679807516,-4.543481231544907
7788.2941088709795,1442.4245397438544,11.876476675921772,-6.098276036739711
7788.2941088709795,1647.0501973486178,11.622051354449441,4.132790197026522
7788.2941088709795,1851.675854953381,11.351649401990487,1.1250219430582682
7788.2941088709795,2056.301512558144,11.00604334218312,6.821799720836047
7788.2941088709795,2260.9271701629077,10.491192294428663,-0.93901694583062
7788.2941088709795,2465.5528277676713,10.350366136676238,-4.550182330446005
7788.2941088709795,2670.1784853724344,9.982452670961226,-2.078024088687763
7788.2941088709795,2874.8041429771974,9.661467059706219,-1.4195856958306203
7788.2941088709795,3079.429800581961,9.314001111511281,-0.7029780569417313
7788.2941088709795,3284.0554581867245,9.220879878502581,2.916277498613825
7788.2941088709795,3488.6811157914876,8.903485158084607,-4.300966945830622
7788.2941088709795,3693.3067733962507,8.865152769574417,-7.293191945830619
7788.2941088709795,3897.9324310010143,8.683708668871159,-6.51456694583062
7788.2941088709795,4102.558088605778,8.41381449496391,-5.90717944583062
7788.2941088709795,4307.18374621054,8.144133597735996,-5.266233612497287
7788.2941088709795,4511.809403815304,8.219843237097843,-4.688609802973477
7788.2941088709795,4716.4350614200675,8.267547794379581,-4.53750694583062
7788.2941088709795,4921.060719024831,8.131658893374995,-4.928900279163953
7788.2941088709795,5125.686376629595,8.09088815788424,-4.483416945830619
7788.2941088709795,5330.312034234357,8.11778497238426,-4.984938374402049
7788.2941088709795,5534.937691839121,8.26784675612796,-5.39556694583062
7788.2941088709795,5739.563349443884,8.314725195598978,-5.479052660116335
7788.2941088709795,5944.189007048647,8.449403840242665,-5.640426945830621
7788.2941088709795,6148.814664653411,8.69849463589316,-4.08856694583062
7788.2941088709795,6353.440322258174,8.848215484620544,-5.579991945830621
7788.2941088709795,6558.065979862938,9.202493695735567,-3.4417669458306204
7788.2941088709795,6762.691637467701,9.445658404147059,4.2244330541693795
7788.2941088709795,6967.317295072464,9.787024880375874,18.469133054169383
7788.2941088709795,7171.942952677227,9.88809549922577,-8.96436694583062
7788.2941088709795,7376.568610281991,10.186461687120037,-5.407366945830621
7788.2941088709795,7581.194267886754,10.203367037712484,-3.5599169458306195
7788.2941088709795,7785.819925491517,10.665053210532347,-2.7308214912851656
7788.2941088709795,7990.445583096281,11.01606684081098,-1.5488502791639538
7788.2941088709795,8195.071240701043,11.363796791473447,-3.9786856958306203
7788.2941088709795,9422.825186329623,13.536100317742388,2.06783305416938
7788.2941088709795,9627.450843934386,13.879021071307715,6.518914872351197
7901.022768588304,-92.26789229187054,14.779409403598166,0.05868305416937947
7901.022768588304,112.35776531289278,14.5604186446481,-3.059690022753697
7901.022768588304,316.98342291765607,14.294624341342589,-5.5723558347195095
7901.022768588304,521.6090805224194,13.773358787854994,-7.509195517259192
7901.022768588304,726.2347381271827,13.334782072240065,-9.01646694583062
7901.022768588304,930.8603957319459,12.942382056101227,1.7795830541693798
7901.022768588304,1135.4860533367096,12.824990044011756,-7.96826694583062
7901.022768588304,1340.1117109414727,12.548791100160692,-2.9601169458306202
7901.022768588304,1544.7373685462362,12.115688361736659,-1.870003309466984
7901.022768588304,1749.3630261509993,11.90273735051393,-4.069433612497287
7901.022768588304,1953.9886837557628,11.440446529914867,0.82981305416938
7901.022768588304,2158.614341360526,11.074236427621173,-0.9947336124972868
7901.022768588304,2363.2399989652895,11.004494414881677,-3.4658098029734776
7901.022768588304,2567.8656565700526,10.494161341426757,-5.483966945830621
7901.022768588304,2772.491314174816,10.135495514145147,-6.028748764012439
7901.022768588304,2977.116971779579,9.963824802326796,-7.670966945830619
7901.022768588304,3181.7426293843428,9.73571253208708,-5.455350279163954
7901.022768588304,3386.368286989106,9.453113013111384,12.067645554169381
7901.022768588304,3590.9939445938694,9.520917407737423,7.661513054169378
7901.022768588304,3795.6196021986325,9.127091535075833,-4.02059194583062
7901.022768588304,4000.245259803396,9.001960932612862,-3.2905502791639534
7901.022768588304,4204.87091740816,8.669526006809154,-6.96056694583062
7901.022768588304,4409.496575012922,8.678999448640464,-4.184816945830621
7901.022768588304,4614.122232617686,8.376936032605938,-5.49996694583062
7901.022768588304,4818.747890222449,8.50300224458045,-2.8291955172591914
7901.022768588304,5023.373547827213,8.47419491391075,-4.54971694583062
7901.022768588304,5227.9992054319755,8.475759659825089,-5.030200279163954
7901.022768588304,5432.624863036739,8.60416062456017,-5.233306945830621
7901.022768588304,5637.250520641503,8.60390086728266,-5.92978694583062
7901.022768588304,5841.876178246266,8.842307055230792,-5.23501694583062
7901.022768588304,6046.501835851029,9.108442902141475,-4.542433612497287
7901.022768588304,6251.127493455792,9.06929102157362,-5.062278056941732
7901.022768588304,6455.753151060556,9.152232115619288,-6.706024088687763
7901.022768588304,6660.378808665319,9.422136554622876,-5.5455336124972865
7901.022768588304,6865.004466270082,9.809421290185538,-2.9981002791639533
7901.022768588304,7069.630123874846,10.06796317784357,-4.76758694583062
7901.022768588304,7274.255781479609,10.121058721497814,-2.9787269458306205
7901.022768588304,7478.881439084373,10.63845896751082,1.003955276391602
7901.022768588304,7683.507096689135,10.846369455478348,0.3769616255979509
7901.022768588304,7888.132754293899,10.980448750172656,-5.6318669458306205
7901.022768588304,8092.758411898662,11.484589204620736,19.754733054169378
7901.022768588304,8297.384069503425,11.800973273627132,-4.713338374402049
7901.022768588304,8502.009727108189,12.224052723210502,-2.4288812315449055
7901.022768588304,9320.512357527241,13.736648434291263,-3.173809802973477
7901.022768588304,9525.138015132005,14.101792678747886,1.7633580541693799
7901.022768588304,9729.763672736768,14.251526603837167,5.17563305416938
8013.751428305628,10.044936510511121,14.941604832594894,-4.894296945830621
8013.751428305628,214.67059411527444,14.689457945620017,-0.8721044458306206
8013.751428305628,419.29625172003773,14.131492849132783,-6.876000279163954
8013.751428305628,623.921909324801,13.720713139326206,-8.25876694583062
8013.751428305628,1237.7988821390911,12.790547936076257,14.402433054169379
8013.751428305628,1442.4245397438544,12.614947589784123,-5.43671694583062
8013.751428305628,1647.0501973486178,12.304382687877716,-2.7659669458306206
8013.751428305628,1851.675854953381,11.851309538693043,-2.4454586124972866
8013.751428305628,2056.301512558144,11.539987312544543,-7.234728484292158
8013.751428305628,2260.9271701629077,11.339623679987193,-5.396738374402048
8013.751428305628,2465.5528277676713,10.962441565366648,-2.2079396731033474
8013.751428305628,2670.1784853724344,10.678161692762057,-3.67755444583062
8013.751428305628,2874.8041429771974,10.313968017912028,0.07751162559795118
8013.751428305628,3079.429800581961,10.233313291708624,-4.2749086124972875
8013.751428305628,3284.0554581867245,9.826678864677717,-3.4901469458306202
8013.751428305628,3488.6811157914876,9.633157901946516,3.2687830541693796
8013.751428305628,3693.3067733962507,9.54274833435672,-0.4243383744020492
8013.751428305628,3897.9324310010143,9.425344958099513,-5.152381231544906
8013.751428305628,4102.558088605778,9.255153426121884,-5.028603309466984
8013.751428305628,4307.18374621054,9.144297811885156,-6.10386694583062
8013.751428305628,4511.809403815304,8.898352622985852,-3.866206945830619
8013.751428305628,4716.4350614200675,8.954470681878536,-6.287266945830621
8013.751428305628,4921.060719024831,8.972528176711165,-4.014350279163954
8013.751428305628,5125.686376629595,9.167112337649478,-6.647200279163954
8013.751428305628,5330.312034234357,9.095982240579309,-5.8987836124972866
8013.751428305628,5534.937691839121,9.166569438970381,-6.338216945830621
8013.751428305628,5739.563349443884,9.364603501343227,-7.116133612497286
8013.751428305628,5944.189007048647,9.15473182057542,-4.6181669458306205
8013.751428305628,6148.814664653411,9.468128004454696,-3.691724088687763
8013.751428305628,6353.440322258174,9.542236530420272,-5.279638374402048
8013.751428305628,6558.065979862938,9.853853954948244,-6.895541945830621
8013.751428305628,6762.691637467701,9.854426772075438,-5.25039194583062
8013.751428305628,6967.317295072464,10.04150501717656,-6.111133612497287
8013.751428305628,7171.942952677227,10.430199683941018,-5.486122501386176
8013.751428305628,7376.568610281991,10.665834900676089,-5.54744194583062
8013.751428305628,7581.194267886754,10.849339440355113,-4.8891169458306205
8013.751428305628,7785.819925491517,11.321158624058357,-0.6797002791639534
8013.751428305628,7990.445583096281,11.628937748314245,-1.2873760367397111
8013.751428305628,8195.071240701043,11.903002162053605,-6.11326694583062
8013.751428305628,8399.696898305807,12.214063589693609,-2.7460336124972864
8013.751428305628,8604.32255591057,12.746913596733062,-5.141116945830619
8013.751428305628,8808.948213515332,13.119467787207144,-4.57976694583062
8013.751428305628,9013.573871120096,13.454324823855334,-5.10796694583062
8013.751428305628,9218.19952872486,13.798305669837987,3.5504663875027127
8013.751428305628,9422.825186329623,13.91606785767663,-0.9539669458306199
8013.751428305628,9627.450843934386,14.36370622545694,6.611409977246302
8126.480088022951,-92.26789229187054,15.266444182993622,-2.3774942185578927
8126.480088022951,112.35776531289278,14.999563520140585,-4.125955181124738
8126.480088022951,316.98342291765607,14.580768226445503,-7.01471694583062
8126.480088022951,1340.1117109414727,12.755689797804454,-7.06469194583062
8126.480088022951,1544.7373685462362,12.689853524939508,-3.4931802791639535
8126.480088022951,1749.3630261509993,12.265001803769042,-5.577324088687763
8126.480088022951,1953.9886837557628,12.023149536480405,-5.987689168052842
8126.480088022951,2158.614341360526,11.866291362379254,-3.3103169458306203
8126.480088022951,2363.2399989652895,11.471802472196122,-6.68756694583062
8126.480088022951,2567.8656565700526,10.932673418795327,-1.79006694583062
8126.480088022951,2772.491314174816,10.589126877213841,-2.0720669458306205
8126.480088022951,3181.7426293843428,10.298101105190963,-1.03724194583062
8126.480088022951,3386.368286989106,9.854491209474343,-6.38496694583062
8126.480088022951,3590.9939445938694,9.996541258214329,5.230683054169381
8126.480088022951,3795.6196021986325,9.921243276247509,2.965699720836047
8126.480088022951,4000.245259803396,9.695051946806016,-3.211183612497287
8126.480088022951,4204.87091740816,9.706800370846686,-5.790966945830619
8126.480088022951,4409.496575012922,9.392706599860857,-1.6345669458306205
8126.480088022951,4614.122232617686,9.521088235114323,-5.451746945830621
8126.480088022951,4818.747890222449,9.139126178530347,-5.97968694583062
8126.480088022951,5023.373547827213,9.364582428651214,-4.54586694583062
8126.480088022951,5227.9992054319755,9.358275900152824,-5.662029445830621
8126.480088022951,5432.624863036739,9.202298997455216,-5.630286945830621
8126.480088022951,5637.250520641503,9.398498396859699,-5.1558669458306206
8126.480088022951,5841.876178246266,9.649516918618009,-4.97706694583062
8126.480088022951,6046.501835851029,9.68955976552767,-4.790233612497286
8126.480088022951,6251.127493455792,9.87524311222838,-4.530000279163953
8126.480088022951,6455.753151060556,10.054401493224017,-6.851466945830619
8126.480088022951,6660.378808665319,10.36753836177885,-6.080966945830621
8126.480088022951,6865.004466270082,10.397491093208032,-5.5042669458306195
8126.480088022951,7069.630123874846,10.480738448319656,-6.06396694583062
8126.480088022951,7274.255781479609,10.967749989929752,-5.818795517259192
8126.480088022951,7478.881439084373,11.176561109792502,-5.490700279163953
8126.480088022951,7683.507096689135,11.473855660351315,-3.834609802973478
8126.480088022951,7888.132754293899,11.694683540784666,-5.23506694583062
8126.480088022951,8092.758411898662,11.913053101604383,8.226399720836048
8126.480088022951,8297.384069503425,12.234057803062141,-5.09236694583062
8126.480088022951,8502.009727108189,12.687848671015459,-2.3749586124972875
8126.480088022951,8706.635384712952,13.02424476230658,-2.25355444583062
8126.480088022951,8911.261042317714,13.35126670589546,-5.029239673103347
8126.480088022951,9115.886699922477,13.734407950296113,-2.8291469458306198
8126.480088022951,9320.512357527241,13.982394919503589,-2.133158612497287
8126.480088022951,9525.138015132005,14.373486995679533,8.43978305416938
8126.480088022951,9729.763672736768,14.853366673347507,9.58808305416938
8239.208747740277,10.044936510511121,15.337577040856246,-1.6204769458306203
8239.208747740277,1442.4245397438544,13.037501300726147,-3.7863169458306203
8239.208747740277,1647.0501973486178,12.719210984484889,-4.120033612497287
8239.208747740277,1851.675854953381,12.360356085540793,-3.57029194583062
8239.208747740277,2056.301512558144,12.139207514200383,-4.460659253522929
8239.208747740277,2260.9271701629077,11.968999420403886,-3.81249194583062
8239.208747740277,3284.0554581867245,10.653668318541222,-6.04897944583062
8239.208747740277,3488.6811157914876,10.58886540927069,4.71043305416938
8239.208747740277,3693.3067733962507,10.34186435099198,-3.14366694583062
8239.208747740277,3897.9324310010143,10.085053156986069,-6.97631694583062
8239.208747740277,4102.558088605778,9.997981047033617,-5.960633612497286
8239.208747740277,4307.18374621054,9.976877187175587,-3.361011390275065
8239.208747740277,4511.809403815304,9.61706289110615,-8.001966945830622
8239.208747740277,4716.4350614200675,9.514398522266031,-1.1466669458306207
8239.208747740277,4921.060719024831,9.574348685724688,5.187158054169379
8239.208747740277,5125.686376629595,9.697781459490201,-4.927166945830621
8239.208747740277,5330.312034234357,9.727967640384508,-5.191381231544907
8239.208747740277,5534.937691839121,9.811664842188563,-5.27086694583062
8239.208747740277,5739.563349443884,9.873014787899683,-5.631308612497288
8239.208747740277,5944.189007048647,10.058332346175028,-3.92969194583062
8239.208747740277,6148.814664653411,10.137330844746458,-6.56246694583062
8239.208747740277,6353.440322258174,10.434042764198972,-4.828644723608398
8239.208747740277,6558.065979862938,10.412500888200757,-5.301089168052844
8239.208747740277,6762.691637467701,10.692864357232004,-6.990146945830621
8239.208747740277,6967.317295072464,10.81573815118414,-5.3549891680528425
8239.208747740277,7171.942952677227,11.061030094906965,-7.19626694583062
8239.208747740277,7376.568610281991,11.34080496241244,-5.421450279163953
8239.208747740277,7581.194267886754,11.67710053532171,4.718793054169379
8239.208747740277,7785.819925491517,11.958789920429409,-4.615633612497287
8239.208747740277,7990.445583096281,12.098375827921123,4.584366387502714
8239.208747740277,8195.071240701043,12.532629758668573,-6.587346945830619
8239.208747740277,8399.696898305807,12.789281776943186,-2.754324088687763
8239.208747740277,8604.32255591057,12.955826413930756,-4.18836694583062
8239.208747740277,8808.948213515332,13.281314585791979,-6.67886694583062
8239.208747740277,9013.573871120096,13.659778211146104,-4.59636694583062
8239.208747740277,9218.19952872486,13.948419525692625,-3.8822169458306197
8239.208747740277,9422.825186329623,14.389572554290005,2.7571205541693793
8239.208747740277,9627.450843934386,14.647841706698262,17.36129305416938
8351.937407457603,-92.26789229187054,15.650260659371314,-3.9409836124972872
8351.937407457603,112.35776531289278,15.321096801342195,1.3233330541693797
8351.937407457603,1544.7373685462362,13.197449306903009,0.7032663875027131
8351.937407457603,1749.3630261509993,12.869084485674604,-2.412755834719509
8351.937407457603,1953.9886837557628,12.630869655562275,-5.686924088687762
8351.937407457603,2158.614341360526,12.215720673825453,-2.6470598029734775
8351.937407457603,3386.368286989106,10.716170708238,-6.232074638138313
8351.937407457603,3590.9939445938694,10.87415560490729,-5.04456694583062
8351.937407457603,3795.6196021986325,10.609575489113332,-5.40774694583062
8351.937407457603,4000.245259803396,10.390868534476805,-4.16435785492153
8351.937407457603,4204.87091740816,10.311713001524208,-2.5650869458306205
8351.937407457603,4409.496575012922,9.955032185716298,1.6487330541693788
8351.937407457603,4614.122232617686,10.481551810906907,-4.1299669458306205
8351.937407457603,5227.9992054319755,10.071530548870488,-5.76736694583062
8351.937407457603,5432.624863036739,10.220233991749822,-6.176938374402048
8351.937407457603,5637.250520641503,10.188990475667673,-4.611000279163953
8351.937407457603,5841.876178246266,10.422987951993207,-4.93848694583062
8351.937407457603,6046.501835851029,10.495993295761716,-5.4048836124972865
8351.937407457603,6251.127493455792,10.58083623160564,-5.44202944583062
8351.937407457603,6455.753151060556,10.851509069049955,-7.390658612497286
8351.937407457603,6660.378808665319,10.941253091491705,-2.4594836124972868
8351.937407457603,6865.004466270082,11.159308643315125,-7.091566945830619
8351.937407457603,7069.630123874846,11.490148997604035,6.327613054169379
8351.937407457603,7274.255781479609,11.608248392071763,-5.93209194583062
8351.937407457603,7478.881439084373,11.74025123387716,-6.38700444583062
8351.937407457603,7683.507096689135,12.126133793306655,-2.98661694583062
8351.937407457603,7888.132754293899,12.33853155780628,-0.9277780569417311
8351.937407457603,8092.758411898662,12.488205933773504,-5.08429194583062
8351.937407457603,8297.384069503425,13.065128220308877,-1.8253419458306208
8351.937407457603,8502.009727108189,13.296239390964072,-6.149509802973477
8351.937407457603,8706.635384712952,13.485210493431236,-4.400666945830621
8351.937407457603,8911.261042317714,14.007303942810273,-4.12820694583062
8351.937407457603,9320.512357527241,14.412892343818262,1.4395930541693804
8351.937407457603,9525.138015132005,14.853366673347505,3.0001330541693796
8351.937407457603,9729.763672736768,15.13445981939163,18.148399720836043
8464.666067174927,10.044936510511121,15.717334582000213,12.15695805416938
8464.666067174927,1442.4245397438544,13.485012927521117,15.411666387502713
8464.666067174927,1647.0501973486178,13.199962302851027,-4.500783612497287
8464.666067174927,1851.675854953381,12.888010586667548,-5.420757854921529
8464.666067174927,2056.301512558144,12.684744304527223,0.6091997208360466
8464.666067174927,3488.6811157914876,11.068358498223922,-5.67254194583062
8464.666067174927,3693.3067733962507,11.089708353586774,-5.2727502791639544
8464.666067174927,3897.9324310010143,10.769340895521413,-3.0453469458306204
8464.666067174927,4102.558088605778,10.640771819473015,-3.3564487640124385
8464.666067174927,4307.18374621054,10.51386532509786,1.28673305416938
8464.666067174927,4511.809403815304,10.532300908707782,-7.4860812315449055
8464.666067174927,5330.312034234357,10.37422386671182,-5.843076036739711
8464.666067174927,5534.937691839121,10.485824593963308,-3.493450279163953
8464.666067174927,5739.563349443884,10.610600896176356,-7.52466694583062
8464.666067174927,5944.189007048647,10.668386308040922,2.289949720836046
8464.666067174927,6148.814664653411,11.021981264734043,-4.10351694583062
8464.666067174927,6353.440322258174,11.046622696884203,-8.45438694583062
8464.666067174927,6558.065979862938,10.928386159370769,-4.0293669458306205
8464.666067174927,6762.691637467701,11.290664540319222,-6.400783612497288
8464.666067174927,6967.317295072464,11.408491625041599,0.29073305416937956
8464.666067174927,7171.942952677227,11.64648905895763,-2.3385869458306194
8464.666067174927,7376.568610281991,12.06021663086829,-5.58992944583062
8464.666067174927,7581.194267886754,12.425184520537547,-7.81616694583062
8464.666067174927,7785.819925491517,12.269659681093206,-4.582738374402049
8464.666067174927,7990.445583096281,12.811287038032267,-5.335811390275065
8464.666067174927,8195.071240701043,13.026853710365293,-6.4902069458306215
8464.666067174927,8399.696898305807,13.360673489797303,-6.901086945830622
8464.666067174927,8604.32255591057,13.374796541472215,-5.91811694583062
8464.666067174927,8808.948213515332,13.793866559886613,-7.11796694583062
8464.666067174927,9013.573871120096,14.291796467945625,-6.09446694583062
8464.666067174927,9218.19952872486,14.4825759071597,-2.3311086124972866
8464.666067174927,9422.825186329623,14.837852438798667,5.32768305416938
8464.666067174927,9627.450843934386,15.179454290678663,10.680390197026522
8464.666067174927,9832.07650153915,15.279966819807393,28.039533054169375
8577.394726892251,-92.26789229187054,16.039656027973987,-5.049903309466984
8577.394726892251,1544.7373685462362,13.754819316319438,15.77226162559795
8577.394726892251,1749.3630261509993,13.484085353639214,-3.5790851276488027
8577.394726892251,1953.9886837557628,13.01952011000857,-2.241033612497287
8577.394726892251,3590.9939445938694,11.479224222369105,-3.801590022753697
8577.394726892251,3795.6196021986325,11.278364614475462,-5.667224088687763
8577.394726892251,4000.245259803396,11.089629616980112,1.3211997208360466
8577.394726892251,4204.87091740816,10.883225099639985,-7.27670694583062
8577.394726892251,4409.496575012922,11.03677392069698,-6.05606694583062
8577.394726892251,4614.122232617686,10.747778198426245,-4.450311390275065
8577.394726892251,5432.624863036739,10.890097084724582,-6.5904836124972865
8577.394726892251,5637.250520641503,10.801728383376197,-6.488016945830621
8577.394726892251,5841.876178246266,11.162177596145197,-5.34447944583062
8577.394726892251,6046.501835851029,11.1569387049801,-5.725583612497286
8577.394726892251,6251.127493455792,11.269891812071986,-5.699946945830621
8577.394726892251,6455.753151060556,11.147086917748616,-8.04076694583062
8577.394726892251,6865.004466270082,11.794526207931726,-8.531000279163953
8577.394726892251,7069.630123874846,11.755226354060248,-8.11856694583062
8577.394726892251,7274.255781479609,12.006290567596967,-8.144891945830622
8577.394726892251,7478.881439084373,12.34557014583207,-6.448355834719509
8577.394726892251,7683.507096689135,12.67822056838042,-6.721400279163954
8577.394726892251,7888.132754293899,12.912046568919903,-3.7062669458306203
8577.394726892251,8092.758411898662,13.250314039632316,-4.627852660116334
8577.394726892251,8297.384069503425,13.443089097246535,-3.874200279163954
8577.394726892251,8502.009727108189,13.664117497100069,-4.179679445830621
8577.394726892251,8706.635384712952,13.858422978575668,-8.31486694583062
8577.394726892251,8911.261042317714,14.152654416646902,-4.3137169458306195
8577.394726892251,9115.886699922477,14.559987478687908,-3.542600279163954
8577.394726892251,9320.512357527241,14.908249409540106,0.8533580541693799
8577.394726892251,9525.138015132005,15.239210956703246,1.0995663875027126
8577.394726892251,9729.763672736768,15.513631255031045,15.15439555416938
8690.123386609575,10.044936510511121,16.087712970953437,5.773466387502713
8690.123386609575,1442.4245397438544,14.14565811762097,4.360463823400148
8690.123386609575,1647.0501973486178,13.751158508317346,-0.9509526601163343
8690.123386609575,1851.675854953381,13.545865171846776,1.9878930541693798
8690.123386609575,2056.301512558144,13.263210069913718,3.4431330541693796
8690.123386609575,3488.6811157914876,11.56007009516986,-4.97691694583062
8690.123386609575,3693.3067733962507,11.74881690581739,-5.01196694583062
8690.123386609575,3897.9324310010143,11.46026263987307,-6.014391945830621
8690.123386609575,4102.558088605778,11.330466775009347,-0.6407969458306202
8690.123386609575,4307.18374621054,11.260019555648856,-4.3116269458306204
8690.123386609575,4511.809403815304,11.266683583315297,1.584499720836047
8690.123386609575,4716.4350614200675,11.084899252988649,-6.164226945830619
8690.123386609575,5534.937691839121,11.326271334613352,-4.755052660116334
8690.123386609575,5739.563349443884,11.16453447462209,-6.940526945830621
8690.123386609575,5944.189007048647,11.540833533109438,-4.72552944583062
8690.123386609575,6148.814664653411,11.524784377126101,-8.389833612497286
8690.123386609575,6353.440322258174,11.755226354060248,-9.06226694583062
8690.123386609575,6762.691637467701,11.715395087240074,-7.784700279163953
8690.123386609575,7376.568610281991,12.592176760949439,-6.156216945830621
8690.123386609575,7581.194267886754,12.878566688508949,-6.2929769458306195
8690.123386609575,7785.819925491517,13.050219236048179,-4.9356169458306205
8690.123386609575,7990.445583096281,13.2559574624651,-5.878759253522928
8690.123386609575,8195.071240701043,13.591243023948811,-6.118412400376074
8690.123386609575,8399.696898305807,13.729374460324387,-7.985866945830621
8690.123386609575,8604.32255591057,14.130681147293899,-8.380600279163954
8690.123386609575,8808.948213515332,14.392933433824439,-8.178100279163955
8690.123386609575,9218.19952872486,14.816388038472837,-3.96546694583062
8690.123386609575,9422.825186329623,15.23531453822983,3.959949720836047
8690.123386609575,9627.450843934386,15.656094830627225,8.66268305416938
8690.123386609575,9832.07650153915,15.967943240433769,-0.7125669458306199
8802.8520463269,-92.26789229187054,16.433458604193174,-3.1516780569417313
8802.8520463269,112.35776531289278,16.28693631157884,-6.0026669458306205
8802.8520463269,316.98342291765607,16.084174123993254,14.414033054169378
8802.8520463269,1340.1117109414727,14.598224054561882,1.9049330541693799
8802.8520463269,1544.7373685462362,14.223239921896239,13.936597339883665
8802.8520463269,1749.3630261509993,13.787933012460252,-2.8937669458306203
8802.8520463269,1953.9886837557628,13.59829527643296,2.8931730541693788
8802.8520463269,3590.9939445938694,11.996645102999372,-2.9877026601163346
8802.8520463269,3795.6196021986325,12.16664876060594,-7.8010669458306205
8802.8520463269,4000.245259803396,11.887737258134234,-4.33306694583062
8802.8520463269,4204.87091740816,11.476982044735257,-5.886716945830621
8802.8520463269,4409.496575012922,11.6348810025735,-6.6510586124972875
8802.8520463269,5432.624863036739,11.710266126660526,-1.726366945830621
8802.8520463269,5637.250520641503,11.543840348241883,-3.3313869458306202
8802.8520463269,5841.876178246266,11.873918269851872,-7.48506694583062
8802.8520463269,6046.501835851029,11.889888119842668,-3.920600279163953
8802.8520463269,7478.881439084373,12.91655202476852,-4.352416945830621
8802.8520463269,7683.507096689135,13.280509591705318,-4.842489168052842
8802.8520463269,7888.132754293899,13.440337075115648,-3.4599669458306197
8802.8520463269,8092.758411898662,13.642494135772191,-3.507083612497287
8802.8520463269,8297.384069503425,13.879612561746638,-3.084825279163953
8802.8520463269,8502.009727108189,14.258414591719125,-8.907333612497288
8802.8520463269,8706.635384712952,14.334176689825052,-8.05886694583062
8802.8520463269,8911.261042317714,14.775111171454915,-7.123773612497286
8802.8520463269,9115.886699922477,15.15897015941039,-4.63706694583062
8802.8520463269,9320.512357527241,15.23972866192023,8.226799720836045
8802.8520463269,9525.138015132005,15.63397040416545,7.538313054169381
8802.8520463269,9729.763672736768,15.897480083029034,13.098213054169378
8915.580706044224,10.044936510511121,16.448019826022335,-5.33838837440205
8915.580706044224,214.67059411527444,16.325600672922622,1.50313305416938
8915.580706044224,623.921909324801,15.798049868705277,5.68790805416938
8915.580706044224,828.5475669295644,15.472001555318434,14.17623305416938
8915.580706044224,1033.1732245343278,15.231652811669246,6.146233054169381
8915.580706044224,1237.7988821390911,14.758628848887987,-6.03466694583062
8915.580706044224,1442.4245397438544,14.526152294007305,-0.2173891680528424
8915.580706044224,1647.0501973486178,14.245589015213824,1.392099720836047
8915.580706044224,1851.675854953381,14.063350824592833,7.679068768455093
8915.580706044224,2056.301512558144,13.832699427057133,14.16813305416938
8915.580706044224,3488.6811157914876,12.446063017219643,-2.1619419458306197
8915.580706044224,3693.3067733962507,12.27583877593313,-6.31332694583062
8915.580706044224,3897.9324310010143,11.947464495741054,-4.44226694583062
8915.580706044224,4102.558088605778,12.142949148919133,10.41273305416938
8915.580706044224,4307.18374621054,11.635550985718982,-8.99286694583062
8915.580706044224,5534.937691839121,12.003982795588975,-3.7971669458306194
8915.580706044224,5739.563349443884,11.947532858121335,-7.87516694583062
8915.580706044224,5944.189007048647,12.17569192897063,-7.213133612497287
8915.580706044224,6148.814664653411,12.056024323616153,7.8033730541693815
8915.580706044224,7581.194267886754,13.30097779324123,-7.267816945830621
8915.580706044224,7785.819925491517,13.477944988217638,-2.20844694583062
8915.580706044224,7990.445583096281,13.758803877980597,-5.873182330446005
8915.580706044224,8195.071240701043,13.932154048175192,-8.24999194583062
8915.580706044224,8399.696898305807,14.273222900375997,-8.946016945830621
8915.580706044224,9013.573871120096,14.998470384823891,-4.402908612497288
8915.580706044224,9627.450843934386,16.032206778223813,11.020699720836047
8915.580706044224,9832.07650153915,16.241750565972495,23.33748305416938
9028.309365761548,-92.26789229187054,16.78913697076352,0.8766330541693801
9028.309365761548,112.35776531289278,16.54191811235166,2.22828305416938
9028.309365761548,316.98342291765607,16.314302687431116,-2.6866487640124386
9028.309365761548,521.6090805224194,16.03156863726372,-4.079216945830621
9028.309365761548,726.2347381271827,15.756605328732187,-2.712178056941731
9028.309365761548,930.8603957319459,15.563231326039869,2.5876497208360454
9028.309365761548,1135.4860533367096,15.106265084500246,3.623449720836046
9028.309365761548,1340.1117109414727,14.871185496026719,3.0248561310924567
9028.309365761548,1544.7373685462362,14.65003901897549,5.387771515707842
9028.309365761548,1749.3630261509993,14.389411714801257,9.931320554169378
9028.309365761548,1953.9886837557628,14.125891017126174,3.7211875996239248
9028.309365761548,3386.368286989106,13.03789064165492,-0.20354694583062027
9028.309365761548,3590.9939445938694,12.603707985937303,-2.7837336124972873
9028.309365761548,3795.6196021986325,12.543353629527667,-1.6578669458306208
9028.309365761548,4000.245259803396,12.39509534477916,-3.0917336124972867
9028.309365761548,5432.624863036739,12.355718179724388,-0.9376869458306203
9028.309365761548,5637.250520641503,12.234954114827897,-4.2878869458306195
9028.309365761548,5841.876178246266,12.31046307571351,-4.191922501386176
9028.309365761548,6046.501835851029,12.407627593829357,-7.31618694583062
9028.309365761548,7478.881439084373,13.632643657612808,-7.861700279163954
9028.309365761548,7683.507096689135,13.710604068308191,-6.410400279163954
9028.309365761548,7888.132754293899,13.986753813885805,-7.17696694583062
9028.309365761548,8092.758411898662,14.301543401829154,-5.104959253522929
9028.309365761548,8297.384069503425,14.446382970468715,-8.099881231544906
9028.309365761548,9115.886699922477,15.44779391944348,-2.3888551811247374
9028.309365761548,9525.138015132005,16.031470312840153,20.73817055416938
9028.309365761548,9729.763672736768,16.24857359051851,11.13256162559795
9141.038025478872,10.044936510511121,16.92830524719936,26.29853305416938
9141.038025478872,214.67059411527444,16.58895417685164,-2.2688502791639533
9141.038025478872,419.29625172003773,16.34481056668548,-2.334750279163954
9141.038025478872,623.921909324801,16.064678639456275,9.041238936522321
9141.038025478872,828.5475669295644,15.753704375124698,4.745583054169379
9141.038025478872,1033.1732245343278,15.487329569076447,4.221343054169379
9141.038025478872,1237.7988821390911,15.176188396956702,-5.76206694583062
9141.038025478872,1442.4245397438544,14.896224594723337,6.194983054169381
9141.038025478872,1647.0501973486178,14.93612516814003,2.849995554169379
9141.038025478872,1851.675854953381,14.638918258215732,9.90674358048517
9141.038025478872,2056.301512558144,14.2790710518639,2.2967130541693797
9141.038025478872,3284.0554581867245,13.334548894947792,-1.53036694583062
9141.038025478872,3488.6811157914876,13.023196452057608,-0.913420791984466
9141.038025478872,3693.3067733962507,12.762727956395935,-5.48496694583062
9141.038025478872,3897.9324310010143,12.727790194116889,1.17985805416938
9141.038025478872,4102.558088605778,12.779007001325148,-0.6062669458306201
9141.038025478872,5534.937691839121,12.500169747700452,-1.9223169458306195
9141.038025478872,5739.563349443884,12.631671508486491,-7.730066945830619
9141.038025478872,5944.189007048647,12.6435845338396,-6.0282419458306205
9141.038025478872,6148.814664653411,12.818367915756575,-7.85016694583062
9141.038025478872,7581.194267886754,13.879156836138066,-2.8376169458306206
9141.038025478872,7785.819925491517,14.148450738962838,-1.549783612497287
9141.038025478872,7990.445583096281,14.333954443973527,-5.420844723608398
9141.038025478872,8195.071240701043,14.449457435883755,-7.93074194583062
9141.038025478872,9218.19952872486,15.72155861892012,-5.2607169458306196
9141.038025478872,9422.825186329623,16.17660320301614,4.56423305416938
9141.038025478872,9627.450843934386,16.337269437946002,9.453858054169379
9253.766685196197,-92.26789229187054,17.2247253821268,18.59665805416938
9253.766685196197,112.35776531289278,16.979273270835428,1.8977616255979515
9253.766685196197,316.98342291765607,16.564633782150693,3.5280663875027116
9253.766685196197,521.6090805224194,16.309234962749972,-2.380155834719509
9253.766685196197,726.2347381271827,16.15349593326042,-5.87056694583062
9253.766685196197,930.8603957319459,15.90253925959137,0.07033305416937997
9253.766685196197,1135.4860533367096,15.681188272239373,3.5221930541693793
9253.766685196197,1340.1117109414727,15.37244921723651,10.108961625597951
9253.766685196197,1544.7373685462362,15.02853068883214,13.491633054169379
9253.766685196197,1749.3630261509993,14.869352342366511,3.512766387502713
9253.766685196197,1953.9886837557628,14.70281732202038,6.067841387502714
9253.766685196197,2158.614341360526,14.501468785149283,18.11849972083605
9253.766685196197,2363.2399989652895,14.386687363549347,-0.6106919458306204
9253.766685196197,2567.8656565700526,14.228869468152954,18.339033054169377
9253.766685196197,2772.491314174816,14.114582685667328,-3.2149669458306196
9253.766685196197,2977.116971779579,13.909941848008561,8.40073305416938
9253.766685196197,3181.7426293843428,13.585193154599486,-2.9519586124972865
9253.766685196197,3386.368286989106,13.506414128287318,-3.71680444583062
9253.766685196197,3590.9939445938694,13.285461498702476,-1.84771694583062
9253.766685196197,3795.6196021986325,13.190595053611098,1.1894663875027132
9253.766685196197,4000.245259803396,13.020150876291622,-2.978590022753697
9253.766685196197,4204.87091740816,13.200713011881845,-5.08866694583062
9253.766685196197,5432.624863036739,13.020941758456043,-6.07044194583062
9253.766685196197,5637.250520641503,12.834641585820872,-0.0755069458306199
9253.766685196197,5841.876178246266,12.914846486526859,-0.6973169458306212
9253.766685196197,6046.501835851029,13.035513952927388,1.6874565835811444
9253.766685196197,7478.881439084373,13.858494744971491,-6.97756694583062
9253.766685196197,7683.507096689135,14.243831240761088,-3.6610069458306205
9253.766685196197,7888.132754293899,14.517807878593581,-6.072000279163954
9253.766685196197,8092.758411898662,14.62648587151221,-1.4472336124972873
9253.766685196197,9525.138015132005,16.463868755941448,17.20283305416938
9253.766685196197,9729.763672736768,16.557206990154086,6.061766387502714
9366.495344913521,10.044936510511121,17.099219276586577,29.599233054169375
9366.495344913521,214.67059411527444,16.90059057463883,0.04393305416937965
9366.495344913521,419.29625172003773,16.57976224846116,-2.925633612497286
9366.495344913521,623.921909324801,16.35485086395425,10.13496382340015
9366.495344913521,828.5475669295644,16.049252768816842,1.62477055416938
9366.495344913521,1033.1732245343278,15.941968524824466,0.12109305416937985
9366.495344913521,1237.7988821390911,15.713140824164196,7.71993305416938
9366.495344913521,1442.4245397438544,15.509438130477232,6.966285685748328
9366.495344913521,1647.0501973486178,15.097906372199105,1.3611830541693806
9366.495344913521,1851.675854953381,15.093986295343527,1.0645330541693803
9366.495344913521,2056.301512558144,14.81835810931108,17.074887599623924
9366.495344913521,2260.9271701629077,14.640023403955837,10.077283054169381
9366.495344913521,2465.5528277676713,14.424377964142314,11.789758054169381
9366.495344913521,2670.1784853724344,14.317361851356345,0.7991830541693794
9366.495344913521,2874.8041429771974,14.144992344086386,-1.95506694583062
9366.495344913521,3079.429800581961,13.93873935917833,2.2383044827408085
9366.495344913521,3284.0554581867245,13.66452408295191,-1.28506694583062
9366.495344913521,3488.6811157914876,13.676597730104026,-7.011866945830621
9366.495344913521,3693.3067733962507,13.572756204410695,-0.890433612497287
9366.495344913521,3897.9324310010143,13.625322880465477,-8.38686694583062
9366.495344913521,4102.558088605778,13.366899258440027,1.8906330541693794
9366.495344913521,5330.312034234357,13.078956709511965,-1.5302169458306203
9366.495344913521,5534.937691839121,13.13231566541295,-2.2279969458306206
9366.495344913521,5739.563349443884,13.193970723073015,-6.460191945830621
9366.495344913521,5944.189007048647,13.261100565937387,-0.9135919458306199
9366.495344913521,6148.814664653411,13.446614680794376,6.106108054169379
9366.495344913521,7581.194267886754,14.472018862342509,-3.336158612497286
9366.495344913521,7785.819925491517,14.725664203754134,-2.3346336124972864
9366.495344913521,7990.445583096281,14.835939706983176,-0.3582736124972874
9366.495344913521,9422.825186329623,16.639803008820707,13.15851083194716
9366.495344913521,9627.450843934386,16.759215213473855,11.353499720836046
9479.224004630845,-92.26789229187054,17.468249555272322,14.75293305416938
9479.224004630845,930.8603957319459,16.1303886635047,-4.30346694583062
9479.224004630845,1135.4860533367096,15.827491103835895,1.3147330541693805
9479.224004630845,1340.1117109414727,15.721453691005534,0.062158054169379584
9479.224004630845,1544.7373685462362,15.48161728549685,21.765393054169376
9479.224004630845,1749.3630261509993,15.36088884446843,15.19709555416938
9479.224004630845,1953.9886837557628,15.252137020695063,19.022718768455093
9479.224004630845,2158.614341360526,14.968731279868058,15.74896463311675
9479.224004630845,2363.2399989652895,14.750032075725612,3.649824720836046
9479.224004630845,2567.8656565700526,14.576485491781389,8.792844165280492
9479.224004630845,2772.491314174816,14.432457524737522,1.594315407110556
9479.224004630845,2977.116971779579,14.246062484903161,6.468706387502713
9479.224004630845,3181.7426293843428,14.228422230014377,-2.23419194583062
9479.224004630845,3386.368286989106,13.79633818722478,-1.76188694583062
9479.224004630845,3590.9939445938694,13.806460694438275,-0.0631361765998514
9479.224004630845,3795.6196021986325,13.711853611319253,3.690869417805743
9479.224004630845,4000.245259803396,13.547383010012341,1.2009552763916016
9479.224004630845,4204.87091740816,13.634959023431946,3.924613054169381
9479.224004630845,5432.624863036739,13.508473964218556,-1.6588098029734775
9479.224004630845,5637.250520641503,13.598247755794267,-3.0690002791639537
9479.224004630845,5841.876178246266,13.579093807416927,5.30028305416938
9479.224004630845,6046.501835851029,13.658082427401192,-4.048595517259192
9479.224004630845,6251.127493455792,13.986897203376687,3.2076330541693796
9479.224004630845,7478.881439084373,14.73803775050328,-0.8004502791639538
9479.224004630845,7683.507096689135,14.88126468552408,1.4946512359875619
9479.224004630845,7888.132754293899,15.089571047823995,-0.7811169458306201
9479.224004630845,8092.758411898662,15.202099958749997,-4.054466945830621
9479.224004630845,9525.138015132005,16.851407333087526,10.07205305416938
9591.95266434817,1647.0501973486178,15.472095234481216,16.348633054169383
9591.95266434817,1851.675854953381,15.33605906644443,3.330166387502713
9591.95266434817,2056.301512558144,15.26999367225819,12.418253054169378
9591.95266434817,2260.9271701629077,14.996321618848867,-3.8867336124972867
9591.95266434817,2465.5528277676713,14.834770916113241,6.5828955541693785
9591.95266434817,2670.1784853724344,14.667905014169285,14.24850805416938
9591.95266434817,2874.8041429771974,14.563339100420329,9.27854555416938
9591.95266434817,3079.429800581961,14.396203391527463,4.681861625597951
9591.95266434817,3284.0554581867245,14.250320846782875,2.6256512359875614
9591.95266434817,3488.6811157914876,14.22045260028833,4.636297760051733
9591.95266434817,3693.3067733962507,14.03748408170983,-0.22058123154490566
9591.95266434817,3897.9324310010143,13.957405763384614,-0.16881694583062035
9591.95266434817,4102.558088605778,13.895230076142328,-0.6339113902750648
9591.95266434817,4307.18374621054,13.98675384254596,3.5111330541693797
9591.95266434817,4511.809403815304,13.651345419420263,-5.18996694583062
9591.95266434817,5330.312034234357,13.783260727928168,-1.391476036739711
9591.95266434817,5534.937691839121,13.858279445784017,-6.762166945830621
9591.95266434817,5739.563349443884,13.951428770215136,-3.5703294458306205
9591.95266434817,5944.189007048647,13.961245418253979,-2.0357336124972867
9591.95266434817,6148.814664653411,13.966598782540514,0.39767591131223684
9591.95266434817,7376.568610281991,14.944268504615035,0.32619305416938005
9591.95266434817,7581.194267886754,14.924177885048493,-4.25030694583062
9591.95266434817,7785.819925491517,15.061579208823957,1.51637305416938
9591.95266434817,7990.445583096281,15.273258263681434,2.4154455541693802
9591.95266434817,8195.071240701043,15.472095234481216,-6.07066694583062
9591.95266434817,9422.825186329623,16.897720280866476,16.14019555416938
9591.95266434817,9627.450843934386,17.044195553174205,8.37238305416938
9704.681324065494,3181.7426293843428,14.518229943328269,4.39173305416938
9704.681324065494,3386.368286989106,14.460673668122705,4.1816759113122375
9704.681324065494,3590.9939445938694,14.338189950982233,-1.9579502791639538
9704.681324065494,3795.6196021986325,14.278927747863872,4.63429305416938
9704.681324065494,4000.245259803396,14.194056691555096,-4.534038374402049
9704.681324065494,4204.87091740816,14.200881867618142,-1.1193269458306199
9704.681324065494,4409.496575012922,14.165187872872224,17.240070554169378
9704.681324065494,4614.122232617686,14.258414591719129,-0.09026694583061978
9704.681324065494,5023.373547827213,14.190821600355678,-4.27031694583062
9704.681324065494,5227.9992054319755,14.065009232541824,-2.086095517259192
9704.681324065494,5432.624863036739,13.916533492905922,3.4716148723511977
9704.681324065494,5637.250520641503,14.132795829826001,0.9234785087148342
9704.681324065494,5841.876178246266,14.283732174418937,1.2442330541693802
9704.681324065494,6046.501835851029,14.291948943659785,0.013966387502712507
9704.681324065494,6251.127493455792,14.363174187519933,-1.4946919458306198
9704.681324065494,6455.753151060556,14.618173572409173,-5.63366694583062
9704.681324065494,7274.255781479609,15.102250720294615,4.399299720836047
9704.681324065494,7478.881439084373,15.125636912471327,-4.636503309466984
9704.681324065494,7683.507096689135,15.375907641013974,-4.54877944583062
9704.681324065494,7888.132754293899,15.580798447472452,-0.1494955172591916
9704.681324065494,8092.758411898662,15.64433201953456,-1.6129169458306203
9704.681324065494,8297.384069503425,16.060927947281357,-1.9507002791639538
9704.681324065494,9115.886699922477,16.9447906525898,11.950533054169378
9704.681324065494,9320.512357527241,17.158076231343905,13.883333054169379
9704.681324065494,9525.138015132005,17.262802823011604,36.57238305416938
9817.409983782818,3079.429800581961,15.183197710163343,-4.85984194583062
9817.409983782818,3284.0554581867245,15.004444506975561,-6.503000279163953
9817.409983782818,3488.6811157914876,14.729180235488647,-0.6828002791639539
9817.409983782818,3693.3067733962507,14.588605739893948,-1.615575279163954
9817.409983782818,3897.9324310010143,14.53410029551556,3.8745219430582685
9817.409983782818,4102.558088605778,14.3298300934795,5.83638305416938
9817.409983782818,4307.18374621054,14.380322304972909,-3.1711336124972873
9817.409983782818,4511.809403815304,14.36306468025827,-2.4865396731033473
9817.409983782818,4716.4350614200675,14.500410235905742,0.4293759113122378
9817.409983782818,4921.060719024831,14.34654654800176,0.6900785087148344
9817.409983782818,5125.686376629595,14.371335547832953,1.5338830541693798
9817.409983782818,5330.312034234357,14.29020592399236,-2.91350444583062
9817.409983782818,5534.937691839121,14.422667165087677,-1.5540769458306205
9817.409983782818,5739.563349443884,14.36010975645525,-2.237085127648802
9817.409983782818,5944.189007048647,14.574534002118224,14.328933054169378
9817.409983782818,6148.814664653411,14.487959796641366,-1.9677869458306205
9817.409983782818,6353.440322258174,14.663188514942624,3.171296212064117
9817.409983782818,6558.065979862938,14.828714250097727,-0.0657419458306201
9817.409983782818,6967.317295072464,15.144348809647118,3.044993054169381
9817.409983782818,7171.942952677227,15.249558959952648,-2.1495169458306203
9817.409983782818,7376.568610281991,15.37275595469542,-1.6541919458306205
9817.409983782818,7581.194267886754,15.567456263381718,0.7272330541693801
9817.409983782818,7785.819925491517,15.73041958545567,6.286088609724936
9817.409983782818,7990.445583096281,15.858206463717679,-1.046583612497287
9817.409983782818,8195.071240701043,16.199554598413823,6.608133054169381
9817.409983782818,8399.696898305807,16.327782433781984,-2.4963269458306203
9817.409983782818,8604.32255591057,16.530617639811897,8.79078305416938
9817.409983782818,8808.948213515332,16.851652896486847,14.323153054169381
9817.409983782818,9013.573871120096,16.98890018093023,3.7344330541693793
9817.409983782818,9218.19952872486,17.0906949777048,14.144733054169379
9817.409983782818,9422.825186329623,17.333870052939368,2.87171305416938
9930.138643500142,2977.116971779579,15.527781050816584,-5.696700279163953
9930.138643500142,3181.7426293843428,15.22492874173573,-1.2242002791639537
9930.138643500142,3386.368286989106,15.121090466263356,-1.1309942185578932
9930.138643500142,3590.9939445938694,14.82596515422164,0.27619305416937934
9930.138643500142,3795.6196021986325,14.884144111823579,3.0597212894634973
9930.138643500142,4000.245259803396,14.980170093029331,1.4607997208360475
9930.138643500142,4409.496575012922,14.468267039689835,2.5855830541693803
9930.138643500142,4614.122232617686,14.475249232623176,-3.8832383744020484
9930.138643500142,4818.747890222449,14.534955531757241,11.637358054169377
9930.138643500142,5023.373547827213,14.562496994560835,9.488060831947157
9930.138643500142,5227.9992054319755,14.50828013493028,0.9596930541693801
9930.138643500142,5432.624863036739,14.524993633232818,0.10069669053301594
9930.138643500142,5637.250520641503,14.549312122125116,0.29985805416937983
9930.138643500142,5841.876178246266,14.64632727097961,6.076147339883664
9930.138643500142,6046.501835851029,14.846919607193394,3.2932497208360476
9930.138643500142,6251.127493455792,14.833658659943524,7.074296690533017
9930.138643500142,6455.753151060556,14.836825234349396,1.916433054169379
9930.138643500142,6660.378808665319,15.007655911674295,-1.34264694583062
9930.138643500142,6865.004466270082,15.278165753945867,1.9260544827408084
9930.138643500142,7069.630123874846,15.384815340939275,-2.1479487640124386
9930.138643500142,7274.255781479609,15.457172828989489,1.543627498613824
9930.138643500142,7478.881439084373,15.643900079753505,1.52558305416938
9930.138643500142,7683.507096689135,15.756133147898476,-0.29560694583062014
9930.138643500142,7888.132754293899,16.091737640288986,7.236133054169382
9930.138643500142,8092.758411898662,16.188683070582563,11.219579208015533
9930.138643500142,8297.384069503425,16.3342339885425,2.240810831947157
9930.138643500142,8502.009727108189,16.614949264319698,5.876344818875262
9930.138643500142,8706.635384712952,16.84565957404658,11.977809977246302
9930.138643500142,8911.261042317714,17.003607132196123,5.398074720836046
9930.138643500142,9115.886699922477,17.230095833693124,22.190733054169375
9930.138643500142,9320.512357527241,17.39216350972117,32.91743305416938
10042.867303217467,2874.8041429771974,15.714673926654203,0.571155276391602
10042.867303217467,3079.429800581961,15.471884359750758,-2.47369194583062
10042.867303217467,3284.0554581867245,15.22894518454472,-5.483389168052843
10042.867303217467,3488.6811157914876,15.271843938433825,8.001033054169381
10042.867303217467,3693.3067733962507,15.13952976326926,5.381377498613824
10042.867303217467,3897.9324310010143,15.08317203476716,6.734314872351198
10042.867303217467,4921.060719024831,14.643110469718287,4.79113305416938
10042.867303217467,5125.686376629595,14.643015567812876,-2.7970669458306205
10042.867303217467,5534.937691839121,14.643110469718287,-8.36196694583062
10042.867303217467,5739.563349443884,14.816388038472835,2.0088330541693793
10042.867303217467,5944.189007048647,15.053512887750381,-4.5043336124972875
10042.867303217467,6148.814664653411,15.045389915659674,1.1769330541693799
10042.867303217467,6353.440322258174,15.072309300041333,1.075521943058269
10042.867303217467,6558.065979862938,15.158864135271017,1.9403080541693805
10042.867303217467,6967.317295072464,15.428880626940233,-2.5982769458306203
10042.867303217467,7171.942952677227,15.507732787385143,0.6236230541693801
10042.867303217467,7376.568610281991,15.697596454743703,-3.2192419458306203
10042.867303217467,7581.194267886754,15.967664700607955,-2.50489194583062
10042.867303217467,7785.819925491517,16.025919547133302,4.213399720836047
10042.867303217467,7990.445583096281,16.238946909062566,2.4139473398836655
10042.867303217467,8195.071240701043,16.49934607781793,1.4855830541693797
10042.867303217467,8399.696898305807,16.599643686870955,-0.48614472360839805
10042.867303217467,8604.32255591057,16.784562501013056,4.01995305416938
10042.867303217467,8808.948213515332,17.08132722328964,12.73044305416938
10042.867303217467,9013.573871120096,17.222835134463256,12.16921638750271
10042.867303217467,9218.19952872486,17.425308455590386,18.25048305416938
10042.867303217467,9422.825186329623,17.858060333310483,16.10143305416938
10155.59596293479,2772.491314174816,16.093305906330603,-2.1415469458306196
10155.59596293479,2977.116971779579,15.762610929509817,-1.6592669458306197
10155.59596293479,3181.7426293843428,15.496040880764474,-8.146566945830621
10155.59596293479,3590.9939445938694,15.336808787968296,8.262296690533015
10155.59596293479,3795.6196021986325,15.306870257401215,3.842408054169379
10155.59596293479,4000.245259803396,15.309651687059285,17.121158054169378
10155.59596293479,4204.87091740816,15.519846008303555,-2.19186694583062
10155.59596293479,5637.250520641503,15.207425260916294,-2.61681694583062
10155.59596293479,5841.876178246266,15.342450741453808,-6.39264694583062
10155.59596293479,6046.501835851029,15.519799168722164,-3.291100279163954
10155.59596293479,7274.255781479609,16.036382369619048,-2.2942002791639537
10155.59596293479,7478.881439084373,16.2640228741301,7.037633054169379
10155.59596293479,7888.132754293899,16.44351341182968,2.7475997208360474
10155.59596293479,8092.758411898662,16.45707252828629,-4.403316945830619
10155.59596293479,8297.384069503425,16.654946442818087,-3.6845669458306194
10155.59596293479,8706.635384712952,17.088146833190486,20.75213305416938
10155.59596293479,8911.261042317714,17.273807127435838,25.896366387502713
10155.59596293479,9525.138015132005,17.955415821253457,10.39533305416938
10268.324622652115,2670.1784853724344,16.314336885717783,-5.177524088687763
10268.324622652115,2874.8041429771974,16.103175636693788,-4.67616694583062
10268.324622652115,3693.3067733962507,15.646612531105111,-0.8436955172591915
10268.324622652115,3897.9324310010143,15.736728305942899,10.29871638750271
10268.324622652115,4102.558088605778,15.539402981992595,3.6352830541693795
10268.324622652115,4307.18374621054,15.61506651845988,-9.02476694583062
10268.324622652115,4511.809403815304,15.579288718988412,15.62893305416938
10268.324622652115,4716.4350614200675,15.537383913597331,1.8491830541693797
10268.324622652115,5534.937691839121,15.394934090242591,-5.58220694583062
10268.324622652115,5739.563349443884,15.546398622837286,-5.71591694583062
10268.324622652115,5944.189007048647,15.536481493832076,-6.78051694583062
10268.324622652115,6148.814664653411,15.626268161831284,6.32863305416938
10268.324622652115,6558.065979862938,15.82722752489548,-1.6820002791639534
10268.324622652115,6762.691637467701,15.967896824053028,8.980166387502713
10268.324622652115,6967.317295072464,16.13035398076206,0.9770205541693793
10268.324622652115,7171.942952677227,16.189156784706565,4.8408966905330155
10268.324622652115,7376.568610281991,16.291562299637533,-5.893283612497288
10268.324622652115,7581.194267886754,16.409589338066137,2.9733830541693798
10268.324622652115,7785.819925491517,16.637195395129805,0.5997945926309178
10268.324622652115,7990.445583096281,16.87786613302062,1.5380830541693786
10268.324622652115,8195.071240701043,17.113756872069306,3.9624330541693795
10268.324622652115,8399.696898305807,17.208555995887437,-1.6801669458306199
10268.324622652115,8604.32255591057,17.53266120479523,1.0736330541693793
10381.05328236944,1749.3630261509993,17.457514280351837,5.518283054169379
10381.05328236944,2567.8656565700526,16.59823812139005,7.852049720836046
10381.05328236944,2772.491314174816,16.491860316579956,-3.2010069458306196
10381.05328236944,3795.6196021986325,15.885605968995495,3.075283054169379
10381.05328236944,4000.245259803396,15.86461973035923,18.00458305416938
10381.05328236944,4204.87091740816,15.812246939800392,20.686170554169383
10381.05328236944,4409.496575012922,15.676287313596163,-4.36656694583062
10381.05328236944,4614.122232617686,15.746394106875751,0.3953044827408084
10381.05328236944,4818.747890222449,15.835286245787268,9.77673305416938
10381.05328236944,5023.373547827213,15.792203592844988,-8.13571694583062
10381.05328236944,5637.250520641503,15.756916081854085,-7.81116694583062
10381.05328236944,5841.876178246266,15.797421681390823,-7.40764194583062
10381.05328236944,6046.501835851029,15.831362059809987,-0.017812400376074757
10381.05328236944,6251.127493455792,15.910267924358017,-5.166878056941731
10381.05328236944,6455.753151060556,16.094181644030847,-1.2074336124972869
10381.05328236944,6660.378808665319,16.070473729719684,-6.6354240886877625
10381.05328236944,6865.004466270082,16.229341897073077,-0.40437463813831276
10381.05328236944,7069.630123874846,16.350296156984573,-1.87777694583062
10381.05328236944,7274.255781479609,16.41042918105545,-2.733733612497287
10381.05328236944,7478.881439084373,16.61634218975776,13.657723054169377
10381.05328236944,7683.507096689135,16.77108375936908,-7.73352694583062
10381.05328236944,7888.132754293899,17.043924224584025,1.3390830541693797
10381.05328236944,8092.758411898662,17.076622786303133,1.0178997208360465
10381.05328236944,8297.384069503425,17.26597755335725,-6.399200279163954
10381.05328236944,8502.009727108189,17.539372407369683,-5.687600279163953
10381.05328236944,8706.635384712952,17.738252869569436,-4.311900279163953
10381.05328236944,8911.261042317714,17.983115028610296,-2.1666336124972863
10381.05328236944,9115.886699922477,18.224469685358557,-6.55366694583062
10381.05328236944,9320.512357527241,18.42849461621497,-3.1109669458306204
10493.781942086764,1647.0501973486178,17.5895597327554,-0.26740027916395387
10493.781942086764,1851.675854953381,17.478984830192807,58.985883054169385
10493.781942086764,2465.5528277676713,16.92027721763481,0.30894214507847073
10493.781942086764,2670.1784853724344,16.72833273768975,-3.7760383744020496
10493.781942086764,3693.3067733962507,16.216833092611267,7.703258054169379
10493.781942086764,3897.9324310010143,16.014435593857563,-6.71026694583062
10493.781942086764,4102.558088605778,16.127661395560306,18.086393054169378
10493.781942086764,4307.18374621054,16.010409600430137,-5.605424088687763
10493.781942086764,4511.809403815304,16.046190640855645,8.87018305416938
10493.781942086764,4716.4350614200675,16.0142655525442,2.142888609724935
10493.781942086764,4921.060719024831,15.895111147735062,-6.5479558347195095
10493.781942086764,5125.686376629595,15.967274582628402,-6.832966945830622
10493.781942086764,5739.563349443884,15.998080420650751,-5.1011836124972865
10493.781942086764,5944.189007048647,16.025294423464533,-2.711900279163954
10493.781942086764,6148.814664653411,16.014111309795197,-6.738783612497286
10493.781942086764,6353.440322258174,16.218481829574255,-5.64706694583062
10493.781942086764,6558.065979862938,16.34744819174134,-0.6630351276488025
10493.781942086764,6762.691637467701,16.45084851291364,-5.4909169458306195
10493.781942086764,6967.317295072464,16.62395728069016,-2.546900279163954
10493.781942086764,7171.942952677227,16.59819230767051,-4.4805669458306205
10493.781942086764,7376.568610281991,16.7218590373538,-9.061816945830621
10493.781942086764,7581.194267886754,16.900454332242376,-7.53796694583062
10493.781942086764,7785.819925491517,17.20858973627514,-7.63666694583062
10493.781942086764,7990.445583096281,17.247126525014917,-1.3287469458306207
10493.781942086764,8195.071240701043,17.442002820511636,-4.78188694583062
10493.781942086764,8399.696898305807,17.724094883163104,13.387633054169378
10493.781942086764,8604.32255591057,17.85748014701558,-5.503650279163953
10493.781942086764,8808.948213515332,17.892598833004435,-5.380616945830621
10493.781942086764,9013.573871120096,18.207645844712374,-2.80209819583062
10493.781942086764,9218.19952872486,18.39104522613205,17.894383054169378
10493.781942086764,9422.825186329623,18.663143092774117,8.435699720836046
10493.781942086764,9627.450843934386,18.92729077917594,-5.06506694583062
10606.510601804088,1340.1117109414727,17.955415821253457,4.498033054169381
10606.510601804088,1544.7373685462362,17.952236361965262,10.080004482740806
10606.510601804088,1749.3630261509993,17.64659867971817,26.485870554169377
10606.510601804088,1953.9886837557628,17.503989271055303,-5.44266694583062
10606.510601804088,2363.2399989652895,17.446779005431356,-6.2488669458306205
10606.510601804088,2567.8656565700526,17.137092858608902,1.437058054169381
10606.510601804088,2772.491314174816,16.778178258060652,-4.13156694583062
10606.510601804088,3795.6196021986325,16.291530054533002,11.40597305416938
10606.510601804088,4000.245259803396,16.339618481863933,-3.683760279163953
10606.510601804088,4204.87091740816,16.18007372319568,0.5283497208360461
10606.510601804088,4409.496575012922,16.20903983875105,0.3968473398836654
10606.510601804088,4614.122232617686,16.213477637758807,-5.080794723608397
10606.510601804088,4818.747890222449,16.17619708426169,2.707161625597951
10606.510601804088,5023.373547827213,16.22210033914505,-1.1701851276488027
10606.510601804088,5227.9992054319755,16.210779346042386,-7.06571694583062
10606.510601804088,5432.624863036739,16.451399353419863,-7.79866694583062
10606.510601804088,5637.250520641503,16.405876132488498,-7.78246694583062
10606.510601804088,5841.876178246266,16.196152119221694,-6.886495517259192
10606.510601804088,6046.501835851029,16.38269442094833,-3.768639673103347
10606.510601804088,6251.127493455792,16.43553597449973,-7.34311694583062
10606.510601804088,6455.753151060556,16.5774131576362,-3.505058612497287
10606.510601804088,6660.378808665319,16.684312097197402,-6.379350279163952
10606.510601804088,6865.004466270082,16.728898786011165,10.521699720836047
10606.510601804088,7069.630123874846,16.821071977890146,-4.304809802973478
10606.510601804088,7274.255781479609,16.894815719785562,-3.7127919458306198
10606.510601804088,7478.881439084373,17.08829598719651,-4.961555181124738
10606.510601804088,7683.507096689135,17.264788056663196,-5.69569694583062
10606.510601804088,7888.132754293899,17.486818550546747,-0.2783294458306198
10606.510601804088,8092.758411898662,17.596188392642887,0.3619080541693802
10606.510601804088,8297.384069503425,17.79066579593473,-7.8920502791639535
10606.510601804088,8502.009727108189,17.979647141338514,-1.502750279163953
10606.510601804088,8706.635384712952,18.104010210542338,-1.3318502791639537
10606.510601804088,8911.261042317714,18.22432508281186,-1.0125669458306201
10606.510601804088,9115.886699922477,18.428074489596604,-2.1331294458306207
10606.510601804088,9320.512357527241,18.641591946246212,1.8823530541693798
10606.510601804088,9525.138015132005,18.90751829387428,-2.457481231544906
10606.510601804088,9729.763672736768,19.16114785059242,-2.2057669458306197
10606.510601804088,9934.389330341532,19.40075971497511,-2.4489419458306205
10719.239261521412,1442.4245397438544,18.12925485746576,10.37357305416938
10719.239261521412,1647.0501973486178,17.87676241907854,3.8344080541693795
10719.239261521412,1851.675854953381,17.639301567484498,29.41113305416938
10719.239261521412,2056.301512558144,17.76994804954293,4.462299720836047
10719.239261521412,2260.9271701629077,17.55359781736034,-3.4683869458306207
10719.239261521412,2465.5528277676713,17.381069506005144,-1.2716336124972867
10719.239261521412,2670.1784853724344,17.10985200525147,-1.5567419458306198
10719.239261521412,3897.9324310010143,16.479713639712347,5.47124555416938
10719.239261521412,4102.558088605778,16.509850851920515,0.7153130541693795
10719.239261521412,4307.18374621054,16.530380940839265,-3.1202891680528424
10719.239261521412,4511.809403815304,16.508428985756236,-6.84106694583062
10719.239261521412,4716.4350614200675,16.46723453136315,-4.42961694583062
10719.239261521412,4921.060719024831,16.502251479848773,12.34708305416938
10719.239261521412,5125.686376629595,16.32977439426963,-3.7038002791639535
10719.239261521412,5330.312034234357,16.38685069793378,-5.247400279163953
10719.239261521412,5534.937691839121,16.54651635161023,-0.7391469458306205
10719.239261521412,5739.563349443884,16.57210638786684,-5.1234002791639535
10719.239261521412,5944.189007048647,16.65178460815034,-6.162341945830621
10719.239261521412,6148.814664653411,16.624575496274744,4.818624720836046
10719.239261521412,6353.440322258174,16.816556162178337,-4.67384194583062
10719.239261521412,6558.065979862938,16.842399140182152,-5.051166945830619
10719.239261521412,6762.691637467701,16.773169554812444,-5.560252660116334
10719.239261521412,6967.317295072464,16.94488120220033,-6.9703169458306204
10719.239261521412,7171.942952677227,16.97809917287146,-5.34041694583062
10719.239261521412,7376.568610281991,17.09371690424534,-6.34146694583062
10719.239261521412,7581.194267886754,17.284676692629287,-3.50526694583062
10719.239261521412,7785.819925491517,17.4676698470541,3.779916387502712
10719.239261521412,7990.445583096281,17.62638401787974,1.2098930541693798
10719.239261521412,8195.071240701043,17.692355485412854,-5.7050419458306205
10719.239261521412,8399.696898305807,18.045449720077062,-6.899566945830621
10719.239261521412,8604.32255591057,18.26551729035768,10.000999720836047
10719.239261521412,8808.948213515332,18.26198458900151,-5.532033612497287
10719.239261521412,9013.573871120096,18.56080650797485,-5.642781231544906
10719.239261521412,9218.19952872486,18.741824536233707,-1.0774919458306205
10719.239261521412,9422.825186329623,18.917467900778256,0.6976580541693793
10719.239261521412,9627.450843934386,19.183970570767457,-3.3626469458306203
10719.239261521412,9832.07650153915,19.511154166570346,-3.27416694583062
10719.239261521412,10036.702159143913,19.642816571320846,-0.031666945830620165
10831.967921238738,1340.1117109414727,18.49769539671519,23.688204482740804
10831.967921238738,2158.614341360526,17.825263629174177,1.2388530541693799
10831.967921238738,2363.2399989652895,17.60712394864334,15.46030805416938
10831.967921238738,2567.8656565700526,17.5181695258093,1.1587774986138244
10831.967921238738,4000.245259803396,16.924923171318365,7.612343054169381
10831.967921238738,4204.87091740816,16.794497017393255,0.8227580541693802
10831.967921238738,4409.496575012922,16.76907115294105,-2.34227944583062
10831.967921238738,4614.122232617686,16.754400675240355,3.43754416528049
10831.967921238738,4818.747890222449,16.82427434531904,18.702275911312235
10831.967921238738,5023.373547827213,16.72919459375039,6.589466387502713
10831.967921238738,5227.9992054319755,16.54964275699885,13.72653305416938
10831.967921238738,5432.624863036739,16.60983592620393,1.4316330541693798
10831.967921238738,5637.250520641503,16.564725409589776,-7.62896694583062
10831.967921238738,5841.876178246266,16.712515004228347,-6.098781231544906
10831.967921238738,6046.501835851029,16.824079362875136,-7.287052660116335
10831.967921238738,6251.127493455792,16.888837827907114,-6.998900279163952
10831.967921238738,6455.753151060556,16.97066781331581,-3.75200694583062
10831.967921238738,6660.378808665319,17.028088765646363,-8.186011390275064
10831.967921238738,7888.132754293899,17.808324275503157,-4.613951561215236
10831.967921238738,8092.758411898662,18.092429450605195,0.0006330541693793989
10831.967921238738,8297.384069503425,18.11659544668542,-5.239278056941732
10831.967921238738,8502.009727108189,18.340071308151234,-4.140566945830621
10831.967921238738,8706.635384712952,18.51112438484022,-3.618166945830621
10831.967921238738,8911.261042317714,18.736238481607547,-6.947000279163954
10831.967921238738,9115.886699922477,18.80903556817949,-9.06026694583062
10831.967921238738,9320.512357527241,18.946747049093574,4.22043305416938
10831.967921238738,9525.138015132005,19.216562781948113,0.13715527639160185
10831.967921238738,9729.763672736768,19.437533527750823,17.651808054169383
10831.967921238738,9934.389330341532,19.689364255870647,13.262916387502713
10831.967921238738,10139.014987946295,19.8593854037627,54.98013305416938
10944.696580956062,1237.7988821390911,18.88791467220204,0.658316387502713
10944.696580956062,2056.301512558144,18.194216878847946,3.523542145078471
10944.696580956062,2260.9271701629077,18.020867443455096,-1.7239669458306202
10944.696580956062,2465.5528277676713,17.81146402608617,6.165279208015534
10944.696580956062,4102.558088605778,17.046255457485284,-0.5809900227536974
10944.696580956062,4307.18374621054,16.900386211044147,-7.73864194583062
10944.696580956062,4511.809403815304,16.939605166220954,-1.9635058347195087
10944.696580956062,4716.4350614200675,16.85616370468087,-4.066733612497287
10944.696580956062,4921.060719024831,16.92273588841958,-7.8075669458306205
10944.696580956062,5944.189007048647,17.144762395911286,-3.8138469458306203
10944.696580956062,6148.814664653411,17.08998255955215,0.054833054169379024
10944.696580956062,6353.440322258174,17.218987681446624,-0.5172169458306196
10944.696580956062,6558.065979862938,17.288210203086603,-5.253033612497286
10944.696580956062,7785.819925491517,17.850720840838424,-7.58926694583062
10944.696580956062,7990.445583096281,18.157195674634668,-3.207933612497287
10944.696580956062,8195.071240701043,18.31806942550487,-2.77438694583062
10944.696580956062,8399.696898305807,18.549467567564456,-6.781491945830621
10944.696580956062,8604.32255591057,18.54533996469084,-3.4802569458306203
10944.696580956062,8808.948213515332,18.757473747320976,-3.9599469458306196
10944.696580956062,9013.573871120096,18.897822143982886,-5.118066945830621
10944.696580956062,9218.19952872486,18.966582292766677,-6.82496694583062
10944.696580956062,9422.825186329623,19.36271989266469,-2.7233169458306197
10944.696580956062,9627.450843934386,19.391249759397503,0.11653305416938053
10944.696580956062,9832.07650153915,19.726923117310736,24.111890197026526
10944.696580956062,10036.702159143913,19.785356501460853,-2.3974669458306206
10944.696580956062,10241.327816748677,20.05450539025566,3.005199720836046
11057.425240673387,1135.4860533367096,19.015296847478727,13.905433054169379
11057.425240673387,1953.9886837557628,18.47492332836798,18.014566387502715
11057.425240673387,2158.614341360526,18.254147211393608,-0.11252848429215903
11057.425240673387,2363.2399989652895,18.191322410023695,5.533843054169381
11057.425240673387,2567.8656565700526,17.955371930436023,-6.341100279163953
11057.425240673387,4000.245259803396,17.500120798169917,-6.156091945830621
11057.425240673387,4204.87091740816,17.3673381966846,-3.9202002791639536
11057.425240673387,4409.496575012922,17.222475763001487,-4.585833612497287
11057.425240673387,5841.876178246266,17.241097210692377,-6.60421694583062
11057.425240673387,6046.501835851029,17.25206799704894,-5.22536694583062
11057.425240673387,6251.127493455792,17.36783813554551,-6.716094218557893
11057.425240673387,6455.753151060556,17.49488722539092,-3.5074294458306206
11057.425240673387,7888.132754293899,18.289591313935297,-2.548806945830621
11057.425240673387,8092.758411898662,18.4129897417941,-3.1510419458306203
11057.425240673387,8297.384069503425,18.629933598820916,-3.0644669458306204
11057.425240673387,8502.009727108189,18.709023709459878,-4.09007944583062
11057.425240673387,8706.635384712952,18.915939784581234,-6.041189168052843
11057.425240673387,9320.512357527241,19.327684719767,-3.5862002791639536
11057.425240673387,9729.763672736768,19.868347924771648,26.48440805416938
11057.425240673387,9934.389330341532,19.932516660016443,18.48797305416938
11057.425240673387,10139.014987946295,20.110317759170222,-2.32056694583062
11170.153900390711,1033.1732245343278,19.333725021848828,33.23165805416938
11170.153900390711,1237.7988821390911,19.175317732381746,20.090383054169383
11170.153900390711,1851.675854953381,18.76920337568937,1.1470830541693797
11170.153900390711,2056.301512558144,18.49140385772086,5.5444455541693785
11170.153900390711,2260.9271701629077,18.380912852159682,5.526999720836045
11170.153900390711,2465.5528277676713,18.26517033218581,-2.9376252791639534
11170.153900390711,4102.558088605778,17.560951194431848,-3.081195517259192
11170.153900390711,4307.18374621054,17.53266120479523,21.694533054169376
11170.153900390711,4511.809403815304,17.446644941796173,-6.41724194583062
11170.153900390711,5944.189007048647,17.497880619420165,2.4257530541693795
11170.153900390711,6148.814664653411,17.739931418705662,10.98025805416938
11170.153900390711,6353.440322258174,17.82125073334076,6.46707055416938
11170.153900390711,6558.065979862938,17.778619447840743,-5.403886945830621
11170.153900390711,7990.445583096281,18.58963671793916,-2.7804044458306194
11170.153900390711,8195.071240701043,18.692153538320856,24.82605805416938
11170.153900390711,8399.696898305807,18.84853856522814,-4.925433612497287
11170.153900390711,8604.32255591057,19.075960875777643,-0.14133058219425607
11170.153900390711,8808.948213515332,19.102966812527608,-8.50516694583062
11170.153900390711,9832.07650153915,20.04949299563967,-2.6067469458306207
11170.153900390711,10036.702159143913,20.181052598722616,0.9852663875027124
11170.153900390711,10241.327816748677,20.348058481746563,1.5301830541693802
11282.882560108035,930.8603957319459,19.517596675661732,10.301699720836046
11282.882560108035,1135.4860533367096,19.500121071902612,9.087958054169379
11282.882560108035,1340.1117109414727,19.452971915585245,-6.00339194583062
11282.882560108035,1749.3630261509993,19.027911115019442,-4.164595517259191
11282.882560108035,1953.9886837557628,18.813976856497977,0.8108785087148341
11282.882560108035,2158.614341360526,18.57631109238815,8.106933054169382
11282.882560108035,2363.2399989652895,18.53246669837647,7.811508054169381
11282.882560108035,2567.8656565700526,18.42647663274625,-3.389874638138313
11282.882560108035,2772.491314174816,18.489222724747208,6.11433305416938
11282.882560108035,4000.245259803396,17.837760749599976,-5.215546945830621
11282.882560108035,4204.87091740816,17.66578414921263,-5.49194194583062
11282.882560108035,4409.496575012922,17.718395612341848,-8.28696694583062
11282.882560108035,5841.876178246266,17.840053092501453,-8.00976694583062
11282.882560108035,6046.501835851029,17.82926600560837,-5.14203694583062
11282.882560108035,6251.127493455792,17.901611898690277,34.87206638750271
11282.882560108035,6455.753151060556,18.009582262507895,-2.444290022753697
11282.882560108035,8092.758411898662,18.83440308139635,-1.5380383744020487
11282.882560108035,8297.384069503425,19.07335223202946,0.8896497208360462
11282.882560108035,8502.009727108189,19.12471911025446,3.8002116255979503
11282.882560108035,8706.635384712952,19.18041635490129,-7.82446694583062
11282.882560108035,9729.763672736768,20.018167683054127,4.709799720836046
11282.882560108035,9934.389330341532,20.374544313732116,-2.5537669458306205
11282.882560108035,10139.014987946295,20.559533648660818,-2.296795517259192
11395.61121982536,1033.1732245343278,19.818716384807285,7.6511930541693784
11395.61121982536,1237.7988821390911,19.535383837942078,14.319270554169378
11395.61121982536,1442.4245397438544,19.33406602409702,17.187733054169378
11395.61121982536,1647.0501973486178,19.231632911299865,-3.47406694583062
11395.61121982536,1851.675854953381,19.055969908586633,-0.6520869458306205
11395.61121982536,2056.301512558144,19.094886112796384,2.540449720836046
11395.61121982536,2260.9271701629077,18.749590178405633,-3.8719669458306196
11395.61121982536,2465.5528277676713,18.6989860609634,-1.4686515612152358
11395.61121982536,2670.1784853724344,18.548964233761584,1.2193663875027128
11395.61121982536,3897.9324310010143,18.100477330434714,-8.407116945830621
11395.61121982536,4102.558088605778,18.06201259641097,-3.328681231544906
11395.61121982536,4307.18374621054,17.989219064112593,-7.602633612497287
11395.61121982536,4511.809403815304,18.038448109307343,-0.5518419458306194
11395.61121982536,5944.189007048647,18.150866520841348,-1.9356669458306206
11395.61121982536,6148.814664653411,18.076115188861575,-1.2466002791639537
11395.61121982536,6353.440322258174,18.18983579402394,5.001599720836047
11395.61121982536,6558.065979862938,18.20787670543758,-6.82540694583062
11395.61121982536,7990.445583096281,18.96637143763053,-1.0058336124972866
11395.61121982536,8195.071240701043,19.111117037328203,21.540233054169384
11395.61121982536,8399.696898305807,19.309903039935136,-0.6945669458306205
11395.61121982536,8604.32255591057,19.34219970004427,-5.4028098029734775
11395.61121982536,9832.07650153915,20.25887332640582,-2.89856694583062
11395.61121982536,10036.702159143913,20.57128147446723,-0.6137669458306206
11395.61121982536,10241.327816748677,20.68161724400747,25.320733054169377
11508.339879542684,930.8603957319459,20.02177326977742,11.52914555416938
11508.339879542684,1135.4860533367096,19.692614998753157,14.790133054169377
11508.339879542684,1340.1117109414727,19.73742595699743,10.444333054169379
11508.339879542684,1544.7373685462362,19.504679229948806,10.24083305416938
11508.339879542684,1749.3630261509993,19.34956491093234,11.997516387502714
11508.339879542684,1953.9886837557628,19.23379411642228,5.581233054169379
11508.339879542684,2158.614341360526,19.077655484561397,8.253404482740809
11508.339879542684,2363.2399989652895,18.966102661426085,-0.3202769458306204
11508.339879542684,2567.8656565700526,18.956759414368992,2.356883054169379
11508.339879542684,2772.491314174816,18.718209277851503,0.22690448274080868
11508.339879542684,2977.116971779579,18.8617626264998,0.30173305416937996
11508.339879542684,3795.6196021986325,18.39754834328147,-6.96771694583062
11508.339879542684,4000.245259803396,18.259637820388953,-0.68695785492153
11508.339879542684,4204.87091740816,18.265084004972035,-7.663933612497288
11508.339879542684,4409.496575012922,18.276367794788843,-5.1620780569417315
11508.339879542684,4614.122232617686,18.20065395212051,-7.366224088687765
11508.339879542684,4818.747890222449,18.38792315290732,-7.80176694583062
11508.339879542684,5637.250520641503,18.418351750388055,-7.952866945830621
11508.339879542684,5841.876178246266,18.293778077151366,-4.37732694583062
11508.339879542684,6046.501835851029,18.224274212139996,-3.09966694583062
11508.339879542684,6251.127493455792,18.299720186266317,6.134809977246304
11508.339879542684,6455.753151060556,18.456145260723794,-3.15190444583062
11508.339879542684,6660.378808665319,18.689793889036142,-5.1475169458306205
11508.339879542684,7888.132754293899,19.194293417183097,-3.693348764012438
11508.339879542684,8092.758411898662,19.297371792371113,-5.657794218557893
11508.339879542684,8297.384069503425,19.476561694395862,-6.0644169458306205
11508.339879542684,8502.009727108189,19.548086994464857,-2.0531592535229275
11508.339879542684,10139.014987946295,20.911622914032957,17.44585305416938
11621.068539260008,828.5475669295644,20.29450025826036,11.74958305416938
11621.068539260008,1033.1732245343278,20.0058394789272,-3.8123469458306203
11621.068539260008,1237.7988821390911,19.817753830030505,12.287170554169379
11621.068539260008,1442.4245397438544,19.75150826138924,7.840287599623926
11621.068539260008,1647.0501973486178,19.748447902301606,5.01553305416938
11621.068539260008,1851.675854953381,19.524923252975473,7.900594592630918
11621.068539260008,2056.301512558144,19.337090947492925,3.5014830541693804
11621.068539260008,2260.9271701629077,19.25891915491275,3.71846305416938
11621.068539260008,2465.5528277676713,19.134927353300085,-1.8684336124972865
11621.068539260008,2670.1784853724344,19.039497508535202,-6.11344194583062
11621.068539260008,2874.8041429771974,18.784256035010092,0.9552580541693794
11621.068539260008,3079.429800581961,18.914193607979026,-5.13366694583062
11621.068539260008,3284.0554581867245,18.89454785118366,-3.9678002791639533
11621.068539260008,3488.6811157914876,18.792032964077887,1.6016759113122367
11621.068539260008,3693.3067733962507,18.59352309404411,-3.6784269458306205
11621.068539260008,3897.9324310010143,18.599720328471268,2.7274330541693796
11621.068539260008,4102.558088605778,18.50933652080531,6.757166387502714
11621.068539260008,4307.18374621054,18.39921918502221,-7.511095517259192
11621.068539260008,4511.809403815304,18.387179452102032,-7.30074194583062
11621.068539260008,4716.4350614200675,18.352721651248988,-3.838859802973477
11621.068539260008,4921.060719024831,18.529536015196395,-6.4786669458306205
11621.068539260008,5125.686376629595,18.589877403370693,-6.693566945830621
11621.068539260008,5330.312034234357,18.589877403370693,-0.38441694583062036
11621.068539260008,5534.937691839121,18.649961696546026,-5.80651694583062
11621.068539260008,5739.563349443884,18.517236028704623,-6.845406945830621
11621.068539260008,5944.189007048647,18.547167012777354,-3.545944723608398
11621.068539260008,6148.814664653411,18.505998414696165,11.20513305416938
11621.068539260008,6353.440322258174,18.629933598820916,-5.71406694583062
11621.068539260008,6558.065979862938,18.769260865944943,-6.494806945830621
11621.068539260008,6762.691637467701,18.92729077917594,-7.94906694583062
11621.068539260008,7990.445583096281,19.410022410732083,1.8629205541693794
11621.068539260008,8195.071240701043,19.627090355885883,-6.86846694583062
11621.068539260008,8399.696898305807,19.710970598070492,-5.393866945830621
11621.068539260008,8604.32255591057,19.850180936542536,3.252483054169379
11621.068539260008,10036.702159143913,20.970854718382544,-2.2547669458306197
11621.068539260008,10241.327816748677,21.05192243356976,1.9630330541693801
11733.797198977332,726.2347381271827,20.436657077572217,26.044733054169377
11733.797198977332,930.8603957319459,20.377369645424718,15.224277498613823
11733.797198977332,1135.4860533367096,20.150930184777803,-4.3852002791639535
11733.797198977332,1340.1117109414727,20.02191959982304,2.605814872351198
11733.797198977332,1544.7373685462362,19.90497440956499,-1.1368369458306196
11733.797198977332,1749.3630261509993,19.70172758406804,4.989908054169379
11733.797198977332,1953.9886837557628,19.695276126821284,4.242999720836046
11733.797198977332,2158.614341360526,19.445169427725926,2.20503305416938
11733.797198977332,2363.2399989652895,19.35294396623356,-0.3142240886877633
11733.797198977332,2567.8656565700526,19.37832161939556,-2.6891502791639526
11733.797198977332,2772.491314174816,19.340405994482094,1.665766387502712
11733.797198977332,2977.116971779579,19.13470392243941,-2.83226694583062
11733.797198977332,3181.7426293843428,19.035955041107375,2.4851268041693793
11733.797198977332,3386.368286989106,18.986101724976887,7.820783054169379
11733.797198977332,3590.9939445938694,18.824624724452274,-2.299166945830621
11733.797198977332,3795.6196021986325,18.768837454247645,-4.95036694583062
11733.797198977332,4000.245259803396,18.80871750435948,-5.760591945830621
11733.797198977332,4204.87091740816,18.569669448307906,-1.6528869458306197
11733.797198977332,4409.496575012922,18.719433108575615,-6.39610694583062
11733.797198977332,4614.122232617686,18.569692192035106,-6.366422501386176
11733.797198977332,4818.747890222449,18.61703148938026,-6.25670444583062
11733.797198977332,5023.373547827213,18.700914572050486,-5.9481098029734785
11733.797198977332,5227.9992054319755,18.629912174237663,-6.451883612497287
11733.797198977332,5432.624863036739,18.769158464591754,-7.08628694583062
11733.797198977332,5637.250520641503,18.649731514512542,-4.0236669458306205
11733.797198977332,5841.876178246266,18.828553875811348,-5.32568694583062
11733.797198977332,6046.501835851029,18.657793733267987,-2.34940694583062
11733.797198977332,6251.127493455792,18.76936282527575,5.172933054169379
11733.797198977332,6455.753151060556,18.91316778311991,7.701004482740807
11733.797198977332,6660.378808665319,18.93343886829357,-5.370408612497286
11733.797198977332,6865.004466270082,19.19968485921016,-4.830916945830621
11733.797198977332,7888.132754293899,19.516670788968383,7.177233054169378
11733.797198977332,8092.758411898662,19.676888506476097,35.035553054169384
11733.797198977332,8297.384069503425,19.77974241390847,-3.6532669458306204
11733.797198977332,8502.009727108189,19.885494489307206,-4.16466694583062
11733.797198977332,10139.014987946295,21.116273830168357,-3.86084194583062
11846.525858694657,828.5475669295644,20.64894453235994,27.530070554169377
11846.525858694657,1033.1732245343278,20.37472008891113,5.384033054169379
11846.525858694657,1237.7988821390911,20.24094203477416,4.83283305416938
11846.525858694657,1442.4245397438544,20.074188314989822,2.097408054169379
11846.525858694657,1647.0501973486178,20.07237565986915,1.696183054169379
11846.525858694657,1851.675854953381,19.93006426650194,5.7959044827408075
11846.525858694657,2056.301512558144,19.76917455629415,-2.5538955172591917
11846.525858694657,2260.9271701629077,19.636136793061247,-1.6518526601163348
11846.525858694657,2465.5528277676713,19.46289707916898,0.8466886097249355
11846.525858694657,2670.1784853724344,19.50184958866205,3.7865997208360462
11846.525858694657,2874.8041429771974,19.326795854619647,-3.031383612497287
11846.525858694657,3079.429800581961,19.26690658948329,9.086833054169379
11846.525858694657,3284.0554581867245,19.30519456283441,-3.41801694583062
11846.525858694657,3488.6811157914876,19.094731829052844,-1.8789869458306208
11846.525858694657,3693.3067733962507,19.176412443984226,-5.323446945830621
11846.525858694657,3897.9324310010143,19.083259039939087,-2.0946169458306203
11846.525858694657,4102.558088605778,18.91385579993596,-8.341500279163954
11846.525858694657,4307.18374621054,18.84992486944161,-3.3089469458306198
11846.525858694657,4511.809403815304,18.83755328298934,-4.8855851276488025
11846.525858694657,4716.4350614200675,18.87307689625399,-5.778412400376075
11846.525858694657,4921.060719024831,18.93210719219112,-6.16159194583062
11846.525858694657,5125.686376629595,18.86039369401189,-6.00776694583062
11846.525858694657,5330.312034234357,18.84501077502421,-7.333133612497286
11846.525858694657,5534.937691839121,18.897657356532594,2.9617930541693793
11846.525858694657,5739.563349443884,18.9072809218578,-2.0450919458306203
11846.525858694657,5944.189007048647,18.938372231824776,9.062047339883664
11846.525858694657,6148.814664653411,19.024706742568103,25.27742194305827
11846.525858694657,6353.440322258174,18.914067094897337,-2.049800279163953
11846.525858694657,6558.065979862938,19.073750540639928,-6.25101694583062
11846.525858694657,6762.691637467701,19.235470316731547,-5.003829445830621
11846.525858694657,6967.317295072464,19.44824778948534,-3.1832169458306208
11846.525858694657,7171.942952677227,19.561565713018606,-6.77636694583062
11846.525858694657,7581.194267886754,19.729796404599938,-6.36376694583062
11846.525858694657,7785.819925491517,19.745096141063637,2.467249720836047
11846.525858694657,7990.445583096281,19.847880223684644,6.88423305416938
11846.525858694657,8195.071240701043,19.835758175978597,21.447323963260292
11846.525858694657,8399.696898305807,20.01699230873424,-2.77932944583062
11846.525858694657,8604.32255591057,20.247795528903147,-1.7126969458306203
11846.525858694657,9832.07650153915,21.196925747679458,-4.131900279163953
11846.525858694657,10036.702159143913,21.23692015664357,24.888358054169377
11959.25451841198,521.6090805224194,21.065870433178723,-3.5367169458306202
11959.25451841198,726.2347381271827,20.81590768766084,-0.930246945830621
11959.25451841198,930.8603957319459,20.69495762901399,-0.9289113902750642
11959.25451841198,1135.4860533367096,20.395365751798156,0.4062997208360463
11959.25451841198,1544.7373685462362,20.21576740341888,8.54919305416938
11959.25451841198,1749.3630261509993,20.06056167478925,7.206233054169379
11959.25451841198,1953.9886837557628,20.03435024113052,-2.148224088687763
11959.25451841198,2158.614341360526,19.941984902624835,4.149833054169379
11959.25451841198,2363.2399989652895,19.78550771859182,0.03653305416938002
11959.25451841198,2567.8656565700526,19.750826444634622,2.347816387502713
11959.25451841198,2772.491314174816,19.66016992281368,1.3387616255979515
11959.25451841198,2977.116971779579,19.50446075623385,0.59200805416938
11959.25451841198,3181.7426293843428,19.45926513590407,7.196013054169379
11959.25451841198,3386.368286989106,19.314529048438274,-2.1231336124972873
11959.25451841198,3590.9939445938694,19.286143945962454,-7.70091694583062
11959.25451841198,3795.6196021986325,19.230115777338188,-7.70116694583062
11959.25451841198,4000.245259803396,19.172383151372436,-8.22014694583062
11959.25451841198,4204.87091740816,19.170312410378525,-4.02839194583062
11959.25451841198,4409.496575012922,19.106178133610886,-5.162633612497287
11959.25451841198,4614.122232617686,19.058921765469478,-4.56759194583062
11959.25451841198,4818.747890222449,19.221527685834992,-5.453195517259192
11959.25451841198,5023.373547827213,19.106519864522358,-2.36900694583062
11959.25451841198,5227.9992054319755,19.125425679110542,24.548899720836047
11959.25451841198,5432.624863036739,19.06348781919305,-7.72021694583062
11959.25451841198,5637.250520641503,19.179664925336798,-4.9414336124972875
11959.25451841198,5841.876178246266,19.13155620097786,3.4462830541693785
11959.25451841198,6046.501835851029,19.26687544165359,-5.47436694583062
11959.25451841198,6251.127493455792,19.22706873707926,23.254275911312238
11959.25451841198,6455.753151060556,19.341933900012723,14.119075911312235
11959.25451841198,6660.378808665319,19.39408966810969,-5.064783612497287
11959.25451841198,6865.004466270082,19.44414355969022,-3.909453612497287
11959.25451841198,7069.630123874846,19.59145674720896,-1.85734694583062
11959.25451841198,7274.255781479609,19.754624538349976,10.50523305416938
11959.25451841198,7478.881439084373,19.81318160710471,-4.641366945830621
11959.25451841198,7683.507096689135,19.742230736401048,6.213683054169379
11959.25451841198,7888.132754293899,19.9190940876341,2.85683305416938
11959.25451841198,8092.758411898662,20.06498456537339,30.912496212064116
11959.25451841198,8297.384069503425,20.203085252760253,0.7124530541693798
11959.25451841198,8502.009727108189,20.254390503497905,4.0121330541693805
11959.25451841198,8706.635384712952,20.524556453037818,-8.206616945830621
11959.25451841198,9525.138015132005,21.141503004739416,5.51693305416938
11959.25451841198,9729.763672736768,21.212272333220177,-3.1944169458306204
11959.25451841198,9934.389330341532,21.32168585431967,-5.32975444583062
11959.25451841198,10139.014987946295,21.389914581683136,49.02363305416938
12071.983178129305,623.921909324801,21.06211432826023,10.080275911312238
12071.983178129305,828.5475669295644,20.983717178255105,0.5339785087148347
12071.983178129305,1033.1732245343278,20.838829055596428,11.71173305416938
12071.983178129305,1851.675854953381,20.307772309553382,3.9405580541693794
12071.983178129305,2056.301512558144,20.180697209660924,3.564699720836046
12071.983178129305,2260.9271701629077,20.1118420024338,3.7658473398836643
12071.983178129305,2465.5528277676713,19.884916709343727,-5.952926945830621
12071.983178129305,2670.1784853724344,19.887865906351387,-4.506852660116335
12071.983178129305,2874.8041429771974,19.74088990939586,-5.77509694583062
12071.983178129305,3079.429800581961,19.63934098399785,3.247066387502713
12071.983178129305,3284.0554581867245,19.547208825098867,2.349483054169378
12071.983178129305,3488.6811157914876,19.589705792547644,-5.929533612497288
12071.983178129305,3693.3067733962507,19.44060590140709,2.10930805416938
12071.983178129305,3897.9324310010143,19.442293464837864,-7.8724812315449055
12071.983178129305,4102.558088605778,19.333676308041273,5.885147339883665
12071.983178129305,4307.18374621054,19.340261325674756,-8.024683612497286
12071.983178129305,4511.809403815304,19.409700453389966,-6.29940694583062
12071.983178129305,4716.4350614200675,19.36058229862248,-1.4543969458306205
12071.983178129305,4921.060719024831,19.336698179566216,-1.1049336124972864
12071.983178129305,5125.686376629595,19.185547537621368,16.756347339883664
12071.983178129305,5330.312034234357,19.26374708514798,-4.052433612497286
12071.983178129305,5534.937691839121,19.352899932499948,-2.2775669458306202
12071.983178129305,5739.563349443884,19.471683311209993,-3.0774419458306204
12071.983178129305,5944.189007048647,19.42822639035336,6.775813054169379
12071.983178129305,6148.814664653411,19.523731568634172,4.754666387502712
12071.983178129305,6353.440322258174,19.514109092028924,27.01273305416938
12071.983178129305,6558.065979862938,19.61256574778911,16.64965805416938
12071.983178129305,6762.691637467701,19.636538305192435,-3.6847336124972867
12071.983178129305,6967.317295072464,19.628809109468854,-4.949126945830621
12071.983178129305,7171.942952677227,19.79816874461508,9.326369417805743
12071.983178129305,7376.568610281991,19.88514114249077,1.5575830541693796
12071.983178129305,7581.194267886754,19.964934010748195,-1.6839447236083984
12071.983178129305,7785.819925491517,19.993662971673444,-4.0026002791639534
12071.983178129305,7990.445583096281,20.125470351411266,-1.2244869458306202
12071.983178129305,8195.071240701043,20.23488638709402,27.816899720836048
12071.983178129305,8399.696898305807,20.443808163684086,4.996075911312237
12071.983178129305,8604.32255591057,20.5000026236579,-1.5792469458306204
12071.983178129305,8808.948213515332,20.8125971820188,-2.35274694583062
12071.983178129305,9013.573871120096,20.913425961465826,-7.81236694583062
12071.983178129305,9218.19952872486,21.11632945394208,9.84413305416938
12071.983178129305,9422.825186329623,21.20807690996246,4.712166387502712
12071.983178129305,9627.450843934386,21.321297057509092,-5.272200279163954
12071.983178129305,9832.07650153915,21.401471977131035,13.6213148723512
12071.983178129305,10036.702159143913,21.487800365332312,1.8176830541693794
12184.71183784663,521.6090805224194,21.34533006969615,2.4942918776987915
12184.71183784663,726.2347381271827,21.144003518598186,-1.268300279163954
12184.71183784663,930.8603957319459,20.998461166464132,2.9400830541693805
12184.71183784663,1953.9886837557628,20.350211845048083,10.024233054169379
12184.71183784663,2158.614341360526,20.306840398062494,0.43364305416937965
12184.71183784663,2363.2399989652895,20.244197871336915,-8.07310694583062
12184.71183784663,2567.8656565700526,20.146387495819816,10.785558054169378
12184.71183784663,2772.491314174816,19.93274052614471,-3.42956694583062
12184.71183784663,3590.9939445938694,19.6488710069135,-4.75556694583062
12184.71183784663,3795.6196021986325,19.609900386046185,-5.676036945830621
12184.71183784663,4000.245259803396,19.52962185700863,-7.321233612497287
12184.71183784663,4204.87091740816,19.629028825929478,-2.93748694583062
12184.71183784663,4409.496575012922,19.527208150784936,-7.54062694583062
12184.71183784663,4614.122232617686,19.436478324595832,-5.853066945830621
12184.71183784663,4818.747890222449,19.40594684223745,-6.135289168052842
12184.71183784663,5023.373547827213,19.459351340478975,-0.5475069458306205
12184.71183784663,5227.9992054319755,19.592773742977105,-3.9087669458306196
12184.71183784663,5432.624863036739,19.630239672321398,-3.851500279163954
12184.71183784663,5637.250520641503,19.569050752190414,-6.00724694583062
12184.71183784663,5841.876178246266,19.633699061089686,8.233204482740808
12184.71183784663,6046.501835851029,19.7299179941565,-4.86996694583062
12184.71183784663,6251.127493455792,19.548886172590706,21.591199720836045
12184.71183784663,6455.753151060556,19.73590562775061,12.066477498613821
12184.71183784663,6660.378808665319,19.81306032547404,11.53495805416938
12184.71183784663,6865.004466270082,19.840976469322367,19.733233054169382
12184.71183784663,7069.630123874846,19.9523235236738,5.73380805416938
12184.71183784663,7274.255781479609,20.028616521263054,2.48758305416938
12184.71183784663,7478.881439084373,20.089393392601586,-0.7399869458306201
12184.71183784663,7683.507096689135,20.191364280389283,20.77543305416938
12184.71183784663,7888.132754293899,20.38088980225941,6.684518768455094
12184.71183784663,8092.758411898662,20.52094753406176,19.12415305416938
12184.71183784663,8297.384069503425,20.49924321828659,21.73516162559795
12184.71183784663,8502.009727108189,20.507092595438138,-1.5879169458306204
12184.71183784663,8706.635384712952,20.823609748513622,-2.3978586124972865
12184.71183784663,8911.261042317714,20.9704001953542,0.7898044827408081
12184.71183784663,9115.886699922477,21.15554087672242,4.4376561310924565
12184.71183784663,9320.512357527241,21.216099742759702,17.43656638750271
12184.71183784663,9525.138015132005,21.427516464631744,0.9851638234001489
12184.71183784663,9729.763672736768,21.447109591985104,1.18833305416938
12184.71183784663,9934.389330341532,21.65451920252796,-3.3677002791639534
12184.71183784663,10139.014987946295,21.829937439624917,2.934066387502714
12297.440497563954,419.29625172003773,21.62446011846724,-3.506748764012438
12297.440497563954,623.921909324801,21.350433022961706,5.851433054169378
12297.440497563954,828.5475669295644,21.270527741513074,0.4790330541693799
12297.440497563954,2056.301512558144,20.565729911270836,3.026725911312237
12297.440497563954,2260.9271701629077,20.449113748806177,2.805551235987561
12297.440497563954,2465.5528277676713,20.38737628872102,-5.1014169458306196
12297.440497563954,3693.3067733962507,19.75956584718867,-8.30650694583062
12297.440497563954,3897.9324310010143,19.80562578107441,-6.589589168052843
12297.440497563954,4102.558088605778,19.761971769845335,-1.0586419458306204
12297.440497563954,4307.18374621054,19.85914366323485,-7.31766694583062
12297.440497563954,4511.809403815304,19.92375649777403,-7.60761694583062
12297.440497563954,4716.4350614200675,19.612435521150783,-7.306909802973477
12297.440497563954,4921.060719024831,19.605289541748693,-0.2388169458306204
12297.440497563954,5125.686376629595,19.696345298293487,1.9891330541693797
12297.440497563954,5330.312034234357,19.75194736693527,-4.436406945830621
12297.440497563954,5534.937691839121,19.719771832352038,2.0338080541693797
12297.440497563954,5739.563349443884,19.797760179267915,11.558699720836048
12297.440497563954,5944.189007048647,19.692452675711355,7.664866387502712
12297.440497563954,6148.814664653411,19.833056544467937,-1.26308694583062
12297.440497563954,6558.065979862938,19.998703022234935,3.076733054169379
12297.440497563954,6762.691637467701,19.982625921482523,21.14335805416938
12297.440497563954,6967.317295072464,20.089832742432638,0.26645805416937973
12297.440497563954,7171.942952677227,20.111053922283332,10.408093054169377
12297.440497563954,7376.568610281991,20.325071384658607,8.437204482740809
12297.440497563954,7581.194267886754,20.38033597976769,7.891233054169379
12297.440497563954,7785.819925491517,20.398973898884645,7.005866387502714
12297.440497563954,7990.445583096281,20.495295398695102,39.25046638750272
12297.440497563954,8195.071240701043,20.62451630546877,18.53135805416938
12297.440497563954,8399.696898305807,20.73759974433528,18.03770805416938
12297.440497563954,8604.32255591057,20.897706598654526,4.744575911312237
12297.440497563954,8808.948213515332,21.051232381327104,-5.49046694583062
12297.440497563954,9013.573871120096,21.09549981565199,-1.513639673103348
12297.440497563954,9218.19952872486,21.237071941324942,-5.71615444583062
12297.440497563954,9422.825186329623,21.457406474062495,-4.319550279163953
12297.440497563954,9627.450843934386,21.61684185140689,-1.422438374402049
12297.440497563954,9832.07650153915,21.813673174905457,-6.586700279163954
12297.440497563954,10036.702159143913,21.90028365136098,32.663373054169384
12410.169157281278,521.6090805224194,21.701280501509174,-3.11352319583062
12410.169157281278,726.2347381271827,21.499078602905758,11.90260448274081
12410.169157281278,930.8603957319459,21.36761587069854,-6.777433612497287
12410.169157281278,1953.9886837557628,20.776006118080062,1.16498305416938
12410.169157281278,2158.614341360526,20.719110446962034,4.057349720836046
12410.169157281278,2363.2399989652895,20.530931733016384,-6.93570444583062
12410.169157281278,3795.6196021986325,20.054306263793716,-8.405933612497286
12410.169157281278,4000.245259803396,20.093234689473057,-4.396266945830621
12410.169157281278,4204.87091740816,19.953221023223833,-6.698354445830621
12410.169157281278,4409.496575012922,19.957065437428962,-5.636583612497287
12410.169157281278,4614.122232617686,19.896203272643373,-7.66906694583062
12410.169157281278,5432.624863036739,19.8363137488599,0.49255805416937926
12410.169157281278,5637.250520641503,19.914299540167388,-4.3763069458306205
12410.169157281278,5841.876178246266,19.99338360983838,-6.647600279163953
12410.169157281278,6046.501835851029,20.112149419631674,-0.18838123154490585
12410.169157281278,6251.127493455792,20.120530086804816,17.938899720836048
12410.169157281278,6455.753151060556,20.139588984792844,11.60657055416938
12410.169157281278,6660.378808665319,20.258657099867232,-0.3100169458306197
12410.169157281278,6865.004466270082,20.205079451510848,1.1508330541693796
12410.169157281278,7069.630123874846,20.273698243727814,-4.589516945830621
12410.169157281278,7274.255781479609,20.427458356281523,-3.0288769458306204
12410.169157281278,7478.881439084373,20.40716327344789,15.863766387502713
12410.169157281278,7683.507096689135,20.597361808914503,53.43139972083605
12410.169157281278,7888.132754293899,20.669962233352404,44.89791083194716
12410.169157281278,8092.758411898662,20.76799384554941,15.24669305416938
12410.169157281278,8297.384069503425,20.909411791799922,29.641542145078475
12410.169157281278,8502.009727108189,21.11611298901093,17.941870554169377
12410.169157281278,8706.635384712952,21.19532427509599,-3.6225544458306205
12410.169157281278,8911.261042317714,21.340507684879633,9.122983054169381
12410.169157281278,9115.886699922477,21.39974639532563,2.1838768041693797
12410.169157281278,9525.138015132005,21.69391715020048,1.1205730541693792
12410.169157281278,9729.763672736768,21.837213534968974,-2.7264719458306197
12410.169157281278,9934.389330341532,21.994881260507185,14.641433054169381
12522.897816998602,828.5475669295644,21.57559106464307,-4.089309802973476
12522.897816998602,2056.301512558144,20.867553665565683,2.7635421450784703
12522.897816998602,2260.9271701629077,20.867022193639897,9.800666387502712
12522.897816998602,2465.5528277676713,20.68696046893863,-0.3374169458306196
12522.897816998602,3897.9324310010143,20.160775448358617,-5.47826694583062
12522.897816998602,4102.558088605778,20.161781775114463,-1.64325444583062
12522.897816998602,4307.18374621054,20.175446852901366,-1.1404669458306196
12522.897816998602,4511.809403815304,20.09685968264975,-1.9905336124972874
12522.897816998602,5534.937691839121,20.024064750385737,-3.2281336124972877
12522.897816998602,5739.563349443884,20.251299310454876,-3.8793469458306205
12522.897816998602,5944.189007048647,20.119461576462882,31.800408054169385
12522.897816998602,6148.814664653411,20.261301780094218,2.683724720836046
12522.897816998602,6353.440322258174,20.273822292901862,3.349304482740808
12522.897816998602,6558.065979862938,20.361722827311095,-3.149686945830621
12522.897816998602,6762.691637467701,20.400795996753036,-4.791600279163954
12522.897816998602,7376.568610281991,20.489512850307698,-5.90656694583062
12522.897816998602,7581.194267886754,20.75049679953064,8.065433054169379
12522.897816998602,7785.819925491517,20.75599499269207,24.769766387502713
12522.897816998602,7990.445583096281,20.904978984810096,-2.7520169458306207
12522.897816998602,8195.071240701043,20.959971444546067,9.39274555416938
12522.897816998602,8399.696898305807,21.174401491074963,18.914949720836045
12522.897816998602,8604.32255591057,21.149782940791084,-3.6237669458306208
12522.897816998602,8808.948213515332,21.406053569139964,-2.3590955172591923
12522.897816998602,9013.573871120096,21.499893633528544,-1.8700419458306201
12522.897816998602,9218.19952872486,21.642636261842387,16.839163054169383
12522.897816998602,9422.825186329623,21.75156060286498,-1.2221869458306203
12522.897816998602,9627.450843934386,21.887611124541355,-4.040350279163953
12522.897816998602,9832.07650153915,22.125266976542363,0.9788330541693795
12522.897816998602,10036.702159143913,22.155789977932166,-2.80696694583062
12635.626476715926,726.2347381271827,21.81911917827504,-4.848733612497287
12635.626476715926,930.8603957319459,21.815122074525114,3.9797630541693794
12635.626476715926,1953.9886837557628,21.208150625549184,-6.1558669458306206
12635.626476715926,2158.614341360526,21.07288472918926,-2.3380515612152353
12635.626476715926,2363.2399989652895,21.015981949123887,-5.935922501386175
12635.626476715926,4000.245259803396,20.396115086221464,-3.6595280569417312
12635.626476715926,4204.87091740816,20.42753658512621,-5.91791694583062
12635.626476715926,5637.250520641503,20.320985769120064,-7.57086694583062
12635.626476715926,5841.876178246266,20.38531266374528,-4.5850419458306195
12635.626476715926,6046.501835851029,20.376372533705915,-5.22824694583062
12635.626476715926,6251.127493455792,20.448085457848993,-2.6086336124972864
12635.626476715926,6455.753151060556,20.533462213133795,-3.61151694583062
12635.626476715926,6660.378808665319,20.507034651672754,-1.7569669458306203
12635.626476715926,7478.881439084373,20.882303152180842,-2.70536694583062
12635.626476715926,7683.507096689135,20.972753159461522,12.97375805416938
12635.626476715926,7888.132754293899,21.092554946670468,3.149553054169379
12635.626476715926,8092.758411898662,21.198790755311265,23.339944165280492
12635.626476715926,8297.384069503425,21.1847815718034,21.034793054169377
12635.626476715926,8502.009727108189,21.401069685808935,9.15390305416938
12635.626476715926,8706.635384712952,21.479087308287294,-5.62316694583062
12635.626476715926,8911.261042317714,21.595750445072643,-5.147655834719509
12635.626476715926,9115.886699922477,21.718555881127116,-4.935966945830621
12635.626476715926,9320.512357527241,21.900304534004817,-5.939506945830621
12635.626476715926,9525.138015132005,21.971313306465067,-4.411533612497287
12635.626476715926,9729.763672736768,22.21721929266075,-0.2828419458306204
12635.626476715926,9934.389330341532,22.33144146370782,12.13143305416938
12748.35513643325,214.67059411527444,22.410760839901954,-4.98386694583062
12748.35513643325,1033.1732245343278,21.777040534863076,9.017233054169381
12748.35513643325,2056.301512558144,21.279167050170013,-1.6368069458306198
12748.35513643325,2260.9271701629077,21.072260865745037,-5.35276694583062
12748.35513643325,3897.9324310010143,20.698672038046926,-6.076311390275064
12748.35513643325,4102.558088605778,20.64063886923739,-8.889500279163954
12748.35513643325,4307.18374621054,20.504124008739478,-5.27831694583062
12748.35513643325,5739.563349443884,20.585295408661384,-4.289233612497287
12748.35513643325,5944.189007048647,20.52040613683848,18.13902194305827
12748.35513643325,6148.814664653411,20.54173189939746,-4.00784194583062
12748.35513643325,6353.440322258174,20.755248385515518,-5.602495517259192
12748.35513643325,6558.065979862938,20.577179800898378,-6.13096694583062
12748.35513643325,7581.194267886754,21.144873881859848,-1.9816225013861757
12748.35513643325,7785.819925491517,21.182931339593825,13.870433054169379
12748.35513643325,7990.445583096281,21.27587678403799,23.332423054169375
12748.35513643325,8195.071240701043,21.444241304119377,-3.6572669458306195
12748.35513643325,8399.696898305807,21.468179793818503,-3.5327869458306203
12748.35513643325,8604.32255591057,21.573502999378388,-4.855866945830621
12748.35513643325,8808.948213515332,21.56891125262994,-8.08376694583062
12748.35513643325,9218.19952872486,21.84047450291235,-7.36196694583062
12748.35513643325,9422.825186329623,22.07886717731126,-4.37911694583062
12748.35513643325,9627.450843934386,22.238186896193493,-0.1715760367397112
12748.35513643325,9832.07650153915,22.33000731841142,-3.6430336124972875
12748.35513643325,10036.702159143913,22.477990538231353,-2.3825669458306207
12861.083796150575,1953.9886837557628,21.53606604083608,-5.43331694583062
12861.083796150575,2158.614341360526,21.39394507515917,1.2972057814421076
12861.083796150575,2363.2399989652895,21.243738106268193,3.057102284938611
12861.083796150575,3795.6196021986325,20.87079535454233,1.5961330541693797
12861.083796150575,4000.245259803396,20.94760942520587,-5.23631694583062
12861.083796150575,4204.87091740816,20.88306437109035,-5.863295517259191
12861.083796150575,5841.876178246266,20.805286549495687,-3.8298578549215283
12861.083796150575,6046.501835851029,20.801687968289297,-1.8370469458306204
12861.083796150575,6251.127493455792,20.950331316179486,-3.3072780569417315
12861.083796150575,6455.753151060556,20.796626121740246,-3.099133612497287
12861.083796150575,7683.507096689135,21.277786412977502,-1.6101269458306202
12861.083796150575,7888.132754293899,21.514801376445888,9.819966387502712
12861.083796150575,8092.758411898662,21.564853028991212,29.93468305416938
12861.083796150575,8297.384069503425,21.627572917696423,-0.23436694583061998
12861.083796150575,8502.009727108189,21.65743822231084,-3.9481169458306202
12861.083796150575,9525.138015132005,22.312156245976787,-5.86702944583062
12861.083796150575,9729.763672736768,22.474665278816683,-4.756838374402049
12861.083796150575,9934.389330341532,22.619026460464667,5.77452055416938
12973.8124558679,214.67059411527444,22.65577194358013,20.33688305416938
12973.8124558679,419.29625172003773,22.58947873510752,-2.86146694583062
12973.8124558679,1851.675854953381,21.693078867651653,4.603333054169379
12973.8124558679,2056.301512558144,21.669077564883256,4.156291387502713
12973.8124558679,2260.9271701629077,21.463423889259964,-5.94256694583062
12973.8124558679,3897.9324310010143,21.118903124999395,-6.988233612497287
12973.8124558679,4102.558088605778,20.99542083330654,-0.90861694583062
12973.8124558679,4307.18374621054,21.040504829824695,-5.3464098029734775
12973.8124558679,5739.563349443884,20.915036412198056,-3.25235694583062
12973.8124558679,5944.189007048647,20.9361019606228,-3.049500279163953
12973.8124558679,6148.814664653411,21.053809537865867,-3.6451069458306202
12973.8124558679,6353.440322258174,21.04069688238139,-4.08421694583062
12973.8124558679,7785.819925491517,21.56868232027376,6.119108054169379
12973.8124558679,7990.445583096281,21.717212930046372,0.59370805416938
12973.8124558679,8195.071240701043,21.720213653621993,2.8482759113122365
12973.8124558679,8399.696898305807,21.74532355083844,-4.537733612497287
12973.8124558679,9627.450843934386,22.541408410589952,-3.27351694583062
12973.8124558679,9832.07650153915,22.671928153437413,0.12809305416937988
12973.8124558679,10036.702159143913,22.881684773982517,-3.48491694583062
13086.541115585223,316.98342291765607,22.788906062099336,12.563793054169379
13086.541115585223,521.6090805224194,22.57484122446975,-5.38781694583062
13086.541115585223,930.8603957319459,22.4507186414162,12.603099720836044
13086.541115585223,1544.7373685462362,22.09048644471842,-6.97211694583062
13086.541115585223,1749.3630261509993,21.899886467444325,11.14095305416938
13086.541115585223,1953.9886837557628,21.854509867613796,3.39481305416938
13086.541115585223,2158.614341360526,21.773222086308937,1.106440746477072
13086.541115585223,2363.2399989652895,21.639080026503393,-2.2190760367397107
13086.541115585223,3795.6196021986325,21.25268069199964,-7.868516945830621
13086.541115585223,4000.245259803396,21.169251121641576,-5.83316694583062
13086.541115585223,4204.87091740816,21.1962024542157,-5.383636176599851
13086.541115585223,5841.876178246266,21.177291258954344,-0.05895027916395379
13086.541115585223,6046.501835851029,21.257731751150345,-5.53439194583062
13086.541115585223,6251.127493455792,21.28716371510208,-4.195489168052843
13086.541115585223,7683.507096689135,21.72941216174495,-4.03116694583062
13086.541115585223,7888.132754293899,21.768236769419293,6.890483054169381
13086.541115585223,8092.758411898662,21.816449417806446,-1.50331694583062
13086.541115585223,8297.384069503425,21.96064916529904,-5.443222501386176
13086.541115585223,9729.763672736768,22.789827606522607,-5.94116694583062
13086.541115585223,9934.389330341532,22.934348030319438,-3.754733612497287
13199.26977530255,214.67059411527444,22.93202792747053,-3.74394194583062
13199.26977530255,419.29625172003773,22.829992252754547,2.792544165280491
13199.26977530255,623.921909324801,22.80940971884477,3.5086830541693805
13199.26977530255,828.5475669295644,22.66111501019352,3.6274473398836653
13199.26977530255,1033.1732245343278,22.553655133772697,-0.7473383744020489
13199.26977530255,1237.7988821390911,22.42068346124397,-5.110533612497288
13199.26977530255,1442.4245397438544,22.28218998511885,-0.4457669458306208
13199.26977530255,1647.0501973486178,22.195511344815937,-0.7065502791639542
13199.26977530255,1851.675854953381,22.012972454817778,11.951133054169379
13199.26977530255,2056.301512558144,22.003666102401485,-3.36537319583062
13199.26977530255,2260.9271701629077,21.920710774821217,-2.4604891680528422
13199.26977530255,2465.5528277676713,21.810509095987356,1.1687205541693801
13199.26977530255,3897.9324310010143,21.395904658501262,-7.32728694583062
13199.26977530255,4102.558088605778,21.30755143754339,-8.398216945830619
13199.26977530255,4307.18374621054,21.32364679031052,-6.288866945830621
13199.26977530255,5739.563349443884,21.447109591985104,2.930133054169379
13199.26977530255,5944.189007048647,21.29652938949683,-2.88926694583062
13199.26977530255,6148.814664653411,21.45504152723489,18.363653054169383
13199.26977530255,6353.440322258174,21.299381061211477,-7.78586694583062
13199.26977530255,7785.819925491517,21.92264087377136,-4.93444194583062
13199.26977530255,7990.445583096281,21.966184222835366,-6.7549669458306205
13199.26977530255,8195.071240701043,22.079666048071775,-2.552160279163954
13199.26977530255,9832.07650153915,22.949204569153856,-6.431238374402049
13311.998435019874,316.98342291765607,23.00331767243725,3.1121663875027132
13311.998435019874,521.6090805224194,22.94115407882703,2.293147339883665
13311.998435019874,726.2347381271827,22.794626733180404,0.48234416528049096
13311.998435019874,930.8603957319459,22.64353178346761,0.08246638750271273
13311.998435019874,1135.4860533367096,22.587792248572626,-0.9665002791639535
13311.998435019874,1340.1117109414727,22.510776891075565,-1.1813669458306202
13311.998435019874,1544.7373685462362,22.425333878034365,-2.8771569458306203
13311.998435019874,1749.3630261509993,22.236481450309398,-4.872166945830621
13311.998435019874,1953.9886837557628,22.033732650992874,-3.2129336124972867
13311.998435019874,2158.614341360526,22.121139305682977,-4.350938374402049
13311.998435019874,2363.2399989652895,22.094761104295046,-5.021394723608399
13311.998435019874,2567.8656565700526,21.981479200957423,-3.8105780569417314
13311.998435019874,3590.9939445938694,21.824668907981206,-7.2957669458306205
13311.998435019874,3795.6196021986325,21.588825566859217,-4.94994194583062
13311.998435019874,4000.245259803396,21.509209858162546,-7.54131694583062
13311.998435019874,4204.87091740816,21.446892518735414,-5.63986694583062
13311.998435019874,4409.496575012922,21.56887530131097,-7.772933612497288
13311.998435019874,5637.250520641503,21.621210294280175,-2.9687169458306206
13311.998435019874,5841.876178246266,21.487061658337847,-3.6068002791639535
13311.998435019874,6046.501835851029,21.601053708164002,-0.78416694583062
13311.998435019874,6251.127493455792,21.62517033696901,-3.906283612497287
13311.998435019874,7683.507096689135,22.04406088868813,-3.81511694583062
13311.998435019874,7888.132754293899,22.145816744879774,7.5766530541693795
13311.998435019874,8092.758411898662,22.238200973121472,5.676258054169382
13311.998435019874,8297.384069503425,22.15989296757124,-7.55036694583062
13311.998435019874,9729.763672736768,23.09439097931413,-1.9653802791639534
13311.998435019874,9934.389330341532,23.249874660225565,-1.7779669458306202
13424.727094737198,214.67059411527444,23.19753043758038,-3.40451694583062
13424.727094737198,419.29625172003773,23.14458179988703,0.6155080541693798
13424.727094737198,623.921909324801,23.01543413923326,0.05830578144210721
13424.727094737198,828.5475669295644,22.86210475937905,2.795799720836046
13424.727094737198,1033.1732245343278,22.710312017732882,1.77013305416938
13424.727094737198,1237.7988821390911,22.711236044136967,-2.3619526601163345
13424.727094737198,1442.4245397438544,22.57184997336026,-4.90816694583062
13424.727094737198,1647.0501973486178,22.509049518336337,3.2026330541693797
13424.727094737198,1851.675854953381,22.410760839901954,-7.86076694583062
13424.727094737198,2056.301512558144,22.34808048675901,-2.1375098029734776
13424.727094737198,2260.9271701629077,22.165604125282474,-3.901255834719509
13424.727094737198,2465.5528277676713,22.098436843812856,-4.527440279163954
13424.727094737198,2670.1784853724344,22.129011281682192,7.47043305416938
13424.727094737198,3488.6811157914876,21.950588145507894,-7.548766945830621
13424.727094737198,3693.3067733962507,21.7887490927746,-7.04964194583062
13424.727094737198,3897.9324310010143,21.887786183321293,-4.04036694583062
13424.727094737198,4102.558088605778,21.664861163413633,-7.54376694583062
13424.727094737198,4307.18374621054,21.689189326405764,-6.061100279163953
13424.727094737198,4511.809403815304,21.745323550838442,7.6223330541693795
13424.727094737198,5534.937691839121,21.713500772651454,-3.00976694583062
13424.727094737198,5739.563349443884,21.68598061912574,-3.291395517259192
13424.727094737198,5944.189007048647,21.903486673867945,-4.01041694583062
13424.727094737198,6148.814664653411,21.776960931140046,-1.1396169458306205
13424.727094737198,6353.440322258174,21.794901174782378,-3.9495169458306205
13424.727094737198,7581.194267886754,22.2440741301908,-2.4108669458306204
13424.727094737198,7785.819925491517,22.182806407308266,16.487133054169377
13424.727094737198,7990.445583096281,22.29713923652832,50.60833305416938
13424.727094737198,8195.071240701043,22.467680797887162,-5.459766945830619
13424.727094737198,9627.450843934386,23.137991018741655,-5.224500279163954
13424.727094737198,9832.07650153915,23.235532989274667,-4.840266945830621
13537.455754454522,316.98342291765607,23.30879167463013,4.924120554169381
13537.455754454522,521.6090805224194,23.196804686368342,-1.8652169458306207
13537.455754454522,726.2347381271827,23.08850021212531,-3.7325669458306208
13537.455754454522,930.8603957319459,23.0200660072628,-3.808166945830621
13537.455754454522,1135.4860533367096,22.963015653431523,-4.154233612497287
13537.455754454522,1340.1117109414727,22.76857641738668,2.4368530541693803
13537.455754454522,1544.7373685462362,22.663223960367574,-0.23803361249728677
13537.455754454522,1749.3630261509993,22.569731875466783,-6.0272336124972865
13537.455754454522,1953.9886837557628,22.38059200165664,11.010133054169378
13537.455754454522,2158.614341360526,22.408772614814648,3.1402441652804907
13537.455754454522,2363.2399989652895,22.320001973565645,-2.55741694583062
13537.455754454522,2567.8656565700526,22.24951454807839,-6.585616945830621
13537.455754454522,2772.491314174816,22.312535469484423,-6.134116945830621
13537.455754454522,2977.116971779579,22.278266598910616,-4.68776694583062
13537.455754454522,3181.7426293843428,22.167587632244324,-1.1657669458306206
13537.455754454522,3386.368286989106,22.05955324523101,-0.10976694583061963
13537.455754454522,3590.9939445938694,21.97743009372269,-7.275650279163954
13537.455754454522,3795.6196021986325,21.922460918037835,-8.009266945830621
13537.455754454522,4000.245259803396,21.931495859538874,-7.68044694583062
13537.455754454522,4204.87091740816,21.871582021936288,-7.60766694583062
13537.455754454522,4409.496575012922,21.882465099485326,-4.31041694583062
13537.455754454522,5432.624863036739,21.985679319494704,-5.748716945830621
13537.455754454522,5637.250520641503,21.91577407192669,-0.2909469458306203
13537.455754454522,5841.876178246266,21.85994176974107,-1.2998919458306202
13537.455754454522,6046.501835851029,21.879725729625846,-4.21074194583062
13537.455754454522,6251.127493455792,21.999158106482888,3.729213054169379
13537.455754454522,6455.753151060556,22.167587632244324,-4.8818669458306205
13537.455754454522,7478.881439084373,22.405599042121313,-4.24396694583062
13537.455754454522,7683.507096689135,22.2745295472281,-5.373100279163954
13537.455754454522,7888.132754293899,22.3680308572682,22.212669417805742
13537.455754454522,8092.758411898662,22.5981135290301,-1.4324269458306205
13537.455754454522,8297.384069503425,22.714767032705602,-5.83361694583062
13537.455754454522,9729.763672736768,23.30171374489654,-3.0425419458306204
13537.455754454522,9934.389330341532,23.518953757819798,3.5012930541693805
13650.184414171847,214.67059411527444,23.51094156291136,18.009199720836044
13650.184414171847,419.29625172003773,23.41275597991142,1.3743930541693796
13650.184414171847,623.921909324801,23.282460235333872,-3.413485127648802
13650.184414171847,828.5475669295644,23.205647161915564,-4.9811336124972865
13650.184414171847,1033.1732245343278,23.0425375274865,-5.39374194583062
13650.184414171847,1237.7988821390911,22.936500683928973,10.580396690533014
13650.184414171847,1442.4245397438544,22.895707232909988,-0.8499419458306202
13650.184414171847,1647.0501973486178,22.859688371636704,-5.00811694583062
13650.184414171847,2056.301512558144,22.560006018598454,-5.030833612497287
13650.184414171847,2260.9271701629077,22.55485507568577,3.3545330541693787
13650.184414171847,2465.5528277676713,22.545220236560752,13.676533054169381
13650.184414171847,2670.1784853724344,22.493074259662137,-7.00551694583062
13650.184414171847,2874.8041429771974,22.27726945886295,-7.78978694583062
13650.184414171847,3079.429800581961,22.295287301883885,-4.8769169458306205
13650.184414171847,3284.0554581867245,22.283173414587242,-6.345381231544906
13650.184414171847,3488.6811157914876,22.02856853214525,-8.27656694583062
13650.184414171847,3693.3067733962507,22.27459730523745,-6.02306694583062
13650.184414171847,3897.9324310010143,22.152044688272923,2.5844330541693803
13650.184414171847,4102.558088605778,22.043905307511245,-4.79431694583062
13650.184414171847,4307.18374621054,22.03474473060549,4.58103305416938
13650.184414171847,4511.809403815304,22.03510936713893,-4.553689168052843
13650.184414171847,4716.4350614200675,22.17517996434807,-4.51731694583062
13650.184414171847,5330.312034234357,22.094308020255784,-6.4177169458306205
13650.184414171847,5534.937691839121,22.051807066959572,-3.9406169458306204
13650.184414171847,5739.563349443884,22.078532166304594,-1.79979194583062
13650.184414171847,5944.189007048647,21.997376377490312,-1.0829169458306205
13650.184414171847,6148.814664653411,22.127452160084662,-4.070226945830621
13650.184414171847,6353.440322258174,22.154016289718964,-3.31856694583062
13650.184414171847,6558.065979862938,22.304968024763056,-7.3231669458306206
13650.184414171847,7171.942952677227,22.48563194480969,-3.6299669458306205
13650.184414171847,7376.568610281991,22.46162740014226,-1.9083969458306203
13650.184414171847,7581.194267886754,22.626640885435307,-6.58201694583062
13650.184414171847,7785.819925491517,22.56641148200529,-3.929966945830621
13650.184414171847,7990.445583096281,22.614024021734267,-5.246133612497286
13650.184414171847,8195.071240701043,22.755474348099156,-3.0919369458306205
13650.184414171847,9627.450843934386,23.41933917137043,1.109404482740809
13650.184414171847,9832.07650153915,23.481081566119997,-7.59546694583062
13762.91307388917,112.35776531289278,23.71534604831857,-2.204111390275065
13762.91307388917,316.98342291765607,23.616034098044523,-1.5047069458306204
13762.91307388917,521.6090805224194,23.472907139131397,5.18535305416938
13762.91307388917,726.2347381271827,23.360444831836393,-4.715238374402048
13762.91307388917,930.8603957319459,23.221890005908193,-2.31798694583062
13762.91307388917,1340.1117109414727,22.989188710246424,-4.09431694583062
13762.91307388917,1544.7373685462362,23.034053571910604,-2.5850669458306204
13762.91307388917,1749.3630261509993,22.95774812114949,-1.4798481958306202
13762.91307388917,1953.9886837557628,22.953480968520445,-7.89906694583062
13762.91307388917,2158.614341360526,22.82390315060075,-8.13286694583062
13762.91307388917,2363.2399989652895,22.696963688123756,-5.44106694583062
13762.91307388917,2567.8656565700526,22.646652657074906,-1.5963919458306206
13762.91307388917,2772.491314174816,22.53738119309982,-6.700458612497287
13762.91307388917,2977.116971779579,22.459110389824502,-7.679854445830619
13762.91307388917,3181.7426293843428,22.37903830324118,-5.3555396731033476
13762.91307388917,3386.368286989106,22.48035447531686,-2.1729336124972867
13762.91307388917,3590.9939445938694,22.354595476097465,-4.658516945830621
13762.91307388917,3795.6196021986325,22.29437269936759,-4.767200279163954
13762.91307388917,4000.245259803396,22.2058051241864,-4.19021694583062
13762.91307388917,4204.87091740816,22.38059200165664,-3.5583669458306204
13762.91307388917,4409.496575012922,22.19403357468306,-2.8576419458306197
13762.91307388917,4614.122232617686,22.24397231928795,-1.3596419458306204
13762.91307388917,4818.747890222449,22.252744218839972,3.13146162559795
13762.91307388917,5227.9992054319755,22.266767588522058,-1.3485169458306203
13762.91307388917,5432.624863036739,22.255157456791732,-1.6634919458306203
13762.91307388917,5637.250520641503,22.179104046111615,-3.9337919458306203
13762.91307388917,5841.876178246266,22.282003998780073,-0.44708361249728706
13762.91307388917,6046.501835851029,22.19826395836732,0.6220330541693802
13762.91307388917,6251.127493455792,22.339258104855904,-1.073996357595326
13762.91307388917,6455.753151060556,22.3589701727765,2.9745580541693797
13762.91307388917,6660.378808665319,22.410727425383683,-2.1905002791639534
13762.91307388917,6865.004466270082,22.47069754217332,-3.64696694583062
13762.91307388917,7274.255781479609,22.59429282184045,-4.322366945830621
13762.91307388917,7478.881439084373,22.6008757845631,-2.9913269458306204
13762.91307388917,7683.507096689135,22.73030182141924,13.151133054169376
13762.91307388917,7888.132754293899,22.76819986896106,12.637933054169379
13762.91307388917,8092.758411898662,22.84076909305553,17.718087599623928
13762.91307388917,8297.384069503425,22.948555093555083,-5.311211390275065
13762.91307388917,9729.763672736768,23.546218023144213,-4.81880694583062
13875.641733606495,10.044936510511121,23.975334248484877,-3.575666945830621
13875.641733606495,214.67059411527444,23.86285840193853,8.28309305416938
13875.641733606495,419.29625172003773,23.69610088390111,2.339094165280491
13875.641733606495,623.921909324801,23.60255191596415,-4.250600279163953
13875.641733606495,1442.4245397438544,23.193955629514456,-2.0064419458306197
13875.641733606495,1647.0501973486178,23.046042393809504,0.8472830541693799
13875.641733606495,1851.675854953381,23.04969149596724,-3.924643868907544
13875.641733606495,2056.301512558144,23.006947927728312,-1.1758919458306196
13875.641733606495,2260.9271701629077,22.864138553428983,-4.12800694583062
13875.641733606495,2465.5528277676713,22.799532661788767,-1.9421780569417315
13875.641733606495,2670.1784853724344,22.704894068922783,-4.881883612497288
13875.641733606495,2874.8041429771974,22.670289621358087,2.2056580541693784
13875.641733606495,3079.429800581961,22.51535189675184,-3.4753336124972862
13875.641733606495,3284.0554581867245,22.66340904239353,-5.202126945830621
13875.641733606495,3488.6811157914876,22.476651394055278,-3.26616694583062
13875.641733606495,3693.3067733962507,22.384363106437302,-5.53294194583062
13875.641733606495,3897.9324310010143,22.45535451336651,0.7719130541693797
13875.641733606495,4102.558088605778,22.459234734613943,-5.68811694583062
13875.641733606495,4307.18374621054,22.267004625356048,-4.417916945830621
13875.641733606495,4511.809403815304,22.418252927685877,-3.3790169458306205
13875.641733606495,4716.4350614200675,22.382738163570025,-1.8086002791639535
13875.641733606495,4921.060719024831,22.282139166611834,8.555683054169378
13875.641733606495,5125.686376629595,22.380240103586786,-0.8764169458306208
13875.641733606495,5330.312034234357,22.244124948697813,-5.933266945830621
13875.641733606495,5534.937691839121,22.27459730523745,-4.14586694583062
13875.641733606495,5739.563349443884,22.455428551317105,-1.9030955172591921
13875.641733606495,5944.189007048647,22.464284105426806,0.09087305416937994
13875.641733606495,6148.814664653411,22.47324586316351,-3.9552569458306195
13875.641733606495,6353.440322258174,22.50334474021775,-2.3559269458306202
13875.641733606495,6558.065979862938,22.521404676091404,-0.05992408868776294
13875.641733606495,6762.691637467701,22.524302257922688,-5.68968694583062
13875.641733606495,7171.942952677227,22.849266656173718,3.96620805416938
13875.641733606495,7376.568610281991,22.619247994416455,-2.3804669458306202
13875.641733606495,7581.194267886754,22.906880188868595,12.21273305416938
13875.641733606495,7785.819925491517,22.899466081556504,9.852408054169379
13875.641733606495,7990.445583096281,22.989236036936976,5.896783054169379
13875.641733606495,8195.071240701043,23.095650759825357,41.50803305416938
13875.641733606495,8399.696898305807,23.167458520626834,-3.78630444583062
13875.641733606495,9627.450843934386,23.730843532624746,-6.8611294458306205
13875.641733606495,9832.07650153915,23.75232833965262,-3.5150502791639533
13988.37039332382,112.35776531289278,23.913906748807108,0.044475911312236605
13988.37039332382,316.98342291765607,23.884027233557152,0.5787330541693794
13988.37039332382,521.6090805224194,23.793108875269276,0.2534421450784707
13988.37039332382,1544.7373685462362,23.240083814574152,-2.927882330446004
13988.37039332382,1749.3630261509993,23.266219375336032,-4.93168694583062
13988.37039332382,1953.9886837557628,23.059489177512873,-2.2517669458306204
13988.37039332382,2158.614341360526,23.09208379727523,-4.577982330446005
13988.37039332382,2363.2399989652895,22.977592972357886,-6.6546526601163345
13988.37039332382,2567.8656565700526,22.852841988202172,-8.35746694583062
13988.37039332382,2772.491314174816,22.8044713068357,-5.716911390275064
13988.37039332382,2977.116971779579,22.783755785372065,-8.07361694583062
13988.37039332382,3181.7426293843428,22.780422855332805,-5.67206694583062
13988.37039332382,3386.368286989106,22.687888430676335,-6.802800279163954
13988.37039332382,3590.9939445938694,22.780132136106896,-3.0544002791639535
13988.37039332382,3795.6196021986325,22.65797404410731,-2.743583612497287
13988.37039332382,4000.245259803396,22.61331405178777,-5.39508694583062
13988.37039332382,4204.87091740816,22.633541866782107,-3.2365336124972868
13988.37039332382,4409.496575012922,22.465669635029723,-3.5741669458306204
13988.37039332382,4614.122232617686,22.58644305942539,-3.1611269458306204
13988.37039332382,4818.747890222449,22.505395162863767,-2.3470002791639537
13988.37039332382,5023.373547827213,22.637509386560545,-3.22361694583062
13988.37039332382,5227.9992054319755,22.527358680914876,-3.77358694583062
13988.37039332382,5432.624863036739,22.545088439671158,-3.986833612497287
13988.37039332382,5637.250520641503,22.599270956052568,-2.745400279163954
13988.37039332382,5841.876178246266,22.561949019688903,-1.1871669458306204
13988.37039332382,6046.501835851029,22.653323771748855,-3.7107336124972865
13988.37039332382,6251.127493455792,22.653274464348453,-2.4009502791639536
13988.37039332382,6455.753151060556,22.763705416637293,-1.7757169458306201
13988.37039332382,6660.378808665319,22.630239181876714,-1.37869194583062
13988.37039332382,7069.630123874846,22.878013564946176,7.524208054169378
13988.37039332382,7274.255781479609,22.798974438008866,11.829790197026524
13988.37039332382,7478.881439084373,22.9486024979331,2.9941663875027125
13988.37039332382,7683.507096689135,22.94632995483714,-5.42806694583062
13988.37039332382,7888.132754293899,23.08742528332105,-4.892609802973477
13988.37039332382,8092.758411898662,23.121175712088345,6.700266387502711
13988.37039332382,8297.384069503425,23.282054998183753,19.983599720836047
13988.37039332382,8502.009727108189,23.312319244286254,-0.34246694583062
13988.37039332382,9320.512357527241,23.778955433085684,-4.14836694583062
13988.37039332382,9525.138015132005,23.816044550613388,-5.072600279163953
13988.37039332382,9729.763672736768,23.912448541496644,6.275551235987561
14101.099053041144,214.67059411527444,24.05022212788006,3.162260326896652
14101.099053041144,419.29625172003773,23.964985410268916,-1.532931231544906
14101.099053041144,623.921909324801,23.83171806058702,10.63703305416938
14101.099053041144,1647.0501973486178,23.423643161529768,-5.02149694583062
14101.099053041144,1851.675854953381,23.286617819936126,-1.8589113902750651
14101.099053041144,2056.301512558144,23.235854496137083,-6.476533612497287
14101.099053041144,2260.9271701629077,23.17113051742983,-6.3027900227536975
14101.099053041144,3079.429800581961,22.845547246413645,-5.6669169458306206
14101.099053041144,3284.0554581867245,22.918515703177743,-6.99323837440205
14101.099053041144,3488.6811157914876,22.921229892519353,1.46605805416938
14101.099053041144,3693.3067733962507,22.84960698064568,-3.532566945830621
14101.099053041144,3897.9324310010143,22.796864928259495,-3.6507502791639532
14101.099053041144,4102.558088605778,22.719658917317503,-3.028895517259192
14101.099053041144,4307.18374621054,22.728904545479764,0.06629972083604645
14101.099053041144,4511.809403815304,22.739861501867395,-2.11494194583062
14101.099053041144,4716.4350614200675,22.811411201092575,-1.2378955172591917
14101.099053041144,4921.060719024831,22.697256737106386,-1.426033612497287
14101.099053041144,5125.686376629595,22.748227282641295,-1.7859269458306202
14101.099053041144,5330.312034234357,22.685245242068586,-5.76391694583062
14101.099053041144,5534.937691839121,22.732786197458545,-5.936641945830621
14101.099053041144,5944.189007048647,22.823758723254638,-3.38016694583062
14101.099053041144,6148.814664653411,22.743782292330366,-2.1939369458306204
14101.099053041144,6353.440322258174,22.804868711735924,0.06291876845509416
14101.099053041144,6558.065979862938,22.82374259807963,-0.16350027916395327
14101.099053041144,6967.317295072464,23.053169569388945,6.651533054169381
14101.099053041144,7171.942952677227,22.94973911907468,-5.67414194583062
14101.099053041144,7376.568610281991,23.0248017985913,-3.5304669458306197
14101.099053041144,7581.194267886754,23.137820283058016,9.534366387502713
14101.099053041144,7785.819925491517,23.20594371121813,1.220533054169379
14101.099053041144,7990.445583096281,23.224620551477365,6.081313054169381
14101.099053041144,8195.071240701043,23.26816969097128,38.81989972083605
14101.099053041144,8399.696898305807,23.37285993537565,2.810993054169379
14101.099053041144,8604.32255591057,23.540182890858034,-4.71206694583062
14101.099053041144,8808.948213515332,23.67711026017869,-4.4188669458306205
14101.099053041144,9218.19952872486,23.892915345634567,2.81943305416938
14101.099053041144,9422.825186329623,23.886862901030014,-0.3343336124972873
14101.099053041144,9627.450843934386,23.982520065300015,-2.582524088687763
14213.827712758468,112.35776531289278,24.23518533203959,8.58168305416938
14213.827712758468,316.98342291765607,24.152019271925464,-3.048074638138312
14213.827712758468,521.6090805224194,24.0311938291142,-3.597050279163954
14213.827712758468,1749.3630261509993,23.470097958750966,-4.8219502791639535
14213.827712758468,1953.9886837557628,23.465651778234612,-5.296933612497287
14213.827712758468,2158.614341360526,23.43875479461161,-6.738981231544906
14213.827712758468,2363.2399989652895,23.16603134691862,-7.76726694583062
14213.827712758468,3181.7426293843428,22.97493400957036,-1.7615169458306204
14213.827712758468,3386.368286989106,23.15194901246328,-8.188700279163953
14213.827712758468,3590.9939445938694,23.016164069756417,-1.78152694583062
14213.827712758468,3795.6196021986325,22.919712385462205,-4.144633612497287
14213.827712758468,4000.245259803396,22.956842631270636,0.2397580541693798
14213.827712758468,4204.87091740816,22.981831915050208,-2.1262336124972867
14213.827712758468,4409.496575012922,22.8862450530273,-2.603383612497287
14213.827712758468,4614.122232617686,22.818009446385684,-5.1276469458306195
14213.827712758468,4818.747890222449,22.788867781193616,0.7209730541693797
14213.827712758468,5023.373547827213,22.87796553903564,-3.0143419458306195
14213.827712758468,5227.9992054319755,22.903074013558378,-3.2419502791639534
14213.827712758468,5432.624863036739,23.01059442460579,-6.44556694583062
14213.827712758468,5637.250520641503,22.939178941153834,-4.60846694583062
14213.827712758468,5841.876178246266,22.886483900627482,-3.3182002791639533
14213.827712758468,6046.501835851029,23.03188199699737,-2.2061919458306205
14213.827712758468,6251.127493455792,22.996245070548625,-4.72996694583062
14213.827712758468,6455.753151060556,23.000284960571523,-0.23555925352292814
14213.827712758468,6660.378808665319,22.989236036936976,-3.53031694583062
14213.827712758468,6865.004466270082,23.194071675095582,1.5484830541693793
14213.827712758468,7069.630123874846,23.172901982184705,1.1246830541693797
14213.827712758468,7478.881439084373,23.156653485676202,3.3117330541693804
14213.827712758468,7683.507096689135,23.300789454275247,-3.9124002791639527
14213.827712758468,7888.132754293899,23.334528414451704,-2.3936044458306203
14213.827712758468,8092.758411898662,23.476715328973736,0.18455805416937987
14213.827712758468,8297.384069503425,23.531651746715983,30.704856131092455
14213.827712758468,8502.009727108189,23.62408377749829,12.758933054169383
14213.827712758468,8706.635384712952,23.688157905548987,4.8367512359875615
14213.827712758468,8911.261042317714,23.844843994055854,-0.5792669458306197
14213.827712758468,9115.886699922477,23.83171806058702,1.2728330541693804
14213.827712758468,9320.512357527241,23.956216838890757,-3.291490022753697
14213.827712758468,9525.138015132005,24.0232018561447,-2.211481231544906
14213.827712758468,9729.763672736768,24.153486754852956,3.3450455541693804
14326.556372475792,214.67059411527444,24.329545129301703,-1.1685502791639535
14326.556372475792,419.29625172003773,24.210793698652203,-3.70124694583062
14326.556372475792,1647.0501973486178,23.57867449390647,-6.31066694583062
14326.556372475792,1851.675854953381,23.602989901721127,-4.367539673103348
14326.556372475792,2056.301512558144,23.477075097413802,-2.53856694583062
14326.556372475792,2260.9271701629077,23.483408434022326,-6.8746169458306206
14326.556372475792,3488.6811157914876,23.235682803647247,-5.133266945830621
14326.556372475792,3693.3067733962507,23.193839933171144,-0.032466945830620375
14326.556372475792,3897.9324310010143,23.049523596787235,0.4138080541693796
14326.556372475792,4102.558088605778,23.116446236438346,-0.06255027916395332
14326.556372475792,4307.18374621054,23.059405429526542,-0.7243669458306202
14326.556372475792,4511.809403815304,22.89608215391742,-3.379766945830621
14326.556372475792,5125.686376629595,23.003443410922486,-5.16131694583062
14326.556372475792,5330.312034234357,23.018172364794523,-0.7940002791639534
14326.556372475792,5739.563349443884,23.019971353881697,-0.10873361249728693
14326.556372475792,5944.189007048647,23.10270746964474,-3.01156694583062
14326.556372475792,6148.814664653411,23.144767891966378,-2.0966469458306203
14326.556372475792,6353.440322258174,23.132758795551805,-1.894833612497287
14326.556372475792,6967.317295072464,23.245201272196073,-3.02276694583062
14326.556372475792,7171.942952677227,23.36490035466548,-2.252183612497287
14326.556372475792,7376.568610281991,23.417454099119663,12.03878305416938
14326.556372475792,7581.194267886754,23.46710413936676,15.388653054169378
14326.556372475792,7785.819925491517,23.482038212263536,-3.2634169458306204
14326.556372475792,7990.445583096281,23.536081541865148,-3.801152660116334
14326.556372475792,8195.071240701043,23.5952748638158,17.62588305416938
14326.556372475792,8399.696898305807,23.699334084714362,23.12513305416938
14326.556372475792,8604.32255591057,23.765308943072956,20.210833054169377
14326.556372475792,8808.948213515332,23.847400280682315,10.33511305416938
14326.556372475792,9218.19952872486,24.044580970184473,9.70833305416938
14326.556372475792,9422.825186329623,24.14550543504916,-4.65211694583062
14326.556372475792,9627.450843934386,24.234276159774883,-4.246741945830621
14326.556372475792,9832.07650153915,24.239678866943436,-3.7839336124972873
14439.285032193116,112.35776531289278,24.492916100186704,4.482066387502712
14439.285032193116,316.98342291765607,24.37179113117773,-1.8389113902750651
14439.285032193116,521.6090805224194,24.24699104865235,-4.44485444583062
14439.285032193116,1749.3630261509993,23.763793604351935,-1.4483098029734776
14439.285032193116,1953.9886837557628,23.69040948159943,8.10943305416938
14439.285032193116,2158.614341360526,23.613167551011436,-5.312131231544906
14439.285032193116,3590.9939445938694,23.406378025243175,-4.481033612497288
14439.285032193116,3795.6196021986325,23.293473291587727,-2.54896694583062
14439.285032193116,4000.245259803396,23.246277411165806,-3.6106419458306203
14439.285032193116,4204.87091740816,23.154647914437827,-2.16744694583062
14439.285032193116,4409.496575012922,23.095650759825357,-5.5899669458306205
14439.285032193116,5227.9992054319755,23.141757079659747,-3.0135526601163343
14439.285032193116,5432.624863036739,23.14313218545589,-0.5671044458306203
14439.285032193116,5637.250520641503,23.27290338788936,-3.4853336124972873
14439.285032193116,5841.876178246266,23.22524733955159,-3.1517669458306203
14439.285032193116,6046.501835851029,23.230283872175963,-0.6618269458306202
14439.285032193116,6251.127493455792,23.257346538762857,-1.712433612497287
14439.285032193116,7274.255781479609,23.564981402054915,-3.7013447236083987
14439.285032193116,7478.881439084373,23.538159575618128,-6.782766945830621
14439.285032193116,7683.507096689135,23.588994183962278,-3.1733469458306205
14439.285032193116,7888.132754293899,23.643011800437062,-2.4116569458306207
14439.285032193116,8092.758411898662,23.778904804241222,20.96391638750271
14439.285032193116,8297.384069503425,23.936383101495622,-4.0419669458306196
14439.285032193116,8502.009727108189,23.962378838369407,-5.93696694583062
14439.285032193116,8911.261042317714,24.07087404436064,17.46446638750271
14439.285032193116,9115.886699922477,24.19287392606033,3.2065997208360475
14439.285032193116,9320.512357527241,24.244797326659306,9.906583054169381
14439.285032193116,9525.138015132005,24.36757423530408,-3.442966945830621
14439.285032193116,9729.763672736768,24.440335961694437,-3.1472294458306203
14552.01369191044,214.67059411527444,24.605388273502932,-0.09694551725919183
14552.01369191044,419.29625172003773,24.49991353730992,-1.1219919458306202
14552.01369191044,1647.0501973486178,24.065685208368453,33.911733054169375
14552.01369191044,1851.675854953381,23.927433994940397,-5.29431694583062
14552.01369191044,2056.301512558144,23.79508272663198,-4.767391945830621
14552.01369191044,3488.6811157914876,23.429059856864523,-7.975866945830619
14552.01369191044,3693.3067733962507,23.417388582479543,-0.2936955172591918
14552.01369191044,3897.9324310010143,23.42461367634817,-2.58236694583062
14552.01369191044,4102.558088605778,23.354946670709303,-0.09920694583062026
14552.01369191044,4307.18374621054,23.2638022672394,-0.7451669458306203
14552.01369191044,5534.937691839121,23.305248504476513,-1.8390669458306201
14552.01369191044,5739.563349443884,23.337548156372915,0.8007830541693801
14552.01369191044,5944.189007048647,23.34211414296982,2.180866387502714
14552.01369191044,6148.814664653411,23.44262339824216,-4.02111694583062
14552.01369191044,6353.440322258174,23.346863033615826,-6.80511694583062
14552.01369191044,7171.942952677227,23.61910033993165,-7.88686694583062
14552.01369191044,7376.568610281991,23.6722529203677,-1.4695002791639535
14552.01369191044,7581.194267886754,23.79216766442985,-4.86786694583062
14552.01369191044,7785.819925491517,23.810985708434277,7.711525361861688
14552.01369191044,7990.445583096281,23.903365900317677,24.41457055416938
14552.01369191044,8195.071240701043,23.93608520317799,-4.50606694583062
14552.01369191044,8399.696898305807,24.01672417866944,1.00149305416938
14552.01369191044,8604.32255591057,24.078179084905813,-4.5129669458306205
14552.01369191044,8808.948213515332,24.11027590618021,-2.58009194583062
14552.01369191044,9013.573871120096,24.193055219663613,-5.087795517259191
14552.01369191044,9218.19952872486,24.3609663674001,-4.832276036739711
14552.01369191044,9422.825186329623,24.413343682589673,-3.75646694583062
14552.01369191044,9627.450843934386,24.56637117652002,-0.9678891680528431
14552.01369191044,9832.07650153915,24.554209907279233,-4.268057854921529
14664.742351627765,112.35776531289278,24.738187768359282,-5.15556694583062
14664.742351627765,316.98342291765607,24.699552796247872,-3.33164694583062
14664.742351627765,521.6090805224194,24.590797832830066,-6.02886694583062
14664.742351627765,1544.7373685462362,24.26913164754155,-8.81966694583062
14664.742351627765,1749.3630261509993,24.108199524551694,-4.818433612497286
14664.742351627765,1953.9886837557628,24.016522444733802,-5.52744694583062
14664.742351627765,2158.614341360526,23.95886486789087,-4.65939194583062
14664.742351627765,3590.9939445938694,23.686034863293617,-5.98376694583062
14664.742351627765,3795.6196021986325,23.500125522878974,-1.51268694583062
14664.742351627765,4000.245259803396,23.587362960559688,-3.555733612497287
14664.742351627765,4204.87091740816,23.408759254047638,0.48223305416938
14664.742351627765,5637.250520641503,23.522185462111455,-1.5893169458306202
14664.742351627765,5841.876178246266,23.589081588596194,-2.19218694583062
14664.742351627765,6046.501835851029,23.61227432159145,0.32503305416937955
14664.742351627765,6251.127493455792,23.605492491919254,-4.51736694583062
14664.742351627765,7274.255781479609,23.70979920423301,4.28573305416938
14664.742351627765,7478.881439084373,23.906699488857623,6.542705781442108
14664.742351627765,7683.507096689135,23.95374189829243,-3.3318336124972867
14664.742351627765,7888.132754293899,23.96039501872082,-0.7793240886877629
14664.742351627765,8092.758411898662,24.07995626622774,7.27219555416938
14664.742351627765,8297.384069503425,24.0784227267007,-1.9529669458306202
14664.742351627765,8502.009727108189,24.116919317808033,-8.13936694583062
14664.742351627765,8706.635384712952,24.206018546259873,0.6543330541693795
14664.742351627765,8911.261042317714,24.27741091978262,0.930799720836046
14664.742351627765,9115.886699922477,24.4683408166989,2.2658830541693797
14664.742351627765,9320.512357527241,24.553954767365763,-5.086466945830621
14664.742351627765,9525.138015132005,24.571690158884238,-0.6415113902750649
14664.742351627765,9729.763672736768,24.652546348929683,7.705613054169381
14777.47101134509,10.044936510511121,24.901941842545398,0.18653305416938037
14777.47101134509,214.67059411527444,24.860375205400686,-5.56386694583062
14777.47101134509,419.29625172003773,24.747410593983556,5.460633054169378
14777.47101134509,1442.4245397438544,24.40641259937838,-3.1110336124972875
14777.47101134509,1647.0501973486178,24.27306711594373,-3.8256669458306205
14777.47101134509,1851.675854953381,24.23295012305829,-6.634209802973477
14777.47101134509,2056.301512558144,24.135796869728747,-6.987633612497286
14777.47101134509,3693.3067733962507,23.78770582466449,-2.0749002791639537
14777.47101134509,3897.9324310010143,23.76556968305586,-1.2340336124972868
14777.47101134509,4102.558088605778,23.5876580152454,-1.9756336124972869
14777.47101134509,5739.563349443884,23.676964275363815,-0.2159225013861757
14777.47101134509,5944.189007048647,23.704211948623232,-1.6738419458306204
14777.47101134509,6148.814664653411,23.68812729778642,-2.9612252791639535
14777.47101134509,7376.568610281991,23.93379916709486,2.3194663875027133
14777.47101134509,7581.194267886754,23.988289658600348,4.06583305416938
14777.47101134509,7785.819925491517,24.018146207188707,4.75383305416938
14777.47101134509,7990.445583096281,24.140489958843766,-1.9779240886877627
14777.47101134509,8195.071240701043,24.142384131042093,-1.5235336124972865
14777.47101134509,8808.948213515332,24.33183732503376,-4.54376694583062
14777.47101134509,9013.573871120096,24.46421407954975,6.012299720836047
14777.47101134509,9218.19952872486,24.53669383346189,-2.768524088687763
14777.47101134509,9422.825186329623,24.679518282014072,-1.8491002791639535
14777.47101134509,9627.450843934386,24.76485617755153,0.31551487235119774
14777.47101134509,9832.07650153915,24.783482199435685,19.765333054169382
14890.199671062413,112.35776531289278,24.97206820831903,8.438066387502712
14890.199671062413,316.98342291765607,24.952707622444283,-0.01736694583061989
14890.199671062413,521.6090805224194,24.86641591271711,-2.316524088687763
14890.199671062413,1544.7373685462362,24.431040448637845,-7.95551694583062
14890.199671062413,1749.3630261509993,24.297785459429715,-4.215924088687763
14890.199671062413,1953.9886837557628,24.32235067096416,-7.219866945830621
14890.199671062413,2158.614341360526,24.306755054036874,-4.93726694583062
14890.199671062413,3590.9939445938694,23.936383101495622,4.268933054169379
14890.199671062413,3795.6196021986325,23.97190398847577,-3.1494919458306203
14890.199671062413,4000.245259803396,23.8181874938875,-4.849506945830621
14890.199671062413,5841.876178246266,23.820449549972153,-1.8192669458306205
14890.199671062413,6046.501835851029,23.789490560570634,-3.8797069458306206
14890.199671062413,7478.881439084373,24.164364165298625,1.682360326896653
14890.199671062413,7888.132754293899,24.248446083140752,-4.618305407369082
14890.199671062413,9320.512357527241,24.63937349790757,1.2687330541693802
14890.199671062413,9525.138015132005,24.783482199435685,-1.4402669458306203
14890.199671062413,9729.763672736768,24.96447106942952,8.946199720836047
15002.928330779738,10.044936510511121,25.208732877374334,-4.62441694583062
15002.928330779738,214.67059411527444,25.053578709682917,-0.14929194583062033
15002.928330779738,419.29625172003773,25.02450129525743,-5.148966945830621
15002.928330779738,623.921909324801,24.94892200559592,4.7523330541693785
15002.928330779738,1237.7988821390911,24.699706009917445,0.3398330541693797
15002.928330779738,1442.4245397438544,24.562110291904705,-7.457266945830619
15002.928330779738,1647.0501973486178,24.447733611714124,4.68948305416938
15002.928330779738,1851.675854953381,24.50500592659008,-3.6605225013861755
15002.928330779738,2056.301512558144,24.414985316866357,-3.33369694583062
15002.928330779738,3693.3067733962507,24.035371804377775,-0.5283336124972866
15002.928330779738,3897.9324310010143,23.929862938116464,-7.709066945830621
15002.928330779738,4102.558088605778,24.09986912800568,-2.670733612497287
15002.928330779738,5739.563349443884,24.09773785428039,-1.0752169458306202
15002.928330779738,5944.189007048647,23.974985861233712,0.14988305416937986
15002.928330779738,6148.814664653411,24.14884699688639,-5.80886694583062
15002.928330779738,7376.568610281991,24.306755054036874,-6.55706694583062
15002.928330779738,7581.194267886754,24.32295078110732,8.956949720836048
15002.928330779738,7785.819925491517,24.36179560581472,3.5924080541693795
15002.928330779738,7990.445583096281,24.37542846031681,6.925458054169379
15002.928330779738,9627.450843934386,25.034918872504306,-1.5605669458306202
15115.656990497062,112.35776531289278,25.24512256972444,1.4365759113122372
15115.656990497062,316.98342291765607,25.19712570982012,3.0439630541693794
15115.656990497062,521.6090805224194,25.134419649815904,-2.8268869458306205
15115.656990497062,726.2347381271827,25.03616309409057,-5.65574194583062
15115.656990497062,930.8603957319459,24.954766750689046,-2.72881694583062
15115.656990497062,1135.4860533367096,24.872458215370813,-8.58791694583062
15115.656990497062,1340.1117109414727,24.68597813204033,-4.03151694583062
15115.656990497062,1544.7373685462362,24.70705546876636,-6.14545444583062
15115.656990497062,1749.3630261509993,24.648133576895432,-6.34971694583062
15115.656990497062,1953.9886837557628,24.600278429611127,-3.10712694583062
15115.656990497062,2158.614341360526,24.548000956418452,-4.86641694583062
15115.656990497062,3386.368286989106,24.344297658086433,1.4023330541693806
15115.656990497062,3590.9939445938694,24.14667429636005,-3.3014336124972865
15115.656990497062,3795.6196021986325,24.212247687894717,-0.49466694583062054
15115.656990497062,4000.245259803396,24.167828226663907,-1.7967977150613896
15115.656990497062,5637.250520641503,24.25019771715705,2.2677830541693798
15115.656990497062,5841.876178246266,24.161113139662074,-1.6008369458306206
15115.656990497062,6046.501835851029,24.138359898891554,-2.8130369458306204
15115.656990497062,7478.881439084373,24.425547204496453,-2.0901669458306196
15115.656990497062,7683.507096689135,24.452746727844776,-0.6617919458306205
15115.656990497062,7888.132754293899,24.494361172974912,6.506075911312236
15115.656990497062,9525.138015132005,25.1007753677018,-4.222833612497287
15115.656990497062,9729.763672736768,25.11142906903756,-6.6457336124972874
15228.385650214386,10.044936510511121,25.391698769304867,-4.36184194583062
15228.385650214386,214.67059411527444,25.343096289337964,-0.10662694583062002
15228.385650214386,419.29625172003773,25.240426429179287,4.388023054169379
15228.385650214386,623.921909324801,25.173221694584186,-7.921606945830621
15228.385650214386,828.5475669295644,25.076766484797403,-1.4403336124972872
15228.385650214386,1033.1732245343278,24.97450622643947,-6.09316694583062
15228.385650214386,1237.7988821390911,24.887408930353978,-6.10494694583062
15228.385650214386,1442.4245397438544,24.820592455392863,-4.411209802973477
15228.385650214386,1647.0501973486178,24.78481009662411,-6.39177944583062
15228.385650214386,1851.675854953381,24.681567885788347,-4.42586694583062
15228.385650214386,2056.301512558144,24.644014843838697,-3.3370069458306206
15228.385650214386,2260.9271701629077,24.619772246864336,-4.59380694583062
15228.385650214386,3284.0554581867245,24.435326693064933,-4.62906694583062
15228.385650214386,3488.6811157914876,24.300403342685826,-2.19686694583062
15228.385650214386,3693.3067733962507,24.30286000989191,-3.4024526601163347
15228.385650214386,3897.9324310010143,24.30046428567621,1.0672080541693796
15228.385650214386,4102.558088605778,24.322330384879756,-2.50941694583062
15228.385650214386,5534.937691839121,24.369218324191785,-3.5324669458306195
15228.385650214386,5739.563349443884,24.268989305082286,-2.40812944583062
15228.385650214386,5944.189007048647,24.301183169497246,-3.0433955172591913
15228.385650214386,6148.814664653411,24.224952476644376,-2.4434669458306204
15228.385650214386,7376.568610281991,24.623155804925933,-4.093733612497286
15228.385650214386,7581.194267886754,24.578466234008463,14.736353054169381
15228.385650214386,7785.819925491517,24.605773505008933,-6.72156694583062
15228.385650214386,9627.450843934386,25.254394168912285,-4.578155834719508
15341.11430993171,112.35776531289278,25.50210187355116,9.52908305416938
15341.11430993171,316.98342291765607,25.393175194272157,-1.3311044458306203
15341.11430993171,521.6090805224194,25.327513828267072,-7.29926694583062
15341.11430993171,726.2347381271827,25.248078511178033,-4.563550279163954
15341.11430993171,930.8603957319459,25.065303744048485,-0.9249669458306204
15341.11430993171,1135.4860533367096,25.12854018382076,-7.46471694583062
15341.11430993171,1544.7373685462362,24.99945412370623,-4.673400279163953
15341.11430993171,1749.3630261509993,24.878309967428837,-7.538926945830619
15341.11430993171,1953.9886837557628,24.81603716386597,-6.331816945830621
15341.11430993171,2158.614341360526,24.791247833096744,-5.553333612497287
15341.11430993171,2363.2399989652895,24.783482199435685,-1.6902669458306203
15341.11430993171,2567.8656565700526,24.756619341346102,-5.59004194583062
15341.11430993171,2977.116971779579,24.711695771267145,-5.95206694583062
15341.11430993171,3181.7426293843428,24.557489953747844,-4.4668098029734775
15341.11430993171,3386.368286989106,24.507246306307533,-5.7033069458306205
15341.11430993171,3590.9939445938694,24.491128745093306,-2.594995517259192
15341.11430993171,3795.6196021986325,24.539385836789595,0.5158530541693798
15341.11430993171,4000.245259803396,24.397946146788456,0.21053305416937995
15341.11430993171,4204.87091740816,24.464161118027814,0.6431997208360466
15341.11430993171,5432.624863036739,24.461952444147457,-5.72461694583062
15341.11430993171,5637.250520641503,24.452287020671328,-0.8003383744020487
15341.11430993171,5841.876178246266,24.500212139537904,-2.77272694583062
15341.11430993171,6046.501835851029,24.464645116153296,-4.618552660116334
15341.11430993171,7274.255781479609,24.72368553261684,-5.70116694583062
15341.11430993171,7478.881439084373,24.733965702596134,-1.21697944583062
15341.11430993171,7683.507096689135,24.783482199435685,-1.5507669458306204
15341.11430993171,7888.132754293899,24.79114744704482,-4.251789168052843
15341.11430993171,9525.138015132005,25.3624031852211,3.0394705541693803
15341.11430993171,9729.763672736768,25.358337039928823,-2.17816694583062
15453.842969649035,10.044936510511121,25.651686019826244,-4.552554445830621
15453.842969649035,214.67059411527444,25.574968823407783,11.695583054169381
15453.842969649035,419.29625172003773,25.455645784459595,-7.495016945830621
15453.842969649035,623.921909324801,25.383308972417026,-0.8274113902750646
15453.842969649035,828.5475669295644,25.339927868212968,-6.97255444583062
15453.842969649035,1033.1732245343278,25.204651396473935,-3.469681231544906
15453.842969649035,1237.7988821390911,25.225797252735674,-2.0072169458306206
15453.842969649035,1442.4245397438544,25.164030399325576,-5.47594694583062
15453.842969649035,1647.0501973486178,25.142067158582865,-4.046633612497287
15453.842969649035,1851.675854953381,25.024647441059834,-2.8281419458306205
15453.842969649035,2056.301512558144,24.901941842545398,-8.65926694583062
15453.842969649035,2260.9271701629077,24.888080347504495,-3.3877836124972873
15453.842969649035,2465.5528277676713,24.82777286343872,-2.9543919458306203
15453.842969649035,2670.1784853724344,24.823043814020647,-3.9708669458306196
15453.842969649035,2874.8041429771974,24.80433115935921,-7.60421694583062
15453.842969649035,3079.429800581961,24.768342186731463,-0.5088669458306203
15453.842969649035,3284.0554581867245,24.63933479097387,2.6073830541693805
15453.842969649035,3488.6811157914876,24.566412389827125,-4.22509194583062
15453.842969649035,3693.3067733962507,24.651440000309545,-4.21106694583062
15453.842969649035,3897.9324310010143,24.60573361584398,-2.2784794458306203
15453.842969649035,4102.558088605778,24.5333695646088,-3.0694336124972867
15453.842969649035,4307.18374621054,24.627229581638193,-1.5229669458306194
15453.842969649035,5330.312034234357,24.651440000309545,1.2544330541693807
15453.842969649035,5534.937691839121,24.513571009422744,3.0070869003232263
15453.842969649035,5739.563349443884,24.612010810741786,-4.24141694583062
15453.842969649035,5944.189007048647,24.495811296950727,-2.0685044458306203
15453.842969649035,6148.814664653411,24.631619607214322,-1.6959054073690818
15453.842969649035,6353.440322258174,24.627229581638193,1.4773330541693799
15453.842969649035,7376.568610281991,24.78331171133723,1.7936830541693798
15453.842969649035,7581.194267886754,24.835781800501252,-1.18020694583062
15453.842969649035,7785.819925491517,24.905714005661803,3.799366387502713
15453.842969649035,9422.825186329623,25.49722938838464,-2.2617169458306208
15453.842969649035,9627.450843934386,25.444695186608595,-6.70576694583062
15566.57162936636,112.35776531289278,25.70298193007634,-3.9361669458306205
15566.57162936636,316.98342291765607,25.627580459344543,-2.670500279163953
15566.57162936636,521.6090805224194,25.52742212391345,0.13531638750271271
15566.57162936636,726.2347381271827,25.464291683643157,-3.7165851276488024
15566.57162936636,930.8603957319459,25.42007062807908,-4.022881231544906
15566.57162936636,1135.4860533367096,25.33839074527691,-6.077991945830621
15566.57162936636,1340.1117109414727,25.317603894581048,-7.537995517259192
15566.57162936636,1544.7373685462362,25.237161708367424,-4.40431694583062
15566.57162936636,1749.3630261509993,25.120044530019754,1.1359580541693792
15566.57162936636,1953.9886837557628,25.08449459768208,-3.1335669458306197
15566.57162936636,2158.614341360526,25.061310368381893,-4.222150279163954
15566.57162936636,2363.2399989652895,25.00914665042157,-1.5418836124972863
15566.57162936636,2567.8656565700526,24.88527968667919,-1.7876869458306204
15566.57162936636,2772.491314174816,24.89869400899841,-3.66836694583062
15566.57162936636,2977.116971779579,24.771568508050812,-2.3723669458306205
15566.57162936636,3181.7426293843428,24.807133869880243,-3.8074336124972867
15566.57162936636,3386.368286989106,24.813191027255446,-2.6875169458306196
15566.57162936636,3590.9939445938694,24.735560853475576,-1.14731694583062
15566.57162936636,3795.6196021986325,24.751432761450882,-0.6486669458306201
15566.57162936636,4000.245259803396,24.69956498158071,-1.0424836124972867
15566.57162936636,4204.87091740816,24.65428210745641,-0.31064194583062066
15566.57162936636,4409.496575012922,24.735560853475576,-1.9976669458306198
15566.57162936636,4614.122232617686,24.77752535374325,-2.1783169458306206
15566.57162936636,4818.747890222449,24.795395890820558,1.3028330541693798
15566.57162936636,5023.373547827213,24.762595204529745,1.2571580541693796
15566.57162936636,5227.9992054319755,24.705700890592297,5.897683054169381
15566.57162936636,5432.624863036739,24.63310257081168,-0.5455526601163344
15566.57162936636,5637.250520641503,24.6851034210059,0.20493305416938004
15566.57162936636,5841.876178246266,24.727781193704196,-1.6298851276488022
15566.57162936636,6046.501835851029,24.680021118360067,-0.7514294458306199
15566.57162936636,6251.127493455792,24.759284470149662,0.015333054169380007
15566.57162936636,7478.881439084373,24.94070929418078,-3.539300279163953
15566.57162936636,7683.507096689135,25.09416210621507,48.10138305416938
15566.57162936636,7888.132754293899,25.013546123555866,-3.826478056941731
15566.57162936636,9525.138015132005,25.546342634481952,-2.52820694583062
15679.300289083685,10.044936510511121,25.85650965654879,-1.2283169458306198
15679.300289083685,214.67059411527444,25.823482685329697,-3.2406869458306202
15679.300289083685,419.29625172003773,25.683514588481135,-3.7535169458306203
15679.300289083685,623.921909324801,25.566822464613416,3.0217530541693804
15679.300289083685,828.5475669295644,25.509157940521337,-2.70736694583062
15679.300289083685,1033.1732245343278,25.466834633150928,-4.626466945830621
15679.300289083685,1237.7988821390911,25.37703819347634,1.5074759113122365
15679.300289083685,1442.4245397438544,25.365992025510636,-5.360428484292158
15679.300289083685,1647.0501973486178,25.225797252735674,-6.21546694583062
15679.300289083685,1851.675854953381,25.2467923103397,8.884945554169379
15679.300289083685,2056.301512558144,25.14529592890631,-3.1124002791639533
15679.300289083685,2260.9271701629077,25.1074373428345,-2.58764194583062
15679.300289083685,2465.5528277676713,25.162900734516096,-3.72401694583062
15679.300289083685,2670.1784853724344,25.031572984638256,-0.9690769458306203
15679.300289083685,2874.8041429771974,25.038272283757603,1.0275997208360472
15679.300289083685,3079.429800581961,24.976399192073423,-3.7977544458306203
15679.300289083685,3284.0554581867245,24.913186703110753,-1.943133612497287
15679.300289083685,3488.6811157914876,24.885009513955282,-5.99866694583062
15679.300289083685,3693.3067733962507,24.76759727758919,-3.2096336124972873
15679.300289083685,3897.9324310010143,24.791373947049053,-0.002400279163953319
15679.300289083685,4102.558088605778,24.804805935171622,-3.26302694583062
15679.300289083685,4307.18374621054,24.808305399272747,-2.0590336124972866
15679.300289083685,4511.809403815304,24.80713976297913,-3.67331694583062
15679.300289083685,4716.4350614200675,24.875957389408832,-1.4589069458306205
15679.300289083685,4921.060719024831,24.828573665669225,0.11123305416938045
15679.300289083685,5330.312034234357,24.789325609503287,-4.41141694583062
15679.300289083685,5739.563349443884,24.82932763390709,-2.61111694583062
15679.300289083685,5944.189007048647,24.84492187053945,-1.10824694583062
15679.300289083685,6148.814664653411,24.89010355180295,-2.6192669458306197
15679.300289083685,6353.440322258174,24.834957505405523,0.46169972083604643
15679.300289083685,7376.568610281991,25.134419649815904,0.038233054169380054
15679.300289083685,7581.194267886754,25.13593539705957,2.838790197026523
15679.300289083685,7785.819925491517,25.15301519553791,1.4979421450784711
15679.300289083685,7990.445583096281,25.144296383026052,-2.61062944583062
15679.300289083685,9422.825186329623,25.63933158569438,-0.6614336124972867
15679.300289083685,9627.450843934386,25.718613758123496,-6.21654694583062
15792.02894880101,112.35776531289278,25.91724908728397,9.69857055416938
15792.02894880101,316.98342291765607,25.861901541751525,10.784333054169378
15792.02894880101,521.6090805224194,25.787444583037995,7.9908830541693785
15792.02894880101,1340.1117109414727,25.485719452694195,-5.863289168052843
15792.02894880101,1544.7373685462362,25.439157565524226,-4.37716694583062
15792.02894880101,1749.3630261509993,25.33877278643765,-5.28026694583062
15792.02894880101,1953.9886837557628,25.372341275988376,-7.28666694583062
15792.02894880101,2158.614341360526,25.3047514921779,-4.52606694583062
15792.02894880101,2363.2399989652895,25.231213936325283,-4.07889194583062
15792.02894880101,2567.8656565700526,25.208662109719494,-3.4764669458306203
15792.02894880101,2772.491314174816,25.165501202494518,-1.2312419458306203
15792.02894880101,2977.116971779579,25.053724028331075,-3.60646694583062
15792.02894880101,3181.7426293843428,25.06903028950144,-3.4516336124972873
15792.02894880101,3386.368286989106,25.004899431977407,-2.6352669458306197
15792.02894880101,3590.9939445938694,25.023796369890366,-5.160024088687763
15792.02894880101,3795.6196021986325,25.088354392923655,-2.09801694583062
15792.02894880101,4000.245259803396,24.9691762551342,-4.70416694583062
15792.02894880101,4204.87091740816,25.044975427075034,-3.08761694583062
15792.02894880101,4409.496575012922,24.96215501919172,-3.7383098029734776
15792.02894880101,4614.122232617686,24.910025715297845,-3.129095517259192
15792.02894880101,4818.747890222449,24.913705400166823,-4.305966945830621
15792.02894880101,5023.373547827213,24.913334528573532,-3.6635669458306195
15792.02894880101,5227.9992054319755,24.972300985968428,1.6836997208360458
15792.02894880101,5432.624863036739,24.957244382519644,-1.0123169458306198
15792.02894880101,5637.250520641503,24.869349342405727,-3.2250919458306204
15792.02894880101,5841.876178246266,24.948664317529104,-0.8686002791639537
15792.02894880101,6046.501835851029,25.015916528791795,-4.50996694583062
15792.02894880101,6251.127493455792,24.978509097345135,-0.2643002791639536
15792.02894880101,6455.753151060556,25.014874346875697,-1.1201936124972869
15792.02894880101,6660.378808665319,25.095877393862988,1.3260552763916023
15792.02894880101,6865.004466270082,25.16309780769201,-2.5371669458306196
15792.02894880101,7274.255781479609,25.282477995584753,-5.1981669458306206
15792.02894880101,7478.881439084373,25.241544855213608,10.560193054169378
15792.02894880101,7683.507096689135,25.254137787665485,12.02970805416938
15792.02894880101,7888.132754293899,25.293606929001246,1.8856187684550942
15792.02894880101,8092.758411898662,25.39096749960351,-5.8167669458306195
15792.02894880101,9320.512357527241,25.768810400470873,0.3102080541693799
15792.02894880101,9525.138015132005,25.837678638633616,-2.8105383744020487
15904.757608518334,10.044936510511121,26.112404511325863,-5.800333612497287
15904.757608518334,214.67059411527444,25.95242697979261,8.939133054169378
15904.757608518334,419.29625172003773,25.85977029493942,3.53593305416938
15904.757608518334,1442.4245397438544,25.61647290230119,-4.713809802973478
15904.757608518334,1647.0501973486178,25.575727716477047,0.7846247208360465
15904.757608518334,1851.675854953381,25.482939169578298,-6.085666945830621
15904.757608518334,2056.301512558144,25.494533776367874,-6.13396694583062
15904.757608518334,2260.9271701629077,25.383427554896578,-0.6016669458306207
15904.757608518334,2465.5528277676713,25.352655952039182,-6.01006694583062
15904.757608518334,2670.1784853724344,25.25656402487617,-2.0675578549215294
15904.757608518334,2874.8041429771974,25.28518764617428,-2.83386694583062
15904.757608518334,3079.429800581961,25.239200933816313,-4.186466945830619
15904.757608518334,3284.0554581867245,25.21307303920154,-4.008256945830621
15904.757608518334,3488.6811157914876,25.10898196271794,-1.9843069458306204
15904.757608518334,3693.3067733962507,25.110997892820464,-3.4456002791639535
15904.757608518334,3897.9324310010143,25.122948386665463,-0.5738669458306207
15904.757608518334,4102.558088605778,25.0766658946466,-0.98981694583062
15904.757608518334,4307.18374621054,25.13672767244952,-0.9524919458306202
15904.757608518334,4511.809403815304,25.16883343926723,-0.5912669458306201
15904.757608518334,4716.4350614200675,25.118787590300915,2.3686330541693796
15904.757608518334,4921.060719024831,25.093167014744626,-1.5828336124972868
15904.757608518334,5125.686376629595,25.095675112734,-0.22930027916395415
15904.757608518334,5330.312034234357,25.11142906903756,-0.9412669458306198
15904.757608518334,5534.937691839121,25.145890912966347,-1.3339169458306204
15904.757608518334,5739.563349443884,25.048881057953846,-3.2682669458306206
15904.757608518334,5944.189007048647,25.08822548616588,-1.4481526601163346
15904.757608518334,6148.814664653411,25.109691897792512,-2.24939194583062
15904.757608518334,6353.440322258174,25.141923104167827,-1.435983612497287
15904.757608518334,6558.065979862938,25.237091104217857,-1.2619669458306202
15904.757608518334,6762.691637467701,25.20656097141271,-2.796650279163954
15904.757608518334,6967.317295072464,25.239046684219993,-2.0945869458306197
15904.757608518334,7171.942952677227,25.316143209866556,-1.6176069458306206
15904.757608518334,7376.568610281991,25.32892341614011,2.5115759113122382
15904.757608518334,7581.194267886754,25.297466568600942,78.07853305416937
15904.757608518334,7785.819925491517,25.472428734639458,0.8631330541693796
15904.757608518334,7990.445583096281,25.459807520498153,-1.37461694583062
15904.757608518334,8195.071240701043,25.516402826189623,-2.1741169458306198
15904.757608518334,8399.696898305807,25.627740417065322,8.435799720836046
15904.757608518334,8604.32255591057,25.680103996724466,-5.037600279163954
15904.757608518334,8808.948213515332,25.7483093991934,14.253633054169379
15904.757608518334,9218.19952872486,25.825562874231572,-5.4398812315449065
15904.757608518334,9422.825186329623,25.856625842538246,-1.3866336124972867
15904.757608518334,9627.450843934386,25.95673847791914,-5.81276694583062
16017.486268235658,112.35776531289278,26.144643109745513,-3.9919169458306203
16017.486268235658,316.98342291765607,26.03236766755284,-4.06961694583062
16017.486268235658,1340.1117109414727,25.755456961900524,-7.87056694583062
16017.486268235658,1544.7373685462362,25.704082324937794,-5.56881694583062
16017.486268235658,1749.3630261509993,25.645223855675113,-0.3886669458306198
16017.486268235658,1953.9886837557628,25.631346676486707,-4.07884194583062
16017.486268235658,2158.614341360526,25.514790456716586,-5.168509802973476
16017.486268235658,2363.2399989652895,25.442864460450153,-4.0476669458306205
16017.486268235658,2567.8656565700526,25.338703324783978,-6.02741694583062
16017.486268235658,2772.491314174816,25.361151779471466,-3.0087669458306205
16017.486268235658,2977.116971779579,25.303337501303158,-2.56636694583062
16017.486268235658,3181.7426293843428,25.289843957757665,-2.8090669458306206
16017.486268235658,3386.368286989106,25.26529157436493,-3.37384194583062
16017.486268235658,3590.9939445938694,25.300268877801788,-5.45100694583062
16017.486268235658,3795.6196021986325,25.286714754223873,-4.88228694583062
16017.486268235658,4000.245259803396,25.18853497849385,3.6241830541693796
16017.486268235658,4204.87091740816,25.222383735947037,-3.29646694583062
16017.486268235658,4409.496575012922,25.21269294828761,-0.5383955172591914
16017.486268235658,4614.122232617686,25.198287581882955,-1.76372694583062
16017.486268235658,4818.747890222449,25.201815636890124,-2.0187396731033473
16017.486268235658,5023.373547827213,25.189967902343078,-2.97902944583062
16017.486268235658,5227.9992054319755,25.221797015229146,-1.30626694583062
16017.486268235658,5432.624863036739,25.203032957644748,3.4286330541693797
16017.486268235658,5637.250520641503,25.191205887116567,-1.7016669458306204
16017.486268235658,5841.876178246266,25.180176139773387,0.44245305416937947
16017.486268235658,6046.501835851029,25.19543306467197,-3.6786336124972867
16017.486268235658,6251.127493455792,25.251556353247643,-2.704024088687763
16017.486268235658,6455.753151060556,25.29250360408158,-0.9698578549215289
16017.486268235658,6660.378808665319,25.32050799898413,-3.9775669458306204
16017.486268235658,6865.004466270082,25.268176428051582,-3.0166919458306203
16017.486268235658,7069.630123874846,25.37178882920994,-1.0748169458306203
16017.486268235658,7274.255781479609,25.37231375129272,-0.7010069458306202
16017.486268235658,7478.881439084373,25.447000657853632,6.649347339883667
16017.486268235658,7683.507096689135,25.48731609508427,1.8525330541693792
16017.486268235658,7888.132754293899,25.50770221135449,26.52345305416938
16017.486268235658,8092.758411898662,25.624249391304907,11.03093305416938
16017.486268235658,8297.384069503425,25.64444391635069,-3.8117669458306205
16017.486268235658,8502.009727108189,25.72318148408191,-3.5192240886877633
16017.486268235658,8706.635384712952,25.791940550946823,-3.6596383744020495
16017.486268235658,8911.261042317714,25.91473173496311,2.822566387502713
16017.486268235658,9115.886699922477,25.873504189638126,0.04971083194715753
16017.486268235658,9320.512357527241,25.951844429122684,-3.3182891680528424
16017.486268235658,9525.138015132005,26.02976615807943,-4.768266945830621
16130.214927952982,10.044936510511121,26.25528647737443,8.082188609724934
16130.214927952982,214.67059411527444,26.180707978456535,-5.011800279163953
16130.214927952982,419.29625172003773,26.13817581248748,-0.08171694583062017
16130.214927952982,1442.4245397438544,25.77031259729468,-5.69290694583062
16130.214927952982,1647.0501973486178,25.72316322760634,-5.128766945830621
16130.214927952982,1851.675854953381,25.746685903969983,-0.2565069458306198
16130.214927952982,2056.301512558144,25.717769865523614,-6.63566694583062
16130.214927952982,2260.9271701629077,25.516571299897002,-2.560366945830621
16130.214927952982,3284.0554581867245,25.415801121463065,-2.5174851276488024
16130.214927952982,3488.6811157914876,25.3886091046295,-4.6490169458306205
16130.214927952982,3693.3067733962507,25.40575493912604,-2.6511169458306205
16130.214927952982,3897.9324310010143,25.34595416882567,-5.764433612497288
16130.214927952982,4102.558088605778,25.325746263617123,-1.8534526601163344
16130.214927952982,4307.18374621054,25.327427001199982,-2.0029669458306203
16130.214927952982,4511.809403815304,25.25525991619242,0.1349730541693795
16130.214927952982,4716.4350614200675,25.290852100578935,-3.70464194583062
16130.214927952982,4921.060719024831,25.289149234126597,-5.0316669458306205
16130.214927952982,5125.686376629595,25.31235437301044,-4.365022501386175
16130.214927952982,5330.312034234357,25.25411141330019,-1.0568794458306203
16130.214927952982,5534.937691839121,25.361151779471466,-0.6545169458306201
16130.214927952982,5739.563349443884,25.323632952528413,-3.84591694583062
16130.214927952982,5944.189007048647,25.34001423820265,-0.9106955172591916
16130.214927952982,6148.814664653411,25.367131074145746,-2.2611225013861755
16130.214927952982,6353.440322258174,25.408167451721177,-1.943600279163954
16130.214927952982,6558.065979862938,25.400947430447765,0.16800448274080843
16130.214927952982,6762.691637467701,25.461077833113546,-1.22315444583062
16130.214927952982,6967.317295072464,25.41696163857773,-2.137466945830621
16130.214927952982,7171.942952677227,25.520924790043395,-2.8976269458306203
16130.214927952982,7376.568610281991,25.615101950793267,6.6044330541693785
16130.214927952982,7581.194267886754,25.55375993773068,4.864513054169381
16130.214927952982,7785.819925491517,25.630740820421273,24.948026387502715
16130.214927952982,7990.445583096281,25.75114244152993,17.64825305416938
16130.214927952982,8195.071240701043,25.762151516553676,0.49549972083604626
16130.214927952982,8399.696898305807,25.798213694128584,41.064883054169385
16130.214927952982,8604.32255591057,25.865390665482696,17.134899720836046
16130.214927952982,8808.948213515332,25.923423721928362,5.062516387502712
16130.214927952982,9013.573871120096,26.018021049138603,-3.33540444583062
16130.214927952982,9218.19952872486,26.042032900234496,-3.51175694583062
16130.214927952982,9422.825186329623,26.058230119487444,4.879658054169379
16242.943587670306,112.35776531289278,26.394231155311648,21.264566387502715
16242.943587670306,316.98342291765607,26.28017100286774,2.56120805416938
16242.943587670306,1544.7373685462362,25.925230897934597,-8.013733612497287
16242.943587670306,1749.3630261509993,25.885658188226557,-5.323516945830621
16242.943587670306,1953.9886837557628,25.778440710332987,-4.98861694583062
16242.943587670306,3386.368286989106,25.523121790576383,-3.22808694583062
16242.943587670306,3590.9939445938694,25.587651338234213,-5.121600279163953
16242.943587670306,3795.6196021986325,25.498953424364498,-2.942033612497287
16242.943587670306,4000.245259803396,25.52900065741658,-5.020281231544906
16242.943587670306,4204.87091740816,25.4141642644485,-5.04244194583062
16242.943587670306,5227.9992054319755,25.387145918445686,-3.922733612497287
16242.943587670306,5432.624863036739,25.52745534705383,-3.2313169458306206
16242.943587670306,5637.250520641503,25.48893999773648,-0.5056669458306207
16242.943587670306,5841.876178246266,25.48495381029355,-0.25769551725919115
16242.943587670306,6046.501835851029,25.467229846240926,-2.5949002791639537
16242.943587670306,6251.127493455792,25.53299253872831,-1.9587002791639536
16242.943587670306,6455.753151060556,25.472374203508608,-3.1395069458306204
16242.943587670306,6660.378808665319,25.53023503502886,-4.70824194583062
16242.943587670306,6865.004466270082,25.6055442140187,-3.287552660116335
16242.943587670306,7069.630123874846,25.579551320379093,-1.55094194583062
16242.943587670306,7274.255781479609,25.663605908220994,-2.5697919458306204
16242.943587670306,7478.881439084373,25.682173670044243,2.4874130541693793
16242.943587670306,7683.507096689135,25.733825897764426,12.141643054169377
16242.943587670306,7888.132754293899,25.706983246063995,-3.6814669458306204
16242.943587670306,8092.758411898662,25.79174242101459,6.574913054169379
16242.943587670306,8297.384069503425,25.934182434659363,2.6985616255979505
16242.943587670306,8502.009727108189,25.948825477868937,7.8852830541693795
16242.943587670306,8706.635384712952,25.991158068390774,-5.024366945830621
16242.943587670306,8911.261042317714,26.037331109486484,21.51458305416938
16242.943587670306,9115.886699922477,26.121091176689536,11.902047339883664
16242.943587670306,9320.512357527241,26.1636772222417,-6.30519194583062
16242.943587670306,9525.138015132005,26.261294223075407,0.02293305416937983
16355.672247387629,10.044936510511121,26.488204172215195,1.7006997208360468
16355.672247387629,214.67059411527444,26.410109454537515,2.12733305416938
16355.672247387629,419.29625172003773,26.410892061893197,-4.13096694583062
16355.672247387629,1647.0501973486178,25.98109133880061,-6.785733612497286
16355.672247387629,1851.675854953381,25.97736350971946,-2.1008669458306195
16355.672247387629,2056.301512558144,25.888385031050447,-2.4694169458306208
16355.672247387629,3284.0554581867245,25.593265694698633,-1.8727669458306195
16355.672247387629,3488.6811157914876,25.640258946328387,-3.1617669458306206
16355.672247387629,3693.3067733962507,25.582347566651315,-4.60116694583062
16355.672247387629,3897.9324310010143,25.607904473618547,-2.345996357595326
16355.672247387629,5330.312034234357,25.567193272290556,-5.44372944583062
16355.672247387629,5534.937691839121,25.58384069950997,-2.687309802973478
16355.672247387629,5739.563349443884,25.631280762926295,-2.09416694583062
16355.672247387629,5944.189007048647,25.62765783830291,-0.0010002791639533253
16355.672247387629,6148.814664653411,25.595396205471314,-2.7232869458306204
16355.672247387629,6353.440322258174,25.538541305226843,-2.29396694583062
16355.672247387629,6762.691637467701,25.63677262391598,-6.85926694583062
16355.672247387629,7171.942952677227,25.698059937357517,0.7258663875027122
16355.672247387629,7376.568610281991,25.759396666627566,-1.90084194583062
16355.672247387629,7581.194267886754,25.801755419917498,3.9274497208360466
16355.672247387629,7785.819925491517,25.988121404848744,11.837399720836046
16355.672247387629,7990.445583096281,25.97335055487118,-2.88376694583062
16355.672247387629,8195.071240701043,25.946110008230907,7.680890197026523
16355.672247387629,8399.696898305807,26.052476145826965,-3.6861069458306206
16355.672247387629,8604.32255591057,26.09052025611515,-2.84015444583062
16355.672247387629,8808.948213515332,26.153542316040415,13.807233054169378
16355.672247387629,9013.573871120096,26.17054335865541,-1.9820336124972868
16355.672247387629,9218.19952872486,26.281267248300935,-1.0381098029734777
16355.672247387629,9422.825186329623,26.389273911285418,-7.463400279163953
16355.672247387629,9627.450843934386,26.32594116451484,-2.6524669458306196
16468.400907104955,112.35776531289278,26.58968201776372,-4.0573336124972865
16468.400907104955,316.98342291765607,26.497616060852327,-0.8038942185578933
16468.400907104955,1544.7373685462362,26.119664453176274,-2.3722669458306203
16468.400907104955,1749.3630261509993,26.111304860128485,-3.0584305821942563
16468.400907104955,1953.9886837557628,26.050440731088095,-5.1665919458306195
16468.400907104955,3590.9939445938694,25.768128592536225,-1.2088869458306204
16468.400907104955,3795.6196021986325,25.720352605869618,-3.9143919458306202
16468.400907104955,4000.245259803396,25.693025948018736,-3.16588694583062
16468.400907104955,5432.624863036739,25.686101171003525,-2.0216669458306202
16468.400907104955,5637.250520641503,25.687547780051272,0.09502305416938021
16468.400907104955,5841.876178246266,25.748660520016738,-1.0483869458306203
16468.400907104955,6046.501835851029,25.70959894236662,-3.5151794458306203
16468.400907104955,6865.004466270082,25.723271277429856,-0.9271336124972862
16468.400907104955,7069.630123874846,25.904211971091726,-3.18241694583062
16468.400907104955,7274.255781479609,25.96720632078103,-6.427966945830621
16468.400907104955,7478.881439084373,25.905449745650518,-2.57502944583062
16468.400907104955,7683.507096689135,25.904211971091726,-5.546866945830621
16468.400907104955,7888.132754293899,26.007195756275088,7.136333054169379
16468.400907104955,8092.758411898662,26.00616824862187,35.21247055416938
16468.400907104955,8297.384069503425,26.086693770247802,-4.99896694583062
16468.400907104955,8502.009727108189,26.09703862676258,-3.3597669458306196
16468.400907104955,8706.635384712952,26.16771329489501,-2.64834694583062
16468.400907104955,8911.261042317714,26.278429876121358,1.4167473398836652
16468.400907104955,9115.886699922477,26.283899478636645,-4.150250279163954
16468.400907104955,9320.512357527241,26.43815373106352,2.62755805416938
16468.400907104955,9525.138015132005,26.465191199554102,-5.03946694583062
16581.129566822277,10.044936510511121,26.7186196559047,-2.08628694583062
16581.129566822277,214.67059411527444,26.65088867177884,-1.9317002791639541
16581.129566822277,419.29625172003773,26.634997756752274,-0.9758502791639542
16581.129566822277,1647.0501973486178,26.246880783692337,-5.2474169458306195
16581.129566822277,1851.675854953381,26.14331796070309,-5.99001694583062
16581.129566822277,3488.6811157914876,25.854775788190135,-4.764000279163954
16581.129566822277,3693.3067733962507,25.91816888552771,-1.3458336124972867
16581.129566822277,3897.9324310010143,25.84972179465326,-3.4223383744020492
16581.129566822277,5330.312034234357,25.787492350067893,-1.38401694583062
16581.129566822277,5534.937691839121,25.876068182242904,-1.9267502791639537
16581.129566822277,5739.563349443884,25.800662916406388,-0.7654044458306204
16581.129566822277,5944.189007048647,25.81689080806484,0.006666387502713139
16581.129566822277,6967.317295072464,25.883151423689313,0.9341330541693793
16581.129566822277,7171.942952677227,26.024868601646304,-1.905003309466984
16581.129566822277,7376.568610281991,25.974164281032884,16.890299720836044
16581.129566822277,7581.194267886754,26.1071418619328,-6.44301694583062
16581.129566822277,7785.819925491517,26.122601451056642,-4.219530582194256
16581.129566822277,7990.445583096281,26.08924970433472,8.58935805416938
16581.129566822277,8808.948213515332,26.32594116451484,-3.1265669458306196
16581.129566822277,9013.573871120096,26.419492054227995,-2.8980044458306202
16581.129566822277,9218.19952872486,26.490081808809084,-4.305966945830621
16581.129566822277,9422.825186329623,26.549471838783663,-2.0906669458306197
16693.858226539603,-92.26789229187054,26.85203428148184,-2.24826694583062
16693.858226539603,112.35776531289278,26.795031250582106,-3.07116694583062
16693.858226539603,316.98342291765607,26.724976918821465,-0.853833612497287
16693.858226539603,521.6090805224194,26.70182609118048,-5.84731694583062
16693.858226539603,1544.7373685462362,26.348334235210693,-3.26016694583062
16693.858226539603,1749.3630261509993,26.32381556722723,-3.44816694583062
16693.858226539603,1953.9886837557628,26.305844718959815,-3.54326694583062
16693.858226539603,3386.368286989106,26.071206765517413,-7.577066945830621
16693.858226539603,3590.9939445938694,25.98529405664515,-3.56286694583062
16693.858226539603,3795.6196021986325,25.939188021750464,-3.949100279163954
16693.858226539603,5432.624863036739,25.946110276785443,-2.26406694583062
16693.858226539603,5637.250520641503,25.911314895338126,-0.16845694583062035
16693.858226539603,5841.876178246266,25.97572246235022,-1.1042502791639535
16693.858226539603,7069.630123874846,26.09167808854672,1.92313305416938
16693.858226539603,7274.255781479609,26.081521341990413,-3.96736694583062
16693.858226539603,7478.881439084373,26.207924104902872,-2.4571002791639525
16693.858226539603,7683.507096689135,26.209420937053736,-4.2504169458306205
16693.858226539603,7888.132754293899,26.18411171790254,-6.34256694583062
16693.858226539603,8911.261042317714,26.395991281958995,-4.85996694583062
16693.858226539603,9115.886699922477,26.49496492382852,-0.84511694583062
16693.858226539603,9320.512357527241,26.57528046984475,-1.7753069458306197
16693.858226539603,9525.138015132005,26.670529300907337,48.02173305416938
16806.58688625693,10.044936510511121,26.88507982493185,1.6542330541693788
16806.58688625693,214.67059411527444,26.908574629890374,-5.83016694583062
16806.58688625693,419.29625172003773,26.745451063197457,1.195613054169379
16806.58688625693,623.921909324801,26.785582536225018,-7.38216694583062
16806.58688625693,1442.4245397438544,26.516445421257835,-0.2312269458306206
16806.58688625693,1647.0501973486178,26.47035449128459,-4.97991694583062
16806.58688625693,1851.675854953381,26.41065197969658,-5.76994194583062
16806.58688625693,2056.301512558144,26.405925135248463,-4.61036694583062
16806.58688625693,3488.6811157914876,26.168741539304552,-3.090966945830621
16806.58688625693,3693.3067733962507,26.07455391045131,-1.926600279163953
16806.58688625693,3897.9324310010143,26.088647738368707,-3.42014694583062
16806.58688625693,5330.312034234357,26.045222261472723,-0.1618669458306199
16806.58688625693,5534.937691839121,26.052966178034797,-0.8104752791639532
16806.58688625693,5739.563349443884,26.04639385833549,0.015470554169379591
16806.58688625693,5944.189007048647,26.008954082292128,-1.8437669458306196
16806.58688625693,7171.942952677227,26.16828053259915,8.892648438784764
16806.58688625693,7376.568610281991,26.305844718959815,-2.0202669458306204
16806.58688625693,7581.194267886754,26.315892941737324,-3.3021169458306203
16806.58688625693,7785.819925491517,26.27895262811229,-4.499000279163954
16806.58688625693,9218.19952872486,26.631787404003155,-5.1622269458306205
16806.58688625693,9422.825186329623,26.739236015152386,5.96263305416938
16919.315545974252,-92.26789229187054,27.002001649751605,-4.77226694583062
16919.315545974252,112.35776531289278,26.94602543169927,-3.1429469458306203
16919.315545974252,316.98342291765607,26.92977452873627,-3.010624088687763
16919.315545974252,521.6090805224194,26.814083880802144,-1.93836694583062
16919.315545974252,726.2347381271827,26.861483142301275,-2.709866945830621
16919.315545974252,1340.1117109414727,26.627632646406663,-6.019538374402048
16919.315545974252,1544.7373685462362,26.51713379886273,-1.83851694583062
16919.315545974252,1749.3630261509993,26.539164390317143,11.67488305416938
16919.315545974252,1953.9886837557628,26.518431710800076,-3.7142669458306203
16919.315545974252,3386.368286989106,26.259627271083627,-2.497324088687763
16919.315545974252,3590.9939445938694,26.228047758401313,-3.0751336124972872
16919.315545974252,3795.6196021986325,26.163627631056084,-3.1949669458306196
16919.315545974252,5432.624863036739,26.166975944930496,-3.1703558347195093
16919.315545974252,5637.250520641503,26.158624523162125,-1.9703669458306203
16919.315545974252,5841.876178246266,26.134485723449497,-2.392981231544906
16919.315545974252,7274.255781479609,26.3099639514022,7.308808054169378
16919.315545974252,7478.881439084373,26.345636159672246,-3.89240694583062
16919.315545974252,7683.507096689135,26.43066067998501,-2.52699194583062
16919.315545974252,9320.512357527241,26.777888199815113,0.1857530541693798
16919.315545974252,9525.138015132005,26.79513502745097,-6.08226694583062
17032.044205691578,10.044936510511121,27.10044443747249,3.262210831947157
17032.044205691578,214.67059411527444,27.052853023266252,6.4727663875027135
17032.044205691578,419.29625172003773,26.917834501880566,7.3158580541693805
17032.044205691578,623.921909324801,26.946065602217672,-6.09536694583062
17032.044205691578,828.5475669295644,26.888186996174976,-6.4181169458306195
17032.044205691578,1033.1732245343278,26.861483142301275,2.4801330541693805
17032.044205691578,1237.7988821390911,26.753775441472822,7.9573997208360465
17032.044205691578,1442.4245397438544,26.756898420230208,-4.07821694583062
17032.044205691578,1647.0501973486178,26.602686299584203,-2.823966945830621
17032.044205691578,1851.675854953381,26.612163187558448,-3.8342336124972864
17032.044205691578,2056.301512558144,26.56248428922108,-4.406566945830621
17032.044205691578,3284.0554581867245,26.405925135248463,-5.26236694583062
17032.044205691578,3488.6811157914876,26.325814324236642,-3.51804694583062
17032.044205691578,3693.3067733962507,26.337791706868707,-4.41318694583062
17032.044205691578,3897.9324310010143,26.35434085905225,-3.504459253522928
17032.044205691578,5330.312034234357,26.295738398117805,-5.006816945830621
17032.044205691578,5534.937691839121,26.253462687176185,-1.1740002791639534
17032.044205691578,5739.563349443884,26.319819883609945,-2.8915669458306206
17032.044205691578,5944.189007048647,26.322437641636757,-3.71496694583062
17032.044205691578,7171.942952677227,26.46541570270894,0.47663305416937973
17032.044205691578,7376.568610281991,26.483781936847148,12.395399720836046
17032.044205691578,7581.194267886754,26.495011318458694,-5.317800279163953
17032.044205691578,9218.19952872486,26.936718038037434,-7.99056694583062
17032.044205691578,9422.825186329623,26.94027600561907,-3.21434694583062
17144.7728654089,112.35776531289278,27.134634069666014,2.635479208015534
17144.7728654089,316.98342291765607,27.094439988362918,-8.33216694583062
17144.7728654089,521.6090805224194,27.04828604049851,-2.30971694583062
17144.7728654089,726.2347381271827,27.025998643824067,5.662873054169381
17144.7728654089,930.8603957319459,26.957775540366217,3.7701966905330164
17144.7728654089,1135.4860533367096,26.883445586153247,-5.74336694583062
17144.7728654089,1340.1117109414727,26.861389268233108,9.613666387502713
17144.7728654089,1544.7373685462362,26.81888598519597,3.8245830541693797
17144.7728654089,1749.3630261509993,26.741335510249392,5.01157055416938
17144.7728654089,1953.9886837557628,26.72223969592408,-3.7504669458306203
17144.7728654089,2158.614341360526,26.66685408558373,-4.79580444583062
17144.7728654089,2363.2399989652895,26.689832928430338,-1.33901694583062
17144.7728654089,2567.8656565700526,26.699451437795684,-7.014466945830621
17144.7728654089,3181.7426293843428,26.541194169374386,-3.4774098029734772
17144.7728654089,3386.368286989106,26.473127509259115,-3.57476694583062
17144.7728654089,3590.9939445938694,26.435558106787852,-3.4711469458306206
17144.7728654089,3795.6196021986325,26.46540444748131,-2.24568694583062
17144.7728654089,4000.245259803396,26.445547995791678,-5.368881231544906
17144.7728654089,5432.624863036739,26.372488952597326,-3.29306694583062
17144.7728654089,5637.250520641503,26.42162723428209,-1.9657269458306204
17144.7728654089,5841.876178246266,26.394650235249507,-2.5879044458306204
17144.7728654089,7274.255781479609,26.59280076588847,-0.2983044458306201
17144.7728654089,7478.881439084373,26.602556320880957,2.854705781442107
17144.7728654089,7683.507096689135,26.633697785074286,-5.517666945830621
17144.7728654089,9320.512357527241,26.979831626336058,-3.96886694583062
17257.501525126227,10.044936510511121,27.158599369149332,-3.3167669458306204
17257.501525126227,214.67059411527444,27.158599369149332,3.0953330541693793
17257.501525126227,419.29625172003773,27.108239917616732,1.6508830541693795
17257.501525126227,623.921909324801,27.09131688905398,-4.964733612497287
17257.501525126227,828.5475669295644,27.041223022268486,-6.51111694583062
17257.501525126227,1033.1732245343278,27.035815283391557,-4.921878056941732
17257.501525126227,1237.7988821390911,27.006502357115778,3.76203305416938
17257.501525126227,1442.4245397438544,26.950689315814955,2.7042830541693794
17257.501525126227,1647.0501973486178,26.955413166397907,-2.42446694583062
17257.501525126227,1851.675854953381,26.842071358743297,12.668483054169382
17257.501525126227,2056.301512558144,26.792694942978876,-4.0442919458306195
17257.501525126227,2260.9271701629077,26.74581751487336,-2.3190592535229277
17257.501525126227,2465.5528277676713,26.737845840032747,-3.15259194583062
17257.501525126227,2670.1784853724344,26.73787218822321,-5.197366945830621
17257.501525126227,2874.8041429771974,26.700981351460516,-5.36301694583062
17257.501525126227,3079.429800581961,26.625115176336067,-4.140633612497287
17257.501525126227,3284.0554581867245,26.55701596952097,-3.866033612497287
17257.501525126227,3488.6811157914876,26.58016870123287,-3.776252660116335
17257.501525126227,3693.3067733962507,26.549013830586752,-1.3806669458306198
17257.501525126227,3897.9324310010143,26.641553876985142,-5.29406694583062
17257.501525126227,4102.558088605778,26.551414457321357,-3.54401694583062
17257.501525126227,5330.312034234357,26.49493688618976,-4.696000279163953
17257.501525126227,5534.937691839121,26.490053972030974,-0.8244919458306206
17257.501525126227,5739.563349443884,26.568520153679742,-3.13861694583062
17257.501525126227,5944.189007048647,26.560908205969778,-3.3342669458306204
17257.501525126227,7171.942952677227,26.669049964132746,-4.017824088687763
17257.501525126227,7376.568610281991,26.641345906508107,1.6126955541693795
17257.501525126227,7581.194267886754,26.759306304179546,0.24985805416937978
17257.501525126227,7785.819925491517,26.85203428148184,-4.66606694583062
17257.501525126227,9218.19952872486,27.03447009277955,52.86478305416938
17257.501525126227,9422.825186329623,27.12277566975831,12.898514872351198
17370.23018484355,112.35776531289278,27.158599369149332,2.518677498613824
17370.23018484355,316.98342291765607,27.158599369149332,4.281258054169381
17370.23018484355,521.6090805224194,27.158599369149332,-6.33286694583062
17370.23018484355,726.2347381271827,27.147159500370666,-3.77154194583062
17370.23018484355,930.8603957319459,27.146372813545614,-4.731183612497286
17370.23018484355,1135.4860533367096,27.081669194465206,8.096820554169378
17370.23018484355,1340.1117109414727,27.05291848418948,-5.473966945830621
17370.23018484355,1544.7373685462362,26.998163641920918,0.9090330541693799
17370.23018484355,1749.3630261509993,26.93979202436498,-3.2200169458306203
17370.23018484355,1953.9886837557628,26.922495114090083,-4.75024194583062
17370.23018484355,2158.614341360526,26.86898087097658,-0.9870069458306198
17370.23018484355,2363.2399989652895,26.858586890698184,-3.8136069458306197
17370.23018484355,2567.8656565700526,26.78409126124432,-1.783224088687763
17370.23018484355,2772.491314174816,26.823563694045344,-3.147266945830621
17370.23018484355,2977.116971779579,26.706642006742385,-5.16846694583062
17370.23018484355,3181.7426293843428,26.75055634289454,-5.6707669458306205
17370.23018484355,3386.368286989106,26.660728232503757,-1.8702336124972865
17370.23018484355,3590.9939445938694,26.699451437795677,-3.73376694583062
17370.23018484355,3795.6196021986325,26.683067606440925,-4.961433612497287
17370.23018484355,4000.245259803396,26.622067250049707,-4.104981231544906
17370.23018484355,4204.87091740816,26.709056625402564,-4.57141694583062
17370.23018484355,5227.9992054319755,26.625285402028933,-0.8712002791639545
17370.23018484355,5432.624863036739,26.642902108330365,6.654199720836047
17370.23018484355,5637.250520641503,26.607469941757923,-1.1718502791639536
17370.23018484355,5841.876178246266,26.618146942824353,0.6138730541693793
17370.23018484355,6046.501835851029,26.718661813009447,-4.96536694583062
17370.23018484355,7069.630123874846,26.82038312134844,20.431899720836046
17370.23018484355,7274.255781479609,26.808362963918672,-1.1700869458306205
17370.23018484355,7478.881439084373,26.801260377351895,-1.0886669458306202
17370.23018484355,7683.507096689135,26.841358080007293,-3.803378056941731
17370.23018484355,9115.886699922477,27.158599369149332,52.764233054169374
17370.23018484355,9320.512357527241,27.153108232135576,6.8501630541693785
17482.958844560875,10.044936510511121,27.158599369149332,4.576516387502713
17482.958844560875,214.67059411527444,27.158599369149332,25.266633054169375
17482.958844560875,419.29625172003773,27.158599369149332,-1.6449002791639538
17482.958844560875,623.921909324801,27.158599369149336,-4.37472694583062
17482.958844560875,828.5475669295644,27.158599369149332,-3.3572891680528425
17482.958844560875,1033.1732245343278,27.153514983025484,6.269821943058268
17482.958844560875,1237.7988821390911,27.15402342163787,3.991716387502713
17482.958844560875,1442.4245397438544,27.13644624615087,-4.220283612497287
17482.958844560875,1647.0501973486178,27.088242418930815,-2.421050279163954
17482.958844560875,1851.675854953381,26.983406079756122,-4.8677669458306205
17482.958844560875,2056.301512558144,27.008417172326897,-2.7372812315449053
17482.958844560875,2260.9271701629077,26.94590352935708,-2.90064194583062
17482.958844560875,2465.5528277676713,26.927168693059922,-4.72616694583062
17482.958844560875,2670.1784853724344,26.89903520980151,-2.153578056941731
17482.958844560875,2874.8041429771974,26.864547475552687,-4.068600279163953
17482.958844560875,3079.429800581961,26.79513502745097,-3.7914002791639536
17482.958844560875,3284.0554581867245,26.82363617674497,-3.496366945830621
17482.958844560875,3488.6811157914876,26.79513502745097,-6.79596694583062
17482.958844560875,3693.3067733962507,26.732278116486004,-3.4709812315449065
17482.958844560875,3897.9324310010143,26.750048484830035,-2.16706694583062
17482.958844560875,4102.558088605778,26.754510150360474,-4.497291945830621
17482.958844560875,4307.18374621054,26.742635259740954,-4.5099169458306205
17482.958844560875,4511.809403815304,26.790332727774018,-4.759266945830619
17482.958844560875,4716.4350614200675,26.82363617674497,-3.60876694583062
17482.958844560875,4921.060719024831,26.778444221869535,-2.75396694583062
17482.958844560875,5125.686376629595,26.754195275122914,0.037647339883665865
17482.958844560875,5330.312034234357,26.660870826266603,-5.019800279163953
17482.958844560875,5534.937691839121,26.75085565479023,-2.92226694583062
17482.958844560875,5739.563349443884,26.83313655984297,0.48033305416938
17482.958844560875,5944.189007048647,26.70516659202935,-2.508676945830621
17482.958844560875,6148.814664653411,26.82118350462793,-4.62326694583062
17482.958844560875,6967.317295072464,26.91044414272642,-1.1635669458306204
17482.958844560875,7171.942952677227,26.8117219097012,3.1150580541693795
17482.958844560875,7376.568610281991,26.86819338356153,-3.0065214912851648
17482.958844560875,7581.194267886754,26.964594028475588,-4.2151336124972865
17482.958844560875,7785.819925491517,27.01276686855333,-5.33036694583062
17482.958844560875,9218.19952872486,27.158599369149336,-2.0376769458306203
17482.958844560875,9422.825186329623,27.158599369149332,-1.329466945830621
17595.687504278198,112.35776531289278,27.158599369149336,12.71035305416938
17595.687504278198,316.98342291765607,27.158599369149336,-0.7707369458306204
17595.687504278198,521.6090805224194,27.158599369149332,-6.56716694583062
17595.687504278198,726.2347381271827,27.158599369149332,6.30303305416938
17595.687504278198,930.8603957319459,27.158599369149332,-4.619133612497287
17595.687504278198,1135.4860533367096,27.158599369149336,-5.07138694583062
17595.687504278198,1340.1117109414727,27.158599369149336,0.6537130541693792
17595.687504278198,1544.7373685462362,27.154023421637877,15.263883054169382
17595.687504278198,1749.3630261509993,27.158599369149332,1.7939330541693799
17595.687504278198,1953.9886837557628,27.154023421637888,-0.8200169458306199
17595.687504278198,2158.614341360526,27.020580818755054,-4.6503336124972865
17595.687504278198,2363.2399989652895,27.0188920659823,-5.859283612497287
17595.687504278198,2567.8656565700526,27.016700743585044,-4.688146945830621
17595.687504278198,2772.491314174816,26.966873901594457,-2.39529194583062
17595.687504278198,2977.116971779579,26.940406937354624,-3.2576469458306208
17595.687504278198,3181.7426293843428,26.97398622656516,-3.821289168052842
17595.687504278198,3386.368286989106,26.942704065704117,-2.908122501386176
17595.687504278198,3795.6196021986325,26.849601514865228,-3.2329169458306204
17595.687504278198,4000.245259803396,26.80938560209797,-6.52571694583062
17595.687504278198,4204.87091740816,26.800372554611382,-1.644544723608398
17595.687504278198,4409.496575012922,26.833033765332647,-4.8348383744020484
17595.687504278198,4614.122232617686,26.878914511361845,-3.9517383744020487
17595.687504278198,4818.747890222449,26.82927457986949,-3.7993869458306193
17595.687504278198,5023.373547827213,26.790367466525982,-3.8833169458306203
17595.687504278198,5227.9992054319755,26.852927761733042,-1.8806869458306203
17595.687504278198,5432.624863036739,26.84391949896975,-3.9057836124972867
17595.687504278198,5637.250520641503,26.870932003120707,-1.1064669458306202
17595.687504278198,5841.876178246266,26.85006254042628,-0.8401469458306202
17595.687504278198,6046.501835851029,26.847684661614494,-3.829624088687763
17595.687504278198,6251.127493455792,26.904815461097012,-0.8611269458306203
17595.687504278198,6455.753151060556,26.94791497193245,1.624833054169379
17595.687504278198,6660.378808665319,26.998902388085693,-0.8575669458306203
17595.687504278198,6865.004466270082,26.9693516433985,-1.7165836124972873
17595.687504278198,7069.630123874846,26.880380863940143,-3.3335669458306203
17595.687504278198,7274.255781479609,26.978732297666006,0.09688305416938015
17595.687504278198,7478.881439084373,27.025802059019735,3.73401305416938
17595.687504278198,7683.507096689135,27.025637169935948,18.119610831947156
17595.687504278198,7888.132754293899,27.142559523952727,0.8332080541693803
17595.687504278198,9115.886699922477,27.158599369149332,-3.614933612497287
17595.687504278198,9320.512357527241,27.158599369149332,4.514970554169379
17708.416163995524,10.044936510511121,27.158599369149332,10.029924720836048
17708.416163995524,214.67059411527444,27.158599369149332,4.34174214507847
17708.416163995524,419.29625172003773,27.158599369149332,-3.28724194583062
17708.416163995524,623.921909324801,27.158599369149332,9.324933054169378
17708.416163995524,828.5475669295644,27.158599369149332,-8.24126694583062
17708.416163995524,1033.1732245343278,27.158599369149332,-6.87241694583062
17708.416163995524,1237.7988821390911,27.158599369149332,-0.5914794458306201
17708.416163995524,1442.4245397438544,27.158599369149336,-0.08520694583062038
17708.416163995524,1647.0501973486178,27.158599369149332,18.20008305416938
17708.416163995524,1851.675854953381,27.158599369149332,-4.4539169458306205
17708.416163995524,2056.301512558144,27.149447474126404,-2.3971002791639537
17708.416163995524,2260.9271701629077,27.15610339777945,-5.381639673103347
17708.416163995524,2465.5528277676713,27.140295579103483,-2.9230169458306197
17708.416163995524,2670.1784853724344,27.051393407028712,-1.361733612497287
17708.416163995524,2874.8041429771974,27.115778200354512,-5.9519002791639535
17708.416163995524,3079.429800581961,27.08043409868127,-5.64896694583062
17708.416163995524,3284.0554581867245,27.01110166250095,-4.5083002791639535
17708.416163995524,3488.6811157914876,27.009107006377864,-2.520278056941731
17708.416163995524,3693.3067733962507,27.025160150485366,-2.60281694583062
17708.416163995524,3897.9324310010143,26.982035156885736,-2.875109802973477
17708.416163995524,4102.558088605778,26.98075777528566,-2.0446169458306205
17708.416163995524,4307.18374621054,26.91309704684846,-5.301791945830621
17708.416163995524,4511.809403815304,26.943685355086053,-2.0222284842921585
17708.416163995524,4716.4350614200675,26.92698340901625,-3.4257969458306206
17708.416163995524,4921.060719024831,26.927209095991465,-4.368346945830619
17708.416163995524,5125.686376629595,26.911707270551513,-4.521600279163954
17708.416163995524,5330.312034234357,26.93351844651229,-3.644233612497287
17708.416163995524,5534.937691839121,26.91153902264628,-3.3306836124972867
17708.416163995524,5739.563349443884,26.908574629890374,-1.7295669458306193
17708.416163995524,5944.189007048647,26.928388496616684,0.21199555416937987
17708.416163995524,6148.814664653411,26.981019409528567,-4.40886694583062
17708.416163995524,6353.440322258174,26.90387566889867,0.248283054169379
17708.416163995524,6558.065979862938,27.029747491045573,-4.068400279163954
17708.416163995524,6762.691637467701,27.050095193845173,10.10589305416938
17708.416163995524,6967.317295072464,26.992703864753864,32.13969972083604
17708.416163995524,7171.942952677227,27.080543372110395,9.73879305416938
17708.416163995524,7376.568610281991,27.133407628929795,6.3025330541693805
17708.416163995524,7581.194267886754,27.124165339821182,3.57908305416938
17708.416163995524,7785.819925491517,27.158599369149332,-5.82186694583062
17708.416163995524,7990.445583096281,27.158599369149332,-4.5103225013861765
17708.416163995524,9013.573871120096,27.158599369149332,-3.652600279163954
17708.416163995524,9218.19952872486,27.158599369149332,-8.264200279163953
17821.144823712846,112.35776531289278,27.158599369149332,6.144766387502713
17821.144823712846,316.98342291765607,27.158599369149332,1.334470554169379
17821.144823712846,1135.4860533367096,27.158599369149332,-7.153566945830621
17821.144823712846,1340.1117109414727,27.158599369149332,-5.67756694583062
17821.144823712846,1544.7373685462362,27.158599369149336,-3.1628869458306204
17821.144823712846,1749.3630261509993,27.158599369149332,-4.709800279163954
17821.144823712846,1953.9886837557628,27.158599369149336,-4.936966945830621
17821.144823712846,2158.614341360526,27.158599369149332,-4.432209802973477
17821.144823712846,2363.2399989652895,27.158599369149332,34.06995805416938
17821.144823712846,2772.491314174816,27.131143684080556,-6.7633669458306205
17821.144823712846,2977.116971779579,27.14029557910349,-2.4357955172591916
17821.144823712846,3181.7426293843428,27.158599369149332,-2.296766945830621
17821.144823712846,3386.368286989106,27.06681581526241,-0.5696669458306198
17821.144823712846,3590.9939445938694,27.13721290888721,-4.8000836124972865
17821.144823712846,3795.6196021986325,27.069302366949575,-3.6863669458306205
17821.144823712846,4000.245259803396,27.07736711362932,-3.0265836124972867
17821.144823712846,4204.87091740816,27.071810856346968,-2.2515780569417316
17821.144823712846,4409.496575012922,27.082812609063687,-3.50205444583062
17821.144823712846,4614.122232617686,27.051328058078507,-3.431478056941731
17821.144823712846,4818.747890222449,27.077080087035334,-3.35802944583062
17821.144823712846,5023.373547827213,27.04818010266675,-4.243083612497287
17821.144823712846,5432.624863036739,27.036745336052885,-2.4989169458306204
17821.144823712846,5637.250520641503,27.006502357115778,-0.65836694583062
17821.144823712846,5841.876178246266,27.04831517770586,0.5128759113122369
17821.144823712846,6046.501835851029,27.002001649751605,-1.9530002791639536
17821.144823712846,6251.127493455792,27.081317706935312,-3.8304469458306203
17821.144823712846,6455.753151060556,27.086159971541015,-4.508678056941731
17821.144823712846,6660.378808665319,27.123617410999525,-1.72034194583062
17821.144823712846,6865.004466270082,27.13109551199305,-3.1792269458306204
17821.144823712846,7274.255781479609,27.156311395393608,4.20978305416938
17821.144823712846,7478.881439084373,27.15676899014475,5.234143054169379
17821.144823712846,7683.507096689135,27.158599369149332,4.370616387502713
17821.144823712846,7888.132754293899,27.158599369149332,-7.54546694583062
17821.144823712846,8092.758411898662,27.158599369149332,-4.175939673103349
17821.144823712846,8706.635384712952,27.158599369149332,-3.5370669458306203
17821.144823712846,8911.261042317714,27.158599369149332,-2.30091694583062
17821.144823712846,9115.886699922477,27.158599369149332,-4.950089168052842
17821.144823712846,9320.512357527241,27.158599369149332,18.70753305416938
17933.873483430172,10.044936510511121,27.158599369149336,-1.1603469458306197
17933.873483430172,214.67059411527444,27.158599369149332,1.1446116255979508
17933.873483430172,1237.7988821390911,27.158599369149332,-6.460300279163953
17933.873483430172,1442.4245397438544,27.158599369149336,0.5509930541693795
17933.873483430172,1647.0501973486178,27.158599369149332,20.14943305416938
17933.873483430172,1851.675854953381,27.158599369149332,-3.0240669458306204
17933.873483430172,2056.301512558144,27.158599369149336,-4.4241669458306205
17933.873483430172,2260.9271701629077,27.158599369149332,6.133933054169381
17933.873483430172,3079.429800581961,27.158599369149332,-4.67776694583062
17933.873483430172,3284.0554581867245,27.158599369149332,-3.15876694583062
17933.873483430172,3488.6811157914876,27.158599369149332,-6.10336694583062
17933.873483430172,3693.3067733962507,27.158599369149332,-4.94256694583062
17933.873483430172,3897.9324310010143,27.158599369149332,-3.484511390275065
17933.873483430172,4102.558088605778,27.158599369149332,-3.768566945830621
17933.873483430172,4307.18374621054,27.15249810580073,-5.794433612497287
17933.873483430172,4511.809403815304,27.111611805984158,-3.40737944583062
17933.873483430172,4716.4350614200675,27.108488837152695,-1.4063602791639533
17933.873483430172,4921.060719024831,27.13565955932582,-2.86289194583062
17933.873483430172,5125.686376629595,27.158599369149332,0.9558830541693799
17933.873483430172,5330.312034234357,27.10536436446578,-2.5369069458306197
17933.873483430172,5534.937691839121,27.118893099570347,-4.7913336124972865
17933.873483430172,5739.563349443884,27.076040082691165,-0.20306694583062068
17933.873483430172,5944.189007048647,27.154023421637888,-2.8107169458306203
17933.873483430172,6148.814664653411,27.142302634768043,2.2475219430582687
17933.873483430172,6353.440322258174,27.156311395393608,-2.58230444583062
17933.873483430172,6558.065979862938,27.153108232135576,-5.58290694583062
17933.873483430172,6762.691637467701,27.158599369149332,3.58025805416938
17933.873483430172,6967.317295072464,27.158599369149336,2.2329930541693788
17933.873483430172,7171.942952677227,27.158599369149332,-3.415350279163954
17933.873483430172,7376.568610281991,27.158599369149332,6.626618768455093
17933.873483430172,7581.194267886754,27.158599369149332,-3.83941694583062
17933.873483430172,7785.819925491517,27.158599369149332,-3.5962336124972865
17933.873483430172,7990.445583096281,27.158599369149332,11.511433054169379
17933.873483430172,8195.071240701043,27.158599369149332,10.831166387502712
17933.873483430172,8399.696898305807,27.158599369149336,-5.16216694583062
17933.873483430172,8604.32255591057,27.158599369149332,-7.00706694583062
17933.873483430172,8808.948213515332,27.158599369149332,-3.552603309466984
17933.873483430172,9013.573871120096,27.158599369149336,-5.11588694583062
17933.873483430172,9218.19952872486,27.158599369149332,-2.2840169458306208
18046.602143147495,-92.26789229187054,27.158599369149332,2.7099663875027136
18046.602143147495,112.35776531289278,27.158599369149332,1.2581330541693798
18046.602143147495,316.98342291765607,27.158599369149332,-4.0812169458306204
18046.602143147495,1135.4860533367096,27.158599369149332,-4.21386694583062
18046.602143147495,1340.1117109414727,27.158599369149332,-7.222166945830621
18046.602143147495,1544.7373685462362,27.158599369149332,-2.303933612497287
18046.602143147495,1749.3630261509993,27.158599369149336,-4.72734694583062
18046.602143147495,1953.9886837557628,27.158599369149332,-3.802848764012438
18046.602143147495,3181.7426293843428,27.158599369149332,-3.5941336124972874
18046.602143147495,3386.368286989106,27.158599369149332,-3.454966945830621
18046.602143147495,3590.9939445938694,27.158599369149332,-5.298600279163954
18046.602143147495,3795.6196021986325,27.158599369149332,-2.691433612497287
18046.602143147495,4000.245259803396,27.158599369149332,-1.40334194583062
18046.602143147495,4204.87091740816,27.158599369149332,-5.29745583471951
18046.602143147495,4409.496575012922,27.158599369149336,-3.02462694583062
18046.602143147495,4614.122232617686,27.158599369149332,-4.2039419458306195
18046.602143147495,4818.747890222449,27.158599369149332,-3.85254194583062
18046.602143147495,5023.373547827213,27.158599369149332,-3.4847447236083977
18046.602143147495,5227.9992054319755,27.15676899014475,-2.90440694583062
18046.602143147495,5432.624863036739,27.158599369149336,-3.3208069458306197
18046.602143147495,5637.250520641503,27.158599369149332,-1.8130669458306206
18046.602143147495,5841.876178246266,27.158599369149332,6.367768768455093
18046.602143147495,6046.501835851029,27.158599369149336,-4.681416945830621
18046.602143147495,6251.127493455792,27.158599369149332,-3.372078056941731
18046.602143147495,6455.753151060556,27.158599369149332,-2.1056955172591914
18046.602143147495,6660.378808665319,27.158599369149332,-2.82705444583062
18046.602143147495,6865.004466270082,27.158599369149332,14.146699720836047
18046.602143147495,7069.630123874846,27.158599369149336,-0.008316945830620436
18046.602143147495,7274.255781479609,27.158599369149336,-1.0198869458306201
18046.602143147495,7478.881439084373,27.158599369149332,-2.6970502791639532
18046.602143147495,7683.507096689135,27.158599369149332,-2.5117336124972867
18046.602143147495,7888.132754293899,27.158599369149332,1.4545580541693792
18046.602143147495,8092.758411898662,27.158599369149332,-7.74056694583062
18046.602143147495,8297.384069503425,27.158599369149332,-3.6016669458306203
18046.602143147495,8502.009727108189,27.158599369149332,0.16296246593408562
18046.602143147495,8706.635384712952,27.158599369149332,5.040666387502713
18046.602143147495,8911.261042317714,27.158599369149332,-4.109866945830619
18046.602143147495,9115.886699922477,27.158599369149332,-8.010700279163954
18046.602143147495,9320.512357527241,27.158599369149332,-4.928866945830619
18159.33080286482,10.044936510511121,27.158599369149332,2.40042055416938
18159.33080286482,214.67059411527444,27.158599369149332,-4.41316694583062
18159.33080286482,1442.4245397438544,27.158599369149336,-5.11400694583062
18159.33080286482,1851.675854953381,27.158599369149332,1.5902044827408084
18159.33080286482,2056.301512558144,27.158599369149332,-6.01896694583062
18159.33080286482,3284.0554581867245,27.158599369149336,-4.09288694583062
18159.33080286482,3488.6811157914876,27.158599369149332,-3.8049419458306204
18159.33080286482,3693.3067733962507,27.158599369149332,-2.25166694583062
18159.33080286482,3897.9324310010143,27.158599369149332,-2.3241225013861757
18159.33080286482,4102.558088605778,27.158599369149332,-3.6154419458306197
18159.33080286482,4307.18374621054,27.158599369149332,-6.80226694583062
18159.33080286482,5125.686376629595,27.158599369149336,-4.31742694583062
18159.33080286482,5330.312034234357,27.158599369149332,0.1923080541693798
18159.33080286482,5534.937691839121,27.158599369149332,-2.17621694583062
18159.33080286482,5944.189007048647,27.158599369149332,-0.8701169458306204
18159.33080286482,6148.814664653411,27.158599369149336,-1.8851469458306203
18159.33080286482,6353.440322258174,27.158599369149332,-4.60311694583062
18159.33080286482,6558.065979862938,27.158599369149332,-1.3002169458306199
18159.33080286482,6762.691637467701,27.158599369149332,-5.20446694583062
18159.33080286482,6967.317295072464,27.158599369149336,0.4933130541693796
18159.33080286482,7171.942952677227,27.158599369149332,26.687216387502712
18159.33080286482,7376.568610281991,27.158599369149332,4.761075911312238
18159.33080286482,7581.194267886754,27.158599369149332,12.392210831947159
18159.33080286482,7785.819925491517,27.158599369149332,-3.4705002791639536
18159.33080286482,7990.445583096281,27.158599369149332,4.842683054169379
18159.33080286482,8195.071240701043,27.158599369149332,47.92540805416938
18159.33080286482,8399.696898305807,27.158599369149332,17.820210831947158
18159.33080286482,8604.32255591057,27.158599369149332,3.277415407110556
18159.33080286482,8808.948213515332,27.158599369149332,-2.6270098029734785
18159.33080286482,9013.573871120096,27.158599369149332,0.17259972083604622
18159.33080286482,9218.19952872486,27.158599369149336,-3.5472369458306203
18272.059462582143,112.35776531289278,27.158599369149332,5.73173305416938
18272.059462582143,1544.7373685462362,27.158599369149332,-0.9979383744020488
18272.059462582143,1749.3630261509993,27.158599369149332,2.58767305416938
18272.059462582143,3181.7426293843428,27.158599369149332,-6.05786694583062
18272.059462582143,3386.368286989106,27.158599369149332,-0.06811694583061989
18272.059462582143,3590.9939445938694,27.158599369149332,-1.104333612497287
18272.059462582143,3795.6196021986325,27.158599369149332,-1.5827669458306206
18272.059462582143,4000.245259803396,27.158599369149332,-2.1459169458306198
18272.059462582143,5227.9992054319755,27.158599369149332,1.619033054169379
18272.059462582143,5432.624863036739,27.158599369149332,-4.835800279163954
18272.059462582143,5637.250520641503,27.158599369149332,-2.38771694583062
18272.059462582143,5841.876178246266,27.158599369149332,-1.1691098029734774
18272.059462582143,6046.501835851029,27.158599369149332,-2.48301694583062
18272.059462582143,6251.127493455792,27.158599369149332,-3.1834419458306202
18272.059462582143,6660.378808665319,27.158599369149332,-4.66376694583062
18272.059462582143,6865.004466270082,27.158599369149336,-2.8378469458306204
18272.059462582143,7069.630123874846,27.158599369149332,-3.6439447236083975
18272.059462582143,7274.255781479609,27.158599369149332,-4.84141694583062
18272.059462582143,7478.881439084373,27.158599369149332,7.102055276391603
18272.059462582143,7683.507096689135,27.158599369149332,2.912188609724936
18272.059462582143,7888.132754293899,27.158599369149332,16.943649720836046
18272.059462582143,8092.758411898662,27.158599369149336,21.52147305416938
18272.059462582143,8297.384069503425,27.158599369149332,2.9717830541693795
18272.059462582143,8502.009727108189,27.158599369149336,10.56485305416938
18272.059462582143,8706.635384712952,27.158599369149332,34.33678305416938
18272.059462582143,8911.261042317714,27.158599369149332,-4.909679445830621
18272.059462582143,9115.886699922477,27.158599369149332,-5.56666694583062
18272.059462582143,9320.512357527241,27.158599369149332,-6.553666945830619
18384.78812229947,10.044936510511121,27.158599369149336,0.8069330541693802
18384.78812229947,214.67059411527444,27.158599369149332,-4.56946694583062
18384.78812229947,1442.4245397438544,27.158599369149332,0.15548305416937946
18384.78812229947,1647.0501973486178,27.158599369149332,-4.215983612497287
18384.78812229947,1851.675854953381,27.158599369149332,-4.618100279163953
18384.78812229947,3488.6811157914876,27.158599369149332,-0.1172002791639537
18384.78812229947,3693.3067733962507,27.158599369149332,-2.976300279163954
18384.78812229947,3897.9324310010143,27.158599369149332,-1.8980419458306197
18384.78812229947,5330.312034234357,27.158599369149332,-4.149000279163953
18384.78812229947,5534.937691839121,27.158599369149332,-2.7447669458306194
18384.78812229947,5739.563349443884,27.158599369149332,-1.8482396731033475
18384.78812229947,5944.189007048647,27.158599369149332,-2.634055834719509
18384.78812229947,6148.814664653411,27.158599369149332,-4.1768669458306205
18384.78812229947,6762.691637467701,27.158599369149332,1.1460080541693802
18384.78812229947,6967.317295072464,27.158599369149332,-4.759633612497287
18384.78812229947,7171.942952677227,27.158599369149332,1.831547339883665
18384.78812229947,7376.568610281991,27.158599369149332,28.744366387502712
18384.78812229947,7581.194267886754,27.158599369149336,0.06522305416937968
18384.78812229947,7785.819925491517,27.158599369149332,6.155199720836047
18384.78812229947,7990.445583096281,27.158599369149336,0.28009305416938
18384.78812229947,8195.071240701043,27.158599369149332,0.17499972083604623
18384.78812229947,8399.696898305807,27.158599369149332,13.092604482740809
18384.78812229947,8604.32255591057,27.158599369149336,-4.31687694583062
18384.78812229947,8808.948213515332,27.158599369149336,12.699053054169381
18384.78812229947,9013.573871120096,27.158599369149332,-6.591733612497286
18384.78812229947,9218.19952872486,27.158599369149336,-0.23050694583062104
18497.51678201679,-92.26789229187054,27.158599369149332,-1.50171694583062
18497.51678201679,112.35776531289278,27.158599369149332,-0.11413361249728708
18497.51678201679,1544.7373685462362,27.158599369149336,-5.01524694583062
18497.51678201679,1953.9886837557628,27.158599369149332,-2.61846694583062
18497.51678201679,3386.368286989106,27.158599369149332,-1.2918002791639533
18497.51678201679,3590.9939445938694,27.158599369149332,-4.319981231544906
18497.51678201679,3795.6196021986325,27.158599369149336,-2.4675069458306202
18497.51678201679,5432.624863036739,27.158599369149332,-3.22926694583062
18497.51678201679,5637.250520641503,27.158599369149332,-3.9823669458306203
18497.51678201679,5841.876178246266,27.158599369149332,3.780725361861687
18497.51678201679,6865.004466270082,27.158599369149332,0.4820330541693796
18497.51678201679,7069.630123874846,27.158599369149332,9.21660805416938
18497.51678201679,7274.255781479609,27.158599369149332,-2.0375669458306205
18497.51678201679,7478.881439084373,27.158599369149332,14.077025361861688
18497.51678201679,7683.507096689135,27.158599369149336,15.308513054169378
18497.51678201679,7888.132754293899,27.158599369149332,9.479968348287029
18497.51678201679,8092.758411898662,27.158599369149332,-2.1923669458306203
18497.51678201679,8297.384069503425,27.158599369149332,-3.60936694583062
18497.51678201679,8502.009727108189,27.158599369149332,-0.9010169458306199
18497.51678201679,8706.635384712952,27.158599369149332,-3.7185240886877637
18497.51678201679,8911.261042317714,27.158599369149332,-5.209300279163953
18497.51678201679,9115.886699922477,27.158599369149336,-6.03190694583062
18497.51678201679,9320.512357527241,27.158599369149332,-6.561200279163953
18610.245441734118,10.044936510511121,27.158599369149336,8.23062305416938
18610.245441734118,214.67059411527444,27.158599369149332,9.421804482740809
18610.245441734118,1442.4245397438544,27.158599369149332,0.7367886097249351
18610.245441734118,1647.0501973486178,27.158599369149336,-3.6059469458306204
18610.245441734118,1851.675854953381,27.158599369149336,-3.85463694583062
18610.245441734118,3488.6811157914876,27.158599369149332,-4.1425669458306205
18610.245441734118,3693.3067733962507,27.158599369149332,-3.1337447236083977
18610.245441734118,5534.937691839121,27.158599369149332,14.307999720836046
18610.245441734118,5739.563349443884,27.158599369149332,0.9979187684550939
18610.245441734118,5944.189007048647,27.158599369149332,-3.9915383744020496
18610.245441734118,6967.317295072464,27.158599369149336,1.515333054169379
18610.245441734118,7171.942952677227,27.158599369149332,11.677716387502713
18610.245441734118,7376.568610281991,27.158599369149332,8.678849720836046
18610.245441734118,7581.194267886754,27.158599369149332,7.5132616255979485
18610.245441734118,7785.819925491517,27.158599369149336,1.4786830541693798
18610.245441734118,7990.445583096281,27.158599369149332,-4.20516694583062
18610.245441734118,8604.32255591057,27.158599369149332,-2.1060336124972867
18610.245441734118,8808.948213515332,27.158599369149332,-5.8367544458306195
18610.245441734118,9013.573871120096,27.158599369149332,-6.260591945830621
18610.245441734118,9218.19952872486,27.158599369149332,3.9047401970265225
18722.97410145144,-92.26789229187054,27.158599369149332,6.47018305416938
18722.97410145144,112.35776531289278,27.158599369149332,6.473251235987561
18722.97410145144,316.98342291765607,27.158599369149332,-3.12646694583062
18722.97410145144,1544.7373685462362,27.158599369149332,-1.2030598029734776
18722.97410145144,1749.3630261509993,27.158599369149332,-3.83216694583062
18722.97410145144,1953.9886837557628,27.158599369149332,-4.881666945830621
18722.97410145144,3386.368286989106,27.158599369149332,-4.392244723608398
18722.97410145144,3590.9939445938694,27.158599369149336,-2.86268694583062
18722.97410145144,3795.6196021986325,27.158599369149332,-7.389533612497286
18722.97410145144,5432.624863036739,27.158599369149332,4.74503305416938
18722.97410145144,5637.250520641503,27.158599369149332,6.832466387502712
18722.97410145144,5841.876178246266,27.158599369149332,-3.1387669458306204
18722.97410145144,7069.630123874846,27.158599369149336,7.135243054169379
18722.97410145144,7274.255781479609,27.158599369149332,9.121390197026523
18722.97410145144,7478.881439084373,27.158599369149332,4.9817901970265215
18722.97410145144,7683.507096689135,27.158599369149336,0.8597521017884274
18722.97410145144,8502.009727108189,27.158599369149336,-4.7929269458306205
18722.97410145144,8706.635384712952,27.158599369149332,-3.1137669458306196
18722.97410145144,8911.261042317714,27.158599369149336,-3.34460694583062
18722.97410145144,9115.886699922477,27.158599369149332,1.8900603268966514
18722.97410145144,9320.512357527241,27.158599369149332,2.02683305416938
18835.702761168766,10.044936510511121,27.158599369149332,11.229466387502713
18835.702761168766,214.67059411527444,27.158599369149332,1.4586080541693796
18835.702761168766,419.29625172003773,27.158599369149332,26.851033054169378
18835.702761168766,1442.4245397438544,27.158599369149332,-1.941908612497287
18835.702761168766,1851.675854953381,27.158599369149332,-2.39714194583062
18835.702761168766,2056.301512558144,27.158599369149332,-6.839900279163953
18835.702761168766,3284.0554581867245,27.158599369149332,-4.40236694583062
18835.702761168766,3488.6811157914876,27.158599369149336,11.15943305416938
18835.702761168766,3693.3067733962507,27.158599369149332,1.399048438784765
18835.702761168766,3897.9324310010143,27.158599369149332,0.1373830541693799
18835.702761168766,5534.937691839121,27.158599369149332,2.7110997208360477
18835.702761168766,5739.563349443884,27.158599369149332,-3.7008169458306206
18835.702761168766,5944.189007048647,27.158599369149336,-2.66948694583062
18835.702761168766,7171.942952677227,27.158599369149332,-2.1766812315449062
18835.702761168766,7376.568610281991,27.158599369149332,0.40381766955399495
18835.702761168766,7581.194267886754,27.158599369149332,9.512977498613825
18835.702761168766,8808.948213515332,27.158599369149332,-6.21274194583062
18835.702761168766,9013.573871120096,27.158599369149332,2.7520330541693796
18835.702761168766,9218.19952872486,27.158599369149332,-2.26171694583062
18948.43142088609,-92.26789229187054,27.158599369149332,3.091814872351198
18948.43142088609,112.35776531289278,27.158599369149332,1.49863305416938
18948.43142088609,316.98342291765607,27.158599369149332,9.26448305416938
18948.43142088609,521.6090805224194,27.158599369149332,-3.74836694583062
18948.43142088609,1340.1117109414727,27.158599369149332,-3.299650279163954
18948.43142088609,1544.7373685462362,27.158599369149332,-1.681236176599851
18948.43142088609,1749.3630261509993,27.158599369149332,-2.1259419458306206
18948.43142088609,1953.9886837557628,27.158599369149332,-3.1794487640124385
18948.43142088609,2158.614341360526,27.158599369149332,-1.2652669458306196
18948.43142088609,3181.7426293843428,27.158599369149332,-1.488133612497287
18948.43142088609,3386.368286989106,27.158599369149332,-2.279983612497287
18948.43142088609,3590.9939445938694,27.158599369149332,-4.784366945830621
18948.43142088609,3795.6196021986325,27.158599369149332,8.417018768455092
18948.43142088609,5432.624863036739,27.158599369149332,7.45812055416938
18948.43142088609,5637.250520641503,27.158599369149336,16.068773054169377
18948.43142088609,5841.876178246266,27.158599369149332,-1.0584169458306203
18948.43142088609,7069.630123874846,27.158599369149332,13.027216387502714
18948.43142088609,7274.255781479609,27.158599369149332,-2.6125419458306203
18948.43142088609,7478.881439084373,27.158599369149332,24.255877498613824
18948.43142088609,7683.507096689135,27.158599369149332,-4.005666945830621
18948.43142088609,9115.886699922477,27.158599369149332,1.8932830541693786
19061.160080603415,-194.5807210942522,27.158599369149332,11.51465123598756
19061.160080603415,10.044936510511121,27.158599369149332,7.736540746477071
19061.160080603415,214.67059411527444,27.158599369149332,1.3032330541693806
19061.160080603415,419.29625172003773,27.158599369149332,4.42400805416938
19061.160080603415,623.921909324801,27.158599369149332,-2.27876694583062
19061.160080603415,828.5475669295644,27.158599369149332,5.810633054169379
19061.160080603415,1033.1732245343278,27.158599369149332,-0.9785669458306199
19061.160080603415,1237.7988821390911,27.158599369149332,-2.4357169458306203
19061.160080603415,1442.4245397438544,27.158599369149332,-0.8037098029734769
19061.160080603415,1647.0501973486178,27.158599369149332,7.42533305416938
19061.160080603415,1851.675854953381,27.158599369149332,-4.044650279163954
19061.160080603415,2056.301512558144,27.158599369149332,1.989433054169379
19061.160080603415,3079.429800581961,27.158599369149332,-2.73331694583062
19061.160080603415,3284.0554581867245,27.158599369149332,4.3630774986138245
19061.160080603415,3693.3067733962507,27.158599369149332,-2.3099669458306202
19061.160080603415,3897.9324310010143,27.158599369149332,-3.99954194583062
19061.160080603415,5125.686376629595,27.158599369149332,-3.75206694583062
19061.160080603415,5330.312034234357,27.158599369149332,-2.366583612497287
19061.160080603415,5534.937691839121,27.158599369149332,-0.999733612497287
19061.160080603415,5739.563349443884,27.158599369149332,-2.8787669458306198
19061.160080603415,5944.189007048647,27.158599369149332,-5.81586694583062
19061.160080603415,6967.317295072464,27.158599369149332,-0.27556694583062047
19061.160080603415,7171.942952677227,27.158599369149332,-5.340233612497287
19061.160080603415,7376.568610281991,27.158599369149332,14.76183305416938
19061.160080603415,7581.194267886754,27.158599369149332,-4.998638374402049
19061.160080603415,9013.573871120096,27.158599369149332,-3.92649194583062
19061.160080603415,9218.19952872486,27.158599369149332,-1.2408383744020488
19173.88874032074,-92.26789229187054,27.158599369149332,6.878799720836046
19173.88874032074,112.35776531289278,27.158599369149332,6.61820805416938
19173.88874032074,316.98342291765607,27.158599369149332,4.17773305416938
19173.88874032074,521.6090805224194,27.158599369149336,12.944263054169378
19173.88874032074,726.2347381271827,27.158599369149332,2.8776330541693795
19173.88874032074,930.8603957319459,27.158599369149332,-3.5166002791639532
19173.88874032074,1135.4860533367096,27.158599369149332,-0.4394526601163343
19173.88874032074,1340.1117109414727,27.158599369149332,1.9179901970265227
19173.88874032074,1544.7373685462362,27.158599369149336,1.04239305416938
19173.88874032074,1749.3630261509993,27.158599369149332,-0.6013669458306201
19173.88874032074,1953.9886837557628,27.158599369149332,2.2222955541693796
19173.88874032074,2158.614341360526,27.158599369149332,-1.8137794458306202
19173.88874032074,3181.7426293843428,27.158599369149332,1.5877413875027127
19173.88874032074,3386.368286989106,27.158599369149332,2.409133054169379
19173.88874032074,3590.9939445938694,27.158599369149332,-1.4875336124972864
19173.88874032074,3795.6196021986325,27.158599369149332,-3.1542592535229277
19173.88874032074,5227.9992054319755,27.158599369149336,-3.83026694583062
19173.88874032074,5432.624863036739,27.158599369149332,-0.04646694583061972
19173.88874032074,5637.250520641503,27.158599369149332,19.22950805416938
19173.88874032074,5841.876178246266,27.158599369149332,-2.68301694583062
19173.88874032074,7069.630123874846,27.158599369149332,-1.0923002791639533
19173.88874032074,7274.255781479609,27.158599369149332,28.752418768455097
19173.88874032074,7478.881439084373,27.158599369149332,35.585996690533015
19173.88874032074,7683.507096689135,27.158599369149332,-5.5106669458306206
19173.88874032074,9115.886699922477,27.158599369149332,-5.736436176599851
19286.617400038063,419.29625172003773,27.158599369149332,6.366366387502712
19286.617400038063,623.921909324801,27.158599369149332,17.614599720836043
19286.617400038063,828.5475669295644,27.158599369149332,5.399261625597953
19286.617400038063,1033.1732245343278,27.158599369149332,-1.0931544458306206
19286.617400038063,1237.7988821390911,27.158599369149332,-0.848013099676774
19286.617400038063,1442.4245397438544,27.158599369149332,2.8297901970265222
19286.617400038063,1647.0501973486178,27.158599369149332,0.8702997208360463
19286.617400038063,1851.675854953381,27.158599369149336,-0.7476369458306201
19286.617400038063,2056.301512558144,27.158599369149332,-1.5879002791639534
19286.617400038063,2260.9271701629077,27.158599369149336,1.8938430541693798
19286.617400038063,2670.1784853724344,27.158599369149332,-3.463300279163953
19286.617400038063,2874.8041429771974,27.158599369149332,-1.03266694583062
19286.617400038063,3079.429800581961,27.158599369149332,0.1832497208360461
19286.617400038063,3284.0554581867245,27.158599369149332,6.625908054169379
19286.617400038063,3488.6811157914876,27.158599369149332,0.7408219430582687
19286.617400038063,3897.9324310010143,27.158599369149332,11.41573305416938
19286.617400038063,4102.558088605778,27.158599369149332,0.95363305416938
19286.617400038063,4921.060719024831,27.158599369149332,-6.95436694583062
19286.617400038063,5125.686376629595,27.158599369149336,1.13690305416938
19286.617400038063,5534.937691839121,27.158599369149332,-2.49526694583062
19286.617400038063,5739.563349443884,27.158599369149336,27.36051305416938
19286.617400038063,5944.189007048647,27.158599369149332,2.8746330541693794
19286.617400038063,6967.317295072464,27.158599369149332,0.9950774986138244
19286.617400038063,7171.942952677227,27.158599369149332,-4.394400279163953
19286.617400038063,7376.568610281991,27.158599369149332,2.700566387502713
19286.617400038063,7581.194267886754,27.158599369149332,-0.5979002791639534
19286.617400038063,9013.573871120096,27.158599369149332,-6.56726694583062
19286.617400038063,9218.19952872486,27.158599369149332,4.25982055416938
19399.34605975539,726.2347381271827,27.158599369149332,3.5007080541693805
19399.34605975539,930.8603957319459,27.158599369149332,12.289821943058268
19399.34605975539,1135.4860533367096,27.158599369149332,6.439975911312238
19399.34605975539,1340.1117109414727,27.158599369149336,-1.2407469458306204
19399.34605975539,1544.7373685462362,27.158599369149336,2.5937530541693805
19399.34605975539,1749.3630261509993,27.158599369149332,9.724033054169379
19399.34605975539,1953.9886837557628,27.158599369149336,7.631173054169378
19399.34605975539,2158.614341360526,27.158599369149332,2.002523963260289
19399.34605975539,2363.2399989652895,27.158599369149332,9.12229019702652
19399.34605975539,2567.8656565700526,27.158599369149336,-1.1552469458306203
19399.34605975539,2772.491314174816,27.158599369149332,1.2115774986138246
19399.34605975539,2977.116971779579,27.158599369149332,1.5530785087148344
19399.34605975539,3181.7426293843428,27.158599369149332,0.18128305416937987
19399.34605975539,3386.368286989106,27.158599369149332,-2.3625136124972874
19399.34605975539,3590.9939445938694,27.158599369149332,-1.3440669458306203
19399.34605975539,3795.6196021986325,27.158599369149332,14.963361625597951
19399.34605975539,4000.245259803396,27.158599369149332,0.3924080541693802
19399.34605975539,4818.747890222449,27.158599369149332,-2.55596694583062
19399.34605975539,5023.373547827213,27.158599369149336,1.4766830541693798
19399.34605975539,5227.9992054319755,27.158599369149332,-3.2179669458306197
19399.34605975539,5637.250520641503,27.158599369149336,24.98155305416938
19399.34605975539,5841.876178246266,27.158599369149332,-1.2050851276488017
19399.34605975539,6865.004466270082,27.158599369149332,-0.3346669458306195
19399.34605975539,7069.630123874846,27.158599369149332,6.877658054169381
19399.34605975539,7274.255781479609,27.158599369149332,7.672358054169379
19399.34605975539,7478.881439084373,27.158599369149332,-1.4409669458306205
19399.34605975539,7683.507096689135,27.158599369149332,-1.7212919458306202
19399.34605975539,8911.261042317714,27.158599369149332,-0.9526669458306204
19399.34605975539,9115.886699922477,27.158599369149336,-6.173706945830621
19399.34605975539,9320.512357527241,27.158599369149332,-7.21786694583062
19512.074719472712,1033.1732245343278,27.158599369149332,9.833845554169379
19512.074719472712,1442.4245397438544,27.158599369149332,1.9193997208360465
19512.074719472712,1647.0501973486178,27.158599369149332,-3.5010669458306207
19512.074719472712,2056.301512558144,27.158599369149336,-0.37610694583062027
19512.074719472712,2260.9271701629077,27.158599369149332,-0.8026336124972867
19512.074719472712,2465.5528277676713,27.158599369149332,4.600399720836047
19512.074719472712,2670.1784853724344,27.158599369149332,-1.716474638138313
19512.074719472712,2874.8041429771974,27.158599369149332,0.24902536186168772
19512.074719472712,3079.429800581961,27.158599369149332,0.7423901970265229
19512.074719472712,3284.0554581867245,27.158599369149336,2.8375930541693797
19512.074719472712,3488.6811157914876,27.158599369149332,0.14030578144210681
19512.074719472712,3693.3067733962507,27.158599369149332,3.78892055416938
19512.074719472712,3897.9324310010143,27.158599369149332,4.82344555416938
19512.074719472712,4102.558088605778,27.158599369149332,0.2302080541693797
19512.074719472712,4307.18374621054,27.158599369149332,-2.952211390275065
19512.074719472712,4511.809403815304,27.158599369149332,9.908008054169379
19512.074719472712,4716.4350614200675,27.158599369149332,8.90204214507847
19512.074719472712,4921.060719024831,27.158599369149332,-1.3307515612152359
19512.074719472712,5125.686376629595,27.158599369149332,-1.7781669458306204
19512.074719472712,5330.312034234357,27.158599369149336,-3.4158869458306205
19512.074719472712,5534.937691839121,27.158599369149332,0.19313305416937995
19512.074719472712,5739.563349443884,27.158599369149332,7.2610875996239255
19512.074719472712,5944.189007048647,27.158599369149332,1.6767561310924561
19512.074719472712,6148.814664653411,27.158599369149332,-3.474166945830621
19512.074719472712,6558.065979862938,27.158599369149332,-3.35574194583062
19512.074719472712,6762.691637467701,27.158599369149332,-1.2206836124972866
19512.074719472712,6967.317295072464,27.158599369149332,20.117375911312244
19512.074719472712,7171.942952677227,27.158599369149332,0.7967330541693795
19512.074719472712,7376.568610281991,27.158599369149332,4.0197330541693805
19512.074719472712,7581.194267886754,27.158599369149332,-3.07986694583062
19512.074719472712,7785.819925491517,27.158599369149332,-7.9893669458306205
19512.074719472712,8808.948213515332,27.158599369149332,-1.910433612497287
19512.074719472712,9013.573871120096,27.158599369149336,0.29315305416938003
19512.074719472712,9218.19952872486,27.158599369149332,5.644233054169379
19624.803379190038,2363.2399989652895,27.158599369149332,0.541733054169379
19624.803379190038,2567.8656565700526,27.158599369149332,-0.3368002791639532
19624.803379190038,2772.491314174816,27.158599369149332,6.3037580541693785
19624.803379190038,2977.116971779579,27.158599369149332,14.77903305416938
19624.803379190038,3181.7426293843428,27.158599369149332,3.3577330541693797
19624.803379190038,3590.9939445938694,27.158599369149332,5.470833054169381
19624.803379190038,3795.6196021986325,27.158599369149332,1.781204482740808
19624.803379190038,4000.245259803396,27.158599369149332,7.524866387502713
19624.803379190038,4204.87091740816,27.158599369149336,5.22969305416938
19624.803379190038,4409.496575012922,27.158599369149332,1.9986997208360466
19624.803379190038,4614.122232617686,27.158599369149332,4.356783054169379
19624.803379190038,4818.747890222449,27.158599369149332,-2.89556694583062
19624.803379190038,5023.373547827213,27.158599369149332,-2.85896694583062
19624.803379190038,5227.9992054319755,27.158599369149336,4.69855305416938
19624.803379190038,5432.624863036739,27.158599369149336,-4.403366945830621
19624.803379190038,5637.250520641503,27.158599369149332,2.242966387502713
19624.803379190038,5841.876178246266,27.158599369149332,3.974648438784764
19624.803379190038,6046.501835851029,27.158599369149332,6.9768705541693805
19624.803379190038,6251.127493455792,27.158599369149332,-4.13516694583062
19624.803379190038,6455.753151060556,27.158599369149332,11.093366387502712
19624.803379190038,6660.378808665319,27.158599369149332,5.00622055416938
19624.803379190038,6865.004466270082,27.158599369149332,-1.7105955172591913
19624.803379190038,7069.630123874846,27.158599369149332,-0.6827169458306201
19624.803379190038,7274.255781479609,27.158599369149332,-1.2312780569417314
19624.803379190038,7478.881439084373,27.158599369149332,-4.908666945830619
19624.803379190038,7683.507096689135,27.158599369149332,-1.3672419458306202
19624.803379190038,7888.132754293899,27.158599369149332,-6.07186694583062
19624.803379190038,8911.261042317714,27.158599369149336,-3.7422269458306205
19624.803379190038,9115.886699922477,27.158599369149332,-5.540216945830619
19624.803379190038,9320.512357527241,27.158599369149336,-1.2023269458306198
19737.53203890736,4102.558088605778,27.158599369149332,4.337799720836046
19737.53203890736,4307.18374621054,27.158599369149332,-4.12781694583062
19737.53203890736,4511.809403815304,27.158599369149332,0.11123305416937927
19737.53203890736,4716.4350614200675,27.158599369149332,-1.8829669458306206
19737.53203890736,4921.060719024831,27.158599369149332,8.65493305416938
19737.53203890736,5330.312034234357,27.158599369149332,1.4116044827408079
19737.53203890736,5534.937691839121,27.158599369149332,-0.8707336124972869
19737.53203890736,5739.563349443884,27.158599369149332,-2.6148669458306206
19737.53203890736,5944.189007048647,27.158599369149332,-1.5760336124972867
19737.53203890736,6148.814664653411,27.158599369149332,-2.2080455172591917
19737.53203890736,6353.440322258174,27.158599369149332,-3.46296694583062
19737.53203890736,6558.065979862938,27.158599369149336,2.83581805416938
19737.53203890736,6762.691637467701,27.158599369149332,-4.958244723608399
19737.53203890736,6967.317295072464,27.158599369149332,6.051205781442107
19737.53203890736,7171.942952677227,27.158599369149336,-3.25856694583062
19737.53203890736,7376.568610281991,27.158599369149332,-4.813183612497286
19737.53203890736,7581.194267886754,27.158599369149332,-4.65796694583062
19737.53203890736,7785.819925491517,27.158599369149332,-1.0005002791639532
19737.53203890736,8808.948213515332,27.158599369149332,23.50795805416938
19737.53203890736,9013.573871120096,27.158599369149332,-2.6556502791639534
19737.53203890736,9218.19952872486,27.158599369149336,-3.8377069458306208
19850.260698624686,5432.624863036739,27.158599369149332,-6.56336694583062
19850.260698624686,5637.250520641503,27.158599369149332,-1.0588669458306201
19850.260698624686,6046.501835851029,27.158599369149332,1.6785774986138238
19850.260698624686,6251.127493455792,27.158599369149332,-0.41665266011633434
19850.260698624686,6455.753151060556,27.158599369149332,-2.1724669458306205
19850.260698624686,6660.378808665319,27.158599369149336,-4.58630694583062
19850.260698624686,6865.004466270082,27.158599369149336,2.7787730541693803
19850.260698624686,7069.630123874846,27.158599369149332,-5.557800279163954
19850.260698624686,7274.255781479609,27.158599369149332,2.4327205541693804
19850.260698624686,7478.881439084373,27.158599369149332,-2.6474669458306206
19850.260698624686,7888.132754293899,27.158599369149332,1.99303305416938
19850.260698624686,8911.261042317714,27.158599369149332,-5.584100279163953
19850.260698624686,9115.886699922477,27.158599369149332,-4.315233612497287
19850.260698624686,9320.512357527241,27.158599369149332,-2.577583612497287
19962.98935834201,6148.814664653411,27.158599369149332,-3.060366945830621
19962.98935834201,6353.440322258174,27.158599369149332,-3.1395669458306195
19962.98935834201,6558.065979862938,27.158599369149336,-3.19260694583062
19962.98935834201,6762.691637467701,27.158599369149332,-5.134529445830621
19962.98935834201,6967.317295072464,27.158599369149332,-4.2401169458306205
19962.98935834201,7171.942952677227,27.158599369149332,-5.98311694583062
19962.98935834201,7376.568610281991,27.158599369149332,-2.13786694583062
19962.98935834201,7581.194267886754,27.158599369149332,-1.7829836124972862
19962.98935834201,7785.819925491517,27.158599369149332,5.592814872351198
19962.98935834201,7990.445583096281,27.158599369149332,-3.2515669458306196
19962.98935834201,9218.19952872486,27.158599369149332,1.3335997208360462
19962.98935834201,9422.825186329623,27.158599369149332,9.425816387502714
20075.718018059335,6865.004466270082,27.158599369149332,-4.084433612497286
20075.718018059335,7069.630123874846,27.158599369149336,-4.08936694583062
20075.718018059335,7274.255781479609,27.158599369149332,-2.80086694583062
20075.718018059335,7478.881439084373,27.158599369149332,-3.5148002791639534
20075.718018059335,7683.507096689135,27.158599369149332,-1.2216383744020487
20075.718018059335,7888.132754293899,27.158599369149332,-1.8343669458306202
20075.718018059335,8706.635384712952,27.158599369149336,4.6147530541693795
20075.718018059335,8911.261042317714,27.158599369149336,0.4091730541693798
20075.718018059335,9115.886699922477,27.158599369149332,2.2263080541693796
20075.718018059335,9320.512357527241,27.158599369149332,0.46663305416937995
20188.446677776657,8604.32255591057,27.158599369149332,3.8885108319471566
20188.446677776657,9218.19952872486,27.158599369149332,1.4347997208360461
