thermocouple,experiment,measured_C,predicted_C
3.65 mm,crystal_N2,30.223380952380978,30.98591428571431
3.65 mm,crystal_N2,30.221571428571455,30.984778261319395
3.65 mm,crystal_N2,30.216904761904786,30.973254829691264
3.65 mm,crystal_N2,30.214809523809546,30.93560823057213
3.65 mm,crystal_N2,30.195476190476214,30.856970895388493
3.65 mm,crystal_N2,30.153571428571453,30.723455685013654
3.65 mm,crystal_N2,30.08361904761907,30.521252412705298
3.65 mm,crystal_N2,30.006666666666685,30.23901197101445
3.65 mm,crystal_N2,29.86314285714288,29.869908165168013
3.65 mm,crystal_N2,29.680857142857164,29.413183151635895
3.65 mm,crystal_N2,29.449619047619066,28.875357899025797
3.65 mm,crystal_N2,29.22190476190479,28.26964922996053
3.65 mm,crystal_N2,28.924190476190496,27.612916513046713
3.65 mm,crystal_N2,28.604571428571454,26.924539952207112
3.65 mm,crystal_N2,28.231857142857162,26.224580321602748
3.65 mm,crystal_N2,27.887238095238118,25.52816769052111
3.65 mm,crystal_N2,27.48652380952383,24.842347265358356
3.65 mm,crystal_N2,27.09380952380954,24.16875810684841
3.65 mm,crystal_N2,26.650857142857163,23.51156608268459
3.65 mm,crystal_N2,26.250095238095263,22.871356478461742
3.65 mm,crystal_N2,25.807619047619067,22.247003591178864
3.65 mm,crystal_N2,25.386809523809546,21.639726464086156
3.65 mm,crystal_N2,24.912190476190496,21.049973370474834
3.65 mm,crystal_N2,24.48438095238097,20.47793027198353
3.65 mm,crystal_N2,24.024714285714303,19.92183885986614
3.65 mm,crystal_N2,23.5919523809524,19.38085007760609
3.65 mm,crystal_N2,23.109428571428587,18.859700401386338
3.65 mm,crystal_N2,22.67685714285716,18.363721937800317
3.65 mm,crystal_N2,22.222428571428587,17.892944304616556
3.65 mm,crystal_N2,21.81580952380954,17.44094351846909
3.65 mm,crystal_N2,21.368523809523825,17.006112261618505
3.65 mm,crystal_N2,20.967000000000017,16.585586045229125
3.65 mm,crystal_N2,20.525095238095254,16.179179124866447
3.65 mm,crystal_N2,20.10880952380954,15.785864037611422
3.65 mm,crystal_N2,19.645571428571444,15.402235399757052
3.65 mm,crystal_N2,19.233476190476207,15.029880782727897
3.65 mm,crystal_N2,18.79919047619049,14.667112164410886
3.65 mm,crystal_N2,18.40404761904763,14.317731192546697
3.65 mm,crystal_N2,17.960333333333345,13.978373139341105
3.65 mm,crystal_N2,17.561761904761916,13.646892970793491
3.65 mm,crystal_N2,17.1314761904762,13.327131819465567
3.65 mm,crystal_N2,16.731904761904772,13.013071117124056
3.65 mm,crystal_N2,16.292428571428584,12.706858968440326
3.65 mm,crystal_N2,15.903190476190488,12.410239518237633
3.65 mm,crystal_N2,15.484666666666676,12.115254004838661
3.65 mm,crystal_N2,15.101809523809536,11.825516184967478
3.65 mm,crystal_N2,14.669952380952392,11.542120923460132
3.65 mm,crystal_N2,14.280571428571438,11.259146772289286
3.65 mm,crystal_N2,13.863761904761914,10.98406414120532
3.65 mm,crystal_N2,13.482761904761915,10.71317409151965
3.65 mm,crystal_N2,13.055571428571438,10.444551830365247
3.65 mm,crystal_N2,12.682142857142868,10.186793057630894
3.65 mm,crystal_N2,12.289285714285722,9.931464204483074
3.65 mm,crystal_N2,11.93100000000001,9.677599441077621
3.65 mm,crystal_N2,11.529476190476199,9.434528312025485
3.65 mm,crystal_N2,11.174380952380961,9.192896418955668
3.65 mm,crystal_N2,10.793047619047627,8.953386845151666
3.65 mm,crystal_N2,10.446142857142865,8.727710940471791
3.65 mm,crystal_N2,10.06390476190477,8.504575214068758
3.65 mm,crystal_N2,9.723476190476198,8.279291553928555
3.65 mm,crystal_N2,9.36385714285715,8.068146985372062
3.65 mm,crystal_N2,9.037714285714292,7.863695953450108
3.65 mm,crystal_N2,8.675285714285721,7.653511656083883
3.65 mm,crystal_N2,8.354285714285721,7.450401470931668
3.65 mm,crystal_N2,8.011523809523815,7.2616313479451495
3.65 mm,crystal_N2,7.701380952380958,7.073353442058138
3.65 mm,crystal_N2,7.356666666666673,6.874725752404171
3.65 mm,crystal_N2,7.051380952380957,6.682824063184287
3.65 mm,crystal_N2,6.725095238095243,6.503316188714733
3.65 mm,crystal_N2,6.426142857142861,6.319539303622891
3.65 mm,crystal_N2,6.092428571428576,6.131855119063851
3.65 mm,crystal_N2,5.793809523809527,5.961414824358098
3.65 mm,crystal_N2,5.483619047619051,5.7983280548009635
3.65 mm,crystal_N2,5.207333333333337,5.626764411390071
3.65 mm,crystal_N2,4.896904761904766,5.450848999494618
3.65 mm,crystal_N2,4.633476190476194,5.293204699765004
3.65 mm,crystal_N2,4.352857142857147,5.142887133916313
3.65 mm,crystal_N2,4.0927619047619075,4.986550101936771
3.65 mm,crystal_N2,3.7985238095238127,4.819187883077966
3.65 mm,crystal_N2,3.5331904761904784,4.66961004704411
3.65 mm,crystal_N2,3.2492380952380975,4.529236289352623
3.65 mm,crystal_N2,2.999952380952383,4.387153109068654
3.65 mm,crystal_N2,2.7190476190476214,4.229159756960163
3.65 mm,crystal_N2,2.4512857142857163,4.077687759468617
3.65 mm,crystal_N2,2.2059523809523824,3.9428835002515257
3.65 mm,crystal_N2,2.0259523809523823,3.8105039197655493
3.65 mm,crystal_N2,1.8461904761904775,3.6673670256666564
3.65 mm,crystal_N2,1.692857142857144,3.5216422922359714
3.65 mm,crystal_N2,1.5575714285714295,3.3972266969523788
3.65 mm,crystal_N2,1.4384761904761914,3.2768268769828968
3.65 mm,crystal_N2,1.323904761904763,3.1531725678002696
3.65 mm,crystal_N2,1.2274285714285722,3.011917083145174
3.65 mm,crystal_N2,1.1080476190476198,2.8703721355575085
3.65 mm,crystal_N2,0.978333333333334,2.7511230604509493
3.65 mm,crystal_N2,0.8393333333333339,2.6343078376060767
3.65 mm,crystal_N2,0.7148571428571433,2.511022409163719
3.65 mm,crystal_N2,0.5919047619047623,2.3698827730888987
3.65 mm,crystal_N2,0.47790476190476217,2.2537078247435605
3.65 mm,crystal_N2,0.35142857142857165,2.1465679097886636
3.65 mm,crystal_N2,0.24204761904761923,2.0374650079433065
3.65 mm,crystal_N2,0.1283333333333334,1.9222583404165978
3.65 mm,crystal_N2,0.02847619047619049,1.7890776882035617
3.65 mm,crystal_N2,-0.07552380952380958,1.6831490411337353
3.65 mm,crystal_N2,-0.16742857142857154,1.5841481856675297
3.65 mm,crystal_N2,-0.264809523809524,1.4821733697960993
3.65 mm,crystal_N2,-0.35128571428571453,1.3748705263197356
3.65 mm,crystal_N2,-0.44723809523809555,1.2464492116998391
3.65 mm,crystal_N2,-0.5318095238095242,1.1415002791115292
3.65 mm,crystal_N2,-0.6263809523809527,1.0487470613771308
3.65 mm,crystal_N2,-0.7120476190476195,0.9530779036436798
3.65 mm,crystal_N2,-0.8102380952380958,0.8521277918723296
3.65 mm,crystal_N2,-0.8988571428571435,0.7391961084785026
3.65 mm,crystal_N2,-0.9900952380952388,0.633293541794378
3.65 mm,crystal_N2,-1.0688571428571436,0.5490009390284302
3.65 mm,crystal_N2,-1.1617619047619057,0.4617098883088141
3.65 mm,crystal_N2,-1.2404761904761914,0.369015176097017
3.65 mm,crystal_N2,-1.320095238095239,0.27009679332836245
3.65 mm,crystal_N2,-1.3884285714285725,0.1515515460539803
3.65 mm,crystal_N2,-1.4633333333333345,0.06471784969747973
3.65 mm,crystal_N2,-1.5301904761904774,-0.015568972921335078
3.65 mm,crystal_N2,-1.6109523809523822,-0.10077132710070946
3.65 mm,crystal_N2,-1.692809523809525,-0.19186009055234537
3.65 mm,crystal_N2,-1.784904761904763,-0.28931181109538606
3.65 mm,crystal_N2,-1.8632857142857155,-0.38926363052636515
3.65 mm,crystal_N2,-1.9405238095238109,-0.4594637563145292
3.65 mm,crystal_N2,-2.008285714285716,-0.5348905233708763
3.65 mm,crystal_N2,-2.080285714285716,-0.6164053315232089
3.65 mm,crystal_N2,-2.145380952380954,-0.7042451213643971
3.65 mm,crystal_N2,-2.214333333333335,-0.7985030505175541
3.65 mm,crystal_N2,-2.273380952380954,-0.9033506462755929
3.65 mm,crystal_N2,-2.334523809523811,-0.9690577626898851
3.65 mm,crystal_N2,-2.389285714285716,-1.0409619699457666
3.65 mm,crystal_N2,-2.4447142857142876,-1.1192731713705735
3.65 mm,crystal_N2,-2.496190476190478,-1.2037905884911009
3.65 mm,crystal_N2,-2.559047619047621,-1.2944865250772075
3.65 mm,crystal_N2,-2.614142857142859,-1.386775053735446
3.65 mm,crystal_N2,-2.6708571428571446,-1.443979150320088
3.65 mm,crystal_N2,-2.723904761904764,-1.510607609879505
3.65 mm,crystal_N2,-2.782809523809526,-1.5841182496930684
3.65 mm,crystal_N2,-2.837904761904764,-1.6639645597314225
3.65 mm,crystal_N2,-2.8980000000000024,-1.750019421567528
3.65 mm,crystal_N2,-2.955857142857145,-1.842074142816815
3.65 mm,crystal_N2,-3.025571428571431,-1.8874075738080593
3.65 mm,crystal_N2,-3.088761904761907,-1.9471675576890428
3.65 mm,crystal_N2,-3.1575238095238123,-2.014939800675663
3.65 mm,crystal_N2,-3.218714285714288,-2.0893750586981525
3.65 mm,crystal_N2,-3.280523809523812,-2.1702278779550928
3.65 mm,crystal_N2,-3.3344285714285737,-2.257280128894596
3.65 mm,crystal_N2,-3.3896190476190498,-2.3150435913836516
3.65 mm,crystal_N2,-3.4387619047619076,-2.363638200863204
3.65 mm,crystal_N2,-3.4972857142857166,-2.4245223257045305
3.65 mm,crystal_N2,-3.550666666666669,-2.492626113711344
3.65 mm,crystal_N2,-3.605476190476193,-2.5671714998217974
3.65 mm,crystal_N2,-3.65161904761905,-2.647897026156938
3.65 mm,crystal_N2,-3.699428571428574,-2.734465323181638
3.65 mm,crystal_N2,-3.7408095238095265,-2.810446333731994
3.65 mm,crystal_N2,-3.7867619047619074,-2.8744403962865563
3.65 mm,crystal_N2,-3.831095238095241,-2.934545421027495
3.65 mm,crystal_N2,-3.8832380952380983,-2.999424738023899
3.65 mm,crystal_N2,-3.930476190476193,-3.070203231910636
3.65 mm,crystal_N2,-3.98114285714286,-3.1468516824143413
3.65 mm,crystal_N2,-4.0290000000000035,-3.229141791793661
3.65 mm,crystal_N2,-4.079904761904765,-3.3040255132594587
3.65 mm,crystal_N2,-4.121761904761907,-3.388456524145261
3.65 mm,crystal_N2,-4.163761904761907,-3.446753184707218
3.65 mm,crystal_N2,-4.201523809523812,-3.5087268545496206
3.65 mm,crystal_N2,-4.245190476190479,-3.5760301747608243
3.65 mm,crystal_N2,-4.2894761904761936,-3.6487174904731345
3.65 mm,crystal_N2,-4.3427619047619075,-3.726614834327249
3.65 mm,crystal_N2,-4.397523809523813,-3.8037740114377807
3.65 mm,crystal_N2,-4.452428571428574,-3.8828584276959024
3.65 mm,crystal_N2,-4.498714285714288,-3.94163447259293
3.65 mm,crystal_N2,-4.545761904761909,-4.000775234645465
3.65 mm,crystal_N2,-4.583523809523813,-4.0641082642784685
3.65 mm,crystal_N2,-4.623190476190479,-4.1321627274181925
3.65 mm,crystal_N2,-4.6595238095238125,-4.204895221922944
3.65 mm,crystal_N2,-4.702190476190479,-4.280689439842901
3.65 mm,crystal_N2,-4.745285714285718,-4.339314559494245
3.65 mm,crystal_N2,-4.796047619047622,-4.413442622306075
3.65 mm,crystal_N2,-4.843761904761908,-4.470371646130374
3.65 mm,crystal_N2,-4.884904761904766,-4.530218163271436
3.65 mm,crystal_N2,-4.9183333333333366,-4.594100851341978
3.65 mm,crystal_N2,-4.959571428571431,-4.662127596279999
3.65 mm,crystal_N2,-4.995000000000003,-4.734190050233655
3.65 mm,crystal_N2,-5.035333333333337,-4.795011697830134
3.65 mm,crystal_N2,-5.074476190476195,-4.854751656610109
3.65 mm,crystal_N2,-5.110476190476194,-4.911885528195882
3.65 mm,crystal_N2,-5.146619047619051,-4.966906933599988
3.65 mm,crystal_N2,-5.18919047619048,-5.025385192772788
3.65 mm,crystal_N2,-5.23266666666667,-5.087934639622382
3.65 mm,crystal_N2,-5.284285714285717,-5.154430909987248
3.65 mm,crystal_N2,-5.3267142857142895,-5.220831404168054
3.65 mm,crystal_N2,-5.368095238095242,-5.271066185214693
3.65 mm,crystal_N2,-5.406619047619051,-5.313628280424185
3.65 mm,crystal_N2,-5.444904761904765,-5.378388502315899
3.65 mm,crystal_N2,-5.478666666666671,-5.43241384397837
3.65 mm,crystal_N2,-5.519476190476194,-5.488983123758517
3.65 mm,crystal_N2,-5.5554761904761945,-5.549193138074452
3.65 mm,crystal_N2,-5.597095238095242,-5.6130206272361045
3.65 mm,crystal_N2,-5.633142857142861,-5.676757559577235
3.65 mm,crystal_N2,-5.664619047619052,-5.7253718595963266
3.65 mm,crystal_N2,-5.691523809523813,-5.76625262038828
3.65 mm,crystal_N2,-5.722952380952385,-5.821549212755875
3.65 mm,crystal_N2,-5.75071428571429,-5.8749086668210175
3.65 mm,crystal_N2,-5.782428571428575,-5.928803368333625
3.65 mm,crystal_N2,-5.811380952380956,-5.985648497349276
3.65 mm,crystal_N2,-5.8449047619047665,-6.045884880072225
3.65 mm,crystal_N2,-5.875428571428575,-6.108400618734287
3.65 mm,crystal_N2,-5.906380952380957,-6.159086293414988
3.65 mm,crystal_N2,-5.939619047619052,-6.2002081817715515
3.65 mm,crystal_N2,-5.9751428571428615,-6.239520349595027
3.65 mm,crystal_N2,-6.004619047619052,-6.300626744713249
3.65 mm,crystal_N2,-6.0416190476190526,-6.353037762063318
3.65 mm,crystal_N2,-6.075523809523814,-6.407580237565349
3.65 mm,crystal_N2,-6.115714285714291,-6.465030035276961
3.65 mm,crystal_N2,-6.156619047619053,-6.524522398224938
3.65 mm,crystal_N2,-6.194142857142862,-6.573323478627525
3.65 mm,crystal_N2,-6.221476190476195,-6.612457257276744
3.65 mm,crystal_N2,-6.2532857142857186,-6.64927173631127
3.65 mm,crystal_N2,-6.2792380952380995,-6.695547472054255
3.65 mm,crystal_N2,-6.306523809523814,-6.749104709527549
3.65 mm,crystal_N2,-6.3362380952381,-6.800247840149336
3.65 mm,crystal_N2,-6.371904761904767,-6.853705701996406
3.65 mm,crystal_N2,-6.403285714285719,-6.909850472721344
3.65 mm,crystal_N2,-6.439380952380956,-6.966064891938162
3.65 mm,crystal_N2,-6.470380952380957,-7.01039176434907
3.65 mm,crystal_N2,-6.500571428571433,-7.047684476767224
3.65 mm,crystal_N2,-6.5250952380952425,-7.083600572181627
3.65 mm,crystal_N2,-6.555285714285719,-7.128295238108604
3.65 mm,crystal_N2,-6.583476190476196,-7.18113263232895
3.65 mm,crystal_N2,-6.615952380952386,-7.231507125885517
3.65 mm,crystal_N2,-6.648571428571433,-7.283463473752481
3.65 mm,crystal_N2,-6.685285714285719,-7.337763195222811
3.65 mm,crystal_N2,-6.715952380952386,-7.386467542584226
3.65 mm,crystal_N2,-6.750666666666671,-7.4249709392781975
3.65 mm,crystal_N2,-6.779190476190481,-7.460129530008517
3.65 mm,crystal_N2,-6.805523809523814,-7.495372887137049
3.65 mm,crystal_N2,-6.828571428571433,-7.531654030829426
3.65 mm,crystal_N2,-6.855142857142862,-7.5877096047098345
3.65 mm,crystal_N2,-6.8774285714285766,-7.636997942696093
3.65 mm,crystal_N2,-6.9000476190476245,-7.687264987799398
3.65 mm,crystal_N2,-6.921809523809529,-7.73966120727724
3.65 mm,crystal_N2,-6.9433809523809575,-7.787000673946471
3.65 mm,crystal_N2,-6.962809523809529,-7.824458487584483
3.65 mm,crystal_N2,-6.983523809523814,-7.857883544370104
3.65 mm,crystal_N2,-7.003000000000005,-7.8907435515570405
3.65 mm,crystal_N2,-7.026619047619053,-7.92472866410912
3.65 mm,crystal_N2,-7.047095238095244,-7.974657870314587
3.65 mm,crystal_N2,-7.070476190476196,-8.022200662381525
3.65 mm,crystal_N2,-7.094619047619053,-8.070402366391802
3.65 mm,crystal_N2,-7.118095238095243,-8.120608500376505
3.65 mm,crystal_N2,-7.138571428571434,-8.166342356035376
3.65 mm,crystal_N2,-7.163190476190481,-8.202950469187037
3.65 mm,crystal_N2,-7.188666666666672,-8.236000074658385
3.65 mm,crystal_N2,-7.222428571428576,-8.268834706684496
3.65 mm,crystal_N2,-7.252857142857147,-8.302544352059348
3.65 mm,crystal_N2,-7.283380952380958,-8.337601312630666
3.65 mm,crystal_N2,-7.30528571428572,-8.390502781775044
3.65 mm,crystal_N2,-7.327952380952386,-8.437649485685743
3.65 mm,crystal_N2,-7.351380952380958,-8.48555397165903
3.65 mm,crystal_N2,-7.374714285714291,-8.533530921768664
3.65 mm,crystal_N2,-7.397142857142862,-8.572980021342277
3.65 mm,crystal_N2,-7.420238095238101,-8.606331183365606
3.65 mm,crystal_N2,-7.439047619047625,-8.637729044694298
3.65 mm,crystal_N2,-7.461095238095244,-8.66905973080241
3.65 mm,crystal_N2,-7.4872380952381,-8.701464153237165
3.65 mm,crystal_N2,-7.515952380952386,-8.740963831689559
3.65 mm,crystal_N2,-7.5399523809523865,-8.790272020495342
3.65 mm,crystal_N2,-7.567190476190483,-8.837517016559977
3.65 mm,crystal_N2,-7.593523809523815,-8.885700689431431
3.65 mm,crystal_N2,-7.621666666666672,-8.929589002534222
3.65 mm,crystal_N2,-7.650523809523816,-8.964706692808075
3.65 mm,crystal_N2,-7.679761904761911,-8.996042802012667
3.65 mm,crystal_N2,-7.699714285714291,-9.0269915592546
3.65 mm,crystal_N2,-7.72528571428572,-9.058651953298707
3.65 mm,crystal_N2,-7.747523809523814,-9.09150992181762
3.65 mm,crystal_N2,-7.772904761904767,-9.130501055148626
3.65 mm,crystal_N2,-7.804095238095243,-9.178825683169869
3.65 mm,crystal_N2,-7.839714285714292,-9.22493922934458
3.65 mm,crystal_N2,-7.868238095238101,-9.27052468001945
3.65 mm,crystal_N2,-7.894333333333339,-9.308011032135232
3.65 mm,crystal_N2,-7.917666666666673,-9.339406972070417
3.65 mm,crystal_N2,-7.941571428571435,-9.36900552443579
3.65 mm,crystal_N2,-7.964571428571435,-9.398917592406612
3.65 mm,crystal_N2,-7.991476190476196,-9.429898697515911
3.65 mm,crystal_N2,-8.015380952380958,-9.461696942260431
3.65 mm,crystal_N2,-8.040666666666674,-9.494600764330901
3.65 mm,crystal_N2,-8.066619047619053,-9.543245443861911
3.65 mm,crystal_N2,-8.094714285714293,-9.587854959407682
3.65 mm,crystal_N2,-8.119714285714291,-9.631657250390678
3.65 mm,crystal_N2,-8.1462380952381,-9.668476637050862
3.65 mm,crystal_N2,-8.166190476190481,-9.699080709675139
3.65 mm,crystal_N2,-8.185047619047626,-9.727302778511863
3.65 mm,crystal_N2,-8.199000000000005,-9.755217764352864
3.65 mm,crystal_N2,-8.219333333333338,-9.783732981573916
3.65 mm,crystal_N2,-8.23680952380953,-9.813477060595954
3.65 mm,crystal_N2,-8.255047619047627,-9.844583231711555
3.65 mm,crystal_N2,-8.270428571428578,-9.88459531551505
3.65 mm,crystal_N2,-8.289238095238101,-9.92862066912065
3.65 mm,crystal_N2,-8.303952380952389,-9.971252392365724
3.65 mm,crystal_N2,-8.324904761904767,-10.008775370759029
3.65 mm,crystal_N2,-8.34380952380953,-10.040102682209278
3.65 mm,crystal_N2,-8.36933333333334,-10.069026631082522
3.65 mm,crystal_N2,-8.392809523809529,-10.097760303322419
3.65 mm,crystal_N2,-8.415666666666674,-10.12668855562726
3.65 mm,crystal_N2,-8.434190476190482,-10.155683979709544
3.65 mm,crystal_N2,-8.450714285714291,-10.184917728734645
3.65 mm,crystal_N2,-8.464857142857149,-10.214693330808206
3.65 mm,crystal_N2,-8.484476190476196,-10.258157190457922
3.65 mm,crystal_N2,-8.505190476190482,-10.29902038511992
3.65 mm,crystal_N2,-8.526666666666673,-10.336590648717761
3.65 mm,crystal_N2,-8.543571428571434,-10.367089689608427
3.65 mm,crystal_N2,-8.555714285714291,-10.393591876592199
3.65 mm,crystal_N2,-8.568047619047626,-10.419039196430726
3.65 mm,crystal_N2,-8.585761904761911,-10.44509115179903
3.65 mm,crystal_N2,-8.60080952380953,-10.47239115811884
3.65 mm,crystal_N2,-8.62076190476191,-10.50085156455019
3.65 mm,crystal_N2,-8.642285714285721,-10.530573150309225
3.65 mm,crystal_N2,-8.663904761904767,-10.561288262165945
3.65 mm,crystal_N2,-8.683238095238103,-10.604781706067683
3.65 mm,crystal_N2,-8.703666666666674,-10.644526500824407
3.65 mm,crystal_N2,-8.71728571428572,-10.677304752777998
3.65 mm,crystal_N2,-8.733333333333341,-10.70442338161984
3.65 mm,crystal_N2,-8.748380952380959,-10.729691943871789
3.65 mm,crystal_N2,-8.76738095238096,-10.754930378170267
3.65 mm,crystal_N2,-8.784238095238102,-10.780867646740862
3.65 mm,crystal_N2,-8.807952380952386,-10.807600650255944
3.65 mm,crystal_N2,-8.828285714285721,-10.834920628270755
3.65 mm,crystal_N2,-8.851666666666674,-10.862623079375032
3.65 mm,crystal_N2,-8.871000000000006,-10.890870875786401
3.65 mm,crystal_N2,-8.893380952380959,-10.928915743715676
3.65 mm,crystal_N2,-8.912238095238102,-10.967482853614696
3.65 mm,crystal_N2,-8.93033333333334,-10.999785382897535
3.65 mm,crystal_N2,-8.946952380952387,-11.026447066040644
3.65 mm,crystal_N2,-8.968333333333339,-11.050108334505644
3.65 mm,crystal_N2,-8.983619047619054,-11.072901656440964
3.65 mm,crystal_N2,-9.002095238095245,-11.09611609847799
3.65 mm,crystal_N2,-9.021190476190483,-11.120305981751448
3.65 mm,crystal_N2,-9.03833333333334,-11.145727510986061
3.65 mm,crystal_N2,-9.05833333333334,-11.172102069584604
3.65 mm,crystal_N2,-9.07928571428572,-11.199248538635054
3.65 mm,crystal_N2,-9.092619047619054,-11.227042324003206
3.65 mm,crystal_N2,-9.10980952380953,-11.266084055991422
3.65 mm,crystal_N2,-9.122476190476197,-11.299617081000322
3.65 mm,crystal_N2,-9.133000000000006,-11.326892291028686
3.65 mm,crystal_N2,-9.143761904761913,-11.351090385806312
3.65 mm,crystal_N2,-9.15990476190477,-11.374598149036801
3.65 mm,crystal_N2,-9.171238095238103,-11.3979803973067
3.65 mm,crystal_N2,-9.187095238095246,-11.421562399029293
3.65 mm,crystal_N2,-9.19890476190477,-11.445834520285914
3.65 mm,crystal_N2,-9.211285714285722,-11.470645565579696
3.65 mm,crystal_N2,-9.223095238095244,-11.496236955377046
3.65 mm,crystal_N2,-9.23776190476191,-11.52268476129007
3.65 mm,crystal_N2,-9.24990476190477,-11.55210014999622
3.65 mm,crystal_N2,-9.262333333333341,-11.588303231046591
3.65 mm,crystal_N2,-9.274285714285721,-11.61774148814662
3.65 mm,crystal_N2,-9.286571428571435,-11.642306502156798
3.65 mm,crystal_N2,-9.298428571428579,-11.664017576125627
3.65 mm,crystal_N2,-9.313190476190483,-11.686175473779942
3.65 mm,crystal_N2,-9.326666666666675,-11.712143944544087
3.65 mm,crystal_N2,-9.350190476190482,-11.750334462269638
3.65 mm,crystal_N2,-9.385190476190482,-11.811344403549697
3.65 mm,crystal_N2,-9.432809523809532,-11.89522096217069
3.65 mm,crystal_N2,-9.484095238095245,-11.992837818878396
3.65 mm,crystal_N2,-9.552666666666674,-12.100583090985655
3.65 mm,crystal_N2,-9.629047619047626,-12.229492698912441
3.65 mm,crystal_N2,-9.721285714285722,-12.371929473607057
3.65 mm,crystal_N2,-9.823380952380958,-12.564750928735574
3.65 mm,crystal_N3,26.481333333333353,27.13014285714288
3.65 mm,crystal_N3,26.48838095238097,27.12642902469443
3.65 mm,crystal_N3,26.491761904761923,27.09824728798749
3.65 mm,crystal_N3,26.49090476190478,27.034263826280732
3.65 mm,crystal_N3,26.493809523809546,26.939185442425064
3.65 mm,crystal_N3,26.472000000000023,26.81743211385934
3.65 mm,crystal_N3,26.4291904761905,26.66907660860584
3.65 mm,crystal_N3,26.361761904761927,26.49113133732287
3.65 mm,crystal_N3,26.286714285714304,26.28028625307074
3.65 mm,crystal_N3,26.156571428571446,26.034930957761212
3.65 mm,crystal_N3,25.99776190476193,25.75573527110619
3.65 mm,crystal_N3,25.803285714285735,25.444888855056323
3.65 mm,crystal_N3,25.618428571428588,25.10528256843469
3.65 mm,crystal_N3,25.384857142857157,24.739940500729496
3.65 mm,crystal_N3,25.13852380952383,24.352683314196646
3.65 mm,crystal_N3,24.8517142857143,23.94809438138785
3.65 mm,crystal_N3,24.591142857142874,23.530728197104256
3.65 mm,crystal_N3,24.29447619047621,23.104313887536275
3.65 mm,crystal_N3,24.010952380952396,22.67238590301385
3.65 mm,crystal_N3,23.695619047619065,22.23848798698501
3.65 mm,crystal_N3,23.41380952380954,21.805676264712467
3.65 mm,crystal_N3,23.104047619047634,21.375974678112428
3.65 mm,crystal_N3,22.819619047619064,20.950836615654442
3.65 mm,crystal_N3,22.496428571428588,20.531419301093848
3.65 mm,crystal_N3,22.21023809523811,20.118793874825833
3.65 mm,crystal_N3,21.902047619047632,19.714889405589375
3.65 mm,crystal_N3,21.6187142857143,19.321236952361883
3.65 mm,crystal_N3,21.299190476190493,18.93879599775467
3.65 mm,crystal_N3,21.01823809523811,18.567962964173216
3.65 mm,crystal_N3,20.71985714285716,18.207592699328263
3.65 mm,crystal_N3,20.453714285714298,17.857536954379338
3.65 mm,crystal_N3,20.151571428571444,17.51733981798833
3.65 mm,crystal_N3,19.888952380952396,17.187513822123524
3.65 mm,crystal_N3,19.606476190476204,16.8675374012853
3.65 mm,crystal_N3,19.349333333333348,16.5561006577042
3.65 mm,crystal_N3,19.060428571428584,16.253501776835847
3.65 mm,crystal_N3,18.80509523809525,15.958773481579334
3.65 mm,crystal_N3,18.52638095238097,15.67160288197719
3.65 mm,crystal_N3,18.273523809523823,15.392533592516465
3.65 mm,crystal_N3,17.990714285714297,15.120388273067704
3.65 mm,crystal_N3,17.739238095238107,14.855976388712167
3.65 mm,crystal_N3,17.468857142857154,14.599712646819022
3.65 mm,crystal_N3,17.225761904761917,14.349362288774138
3.65 mm,crystal_N3,16.955523809523825,14.104876734469693
3.65 mm,crystal_N3,16.71952380952382,13.867403803585702
3.65 mm,crystal_N3,16.467476190476198,13.635100634843978
3.65 mm,crystal_N3,16.234761904761918,13.407362271284537
3.65 mm,crystal_N3,15.97052380952382,13.18627381139394
3.65 mm,crystal_N3,15.736857142857154,12.970612316835881
3.65 mm,crystal_N3,15.483904761904775,12.757805406925742
3.65 mm,crystal_N3,15.262523809523822,12.5496444395579
3.65 mm,crystal_N3,15.014761904761913,12.346996764576279
3.65 mm,crystal_N3,14.796333333333344,12.14715694819132
3.65 mm,crystal_N3,14.568380952380963,11.950105928677397
3.65 mm,crystal_N3,14.36709523809525,11.758775308884513
3.65 mm,crystal_N3,14.135380952380963,11.572281450307178
3.65 mm,crystal_N3,13.936571428571437,11.38763568070454
3.65 mm,crystal_N3,13.725000000000009,11.206569891062207
3.65 mm,crystal_N3,13.533904761904772,11.031494021460633
3.65 mm,crystal_N3,13.321285714285724,10.86091341930218
3.65 mm,crystal_N3,13.130476190476202,10.691298172502943
3.65 mm,crystal_N3,12.926619047619056,10.52350373479999
3.65 mm,crystal_N3,12.745952380952389,10.360885715829385
3.65 mm,crystal_N3,12.547904761904771,10.20291982938263
3.65 mm,crystal_N3,12.377285714285723,10.046349167720381
3.65 mm,crystal_N3,12.198285714285722,9.89058779781892
3.65 mm,crystal_N3,12.03190476190477,9.739537672525493
3.65 mm,crystal_N3,11.845238095238104,9.593417386062157
3.65 mm,crystal_N3,11.678571428571438,9.450059736741736
3.65 mm,crystal_N3,11.505619047619057,9.30602665905603
3.65 mm,crystal_N3,11.352761904761913,9.163240860310363
3.65 mm,crystal_N3,11.182047619047628,9.025211398943313
3.65 mm,crystal_N3,11.025761904761913,8.8911735183487
3.65 mm,crystal_N3,10.86080952380953,8.758797866023215
3.65 mm,crystal_N3,10.711619047619056,8.625307643615153
3.65 mm,crystal_N3,10.548285714285722,8.494488211179391
3.65 mm,crystal_N3,10.402809523809532,8.368401947611405
3.65 mm,crystal_N3,10.246619047619056,8.245599176979006
3.65 mm,crystal_N3,10.101047619047627,8.124082174734955
3.65 mm,crystal_N3,9.942571428571435,8.000789210592986
3.65 mm,crystal_N3,9.806000000000006,7.878693664171947
3.65 mm,crystal_N3,9.660428571428579,7.7611451528300535
3.65 mm,crystal_N3,9.528095238095245,7.646930662700479
3.65 mm,crystal_N3,9.383190476190483,7.53431637694037
3.65 mm,crystal_N3,9.253523809523816,7.420753346404354
3.65 mm,crystal_N3,9.11528571428572,7.307286795428011
3.65 mm,crystal_N3,8.98380952380953,7.198292090222003
3.65 mm,crystal_N3,8.839238095238102,7.092849964838953
3.65 mm,crystal_N3,8.709000000000007,6.989164532495854
3.65 mm,crystal_N3,8.57780952380953,6.885843327203894
3.65 mm,crystal_N3,8.458571428571435,6.780914781014799
3.65 mm,crystal_N3,8.329142857142863,6.6777102542937365
3.65 mm,crystal_N3,8.21085714285715,6.578815786306028
3.65 mm,crystal_N3,8.08885714285715,6.482556024105825
3.65 mm,crystal_N3,7.974333333333339,6.387323485066718
3.65 mm,crystal_N3,7.846952380952387,6.292007839130459
3.65 mm,crystal_N3,7.729952380952387,6.195391266012638
3.65 mm,crystal_N3,7.6064761904761955,6.100972642941131
3.65 mm,crystal_N3,7.493523809523815,6.010623714190347
3.65 mm,crystal_N3,7.367047619047624,5.92243067058773
3.65 mm,crystal_N3,7.249476190476196,5.834859120989165
3.65 mm,crystal_N3,7.123714285714291,5.746902110264265
3.65 mm,crystal_N3,7.009809523809528,5.6576493430438575
3.65 mm,crystal_N3,6.883047619047624,5.567722964641893
3.65 mm,crystal_N3,6.773380952380958,5.481893725314708
3.65 mm,crystal_N3,6.658000000000005,5.398822008624056
3.65 mm,crystal_N3,6.547571428571434,5.316682180992029
3.65 mm,crystal_N3,6.430047619047624,5.234365381315382
3.65 mm,crystal_N3,6.328619047619052,5.151173550528657
3.65 mm,crystal_N3,6.222285714285719,5.066812904773519
3.65 mm,crystal_N3,6.126857142857148,4.985581866192829
3.65 mm,crystal_N3,6.015380952380957,4.907915719041231
3.65 mm,crystal_N3,5.912047619047623,4.831570262869495
3.65 mm,crystal_N3,5.803095238095242,4.755213993768879
3.65 mm,crystal_N3,5.704047619047623,4.6780682582179205
3.65 mm,crystal_N3,5.594428571428574,4.599667560801784
3.65 mm,crystal_N3,5.496380952380957,4.523092387888518
3.65 mm,crystal_N3,5.396000000000004,4.451346344678401
3.65 mm,crystal_N3,5.307857142857147,4.381496977804189
3.65 mm,crystal_N3,5.210142857142861,4.311835211250709
3.65 mm,crystal_N3,5.125380952380956,4.241527334598735
3.65 mm,crystal_N3,5.0292380952380995,4.170080193440959
3.65 mm,crystal_N3,4.940142857142861,4.097178911859017
3.65 mm,crystal_N3,4.843047619047622,4.024799924552887
3.65 mm,crystal_N3,4.756333333333336,3.95792203466154
3.65 mm,crystal_N3,4.663952380952384,3.8932713689924343
3.65 mm,crystal_N3,4.579142857142861,3.8287310361045765
3.65 mm,crystal_N3,4.483523809523813,3.7634607859147597
3.65 mm,crystal_N3,4.395523809523812,3.6969924475826885
3.65 mm,crystal_N3,4.304952380952384,3.629037940942392
3.65 mm,crystal_N3,4.228904761904765,3.5597302512698725
3.65 mm,crystal_N3,4.146238095238098,3.495097987433283
3.65 mm,crystal_N3,4.072380952380955,3.4346576074125887
3.65 mm,crystal_N3,3.991523809523813,3.3747498904482276
3.65 mm,crystal_N3,3.913000000000003,3.3142137371940783
3.65 mm,crystal_N3,3.821095238095241,3.252566931866449
3.65 mm,crystal_N3,3.738476190476193,3.1895027970653893
3.65 mm,crystal_N3,3.650857142857146,3.124826616861396
3.65 mm,crystal_N3,3.5689523809523838,3.0613733529962355
3.65 mm,crystal_N3,3.4781904761904787,3.004707235513363
3.65 mm,crystal_N3,3.3948571428571452,2.950190098087145
3.65 mm,crystal_N3,3.306571428571431,2.8950365805156495
3.65 mm,crystal_N3,3.2299047619047645,2.8386360968451565
3.65 mm,crystal_N3,3.1511904761904788,2.780801097806329
3.65 mm,crystal_N3,3.0864761904761924,2.721411160371942
3.65 mm,crystal_N3,3.0152380952380975,2.660399038354594
3.65 mm,crystal_N3,2.946904761904764,2.6011226359948894
3.65 mm,crystal_N3,2.8729047619047643,2.549001593318278
3.65 mm,crystal_N3,2.807809523809526,2.49928922036081
3.65 mm,crystal_N3,2.741523809523812,2.448988781846422
3.65 mm,crystal_N3,2.685000000000002,2.397126442479243
3.65 mm,crystal_N3,2.617285714285716,2.3436786562922833
3.65 mm,crystal_N3,2.557904761904764,2.2886459618965986
3.65 mm,crystal_N3,2.491333333333335,2.2320127825831584
3.65 mm,crystal_N3,2.4297142857142875,2.1743106968177877
3.65 mm,crystal_N3,2.3603809523809542,2.1235247439420593
3.65 mm,crystal_N3,2.2974285714285734,2.0771665352933195
3.65 mm,crystal_N3,2.2315238095238112,2.031597796968186
3.65 mm,crystal_N3,2.1777142857142873,1.9849301474607066
3.65 mm,crystal_N3,2.117619047619049,1.9362415834717814
3.65 mm,crystal_N3,2.0620476190476205,1.8857192173000934
3.65 mm,crystal_N3,1.9991904761904775,1.8335167586115875
3.65 mm,crystal_N3,1.9409047619047632,1.779697791129426
3.65 mm,crystal_N3,1.8803809523809538,1.726490106547092
3.65 mm,crystal_N3,1.829523809523811,1.68157267307682
3.65 mm,crystal_N3,1.7781428571428586,1.6393412903129223
3.65 mm,crystal_N3,1.7269047619047633,1.5973355471249258
3.65 mm,crystal_N3,1.6674285714285728,1.5545814113201508
3.65 mm,crystal_N3,1.619142857142858,1.5096340657610465
3.65 mm,crystal_N3,1.5653809523809534,1.4626099492894526
3.65 mm,crystal_N3,1.5103333333333344,1.4138409060574482
3.65 mm,crystal_N3,1.4503809523809537,1.3634885125551384
3.65 mm,crystal_N3,1.3927142857142867,1.3124408009047062
3.65 mm,crystal_N3,1.3329523809523818,1.2699328406195372
3.65 mm,crystal_N3,1.2803809523809533,1.2310296076547442
3.65 mm,crystal_N3,1.2146666666666674,1.1923565091691608
3.65 mm,crystal_N3,1.1547619047619055,1.1532621403495082
3.65 mm,crystal_N3,1.0925714285714292,1.1133301071003494
3.65 mm,crystal_N3,1.0380952380952388,1.0709599282127233
3.65 mm,crystal_N3,0.984238095238096,1.0261550811727453
3.65 mm,crystal_N3,0.9364761904761911,0.9794271387516092
3.65 mm,crystal_N3,0.8818571428571435,0.93105215732504
3.65 mm,crystal_N3,0.8338095238095244,0.8842509557427553
3.65 mm,crystal_N3,0.7760952380952386,0.8467011393681886
3.65 mm,crystal_N3,0.7235714285714291,0.8108037779694124
3.65 mm,crystal_N3,0.6718571428571434,0.7746193469484627
3.65 mm,crystal_N3,0.6253333333333337,0.7378339292390987
3.65 mm,crystal_N3,0.5768571428571433,0.700351722015189
3.65 mm,crystal_N3,0.5373809523809527,0.6610025507249352
3.65 mm,crystal_N3,0.4909523809523813,0.6188595272428666
3.65 mm,crystal_N3,0.44561904761904797,0.5746738536998571
3.65 mm,crystal_N3,0.3937619047619051,0.528857502742624
3.65 mm,crystal_N3,0.3466190476190479,0.48518053623375157
3.65 mm,crystal_N3,0.2956190476190479,0.45108360714810736
3.65 mm,crystal_N3,0.25109523809523826,0.4180464412855516
3.65 mm,crystal_N3,0.20033333333333347,0.3844949085491298
3.65 mm,crystal_N3,0.15771428571428583,0.35026039314019164
3.65 mm,crystal_N3,0.11614285714285723,0.3152893485038134
3.65 mm,crystal_N3,0.08495238095238103,0.27944644300526483
3.65 mm,crystal_N3,0.049761904761904806,0.24094094793597393
3.65 mm,crystal_N3,0.020380952380952395,0.1997534088190409
3.65 mm,crystal_N3,-0.011857142857142865,0.15676944834393125
3.65 mm,crystal_N3,-0.04395238095238098,0.11388367535636815
3.65 mm,crystal_N3,-0.08461904761904768,0.08214761798451484
3.65 mm,crystal_N3,-0.12057142857142866,0.05212155428060822
3.65 mm,crystal_N3,-0.15990476190476202,0.021464606058291702
3.65 mm,crystal_N3,-0.19747619047619064,-0.009936403758287221
3.65 mm,crystal_N3,-0.23633333333333348,-0.04207729849718231
3.65 mm,crystal_N3,-0.27242857142857163,-0.0749824302529487
3.65 mm,crystal_N3,-0.3120952380952383,-0.10868933026108485
3.65 mm,crystal_N3,-0.3473333333333336,-0.14417594226363245
3.65 mm,crystal_N3,-0.3878571428571431,-0.18299424307319762
3.65 mm,crystal_N3,-0.42719047619047656,-0.22392094532605983
3.65 mm,crystal_N3,-0.46895238095238134,-0.2644452881376613
3.65 mm,crystal_N3,-0.506476190476191,-0.2929782480061064
3.65 mm,crystal_N3,-0.5477619047619051,-0.3206435663407045
3.65 mm,crystal_N3,-0.5851904761904767,-0.34924392661380893
3.65 mm,crystal_N3,-0.6196666666666671,-0.3787136930635285
3.65 mm,crystal_N3,-0.651476190476191,-0.40897509464485293
3.65 mm,crystal_N3,-0.6871904761904767,-0.4400020072124326
3.65 mm,crystal_N3,-0.7178571428571434,-0.47180559215225576
3.65 mm,crystal_N3,-0.7528571428571434,-0.5044053900168446
3.65 mm,crystal_N3,-0.7859047619047625,-0.5389779025449145
3.65 mm,crystal_N3,-0.8169047619047625,-0.5770543994622461
3.65 mm,crystal_N3,-0.8447619047619053,-0.617095692167574
3.65 mm,crystal_N3,-0.8742380952380959,-0.648431127895514
3.65 mm,crystal_N3,-0.8962380952380959,-0.6735304442424235
3.65 mm,crystal_N3,-0.9221428571428578,-0.6997151677520725
3.65 mm,crystal_N3,-0.9466666666666674,-0.7268873550442347
3.65 mm,crystal_N3,-0.9705238095238102,-0.7548642924073301
3.65 mm,crystal_N3,-0.9880476190476198,-0.7835834438704743
3.65 mm,crystal_N3,-1.0082380952380958,-0.8130156012476214
3.65 mm,crystal_N3,-1.0259523809523818,-0.8431544201477266
3.65 mm,crystal_N3,-1.050285714285715,-0.8740036581607276
3.65 mm,crystal_N3,-1.0784285714285722,-0.9062685805501418
3.65 mm,crystal_N3,-1.108142857142858,-0.9423324884787228
3.65 mm,crystal_N3,-1.1373333333333342,-0.9805303427961669
3.65 mm,crystal_N3,-1.1646666666666676,-1.0042477778505092
3.65 mm,crystal_N3,-1.1904285714285723,-1.0272061173446747
3.65 mm,crystal_N3,-1.216285714285715,-1.0516280687141815
3.65 mm,crystal_N3,-1.2437619047619057,-1.0770774416660025
3.65 mm,crystal_N3,-1.2663809523809533,-1.103337665336435
3.65 mm,crystal_N3,-1.2908095238095245,-1.1303250422767928
3.65 mm,crystal_N3,-1.3146190476190487,-1.1580079430239403
3.65 mm,crystal_N3,-1.3344761904761913,-1.1863675079799387
3.65 mm,crystal_N3,-1.3544761904761913,-1.2153703624846197
3.65 mm,crystal_N3,-1.3755238095238105,-1.2449933914883822
3.65 mm,crystal_N3,-1.39304761904762,-1.2760900878157329
3.65 mm,crystal_N3,-1.4077142857142868,-1.3111139634863154
3.65 mm,crystal_N3,-1.4199047619047631,-1.3399935264257665
3.65 mm,crystal_N3,-1.429190476190477,-1.359772768863572
3.65 mm,crystal_N3,-1.4425238095238107,-1.3815653907397096
3.65 mm,crystal_N3,-1.4564285714285723,-1.4046191885397683
3.65 mm,crystal_N3,-1.4732380952380963,-1.4285224858303653
3.65 mm,crystal_N3,-1.4930000000000012,-1.4531500830312198
3.65 mm,crystal_N3,-1.5165238095238107,-1.4784688874003171
3.65 mm,crystal_N3,-1.5384761904761914,-1.5044702863551787
3.65 mm,crystal_N3,-1.563761904761906,-1.5311500879571605
3.65 mm,crystal_N3,-1.5876666666666677,-1.5585046711910464
3.65 mm,crystal_N3,-1.60757142857143,-1.5865304875127177
3.65 mm,crystal_N3,-1.6272380952380963,-1.6152133417435395
3.65 mm,crystal_N3,-1.6470000000000011,-1.6465611090079555
3.65 mm,crystal_N3,-1.6663809523809534,-1.672217423020019
3.65 mm,crystal_N3,-1.6881904761904774,-1.6897869231288438
3.65 mm,crystal_N3,-1.7070952380952393,-1.7099810009133884
3.65 mm,crystal_N3,-1.7232380952380966,-1.7315750847483942
3.65 mm,crystal_N3,-1.7440952380952393,-1.7540755233688854
3.65 mm,crystal_N3,-1.7684285714285726,-1.7773343506058925
3.65 mm,crystal_N3,-1.7936666666666679,-1.8013185241682153
3.65 mm,crystal_N3,-1.8152380952380966,-1.8260154619023918
3.65 mm,crystal_N3,-1.829761904761906,-1.8514032798117748
3.65 mm,crystal_N3,-1.8424761904761917,-1.8774476768746022
3.65 mm,crystal_N3,-1.8549523809523822,-1.9041198974836187
3.65 mm,crystal_N3,-1.869523809523811,-1.9313847482230555
3.65 mm,crystal_N3,-1.885523809523811,-1.9591971452814358
3.65 mm,crystal_N3,-1.90557142857143,-1.9899169251384072
3.65 mm,crystal_N3,-1.923666666666668,-2.0033602061839484
3.65 mm,crystal_N3,-1.944476190476192,-2.0209819308689934
3.65 mm,crystal_N3,-1.9582857142857157,-2.040701977525192
3.65 mm,crystal_N3,-1.9698095238095255,-2.061554549716984
3.65 mm,crystal_N3,-1.980333333333335,-2.0832119827503077
3.65 mm,crystal_N3,-1.994666666666668,-2.1055512898379467
3.65 mm,crystal_N3,-2.008476190476192,-2.1285336425707135
3.65 mm,crystal_N3,-2.027619047619049,-2.152146462491766
3.65 mm,crystal_N3,-2.0416666666666683,-2.1763838223357532
3.65 mm,crystal_N3,-2.056761904761906,-2.2012420213896595
3.65 mm,crystal_N3,-2.073285714285716,-2.2267048554434483
3.65 mm,crystal_N3,-2.092523809523811,-2.252763474365193
3.65 mm,crystal_N3,-2.109238095238097,-2.279399196466486
3.65 mm,crystal_N3,-2.130523809523811,-2.3065683183680425
3.65 mm,crystal_N3,-2.150333333333335,-2.316483328735312
3.65 mm,crystal_N3,-2.174333333333335,-2.332827163607528
3.65 mm,crystal_N3,-2.193428571428573,-2.351584314126072
3.65 mm,crystal_N3,-2.2148571428571446,-2.3715708931478
3.65 mm,crystal_N3,-2.233380952380954,-2.3924149651379683
3.65 mm,crystal_N3,-2.2520952380952397,-2.4139777224019072
3.65 mm,crystal_N3,-2.271714285714287,-2.4362027144197524
3.65 mm,crystal_N3,-2.295142857142859,-2.459060485363457
3.65 mm,crystal_N3,-2.3127142857142875,-2.4825391574268316
3.65 mm,crystal_N3,-2.3344285714285733,-2.506626807609591
3.65 mm,crystal_N3,-2.352285714285716,-2.531318198848553
3.65 mm,crystal_N3,-2.368238095238097,-2.556597421028429
3.65 mm,crystal_N3,-2.383000000000002,-2.582426012086808
3.65 mm,crystal_N3,-2.398142857142859,-2.608750055527397
3.65 mm,crystal_N3,-2.4106190476190497,-2.6275096091463466
3.65 mm,crystal_N3,-2.4252380952380967,-2.646626056105782
3.65 mm,crystal_N3,-2.440666666666668,-2.665653400803628
3.65 mm,crystal_N3,-2.458047619047621,-2.6847689594759467
3.65 mm,crystal_N3,-2.4706666666666686,-2.704314844542656
3.65 mm,crystal_N3,-2.484761904761907,-2.724394408093328
3.65 mm,crystal_N3,-2.496333333333335,-2.745051348390464
3.65 mm,crystal_N3,-2.5107142857142875,-2.766305721566793
3.65 mm,crystal_N3,-2.5221904761904783,-2.7881381660287023
3.65 mm,crystal_N3,-2.5341428571428586,-2.810504812393249
3.65 mm,crystal_N3,-2.5430476190476208,-2.8333694842412713
3.65 mm,crystal_N3,-2.5541904761904783,-2.8566750284456477
3.65 mm,crystal_N3,-2.565285714285716,-2.880402428197555
3.65 mm,crystal_N3,-2.580476190476192,-2.9045662369780905
3.65 mm,crystal_N3,-2.592047619047621,-2.928841701207755
3.65 mm,crystal_N3,-2.6060952380952402,-2.9489716253045275
3.65 mm,crystal_N3,-2.6175714285714307,-2.9681956478591127
3.65 mm,crystal_N3,-2.6303333333333354,-2.988989476294708
3.65 mm,crystal_N3,-2.646190476190478,-3.0078596349949276
3.65 mm,crystal_N3,-2.6664761904761924,-3.0266098014115723
3.65 mm,crystal_N3,-2.6855238095238114,-3.0457219350218887
3.65 mm,crystal_N3,-2.702190476190478,-3.06528276660342
3.65 mm,crystal_N3,-2.711809523809526,-3.0852640375207354
3.65 mm,crystal_N3,-2.719047619047621,-3.1056465531454958
3.65 mm,crystal_N3,-2.723428571428573,-3.126450590912904
3.65 mm,crystal_N3,-2.7282857142857164,-3.147715189382498
3.65 mm,crystal_N3,-2.7343809523809544,-3.169460758239409
3.65 mm,crystal_N3,-2.74409523809524,-3.1916589583234574
3.65 mm,crystal_N3,-2.754380952380955,-3.214290510687503
3.65 mm,crystal_N3,-2.766714285714288,-3.237338386800972
3.65 mm,crystal_N3,-2.776666666666669,-3.259614407274242
3.65 mm,crystal_N3,-2.785571428571431,-3.278256850740097
3.65 mm,crystal_N3,-2.7920476190476213,-3.2945987266546854
3.65 mm,crystal_N3,-2.8023333333333356,-3.3175971748899835
3.65 mm,crystal_N3,-2.815047619047621,-3.3365351896803355
3.65 mm,crystal_N3,-2.8300952380952404,-3.3546377127555496
3.65 mm,crystal_N3,-2.8436190476190495,-3.3728571424327853
3.65 mm,crystal_N3,-2.856571428571431,-3.3913691837083104
3.65 mm,crystal_N3,-2.86909523809524,-3.4102720409925977
3.65 mm,crystal_N3,-2.8828095238095255,-3.4296685828716047
3.65 mm,crystal_N3,-2.8929523809523827,-3.449480066315129
3.65 mm,crystal_N3,-2.9015238095238116,-3.469652951998264
3.65 mm,crystal_N3,-2.9062857142857164,-3.4901711671260864
3.65 mm,crystal_N3,-2.909714285714288,-3.510970935948091
3.65 mm,crystal_N3,-2.9163333333333354,-3.5321218681663953
3.65 mm,crystal_N3,-2.921238095238097,-3.5536823645649758
3.65 mm,crystal_N3,-2.9187142857142874,-3.5736329111235117
3.65 mm,crystal_N3,-2.9150952380952404,-3.5900974038157827
3.65 mm,crystal_N3,-2.906714285714288,-3.6045455279574696
3.65 mm,crystal_N3,-2.9025238095238115,-3.6182361430314245
3.65 mm,crystal_N3,-2.9045714285714306,-3.631914434299023
3.65 mm,crystal_N3,-2.913238095238097,-3.654623776707065
3.65 mm,crystal_N3,-2.9236190476190496,-3.672051471459968
3.65 mm,crystal_N3,-2.940000000000002,-3.689463025173301
3.65 mm,crystal_N3,-2.953952380952383,-3.707221677020648
3.65 mm,crystal_N3,-2.9641904761904785,-3.725313698946173
3.65 mm,crystal_N3,-2.9700000000000024,-3.7434389371877717
3.65 mm,crystal_N3,-2.976142857142859,-3.7620301090201775
3.65 mm,crystal_N3,-2.9808095238095262,-3.7822566638921575
3.65 mm,crystal_N3,-2.9920476190476215,-3.80515264711534
3.65 mm,crystal_N3,-3.003523809523812,-3.8307557532599175
3.65 mm,crystal_N3,-3.022047619047621,-3.8596832602510274
3.65 mm,crystal_N3,-3.04609523809524,-3.8923439818099204
3.65 mm,crystal_N3,-3.0760000000000023,-3.925845482030895
3.65 mm,crystal_N3,-3.1014285714285736,-3.9584881156246254
3.65 mm,crystal_N3,-3.1411428571428592,-3.9927176314548176
3.65 mm,crystal_N3,-3.186523809523812,-4.046686897798748
3.65 mm,crystal_N3,-3.2443809523809546,-4.092436036915593
3.65 mm,crystal_N4,28.62947619047621,29.565314285714305
3.65 mm,crystal_N4,28.637190476190497,29.559752779756533
3.65 mm,crystal_N4,28.637285714285735,29.5184984734173
3.65 mm,crystal_N4,28.629285714285736,29.428246903968077
3.65 mm,crystal_N4,28.60957142857145,29.30031058262911
3.65 mm,crystal_N4,28.591523809523828,29.14348190466748
3.65 mm,crystal_N4,28.52952380952383,28.95965603065115
3.65 mm,crystal_N4,28.436095238095255,28.74703027063635
3.65 mm,crystal_N4,28.30328571428573,28.502187534446794
3.65 mm,crystal_N4,28.1659523809524,28.222144869488336
3.65 mm,crystal_N4,27.964857142857163,27.905808667983734
3.65 mm,crystal_N4,27.736238095238114,27.554505144501313
3.65 mm,crystal_N4,27.4629523809524,27.171240044357525
3.65 mm,crystal_N4,27.20700000000002,26.759768054783322
3.65 mm,crystal_N4,26.89809523809526,26.323802476517947
3.65 mm,crystal_N4,26.59104761904764,25.867540191290654
3.65 mm,crystal_N4,26.241761904761923,25.39554682685982
3.65 mm,crystal_N4,25.92400000000002,24.912065102901195
3.65 mm,crystal_N4,25.57190476190478,24.420427952414883
3.65 mm,crystal_N4,25.235619047619064,23.923818435206833
3.65 mm,crystal_N4,24.85380952380954,23.42548965867595
3.65 mm,crystal_N4,24.51180952380954,22.928599994903742
3.65 mm,crystal_N4,24.13609523809526,22.43727302622746
3.65 mm,crystal_N4,23.783000000000015,21.954790991152237
3.65 mm,crystal_N4,23.392142857142872,21.48321876070212
3.65 mm,crystal_N4,23.046095238095255,21.02130583397278
3.65 mm,crystal_N4,22.682476190476205,20.567995870176112
3.65 mm,crystal_N4,22.35376190476192,20.12618895536515
3.65 mm,crystal_N4,21.986285714285728,19.69817311316099
3.65 mm,crystal_N4,21.65219047619049,19.283427041020303
3.65 mm,crystal_N4,21.299333333333347,18.881879927370957
3.65 mm,crystal_N4,20.969714285714304,18.492070018215163
3.65 mm,crystal_N4,20.6007142857143,18.114003832141435
3.65 mm,crystal_N4,20.27209523809525,17.746354246326234
3.65 mm,crystal_N4,19.925380952380966,17.38792803585247
3.65 mm,crystal_N4,19.610571428571443,17.03872242779814
3.65 mm,crystal_N4,19.27061904761906,16.69860561397256
3.65 mm,crystal_N4,18.96880952380954,16.368799359382365
3.65 mm,crystal_N4,18.640952380952392,16.04731028688523
3.65 mm,crystal_N4,18.33852380952382,15.733847812336979
3.65 mm,crystal_N4,18.002952380952394,15.42878528702039
3.65 mm,crystal_N4,17.703714285714298,15.129976233847868
3.65 mm,crystal_N4,17.385380952380967,14.838510074754067
3.65 mm,crystal_N4,17.101523809523822,14.553927560223576
3.65 mm,crystal_N4,16.78566666666668,14.275092283301916
3.65 mm,crystal_N4,16.505380952380964,14.004294067970632
3.65 mm,crystal_N4,16.2077142857143,13.739814601123765
3.65 mm,crystal_N4,15.935190476190488,13.48037743968414
3.65 mm,crystal_N4,15.62714285714287,13.22891499894834
3.65 mm,crystal_N4,15.354142857142868,12.983418081379085
3.65 mm,crystal_N4,15.073380952380962,12.741240279814846
3.65 mm,crystal_N4,14.816666666666677,12.506052104713671
3.65 mm,crystal_N4,14.53000000000001,12.277197593076053
3.65 mm,crystal_N4,14.275523809523818,12.05108153653875
3.65 mm,crystal_N4,14.00252380952382,11.831199157473883
3.65 mm,crystal_N4,13.75600000000001,11.619703003757223
3.65 mm,crystal_N4,13.488380952380961,11.412006539099544
3.65 mm,crystal_N4,13.248523809523821,11.205472656855953
3.65 mm,crystal_N4,13.002619047619056,11.005626435551564
3.65 mm,crystal_N4,12.783714285714295,10.812823819911124
3.65 mm,crystal_N4,12.544190476190485,10.621707826300636
3.65 mm,crystal_N4,12.331238095238103,10.430384015990137
3.65 mm,crystal_N4,12.10190476190477,10.245297785252276
3.65 mm,crystal_N4,11.888095238095246,10.06643985163661
3.65 mm,crystal_N4,11.648476190476199,9.88821553278294
3.65 mm,crystal_N4,11.433380952380961,9.709454950453853
3.65 mm,crystal_N4,11.209619047619057,9.53722040785976
3.65 mm,crystal_N4,11.005714285714294,9.371532739688309
3.65 mm,crystal_N4,10.781238095238102,9.207095625729869
3.65 mm,crystal_N4,10.583190476190484,9.04037340218352
3.65 mm,crystal_N4,10.37195238095239,8.878750021747186
3.65 mm,crystal_N4,10.181857142857151,8.723997823276205
3.65 mm,crystal_N4,9.971000000000007,8.572025985188326
3.65 mm,crystal_N4,9.781761904761911,8.416876930875445
3.65 mm,crystal_N4,9.578904761904768,8.262334509868767
3.65 mm,crystal_N4,9.397476190476198,8.114996497081965
3.65 mm,crystal_N4,9.195000000000007,7.972567821163571
3.65 mm,crystal_N4,9.016904761904769,7.8298377351313055
3.65 mm,crystal_N4,8.835428571428578,7.683874304509434
3.65 mm,crystal_N4,8.66890476190477,7.543833153623514
3.65 mm,crystal_N4,8.4802380952381,7.410275566013297
3.65 mm,crystal_N4,8.315285714285721,7.279714610956493
3.65 mm,crystal_N4,8.136190476190482,7.147084678857727
3.65 mm,crystal_N4,7.973666666666672,7.010326480304829
3.65 mm,crystal_N4,7.795809523809529,6.879731536372906
3.65 mm,crystal_N4,7.642476190476195,6.755117988860857
3.65 mm,crystal_N4,7.476952380952386,6.632873454384553
3.65 mm,crystal_N4,7.326476190476196,6.507753104845588
3.65 mm,crystal_N4,7.157857142857148,6.381479924725482
3.65 mm,crystal_N4,7.0042380952381,6.2631197948964505
3.65 mm,crystal_N4,6.839000000000006,6.149695492468525
3.65 mm,crystal_N4,6.694000000000004,6.037840795610142
3.65 mm,crystal_N4,6.532095238095243,5.92440922472527
3.65 mm,crystal_N4,6.390666666666672,5.8051010475360085
3.65 mm,crystal_N4,6.243000000000004,5.691154128859517
3.65 mm,crystal_N4,6.109476190476196,5.583796353255272
3.65 mm,crystal_N4,5.959619047619052,5.478908928653191
3.65 mm,crystal_N4,5.825714285714289,5.3740505344160825
3.65 mm,crystal_N4,5.680047619047622,5.265240722472486
3.65 mm,crystal_N4,5.547000000000004,5.155655205884323
3.65 mm,crystal_N4,5.40019047619048,5.054299783635351
3.65 mm,crystal_N4,5.27419047619048,4.956772716795166
3.65 mm,crystal_N4,5.14161904761905,4.85991829249538
3.65 mm,crystal_N4,5.021952380952385,4.762057124547611
3.65 mm,crystal_N4,4.886619047619051,4.659783940491623
3.65 mm,crystal_N4,4.767904761904765,4.561294017771531
3.65 mm,crystal_N4,4.639571428571432,4.469978100101761
3.65 mm,crystal_N4,4.51966666666667,4.380918944550569
3.65 mm,crystal_N4,4.386904761904765,4.291632879708141
3.65 mm,crystal_N4,4.266047619047622,4.200791728828214
3.65 mm,crystal_N4,4.145333333333337,4.106800710881247
3.65 mm,crystal_N4,4.041095238095242,4.013996643103765
3.65 mm,crystal_N4,3.926000000000003,3.9291201388001475
3.65 mm,crystal_N4,3.822333333333336,3.8466584272446758
3.65 mm,crystal_N4,3.7100000000000026,3.763955282811245
3.65 mm,crystal_N4,3.600571428571431,3.6797573692081964
3.65 mm,crystal_N4,3.484238095238098,3.5933486067946667
3.65 mm,crystal_N4,3.382428571428574,3.503346001619308
3.65 mm,crystal_N4,3.272428571428574,3.421582553653299
3.65 mm,crystal_N4,3.17209523809524,3.3443280351436133
3.65 mm,crystal_N4,3.063380952380954,3.267476997435434
3.65 mm,crystal_N4,2.965047619047621,3.189439347120613
3.65 mm,crystal_N4,2.8679523809523833,3.1094027576683496
3.65 mm,crystal_N4,2.779904761904764,3.026923549339588
3.65 mm,crystal_N4,2.674333333333336,2.9449557253514342
3.65 mm,crystal_N4,2.5850000000000017,2.871838473689306
3.65 mm,crystal_N4,2.4888571428571447,2.8007384488407006
3.65 mm,crystal_N4,2.3988095238095255,2.7289684461849313
3.65 mm,crystal_N4,2.305142857142859,2.655501883025961
3.65 mm,crystal_N4,2.2240952380952397,2.5797973373672938
3.65 mm,crystal_N4,2.135476190476192,2.5015663143041262
3.65 mm,crystal_N4,2.0580000000000016,2.4265560183394097
3.65 mm,crystal_N4,1.9667142857142872,2.3600651531804897
3.65 mm,crystal_N4,1.881428571428573,2.294405919543048
3.65 mm,crystal_N4,1.7884285714285726,2.2274988886995972
3.65 mm,crystal_N4,1.7070952380952393,2.158603458242467
3.65 mm,crystal_N4,1.6187142857142867,2.0873239359294122
3.65 mm,crystal_N4,1.5391904761904773,2.013457470802095
3.65 mm,crystal_N4,1.4554285714285724,1.9403934525000108
3.65 mm,crystal_N4,1.3851428571428581,1.877575348265275
3.65 mm,crystal_N4,1.3033809523809532,1.816110640844255
3.65 mm,crystal_N4,1.233190476190477,1.7533935263257265
3.65 mm,crystal_N4,1.156095238095239,1.6887142984293344
3.65 mm,crystal_N4,1.0848571428571439,1.6216944948823921
3.65 mm,crystal_N4,1.0043333333333342,1.552144159454686
3.65 mm,crystal_N4,0.9415714285714293,1.4814702438923701
3.65 mm,crystal_N4,0.8765714285714293,1.4236489895761348
3.65 mm,crystal_N4,0.8141428571428577,1.3679558305718922
3.65 mm,crystal_N4,0.7403333333333338,1.3105546020415053
3.65 mm,crystal_N4,0.6769523809523814,1.2510380177740579
3.65 mm,crystal_N4,0.6066666666666671,1.189176950972825
3.65 mm,crystal_N4,0.5404761904761908,1.1248049036291894
3.65 mm,crystal_N4,0.4697142857142861,1.0578398022461581
3.65 mm,crystal_N4,0.4044285714285717,0.9936164384803814
3.65 mm,crystal_N4,0.3376190476190479,0.943003105948986
3.65 mm,crystal_N4,0.27600000000000025,0.8915964914313705
3.65 mm,crystal_N4,0.21290476190476207,0.8374687916439004
3.65 mm,crystal_N4,0.15590476190476202,0.7808315119023029
3.65 mm,crystal_N4,0.10095238095238104,0.721690212642279
3.65 mm,crystal_N4,0.05028571428571432,0.6600062730049407
3.65 mm,crystal_N4,-0.010047619047619053,0.5957847621439389
3.65 mm,crystal_N4,-0.0700476190476191,0.5353851910671166
3.65 mm,crystal_N4,-0.12766666666666676,0.4893198377979878
3.65 mm,crystal_N4,-0.18104761904761918,0.441632427964999
3.65 mm,crystal_N4,-0.23738095238095255,0.39052593962522963
3.65 mm,crystal_N4,-0.2951428571428574,0.33663686600819087
3.65 mm,crystal_N4,-0.3484761904761907,0.28013426297697175
3.65 mm,crystal_N4,-0.3970000000000003,0.22103676585238738
3.65 mm,crystal_N4,-0.45138095238095277,0.15939916093182904
3.65 mm,crystal_N4,-0.5036190476190481,0.10284988865774553
3.65 mm,crystal_N4,-0.5614761904761909,0.061238952859946405
3.65 mm,crystal_N4,-0.6161428571428575,0.018772006766373306
3.65 mm,crystal_N4,-0.6684285714285719,-0.028046859794797874
3.65 mm,crystal_N4,-0.7148095238095243,-0.0783258828740005
3.65 mm,crystal_N4,-0.7630476190476196,-0.13138502462732338
3.65 mm,crystal_N4,-0.8126190476190482,-0.1870418059822535
3.65 mm,crystal_N4,-0.8687619047619055,-0.2452015727508943
3.65 mm,crystal_N4,-0.9154761904761911,-0.30577971353108746
3.65 mm,crystal_N4,-0.9690000000000006,-0.3469088699540463
3.65 mm,crystal_N4,-1.0152380952380962,-0.3850187998242411
3.65 mm,crystal_N4,-1.0629523809523818,-0.4253181463587929
3.65 mm,crystal_N4,-1.108190476190477,-0.4703464442485422
3.65 mm,crystal_N4,-1.1546666666666676,-0.519376747242666
3.65 mm,crystal_N4,-1.1930952380952389,-0.5713569618162802
3.65 mm,crystal_N4,-1.238095238095239,-0.6259500782548941
3.65 mm,crystal_N4,-1.2778095238095246,-0.6830112848136677
3.65 mm,crystal_N4,-1.3206190476190485,-0.7379734330807055
3.65 mm,crystal_N4,-1.363095238095239,-0.7724934302996108
3.65 mm,crystal_N4,-1.407666666666668,-0.8085205236880377
3.65 mm,crystal_N4,-1.4420952380952392,-0.8469033992906276
3.65 mm,crystal_N4,-1.476952380952382,-0.889839148559485
3.65 mm,crystal_N4,-1.5067142857142866,-0.9372658437595733
3.65 mm,crystal_N4,-1.544809523809525,-0.9876377382822035
3.65 mm,crystal_N4,-1.5780000000000012,-1.0405242495178948
3.65 mm,crystal_N4,-1.6084761904761917,-1.095727067595322
3.65 mm,crystal_N4,-1.631714285714287,-1.1475624083109883
3.65 mm,crystal_N4,-1.655809523809525,-1.178023138588991
3.65 mm,crystal_N4,-1.6770952380952393,-1.2114080727838954
3.65 mm,crystal_N4,-1.7060476190476201,-1.2473636477828838
3.65 mm,crystal_N4,-1.7353333333333345,-1.2855952670375717
3.65 mm,crystal_N4,-1.7660000000000013,-1.3294562992592378
3.65 mm,crystal_N4,-1.7911904761904776,-1.3771873213289918
3.65 mm,crystal_N4,-1.8199047619047632,-1.4275705092838606
3.65 mm,crystal_N4,-1.8489523809523822,-1.480305337306372
3.65 mm,crystal_N4,-1.884619047619049,-1.5352392696205686
3.65 mm,crystal_N4,-1.9219047619047631,-1.5618810434707038
3.65 mm,crystal_N4,-1.954714285714287,-1.5919827837391178
3.65 mm,crystal_N4,-1.9840000000000013,-1.6253442591119964
3.65 mm,crystal_N4,-2.015428571428573,-1.6608696746033447
3.65 mm,crystal_N4,-2.044476190476192,-1.698665172265554
3.65 mm,crystal_N4,-2.0792857142857155,-1.7427115798411996
3.65 mm,crystal_N4,-2.1138095238095254,-1.7904916268187345
3.65 mm,crystal_N4,-2.149476190476192,-1.84073451513451
3.65 mm,crystal_N4,-2.179904761904764,-1.8931431332770412
3.65 mm,crystal_N4,-2.21009523809524,-1.9388538127436765
3.65 mm,crystal_N4,-2.2418571428571443,-1.9624444011307904
3.65 mm,crystal_N4,-2.2793809523809543,-1.9920308169274983
3.65 mm,crystal_N4,-2.3108571428571443,-2.024697584536689
3.65 mm,crystal_N4,-2.343428571428573,-2.0594370676446068
3.65 mm,crystal_N4,-2.36557142857143,-2.0965443922669644
3.65 mm,crystal_N4,-2.387142857142859,-2.1404195721783403
3.65 mm,crystal_N4,-2.4060000000000015,-2.187690828323711
3.65 mm,crystal_N4,-2.429428571428573,-2.237134613706712
3.65 mm,crystal_N4,-2.451380952380954,-2.2884761001518994
3.65 mm,crystal_N4,-2.4747142857142874,-2.312496179943023
3.65 mm,crystal_N4,-2.497190476190478,-2.336815578505131
3.65 mm,crystal_N4,-2.521428571428573,-2.3656566331212634
3.65 mm,crystal_N4,-2.5422380952380967,-2.396946737031619
3.65 mm,crystal_N4,-2.5688571428571443,-2.430076008609476
3.65 mm,crystal_N4,-2.5975238095238113,-2.4648311543187256
3.65 mm,crystal_N4,-2.6236190476190497,-2.5032927234911413
3.65 mm,crystal_N4,-2.6496666666666684,-2.5484597358412224
3.65 mm,crystal_N4,-2.6803333333333352,-2.596160768588109
3.65 mm,crystal_N4,-2.707428571428573,-2.645767298020658
3.65 mm,crystal_N4,-2.7262380952380973,-2.6904149433551376
3.65 mm,crystal_N4,-2.7458095238095255,-2.720895066586753
3.65 mm,crystal_N4,-2.765619047619049,-2.749555873609103
3.65 mm,crystal_N4,-2.7834761904761924,-2.778916069948318
3.65 mm,crystal_N4,-2.8080476190476213,-2.8095963384174563
3.65 mm,crystal_N4,-2.8342380952380974,-2.8417387540526318
3.65 mm,crystal_N4,-2.8566190476190494,-2.875335225265595
3.65 mm,crystal_N4,-2.877142857142859,-2.9170401488030473
3.65 mm,crystal_N4,-2.897000000000002,-2.9627234930889363
3.65 mm,crystal_N4,-2.9173333333333353,-3.0088902870591134
3.65 mm,crystal_N4,-2.93809523809524,-3.0565204447843115
3.65 mm,crystal_N4,-2.9575714285714305,-3.0994964852740505
3.65 mm,crystal_N4,-2.978333333333336,-3.1310977530842807
3.65 mm,crystal_N4,-2.990857142857145,-3.1593328408207757
3.65 mm,crystal_N4,-3.0107619047619067,-3.1875333791793006
3.65 mm,crystal_N4,-3.032190476190478,-3.2167270755867126
3.65 mm,crystal_N4,-3.0561428571428593,-3.2471638130068987
3.65 mm,crystal_N4,-3.0800476190476216,-3.278829309889429
3.65 mm,crystal_N4,-3.101523809523812,-3.3245717293156356
3.65 mm,crystal_N4,-3.114666666666669,-3.36916494180392
3.65 mm,crystal_N4,-3.134809523809526,-3.4127653957939694
3.65 mm,crystal_N4,-3.1534285714285737,-3.4575251686975785
3.65 mm,crystal_N4,-3.177047619047621,-3.4948328232090953
3.65 mm,crystal_N4,-3.1991904761904784,-3.523534367428514
3.65 mm,crystal_N4,-3.2186190476190495,-3.5500139168062628
3.65 mm,crystal_N4,-3.2361904761904787,-3.576649941029252
3.65 mm,crystal_N4,-3.25461904761905,-3.6041310323150295
3.65 mm,crystal_N4,-3.2687619047619068,-3.632611783404553
3.65 mm,crystal_N4,-3.2886666666666686,-3.6621870433679247
3.65 mm,crystal_N4,-3.3056190476190497,-3.6929548252263458
3.65 mm,crystal_N4,-3.324571428571431,-3.7364712009162897
3.65 mm,crystal_N4,-3.3429523809523833,-3.780239934314732
3.65 mm,crystal_N4,-3.3581428571428598,-3.822425420826934
3.65 mm,crystal_N4,-3.373476190476193,-3.86309270417477
3.65 mm,crystal_N4,-3.395571428571431,-3.8935859117846285
3.65 mm,crystal_N4,-3.4110000000000023,-3.9192879544695667
3.65 mm,crystal_N4,-3.4279523809523837,-3.944130524384375
3.65 mm,crystal_N4,-3.439238095238098,-3.9694343584192584
3.65 mm,crystal_N4,-3.451904761904764,-3.9956148504956395
3.65 mm,crystal_N4,-3.4621904761904787,-4.022867412687665
3.65 mm,crystal_N4,-3.476428571428574,-4.05130774342393
3.65 mm,crystal_N4,-3.4912380952380975,-4.080842521736959
3.65 mm,crystal_N4,-3.5089523809523833,-4.111385401766683
3.65 mm,crystal_N4,-3.525047619047621,-4.161775751960434
3.65 mm,crystal_N4,-3.545809523809526,-4.202105861139138
3.65 mm,crystal_N4,-3.5600000000000027,-4.240864973855446
3.65 mm,crystal_N4,-3.578285714285717,-4.270278031020039
3.65 mm,crystal_N4,-3.594333333333336,-4.295080824319754
3.65 mm,crystal_N4,-3.610047619047622,-4.31899442348168
3.65 mm,crystal_N4,-3.628000000000003,-4.343300351028649
3.65 mm,crystal_N4,-3.6466666666666696,-4.368459939289359
3.65 mm,crystal_N4,-3.661238095238098,-4.394490196285464
3.65 mm,crystal_N4,-3.6797142857142884,-4.42143104566001
3.65 mm,crystal_N4,-3.691523809523812,-4.449156923380272
3.65 mm,crystal_N4,-3.707190476190479,-4.477660108537572
3.65 mm,crystal_N4,-3.7211904761904786,-4.519869130586312
3.65 mm,crystal_N4,-3.732523809523812,-4.558856323205375
3.65 mm,crystal_N4,-3.744904761904764,-4.595178373609064
3.65 mm,crystal_N4,-3.763333333333336,-4.622891964585463
3.65 mm,crystal_N4,-3.7783809523809553,-4.646229354395201
3.65 mm,crystal_N4,-3.7964761904761932,-4.668729066986289
3.65 mm,crystal_N4,-3.8097619047619076,-4.69162601811616
3.65 mm,crystal_N4,-3.8210000000000024,-4.715114257183884
3.65 mm,crystal_N4,-3.832380952380955,-4.739206885504619
3.65 mm,crystal_N4,-3.8493333333333357,-4.764109641700972
3.65 mm,crystal_N4,-3.864380952380955,-4.789898314469927
3.65 mm,crystal_N4,-3.881476190476193,-4.81647453958859
3.65 mm,crystal_N4,-3.8988095238095264,-4.843891545436449
3.65 mm,crystal_N4,-3.910333333333336,-4.880147451371533
3.65 mm,crystal_N4,-3.9148571428571453,-4.919046045124645
3.65 mm,crystal_N4,-3.920476190476194,-4.952022378467346
3.65 mm,crystal_N4,-3.920809523809527,-4.976761338002182
3.65 mm,crystal_N4,-3.9267142857142887,-4.9981876404825485
3.65 mm,crystal_N4,-3.9384761904761936,-5.019202970343695
3.65 mm,crystal_N4,-3.9511904761904795,-5.04063589670579
3.65 mm,crystal_N4,-3.9644285714285745,-5.0626649900374305
3.65 mm,crystal_N4,-3.9806666666666697,-5.085550012446133
3.65 mm,crystal_N4,-3.9944761904761936,-5.109335269746614
3.65 mm,crystal_N4,-4.010333333333336,-5.1340440157751175
3.65 mm,crystal_N4,-4.024000000000003,-5.159496630651058
3.65 mm,crystal_N4,-4.040523809523812,-5.185694045838608
3.65 mm,crystal_N4,-4.05666666666667,-5.212540745278312
3.65 mm,crystal_N4,-4.076428571428575,-5.250900737220435
3.65 mm,crystal_N4,-4.09419047619048,-5.28605489905395
3.65 mm,crystal_N4,-4.112476190476193,-5.3122184021533725
3.65 mm,crystal_N4,-4.131857142857145,-5.333951339051625
3.65 mm,crystal_N4,-4.150190476190479,-5.354680952966506
3.65 mm,crystal_N4,-4.161809523809527,-5.375495376784007
3.65 mm,crystal_N4,-4.1782857142857175,-5.396888590518021
3.65 mm,crystal_N4,-4.190952380952384,-5.418799773449292
3.65 mm,crystal_N4,-4.203904761904765,-5.4410284609766375
3.65 mm,crystal_N4,-4.218095238095241,-5.4638947483947735
3.65 mm,crystal_N4,-4.231714285714289,-5.487539969002463
3.65 mm,crystal_N4,-4.246904761904766,-5.5119271673770855
3.65 mm,crystal_N4,-4.266047619047622,-5.537139804745832
3.65 mm,crystal_N4,-4.281238095238098,-5.563012463699415
3.65 mm,crystal_N4,-4.292380952380956,-5.599246006487396
3.65 mm,crystal_N4,-4.302238095238098,-5.629678261297107
3.65 mm,crystal_N4,-4.310238095238098,-5.65220986885551
3.65 mm,crystal_N4,-4.318857142857146,-5.671865078544518
3.65 mm,crystal_N4,-4.326904761904765,-5.69077811844495
3.65 mm,crystal_N4,-4.3372380952380984,-5.710010376085026
3.65 mm,crystal_N4,-4.349095238095241,-5.729881216364959
3.65 mm,crystal_N4,-4.363523809523812,-5.75046295257748
3.65 mm,crystal_N4,-4.376190476190479,-5.771841335651986
3.65 mm,crystal_N4,-4.3888095238095275,-5.793726459758087
3.65 mm,crystal_N4,-4.405857142857147,-5.816071555847396
3.65 mm,crystal_N4,-4.422857142857145,-5.839014951058437
3.65 mm,crystal_N4,-4.437857142857146,-5.862504777089526
3.65 mm,crystal_N4,-4.451238095238098,-5.886441310798177
3.65 mm,crystal_N4,-4.461047619047623,-5.9106725091129295
3.65 mm,crystal_N4,-4.471000000000004,-5.943588501594445
3.65 mm,crystal_N4,-4.485571428571432,-5.964838755820934
3.65 mm,crystal_N4,-4.5000000000000036,-5.983798797027886
3.65 mm,crystal_N4,-4.5141428571428595,-6.002602031282239
3.65 mm,crystal_N4,-4.529047619047622,-6.021626813633556
3.65 mm,crystal_N4,-4.538428571428574,-6.040709703938302
3.65 mm,crystal_N4,-4.546857142857146,-6.0597745679842845
3.65 mm,crystal_N4,-4.553904761904765,-6.079000996350722
3.65 mm,crystal_N4,-4.558333333333336,-6.0986562536544175
3.65 mm,crystal_N4,-4.565904761904765,-6.1190514950778
3.65 mm,crystal_N4,-4.57514285714286,-6.140253590549453
3.65 mm,crystal_N4,-4.587809523809527,-6.162125877426971
3.65 mm,crystal_N4,-4.597666666666671,-6.1843606094358226
3.65 mm,crystal_N4,-4.60714285714286,-6.206951454124496
3.65 mm,crystal_N4,-4.612333333333337,-6.230472637425328
3.65 mm,crystal_N4,-4.622285714285717,-6.260963571539768
3.65 mm,crystal_N4,-4.629952380952384,-6.290672001810885
3.65 mm,crystal_N4,-4.645333333333337,-6.323836091245666
3.65 mm,crystal_N4,-4.665380952380956,-6.365834549292979
3.65 mm,crystal_N4,-4.6981428571428605,-6.4160831149307205
3.65 mm,crystal_N4,-4.729857142857147,-6.470749735992017
3.65 mm,crystal_N4,-4.783571428571433,-6.530098879868463
3.65 mm,crystal_N4,-4.8650952380952415,-6.600513794938491
3.65 mm,crystal_N4,-4.9020476190476225,-6.6820036077880225
3.65 mm,crystal_N4,-4.917476190476194,-6.75612637716725
5.65 mm,crystal_N2,30.70009523809526,30.98591428571431
5.65 mm,crystal_N2,30.69961904761907,30.98591415801818
5.65 mm,crystal_N2,30.69561904761907,30.98590729064135
5.65 mm,crystal_N2,30.69714285714288,30.98583047570898
5.65 mm,crystal_N2,30.698857142857165,30.98544047932467
5.65 mm,crystal_N2,30.69942857142859,30.984185552537227
5.65 mm,crystal_N2,30.694809523809543,30.9811425227903
5.65 mm,crystal_N2,30.69423809523812,30.97500920309455
5.65 mm,crystal_N2,30.687000000000026,30.96413296607294
5.65 mm,crystal_N2,30.67771428571431,30.94658145624371
5.65 mm,crystal_N2,30.663571428571455,30.920262275877015
5.65 mm,crystal_N2,30.64609523809526,30.883086650820673
5.65 mm,crystal_N2,30.615761904761925,30.833161342714774
5.65 mm,crystal_N2,30.580380952380974,30.768970860142527
5.65 mm,crystal_N2,30.536380952380973,30.68951610570543
5.65 mm,crystal_N2,30.494761904761926,30.59439728163006
5.65 mm,crystal_N2,30.435000000000024,30.4838195845879
5.65 mm,crystal_N2,30.36838095238097,30.358495409525673
5.65 mm,crystal_N2,30.29009523809526,30.2194677035372
5.65 mm,crystal_N2,30.212095238095262,30.06794909480265
5.65 mm,crystal_N2,30.118142857142875,29.905220568983605
5.65 mm,crystal_N2,30.018809523809544,29.73254947577493
5.65 mm,crystal_N2,29.90109523809526,29.55113867971341
5.65 mm,crystal_N2,29.792285714285736,29.362113757142158
5.65 mm,crystal_N2,29.66761904761907,29.16652381418566
5.65 mm,crystal_N2,29.538714285714306,28.96533021684182
5.65 mm,crystal_N2,29.393952380952403,28.75939570007111
5.65 mm,crystal_N2,29.26133333333335,28.549511668145588
5.65 mm,crystal_N2,29.111666666666686,28.336463653298814
5.65 mm,crystal_N2,28.96414285714288,28.121063578473915
5.65 mm,crystal_N2,28.800000000000022,27.904095621200362
5.65 mm,crystal_N2,28.646952380952403,27.686243863942888
5.65 mm,crystal_N2,28.475142857142878,27.46807246464931
5.65 mm,crystal_N2,28.310809523809546,27.25003394551183
5.65 mm,crystal_N2,28.12414285714288,27.032496809150324
5.65 mm,crystal_N2,27.954238095238118,26.81575106273666
5.65 mm,crystal_N2,27.772714285714308,26.60001873480105
5.65 mm,crystal_N2,27.599666666666685,26.38547773511997
5.65 mm,crystal_N2,27.40452380952383,26.172289506674677
5.65 mm,crystal_N2,27.226952380952397,25.96061647629417
5.65 mm,crystal_N2,27.034476190476212,25.750591442574436
5.65 mm,crystal_N2,26.853238095238115,25.5423244101913
5.65 mm,crystal_N2,26.655142857142877,25.33590849002544
5.65 mm,crystal_N2,26.47604761904764,25.131398168213632
5.65 mm,crystal_N2,26.281666666666684,24.928840010406613
5.65 mm,crystal_N2,26.099666666666685,24.72825982253843
5.65 mm,crystal_N2,25.894666666666687,24.529631370116725
5.65 mm,crystal_N2,25.70676190476192,24.332918577341943
5.65 mm,crystal_N2,25.50585714285716,24.138073755184358
5.65 mm,crystal_N2,25.31557142857145,23.94503992747099
5.65 mm,crystal_N2,25.10580952380954,23.753785621101287
5.65 mm,crystal_N2,24.92080952380954,23.564275539831595
5.65 mm,crystal_N2,24.7199523809524,23.376495259679768
5.65 mm,crystal_N2,24.533809523809545,23.19046395407056
5.65 mm,crystal_N2,24.327571428571446,23.00616908508178
5.65 mm,crystal_N2,24.141000000000016,22.82360162447643
5.65 mm,crystal_N2,23.939047619047635,22.64277908532069
5.65 mm,crystal_N2,23.75119047619049,22.463686566733234
5.65 mm,crystal_N2,23.540190476190496,22.286334492291537
5.65 mm,crystal_N2,23.35466666666668,22.110783582979074
5.65 mm,crystal_N2,23.155523809523824,21.937041838556652
5.65 mm,crystal_N2,22.967095238095254,21.765102076364684
5.65 mm,crystal_N2,22.756142857142873,21.595025573492276
5.65 mm,crystal_N2,22.571571428571445,21.42683897083414
5.65 mm,crystal_N2,22.376571428571445,21.260490303232903
5.65 mm,crystal_N2,22.202238095238112,21.095990828210024
5.65 mm,crystal_N2,22.00476190476192,20.93341130301003
5.65 mm,crystal_N2,21.825142857142872,20.77271766865882
5.65 mm,crystal_N2,21.625904761904778,20.61377251600097
5.65 mm,crystal_N2,21.44628571428573,20.456521629069357
5.65 mm,crystal_N2,21.251095238095253,20.30097212425649
5.65 mm,crystal_N2,21.07714285714287,20.147052406797833
5.65 mm,crystal_N2,20.892238095238106,19.994714375217953
5.65 mm,crystal_N2,20.723380952380968,19.844034667185287
5.65 mm,crystal_N2,20.530809523809538,19.69506319639643
5.65 mm,crystal_N2,20.36214285714287,19.54770284359223
5.65 mm,crystal_N2,20.182000000000016,19.401881334798073
5.65 mm,crystal_N2,20.015380952380966,19.25767070135007
5.65 mm,crystal_N2,19.83066666666668,19.115136644143
5.65 mm,crystal_N2,19.66509523809525,18.974184026349118
5.65 mm,crystal_N2,19.49404761904763,18.834692107365615
5.65 mm,crystal_N2,19.33866666666668,18.696698932352263
5.65 mm,crystal_N2,19.165904761904777,18.560289389640353
5.65 mm,crystal_N2,19.014714285714298,18.425405059070165
5.65 mm,crystal_N2,18.851428571428585,18.291859801719845
5.65 mm,crystal_N2,18.70109523809525,18.15960187231694
5.65 mm,crystal_N2,18.532333333333348,18.028723359121273
5.65 mm,crystal_N2,18.377190476190492,17.899252825588967
5.65 mm,crystal_N2,18.215190476190493,17.771067921806516
5.65 mm,crystal_N2,18.066000000000017,17.64412417817232
5.65 mm,crystal_N2,17.898142857142872,17.5185369736444
5.65 mm,crystal_N2,17.745952380952396,17.39439919509617
5.65 mm,crystal_N2,17.58023809523811,17.271625470564288
5.65 mm,crystal_N2,17.42761904761906,17.149969436834333
5.65 mm,crystal_N2,17.261857142857153,17.02933279956198
5.65 mm,crystal_N2,17.11609523809525,16.90981882630148
5.65 mm,crystal_N2,16.967000000000013,16.791502489875022
5.65 mm,crystal_N2,16.827476190476204,16.67427051547625
5.65 mm,crystal_N2,16.672428571428583,16.557987740686738
5.65 mm,crystal_N2,16.53557142857144,16.44273996394064
5.65 mm,crystal_N2,16.390238095238107,16.328676802328545
5.65 mm,crystal_N2,16.256428571428582,16.21582985121178
5.65 mm,crystal_N2,16.111380952380966,16.104048018298627
5.65 mm,crystal_N2,15.97952380952382,15.993187723137321
5.65 mm,crystal_N2,15.837761904761917,15.883337257379841
5.65 mm,crystal_N2,15.70561904761906,15.774634250635913
5.65 mm,crystal_N2,15.568285714285725,15.66709502349233
5.65 mm,crystal_N2,15.448380952380964,15.560559663130885
5.65 mm,crystal_N2,15.323904761904773,15.454827219388964
5.65 mm,crystal_N2,15.218523809523822,15.349950606146338
5.65 mm,crystal_N2,15.095619047619058,15.246089100779447
5.65 mm,crystal_N2,14.984428571428584,15.143294168163884
5.65 mm,crystal_N2,14.868000000000011,15.041462563309937
5.65 mm,crystal_N2,14.760857142857152,14.940410070987818
5.65 mm,crystal_N2,14.631619047619058,14.84016719008018
5.65 mm,crystal_N2,14.521142857142866,14.7409068650182
5.65 mm,crystal_N2,14.403333333333343,14.642703243888231
5.65 mm,crystal_N2,14.297809523809534,14.545485446672984
5.65 mm,crystal_N2,14.176857142857152,14.449051043970712
5.65 mm,crystal_N2,14.050476190476202,14.353225452303128
5.65 mm,crystal_N2,13.945571428571437,14.258117942732223
5.65 mm,crystal_N2,13.899809523809534,14.163898276178427
5.65 mm,crystal_N2,13.886428571428581,14.070597462810532
5.65 mm,crystal_N2,13.907476190476203,13.97810837395057
5.65 mm,crystal_N2,13.905857142857153,13.886257648449433
5.65 mm,crystal_N2,13.858285714285724,13.795078484192889
5.65 mm,crystal_N2,13.785952380952391,13.704768897002213
5.65 mm,crystal_N2,13.716285714285725,13.61541667018668
5.65 mm,crystal_N2,13.636285714285723,13.526953790511545
5.65 mm,crystal_N2,13.560714285714294,13.439213367105435
5.65 mm,crystal_N2,13.496285714285726,13.351975385988048
5.65 mm,crystal_N2,13.303428571428581,13.265207822814798
5.65 mm,crystal_N2,13.21252380952382,13.179118519907902
5.65 mm,crystal_N2,13.207857142857153,13.093835856834827
5.65 mm,crystal_N2,13.228142857142867,13.009321852858063
5.65 mm,crystal_N2,13.29452380952382,12.925432481690137
5.65 mm,crystal_N2,13.349809523809533,12.842001579934617
5.65 mm,crystal_N2,13.23490476190477,12.759082200237089
5.65 mm,crystal_N2,13.16642857142858,12.676904201579122
5.65 mm,crystal_N2,13.0964761904762,12.595564694871044
5.65 mm,crystal_N2,12.990142857142866,12.514990922643124
5.65 mm,crystal_N2,12.89195238095239,12.435017180675743
5.65 mm,crystal_N2,12.778142857142868,12.355467925237107
5.65 mm,crystal_N2,12.67495238095239,12.27639569318331
5.65 mm,crystal_N2,12.562952380952392,12.198061456447713
5.65 mm,crystal_N2,12.459761904761912,12.120578642389258
5.65 mm,crystal_N2,12.344714285714295,12.043867587921174
5.65 mm,crystal_N2,12.241857142857153,11.967750087171288
5.65 mm,crystal_N2,12.132523809523818,11.892017845160234
5.65 mm,crystal_N2,12.036666666666676,11.816592450674767
5.65 mm,crystal_N2,11.928095238095246,11.741736687229285
5.65 mm,crystal_N2,11.83038095238096,11.667682030342164
5.65 mm,crystal_N2,11.727333333333341,11.594413745160574
5.65 mm,crystal_N2,11.635285714285722,11.521772120378339
5.65 mm,crystal_N2,11.533142857142865,11.449548478820358
5.65 mm,crystal_N2,11.445571428571435,11.37754345681676
5.65 mm,crystal_N2,11.350761904761914,11.305811105503716
5.65 mm,crystal_N2,11.26285714285715,11.234715466142136
5.65 mm,crystal_N2,11.161333333333342,11.164427453591092
5.65 mm,crystal_N2,11.06933333333334,11.094858750320057
5.65 mm,crystal_N2,10.972380952380961,11.025813592906793
5.65 mm,crystal_N2,10.883809523809532,10.957073650923036
5.65 mm,crystal_N2,10.78980952380953,10.888445953237246
5.65 mm,crystal_N2,10.704619047619055,10.820033091393025
5.65 mm,crystal_N2,10.61442857142858,10.75225565974843
5.65 mm,crystal_N2,10.532380952380958,10.685275538601998
5.65 mm,crystal_N2,10.442952380952388,10.618970217441541
5.65 mm,crystal_N2,10.360238095238103,10.55312100043873
5.65 mm,crystal_N2,10.269047619047626,10.487501129474309
5.65 mm,crystal_N2,10.181904761904768,10.421906796478698
5.65 mm,crystal_N2,10.08690476190477,10.356369551492552
5.65 mm,crystal_N2,10.002238095238102,10.29135429893903
5.65 mm,crystal_N2,9.917095238095246,10.22711772995184
5.65 mm,crystal_N2,9.84338095238096,10.163551358943316
5.65 mm,crystal_N2,9.75980952380953,10.10042082533835
5.65 mm,crystal_N2,9.68180952380953,10.03748953386411
5.65 mm,crystal_N2,9.591714285714293,9.974548925940041
5.65 mm,crystal_N2,9.502857142857149,9.911560558138623
5.65 mm,crystal_N2,9.407047619047626,9.84899267717293
5.65 mm,crystal_N2,9.324619047619054,9.78722152101857
5.65 mm,crystal_N2,9.241047619047624,9.726172956001552
5.65 mm,crystal_N2,9.165142857142863,9.665591034851467
5.65 mm,crystal_N2,9.078619047619053,9.605216374907037
5.65 mm,crystal_N2,9.001619047619053,9.544826318745798
5.65 mm,crystal_N2,8.919714285714292,9.484315365715835
5.65 mm,crystal_N2,8.843523809523816,9.424107293109687
5.65 mm,crystal_N2,8.760000000000007,9.364720804064618
5.65 mm,crystal_N2,8.685428571428577,9.30617268916964
5.65 mm,crystal_N2,8.602095238095245,9.24818916955279
5.65 mm,crystal_N2,8.526000000000005,9.190473599202475
5.65 mm,crystal_N2,8.439047619047624,9.132780698230645
5.65 mm,crystal_N2,8.361333333333338,9.074923895226872
5.65 mm,crystal_N2,8.278761904761911,9.017075466885586
5.65 mm,crystal_N2,8.202190476190484,8.95988798783068
5.65 mm,crystal_N2,8.1202380952381,8.903651551377946
5.65 mm,crystal_N2,8.049666666666672,8.848201901225128
5.65 mm,crystal_N2,7.976333333333339,8.793191959212987
5.65 mm,crystal_N2,7.907571428571434,8.738303011491787
5.65 mm,crystal_N2,7.827380952380958,8.683294069661036
5.65 mm,crystal_N2,7.753190476190482,8.627996558328258
5.65 mm,crystal_N2,7.676666666666673,8.572652656799322
5.65 mm,crystal_N2,7.608095238095244,8.517979641050662
5.65 mm,crystal_N2,7.5358095238095295,8.464249964614298
5.65 mm,crystal_N2,7.470000000000005,8.411303168842153
5.65 mm,crystal_N2,7.399952380952387,8.358784011439893
5.65 mm,crystal_N2,7.333619047619053,8.306342813138587
5.65 mm,crystal_N2,7.258428571428577,8.253724109088703
5.65 mm,crystal_N2,7.191047619047624,8.200751369415098
5.65 mm,crystal_N2,7.116952380952386,8.147558392086248
5.65 mm,crystal_N2,7.045380952380957,8.094911757942882
5.65 mm,crystal_N2,6.969571428571434,8.043205675275107
5.65 mm,crystal_N2,6.902809523809529,7.9923267833818645
5.65 mm,crystal_N2,6.8310952380952426,7.9419397535650385
5.65 mm,crystal_N2,6.768047619047624,7.891656033809502
5.65 mm,crystal_N2,6.697095238095243,7.841182320369015
5.65 mm,crystal_N2,6.6299523809523855,7.790327661241928
5.65 mm,crystal_N2,6.559476190476196,7.73926859532867
5.65 mm,crystal_N2,6.49476190476191,7.68884321484179
5.65 mm,crystal_N2,6.418809523809529,7.639412902383846
5.65 mm,crystal_N2,6.3531904761904805,7.590828522179816
5.65 mm,crystal_N2,6.287000000000005,7.5428060627547895
5.65 mm,crystal_N2,6.224619047619052,7.494968188631362
5.65 mm,crystal_N2,6.15276190476191,7.446960837282166
5.65 mm,crystal_N2,6.0929523809523864,7.398550780705428
5.65 mm,crystal_N2,6.021095238095243,7.349618247066882
5.65 mm,crystal_N2,5.953952380952385,7.300645631890055
5.65 mm,crystal_N2,5.883523809523814,7.252504357516345
5.65 mm,crystal_N2,5.821047619047624,7.2053303759445155
5.65 mm,crystal_N2,5.755095238095243,7.158885510497607
5.65 mm,crystal_N2,5.699238095238099,7.112871554070585
5.65 mm,crystal_N2,5.6385238095238135,7.066900959011303
5.65 mm,crystal_N2,5.5832380952381,7.020627217792644
5.65 mm,crystal_N2,5.51671428571429,6.973840817196038
5.65 mm,crystal_N2,5.452380952380956,6.926648435118893
5.65 mm,crystal_N2,5.3843809523809565,6.880011066107522
5.65 mm,crystal_N2,5.3250476190476235,6.834421745910921
5.65 mm,crystal_N2,5.272190476190479,6.78970005300137
5.65 mm,crystal_N2,5.224000000000004,6.745550638222544
5.65 mm,crystal_N2,5.1661428571428605,6.701707060393061
5.65 mm,crystal_N2,5.111095238095242,6.657813521222302
5.65 mm,crystal_N2,5.053476190476195,6.613512135473298
5.65 mm,crystal_N2,5.003333333333337,6.56859378235038
5.65 mm,crystal_N2,4.944761904761909,6.523223282633014
5.65 mm,crystal_N2,4.894857142857147,6.478475585142268
5.65 mm,crystal_N2,4.844476190476193,6.434800832130152
5.65 mm,crystal_N2,4.792904761904765,6.391959511255717
5.65 mm,crystal_N2,4.732142857142861,6.349638087953423
5.65 mm,crystal_N2,4.679904761904766,6.307584452771291
5.65 mm,crystal_N2,4.617095238095241,6.265473470693459
5.65 mm,crystal_N2,4.561619047619051,6.222927798093404
5.65 mm,crystal_N2,4.502809523809528,6.179724610051016
5.65 mm,crystal_N2,4.449047619047623,6.136082443056266
5.65 mm,crystal_N2,4.391095238095241,6.093180100774114
5.65 mm,crystal_N2,4.339857142857146,6.051404169270061
5.65 mm,crystal_N2,4.276857142857146,6.010449917060445
5.65 mm,crystal_N2,4.221095238095241,5.969981331060703
5.65 mm,crystal_N2,4.159428571428575,5.929752633371622
5.65 mm,crystal_N2,4.1051904761904785,5.8895515493474235
5.65 mm,crystal_N2,4.048952380952384,5.849016678073022
5.65 mm,crystal_N2,4.000190476190479,5.807810595331501
5.65 mm,crystal_N2,3.943714285714288,5.7658394624369915
5.65 mm,crystal_N2,3.8934761904761936,5.724040292581205
5.65 mm,crystal_N2,3.8320952380952407,5.683388164891271
5.65 mm,crystal_N2,3.783523809523812,5.643712335713227
5.65 mm,crystal_N2,3.731047619047622,5.604620697025744
5.65 mm,crystal_N2,3.681285714285717,5.565821378550171
5.65 mm,crystal_N2,3.620285714285717,5.527115289511859
5.65 mm,crystal_N2,3.5668571428571454,5.488272991933819
5.65 mm,crystal_N2,3.5084761904761934,5.448890531138632
5.65 mm,crystal_N2,3.4570000000000025,5.408691227319239
5.65 mm,crystal_N2,3.3999047619047644,5.368032793154551
5.65 mm,crystal_N2,3.3499523809523835,5.328330376306814
5.65 mm,crystal_N2,3.2916190476190503,5.289798604446422
5.65 mm,crystal_N2,3.2390476190476214,5.252002565517776
5.65 mm,crystal_N2,3.1840952380952405,5.214579129208161
5.65 mm,crystal_N2,3.1333333333333355,5.177290722440226
5.65 mm,crystal_N2,3.0819523809523837,5.1399751919885475
5.65 mm,crystal_N2,3.0322857142857167,5.1024067876385875
5.65 mm,crystal_N2,2.9744761904761927,5.064161362988083
5.65 mm,crystal_N2,2.9224761904761927,5.025071337437022
5.65 mm,crystal_N2,2.870476190476192,4.986358770020957
5.65 mm,crystal_N2,2.8201428571428595,4.948965136739584
5.65 mm,crystal_N2,2.764047619047621,4.912516342898483
5.65 mm,crystal_N2,2.707761904761907,4.876555547556342
5.65 mm,crystal_N2,2.6531904761904777,4.840788652020802
5.65 mm,crystal_N2,2.606047619047621,4.8050289331195986
5.65 mm,crystal_N2,2.5527619047619066,4.769147235969413
5.65 mm,crystal_N2,2.505047619047621,4.73297846056894
5.65 mm,crystal_N2,2.449238095238097,4.696100881048809
5.65 mm,crystal_N2,2.393714285714287,4.658321836982462
5.65 mm,crystal_N2,2.3419523809523826,4.621039863409564
5.65 mm,crystal_N2,2.2973333333333352,4.585148422853713
5.65 mm,crystal_N2,2.249619047619049,4.550162426711984
5.65 mm,crystal_N2,2.203000000000002,4.515601620562869
5.65 mm,crystal_N2,2.146714285714287,4.481179223402553
5.65 mm,crystal_N2,2.0972857142857158,4.446721493912082
5.65 mm,crystal_N2,2.0486666666666684,4.412111727671959
5.65 mm,crystal_N2,2.001619047619049,4.377252422552858
5.65 mm,crystal_N2,1.9519523809523822,4.341827350814914
5.65 mm,crystal_N2,1.9039523809523824,4.305433239482659
5.65 mm,crystal_N2,1.8535238095238107,4.269171203572028
5.65 mm,crystal_N2,1.8071428571428587,4.2343922718555485
5.65 mm,crystal_N2,1.7524761904761916,4.2006358272979645
5.65 mm,crystal_N2,1.704952380952382,4.167341706078441
5.65 mm,crystal_N2,1.6552857142857154,4.134187221025134
5.65 mm,crystal_N2,1.6122380952380964,4.100986133283448
5.65 mm,crystal_N2,1.5657142857142867,4.067618217176897
5.65 mm,crystal_N2,1.5232857142857155,4.033999036542096
5.65 mm,crystal_N2,1.4738095238095248,3.9999628341915208
5.65 mm,crystal_N2,1.431095238095239,3.9650254099713207
5.65 mm,crystal_N2,1.381809523809525,3.929816069807893
5.65 mm,crystal_N2,1.3412857142857153,3.8961413413849653
5.65 mm,crystal_N2,1.2982380952380963,3.863648982807322
5.65 mm,crystal_N2,1.2587619047619056,3.8316804142115943
5.65 mm,crystal_N2,1.2101904761904771,3.799871683445178
5.65 mm,crystal_N2,1.1682380952380962,3.7680285929223003
5.65 mm,crystal_N2,1.120000000000001,3.7360318019669934
5.65 mm,crystal_N2,1.0711428571428578,3.7037971102373257
5.65 mm,crystal_N2,1.019238095238096,3.671260097846931
5.65 mm,crystal_N2,0.9759523809523816,3.638242010273641
5.65 mm,crystal_N2,0.9290000000000007,3.604411976642092
5.65 mm,crystal_N2,0.8918095238095244,3.57158605375594
5.65 mm,crystal_N2,0.8500952380952387,3.5402904710470864
5.65 mm,crystal_N2,0.8072380952380958,3.5097161585496135
5.65 mm,crystal_N2,0.7628095238095243,3.479365851667962
5.65 mm,crystal_N2,0.7222380952380958,3.4489980515883545
5.65 mm,crystal_N2,0.6737619047619052,3.4184800709919894
5.65 mm,crystal_N2,0.6360476190476194,3.3877251728949034
5.65 mm,crystal_N2,0.5932857142857147,3.3566700269797667
5.65 mm,crystal_N2,0.5563809523809528,3.3252667624215437
5.65 mm,crystal_N2,0.513714285714286,3.2934091045119382
5.65 mm,crystal_N2,0.47319047619047655,3.260813867629226
5.65 mm,crystal_N2,0.43314285714285744,3.2294336984810883
5.65 mm,crystal_N2,0.4012857142857146,3.1995908970963924
5.65 mm,crystal_N2,0.36266666666666697,3.1703770049369653
5.65 mm,crystal_N2,0.3309523809523812,3.141307264956631
5.65 mm,crystal_N2,0.2933809523809526,3.1121656362740504
5.65 mm,crystal_N2,0.2583333333333335,3.082840546215623
5.65 mm,crystal_N2,0.221857142857143,3.0532611796114186
5.65 mm,crystal_N2,0.18590476190476207,3.023375343102862
5.65 mm,crystal_N2,0.14985714285714297,2.993141889163215
5.65 mm,crystal_N2,0.12123809523809533,2.962528336205293
5.65 mm,crystal_N2,0.08857142857142863,2.9313893872759205
5.65 mm,crystal_N2,0.06295238095238101,2.9011821195309673
5.65 mm,crystal_N2,0.03228571428571431,2.872708346016757
5.65 mm,crystal_N2,-0.0034761904761904765,2.844918490338551
5.65 mm,crystal_N2,-0.04428571428571432,2.817245843876262
5.65 mm,crystal_N2,-0.07880952380952387,2.7894632124444603
5.65 mm,crystal_N2,-0.11614285714285723,2.7614643195810036
5.65 mm,crystal_N2,-0.1500952380952382,2.733185699920012
5.65 mm,crystal_N2,-0.18780952380952393,2.7045822590749706
5.65 mm,crystal_N2,-0.22585714285714303,2.6756195234326574
5.65 mm,crystal_N2,-0.2656666666666669,2.646270749629907
5.65 mm,crystal_N2,-0.30585714285714305,2.6165074361236056
5.65 mm,crystal_N2,-0.34709523809523835,2.586791113555064
5.65 mm,crystal_N2,-0.38866666666666694,2.5590988328423485
5.65 mm,crystal_N2,-0.428714285714286,2.532502474823632
5.65 mm,crystal_N2,-0.468666666666667,2.5061294246756196
5.65 mm,crystal_N2,-0.508619047619048,2.4796595218552238
5.65 mm,crystal_N2,-0.5436666666666671,2.4529717443157137
5.65 mm,crystal_N2,-0.5810000000000004,2.4260001919359246
5.65 mm,crystal_N2,-0.6157619047619052,2.3986807356609754
5.65 mm,crystal_N2,-0.6533809523809528,2.3709146971803583
5.65 mm,crystal_N2,-0.689619047619048,2.3425486397959197
5.65 mm,crystal_N2,-0.727428571428572,2.313386128011941
5.65 mm,crystal_N2,-0.7579047619047625,2.283177512630133
5.65 mm,crystal_N2,-0.7929047619047626,2.2540551447317476
5.65 mm,crystal_N2,-0.8181428571428577,2.2263040056562815
5.65 mm,crystal_N3,26.77200000000002,27.13014285714288
5.65 mm,crystal_N3,26.784904761904784,27.13014240688381
5.65 mm,crystal_N3,26.7929523809524,27.13012135554219
5.65 mm,crystal_N3,26.798619047619063,27.129922836433092
5.65 mm,crystal_N3,26.80980952380954,27.129093531208852
5.65 mm,crystal_N3,26.822857142857163,27.12691541912357
5.65 mm,crystal_N3,26.836285714285737,27.12258305714977
5.65 mm,crystal_N3,26.849285714285735,27.11532752218265
5.65 mm,crystal_N3,26.85804761904764,27.104432695195584
5.65 mm,crystal_N3,26.86128571428573,27.089199492390545
5.65 mm,crystal_N3,26.857666666666685,27.06891942121965
5.65 mm,crystal_N3,26.850047619047636,27.042883538852465
5.65 mm,crystal_N3,26.845857142857163,27.01041752913553
5.65 mm,crystal_N3,26.833904761904783,26.9709214226369
5.65 mm,crystal_N3,26.81504761904764,26.923897934554997
5.65 mm,crystal_N3,26.78952380952383,26.86896972928961
5.65 mm,crystal_N3,26.761571428571443,26.805893217706096
5.65 mm,crystal_N3,26.72523809523811,26.73456834333524
5.65 mm,crystal_N3,26.689476190476213,26.65503588383898
5.65 mm,crystal_N3,26.64714285714288,26.567463091769824
5.65 mm,crystal_N3,26.60600000000002,26.47212726241939
5.65 mm,crystal_N3,26.55600000000002,26.369400253689125
5.65 mm,crystal_N3,26.499809523809546,26.259728389206092
5.65 mm,crystal_N3,26.43276190476192,26.14360749285742
5.65 mm,crystal_N3,26.372142857142876,26.02155954653095
5.65 mm,crystal_N3,26.303285714285735,25.894115858245634
5.65 mm,crystal_N3,26.235285714285734,25.761810885428012
5.65 mm,crystal_N3,26.15900000000002,25.625184890703654
5.65 mm,crystal_N3,26.086619047619067,25.484781805254137
5.65 mm,crystal_N3,26.00361904761907,25.341140794167472
5.65 mm,crystal_N3,25.925285714285735,25.194778557425533
5.65 mm,crystal_N3,25.836571428571446,25.046172191598743
5.65 mm,crystal_N3,25.75842857142859,24.89575431655999
5.65 mm,crystal_N3,25.670809523809545,24.743917210872134
5.65 mm,crystal_N3,25.586142857142875,24.59101966529761
5.65 mm,crystal_N3,25.489190476190494,24.437382476778104
5.65 mm,crystal_N3,25.403476190476212,24.283286501869984
5.65 mm,crystal_N3,25.308571428571447,24.128977711048808
5.65 mm,crystal_N3,25.218761904761923,23.974668170983712
5.65 mm,crystal_N3,25.114619047619065,23.82054462100253
5.65 mm,crystal_N3,25.018666666666682,23.666774048213462
5.65 mm,crystal_N3,24.909809523809542,23.513505150786578
5.65 mm,crystal_N3,24.81190476190478,23.36087934950976
5.65 mm,crystal_N3,24.70700000000002,23.209026301738596
5.65 mm,crystal_N3,24.61733333333335,23.058049916946082
5.65 mm,crystal_N3,24.51561904761907,22.908037908684534
5.65 mm,crystal_N3,24.420428571428587,22.75906826994895
5.65 mm,crystal_N3,24.30790476190478,22.61119873673166
5.65 mm,crystal_N3,24.21047619047621,22.464476740537595
5.65 mm,crystal_N3,24.102571428571448,22.318953069665
5.65 mm,crystal_N3,24.004190476190495,22.174664413897947
5.65 mm,crystal_N3,23.892238095238113,22.031625350542413
5.65 mm,crystal_N3,23.794047619047635,21.889850677437767
5.65 mm,crystal_N3,23.689190476190493,21.749355307387933
5.65 mm,crystal_N3,23.592571428571446,21.61013632948655
5.65 mm,crystal_N3,23.480047619047635,21.472189557376435
5.65 mm,crystal_N3,23.379380952380966,21.335529846870323
5.65 mm,crystal_N3,23.269476190476205,21.200170396242346
5.65 mm,crystal_N3,23.167333333333353,21.06610640342005
5.65 mm,crystal_N3,23.050666666666686,20.93334123312996
5.65 mm,crystal_N3,22.945761904761923,20.80189952341162
5.65 mm,crystal_N3,22.836619047619063,20.671796401451605
5.65 mm,crystal_N3,22.742714285714303,20.543013863269586
5.65 mm,crystal_N3,22.64361904761906,20.415530550708937
5.65 mm,crystal_N3,22.557619047619063,20.289350569091212
5.65 mm,crystal_N3,22.464809523809542,20.16448312952309
5.65 mm,crystal_N3,22.378761904761923,20.04091063201342
5.65 mm,crystal_N3,22.277476190476207,19.918607285847106
5.65 mm,crystal_N3,22.185428571428588,19.797573875813733
5.65 mm,crystal_N3,22.0907142857143,19.67782836341189
5.65 mm,crystal_N3,22.00114285714287,19.559366373106545
5.65 mm,crystal_N3,21.90138095238097,19.442146808518743
5.65 mm,crystal_N3,21.812380952380966,19.326133453448307
5.65 mm,crystal_N3,21.71538095238097,19.211323607317738
5.65 mm,crystal_N3,21.624000000000017,19.09772650475739
5.65 mm,crystal_N3,21.526190476190493,18.985325006166274
5.65 mm,crystal_N3,21.439761904761923,18.874077180674053
5.65 mm,crystal_N3,21.345571428571443,18.76396152759032
5.65 mm,crystal_N3,21.26223809523811,18.654988431222385
5.65 mm,crystal_N3,21.167095238095254,18.54717082112721
5.65 mm,crystal_N3,21.082285714285728,18.440489125777336
5.65 mm,crystal_N3,20.992238095238108,18.334889774962104
5.65 mm,crystal_N3,20.908619047619062,18.230334866282995
5.65 mm,crystal_N3,20.817571428571444,18.12682546063944
5.65 mm,crystal_N3,20.73533333333335,18.024375806471753
5.65 mm,crystal_N3,20.647000000000016,17.92297878796196
5.65 mm,crystal_N3,20.563571428571443,17.82259380126771
5.65 mm,crystal_N3,20.470761904761922,17.72318690146966
5.65 mm,crystal_N3,20.39119047619049,17.624761923766705
5.65 mm,crystal_N3,20.307571428571443,17.52733978296084
5.65 mm,crystal_N3,20.228809523809538,17.43092681377792
5.65 mm,crystal_N3,20.142428571428585,17.335496212855347
5.65 mm,crystal_N3,20.061285714285727,17.24099889881354
5.65 mm,crystal_N3,19.97657142857144,17.147410203487368
5.65 mm,crystal_N3,19.903428571428584,17.054741441672093
5.65 mm,crystal_N3,19.814333333333348,16.963009840345407
5.65 mm,crystal_N3,19.7367142857143,16.87221224372997
5.65 mm,crystal_N3,19.65119047619049,16.78231574020912
5.65 mm,crystal_N3,19.568761904761917,16.693275007437485
5.65 mm,crystal_N3,19.478666666666683,16.605074370149158
5.65 mm,crystal_N3,19.39890476190478,16.517730273698774
5.65 mm,crystal_N3,19.310190476190492,16.431259067468133
5.65 mm,crystal_N3,19.235428571428585,16.34565382076317
5.65 mm,crystal_N3,19.14809523809525,16.260878126293978
5.65 mm,crystal_N3,19.07019047619049,16.176873535683235
5.65 mm,crystal_N3,18.99309523809525,16.09359893143573
5.65 mm,crystal_N3,18.923476190476205,16.01105660064797
5.65 mm,crystal_N3,18.848333333333343,15.92926620800331
5.65 mm,crystal_N3,18.781380952380964,15.848233064622491
5.65 mm,crystal_N3,18.701666666666675,15.767936097969795
5.65 mm,crystal_N3,18.626095238095253,15.6883312319335
5.65 mm,crystal_N3,18.545761904761918,15.609378946315108
5.65 mm,crystal_N3,18.474000000000014,15.53108000844886
5.65 mm,crystal_N3,18.400333333333347,15.453461636912856
5.65 mm,crystal_N3,18.332476190476207,15.376541621178497
5.65 mm,crystal_N3,18.2554761904762,15.300310646298207
5.65 mm,crystal_N3,18.187047619047632,15.224732914669874
5.65 mm,crystal_N3,18.11614285714287,15.149767407091465
5.65 mm,crystal_N3,18.050380952380966,15.07541148771271
5.65 mm,crystal_N3,17.978761904761917,15.001700797562199
5.65 mm,crystal_N3,17.91452380952382,14.928667403140434
5.65 mm,crystal_N3,17.84076190476192,14.856314415529962
5.65 mm,crystal_N3,17.77719047619049,14.784614255965394
5.65 mm,crystal_N3,17.70523809523811,14.713516472609701
5.65 mm,crystal_N3,17.64204761904763,14.642966055888545
5.65 mm,crystal_N3,17.57652380952382,14.572948132035803
5.65 mm,crystal_N3,17.51161904761906,14.503497852821724
5.65 mm,crystal_N3,17.438238095238106,14.434653943937883
5.65 mm,crystal_N3,17.3767142857143,14.366425913542134
5.65 mm,crystal_N3,17.312047619047632,14.298790730150671
5.65 mm,crystal_N3,17.255952380952394,14.231701169902124
5.65 mm,crystal_N3,17.191428571428588,14.165097806927239
5.65 mm,crystal_N3,17.13004761904763,14.098944268564514
5.65 mm,crystal_N3,17.06757142857144,14.033265463134576
5.65 mm,crystal_N3,17.00761904761906,13.968113365660301
5.65 mm,crystal_N3,16.93957142857144,13.903516774652623
5.65 mm,crystal_N3,16.87776190476192,13.839467891465091
5.65 mm,crystal_N3,16.807571428571443,13.77592997729562
5.65 mm,crystal_N3,16.74514285714287,13.712848368002717
5.65 mm,crystal_N3,16.67714285714287,13.650171930501084
5.65 mm,crystal_N3,16.615857142857156,13.587904460330211
5.65 mm,crystal_N3,16.550238095238107,13.526106866795883
5.65 mm,crystal_N3,16.49461904761906,13.464833800394285
5.65 mm,crystal_N3,16.43280952380954,13.404096850172383
5.65 mm,crystal_N3,16.384904761904775,13.343868541840775
5.65 mm,crystal_N3,16.329904761904775,13.284097692894107
5.65 mm,crystal_N3,16.278571428571443,13.224721998622758
5.65 mm,crystal_N3,16.220285714285726,13.165690320267945
5.65 mm,crystal_N3,16.169428571428583,13.107014997342736
5.65 mm,crystal_N3,16.116000000000014,13.048768599011371
5.65 mm,crystal_N3,16.074333333333346,12.991016607585573
5.65 mm,crystal_N3,16.020571428571444,12.933776631982587
5.65 mm,crystal_N3,15.969285714285727,12.877021653692355
5.65 mm,crystal_N3,15.912476190476202,12.820698871115049
5.65 mm,crystal_N3,15.85704761904763,12.764744631573109
5.65 mm,crystal_N3,15.793428571428581,12.709096894280574
5.65 mm,crystal_N3,15.743714285714299,12.653736912994395
5.65 mm,crystal_N3,15.68952380952382,12.598723386957026
5.65 mm,crystal_N3,15.646190476190487,12.544139521784217
5.65 mm,crystal_N3,15.597333333333344,12.49003406604538
5.65 mm,crystal_N3,15.549952380952394,12.43640349541323
5.65 mm,crystal_N3,15.493666666666678,12.383203935753837
5.65 mm,crystal_N3,15.444333333333343,12.330372004337598
5.65 mm,crystal_N3,15.390190476190487,12.277839509322416
5.65 mm,crystal_N3,15.347952380952393,12.225550714584962
5.65 mm,crystal_N3,15.300428571428583,12.173514831961121
5.65 mm,crystal_N3,15.253380952380963,12.121812957788803
5.65 mm,crystal_N3,15.200380952380963,12.070527365398355
5.65 mm,crystal_N3,15.153380952380964,12.019698403666794
5.65 mm,crystal_N3,15.102428571428582,11.969318037292911
5.65 mm,crystal_N3,15.048809523809535,11.91933914071147
5.65 mm,crystal_N3,14.989619047619058,11.869694966862573
5.65 mm,crystal_N3,14.937666666666678,11.820315365169446
5.65 mm,crystal_N3,14.884285714285724,11.771140083690856
5.65 mm,crystal_N3,14.836380952380964,11.722165787673127
5.65 mm,crystal_N3,14.785666666666678,11.673471328427423
5.65 mm,crystal_N3,14.734428571428582,11.62514810787625
5.65 mm,crystal_N3,14.68252380952382,11.577247267083024
5.65 mm,crystal_N3,14.635857142857155,11.52977674525637
5.65 mm,crystal_N3,14.58709523809525,11.482707904468285
5.65 mm,crystal_N3,14.541714285714296,11.435980894713317
5.65 mm,crystal_N3,14.496285714285724,11.38952042634392
5.65 mm,crystal_N3,14.453047619047629,11.343251897188782
5.65 mm,crystal_N3,14.404809523809535,11.297122727532763
5.65 mm,crystal_N3,14.36204761904763,11.25116073396381
5.65 mm,crystal_N3,14.315238095238104,11.205464519187807
5.65 mm,crystal_N3,14.269142857142867,11.160119443226815
5.65 mm,crystal_N3,14.224047619047628,11.115162876464566
5.65 mm,crystal_N3,14.183857142857153,11.07059330815458
5.65 mm,crystal_N3,14.140095238095249,11.026382088131022
5.65 mm,crystal_N3,14.096571428571439,10.98247384969743
5.65 mm,crystal_N3,14.04504761904763,10.938795185427816
5.65 mm,crystal_N3,13.998904761904772,10.895271843444654
5.65 mm,crystal_N3,13.954952380952392,10.851854218654557
5.65 mm,crystal_N3,13.916619047619058,10.808579504196945
5.65 mm,crystal_N3,13.871619047619058,10.76555300697627
5.65 mm,crystal_N3,13.829142857142866,10.7228589062866
5.65 mm,crystal_N3,13.793904761904772,10.68053031891534
5.65 mm,crystal_N3,13.760714285714295,10.638562497066225
5.65 mm,crystal_N3,13.725095238095248,10.596929328304203
5.65 mm,crystal_N3,13.695238095238105,10.555586352207042
5.65 mm,crystal_N3,13.656857142857152,10.514466893164155
5.65 mm,crystal_N3,13.616285714285723,10.473494510456053
5.65 mm,crystal_N3,13.574095238095248,10.432608240259066
5.65 mm,crystal_N3,13.534761904761915,10.391827038192115
5.65 mm,crystal_N3,13.491666666666678,10.351256478359298
5.65 mm,crystal_N3,13.450238095238106,10.310992173197727
5.65 mm,crystal_N3,13.404428571428582,10.271075698943994
5.65 mm,crystal_N3,13.360904761904772,10.231506422866081
5.65 mm,crystal_N3,13.317380952380962,10.192261007810522
5.65 mm,crystal_N3,13.28100000000001,10.153305779299695
5.65 mm,crystal_N3,13.236714285714294,10.114599051360566
5.65 mm,crystal_N3,13.19552380952382,10.076080863921522
5.65 mm,crystal_N3,13.151809523809533,10.037675590127527
5.65 mm,crystal_N3,13.109666666666676,9.9993209112185
5.65 mm,crystal_N3,13.0624761904762,9.961042186158002
5.65 mm,crystal_N3,13.019190476190486,9.92295195524699
5.65 mm,crystal_N3,12.976809523809532,9.885144366594549
5.65 mm,crystal_N3,12.9414761904762,9.847655657124188
5.65 mm,crystal_N3,12.901809523809533,9.810480758075615
5.65 mm,crystal_N3,12.864285714285725,9.773594193860664
5.65 mm,crystal_N3,12.822190476190485,9.736962397575896
5.65 mm,crystal_N3,12.784857142857152,9.700549392299278
5.65 mm,crystal_N3,12.746666666666675,9.66431438505736
5.65 mm,crystal_N3,12.71595238095239,9.628197956775686
5.65 mm,crystal_N3,12.684142857142866,9.592127605774023
5.65 mm,crystal_N3,12.655619047619055,9.556078170751624
5.65 mm,crystal_N3,12.623714285714296,9.520139184024863
5.65 mm,crystal_N3,12.593619047619057,9.484427437545193
5.65 mm,crystal_N3,12.558428571428582,9.449004067912583
5.65 mm,crystal_N3,12.531095238095247,9.413878027108323
5.65 mm,crystal_N3,12.4984761904762,9.37903057317874
5.65 mm,crystal_N3,12.470428571428581,9.34443164868195
5.65 mm,crystal_N3,12.43538095238096,9.31004792883761
5.65 mm,crystal_N3,12.39685714285715,9.275846248566959
5.65 mm,crystal_N3,12.351619047619057,9.241791661132867
5.65 mm,crystal_N3,12.3134761904762,9.207832204464319
5.65 mm,crystal_N3,12.271761904761913,9.17390271243894
5.65 mm,crystal_N3,12.237142857142867,9.140009077538641
5.65 mm,crystal_N3,12.20238095238096,9.106263090766543
5.65 mm,crystal_N3,12.170714285714295,9.072765167001034
5.65 mm,crystal_N3,12.140238095238104,9.039552058830804
5.65 mm,crystal_N3,12.111238095238104,9.006616783124993
5.65 mm,crystal_N3,12.080000000000009,8.973932984656733
5.65 mm,crystal_N3,12.056714285714294,8.94146810646675
5.65 mm,crystal_N3,12.031238095238106,8.909189052284262
5.65 mm,crystal_N3,12.001047619047629,8.877064480203225
5.65 mm,crystal_N3,11.973190476190485,8.845065668788534
5.65 mm,crystal_N3,11.943523809523818,8.813162738670009
5.65 mm,crystal_N3,11.914619047619055,8.78130764689584
5.65 mm,crystal_N3,11.892095238095248,8.749464764748131
5.65 mm,crystal_N3,11.86438095238096,8.717709936346612
5.65 mm,crystal_N3,11.834190476190486,8.686161832479911
5.65 mm,crystal_N3,11.804285714285722,8.654880910083522
5.65 mm,crystal_N3,11.769523809523818,8.623872182515228
5.65 mm,crystal_N3,11.729047619047627,8.593113974498218
5.65 mm,crystal_N3,11.69142857142858,8.562575381030241
5.65 mm,crystal_N3,11.651380952380961,8.532223709800196
5.65 mm,crystal_N3,11.615142857142866,8.502027282726779
5.65 mm,crystal_N3,11.579142857142866,8.471956421268011
5.65 mm,crystal_N3,11.55000000000001,8.441983729055687
5.65 mm,crystal_N3,11.518190476190485,8.412083845065261
5.65 mm,crystal_N3,11.486095238095247,8.382225827438095
5.65 mm,crystal_N3,11.449476190476197,8.35238979175184
5.65 mm,crystal_N3,11.419285714285722,8.322656422788624
5.65 mm,crystal_N3,11.38642857142858,8.293134882563871
5.65 mm,crystal_N3,11.35752380952382,8.263870638166196
5.65 mm,crystal_N3,11.319761904761913,8.234857366113477
5.65 mm,crystal_N3,11.28538095238096,8.206067115910663
5.65 mm,crystal_N3,11.250428571428579,8.17746623656824
5.65 mm,crystal_N3,11.22390476190477,8.149021256785108
5.65 mm,crystal_N3,11.196333333333342,8.12070079945098
5.65 mm,crystal_N3,11.173190476190484,8.09247626920419
5.65 mm,crystal_N3,11.145619047619057,8.064322094788595
5.65 mm,crystal_N3,11.11995238095239,8.036215715398352
5.65 mm,crystal_N3,11.088333333333342,8.008137150228032
5.65 mm,crystal_N3,11.05742857142858,7.980068813590725
5.65 mm,crystal_N3,11.027857142857151,7.952057522297591
5.65 mm,crystal_N3,10.997761904761912,7.924221558041584
5.65 mm,crystal_N3,10.970523809523819,7.896630178272393
5.65 mm,crystal_N3,10.942666666666675,7.869286278139944
5.65 mm,crystal_N3,10.912857142857153,7.842162138798718
5.65 mm,crystal_N3,10.881333333333341,7.815222606123122
5.65 mm,crystal_N3,10.85238095238096,7.788433704294002
5.65 mm,crystal_N3,10.823714285714292,7.761764722575633
5.65 mm,crystal_N3,10.793333333333342,7.735188232016636
5.65 mm,crystal_N3,10.760523809523818,7.708679662356033
5.65 mm,crystal_N3,10.72638095238096,7.682216940660563
5.65 mm,crystal_N3,10.696619047619055,7.655780248619093
5.65 mm,crystal_N3,10.666238095238104,7.629351821300926
5.65 mm,crystal_N3,10.637666666666675,7.60292520628039
5.65 mm,crystal_N3,10.602428571428579,7.576575023231085
5.65 mm,crystal_N3,10.572142857142865,7.550426616914627
5.65 mm,crystal_N3,10.540714285714294,7.524532059377043
5.65 mm,crystal_N3,10.511476190476197,7.4988753287179115
5.65 mm,crystal_N3,10.478142857142863,7.4734164510972985
5.65 mm,crystal_N3,10.448142857142864,7.448113935404316
5.65 mm,crystal_N3,10.416666666666673,7.422931188775553
5.65 mm,crystal_N3,10.39176190476191,7.397837064596427
5.65 mm,crystal_N3,10.36385714285715,7.372804960056658
5.65 mm,crystal_N3,10.340000000000007,7.3478118250986135
5.65 mm,crystal_N3,10.313619047619055,7.322837400438134
5.65 mm,crystal_N3,10.290571428571436,7.297863704097913
5.65 mm,crystal_N3,10.26333333333334,7.2728748487552535
5.65 mm,crystal_N3,10.237761904761912,7.247868642513807
5.65 mm,crystal_N3,10.209666666666674,7.222939067320023
5.65 mm,crystal_N3,10.186238095238103,7.198232970130498
5.65 mm,crystal_N3,10.159190476190485,7.1738032590462995
5.65 mm,crystal_N3,10.136476190476198,7.149621786791645
5.65 mm,crystal_N3,10.110476190476199,7.125636785877758
5.65 mm,crystal_N3,10.084952380952389,7.101799943797128
5.65 mm,crystal_N3,10.057714285714294,7.078072111974537
5.65 mm,crystal_N3,10.034619047619055,7.054422003200165
5.65 mm,crystal_N3,10.011000000000006,7.030823917068382
5.65 mm,crystal_N3,9.991761904761912,7.007256201110138
5.65 mm,crystal_N3,9.968047619047626,6.983700488032435
5.65 mm,crystal_N3,9.943714285714293,6.96014135202678
5.65 mm,crystal_N3,9.919095238095245,6.936566092859017
5.65 mm,crystal_N3,9.893047619047627,6.91296449090801
5.65 mm,crystal_N3,9.863190476190486,6.8893568421159355
5.65 mm,crystal_N3,9.839047619047626,6.8658797318580005
5.65 mm,crystal_N3,9.809761904761912,6.842670658580101
5.65 mm,crystal_N3,9.780190476190484,6.819756348285991
5.65 mm,crystal_N3,9.749952380952388,6.797090102827831
5.65 mm,crystal_N3,9.72338095238096,6.7746076168796066
5.65 mm,crystal_N3,9.699714285714292,6.752253274074909
5.65 mm,crystal_N3,9.685523809523817,6.729984701340438
5.65 mm,crystal_N3,9.668238095238102,6.707770197158222
5.65 mm,crystal_N3,9.651714285714291,6.685585712141163
5.65 mm,crystal_N3,9.630238095238102,6.663412692589121
5.65 mm,crystal_N3,9.609619047619056,6.641236493603855
5.65 mm,crystal_N3,9.585095238095246,6.619045082597493
5.65 mm,crystal_N3,9.567238095238103,6.59682809244452
5.65 mm,crystal_N3,9.546285714285721,6.574576334712283
5.65 mm,crystal_N3,9.526714285714293,6.552287566898575
5.65 mm,crystal_N3,9.504000000000007,6.5300485431155515
5.65 mm,crystal_N3,9.480666666666673,6.508029584556823
5.65 mm,crystal_N3,9.453190476190482,6.486309987960627
5.65 mm,crystal_N3,9.429476190476198,6.464874830810201
5.65 mm,crystal_N3,9.406142857142864,6.4436673069395365
5.65 mm,crystal_N3,9.384095238095245,6.422620335037194
5.65 mm,crystal_N3,9.359952380952388,6.401676565360036
5.65 mm,crystal_N3,9.334619047619054,6.380793852555461
5.65 mm,crystal_N3,9.30680952380953,6.359942447531944
5.65 mm,crystal_N3,9.28680952380953,6.339100863278506
5.65 mm,crystal_N3,9.272714285714292,6.318252694747475
5.65 mm,crystal_N3,9.259047619047625,6.297384757625246
5.65 mm,crystal_N3,9.2422380952381,6.27648624637577
5.65 mm,crystal_N3,9.223809523809532,6.255548362199646
5.65 mm,crystal_N3,9.205285714285722,6.234564117722793
5.65 mm,crystal_N3,9.19333333333334,6.2135465945593
5.65 mm,crystal_N3,9.180571428571437,6.192632138942509
5.65 mm,crystal_N3,9.17242857142858,6.171982469605867
5.65 mm,crystal_N3,9.154428571428577,6.1516386227959785
5.65 mm,crystal_N3,9.131619047619054,6.131568305694248
5.65 mm,crystal_N3,9.104714285714293,6.11172281788204
5.65 mm,crystal_N3,9.078619047619053,6.09205194545867
5.65 mm,crystal_N3,9.048380952380956,6.072501397579528
5.65 mm,crystal_N3,9.025714285714292,6.053021468579213
5.65 mm,crystal_N3,9.001714285714293,6.033574541600656
5.65 mm,crystal_N3,8.982380952380957,6.014134128016337
5.65 mm,crystal_N3,8.961190476190485,5.994681384033852
5.65 mm,crystal_N3,8.941714285714292,5.9752026493613775
5.65 mm,crystal_N3,8.91733333333334,5.9556872206953155
5.65 mm,crystal_N3,8.894666666666673,5.936123499945647
5.65 mm,crystal_N3,8.87385714285715,5.9164940838392
5.65 mm,crystal_N3,8.853571428571435,5.8967726007539625
5.65 mm,crystal_N3,8.829571428571436,5.876974094303233
5.65 mm,crystal_N3,8.81071428571429,5.857267818169368
5.65 mm,crystal_N3,8.791666666666671,5.837770914254266
5.65 mm,crystal_N3,8.774571428571434,5.818452982673052
5.65 mm,crystal_N3,8.755142857142864,5.79920817516441
5.65 mm,crystal_N4,28.949380952380974,29.565314285714305
5.65 mm,crystal_N4,28.954952380952403,29.565313607992124
5.65 mm,crystal_N4,28.95857142857145,29.565282225512643
5.65 mm,crystal_N4,28.962523809523834,29.564990149008977
5.65 mm,crystal_N4,28.96552380952383,29.563790954505972
5.65 mm,crystal_N4,28.965047619047642,29.560707267756722
5.65 mm,crystal_N4,28.965619047619068,29.55471652782125
5.65 mm,crystal_N4,28.970571428571454,29.544926920811328
5.65 mm,crystal_N4,28.97076190476193,29.53058881268666
5.65 mm,crystal_N4,28.96833333333336,29.51103126376078
5.65 mm,crystal_N4,28.956380952380975,29.485599282263447
5.65 mm,crystal_N4,28.936238095238117,29.453626891222214
5.65 mm,crystal_N4,28.911761904761924,29.414452082009245
5.65 mm,crystal_N4,28.89028571428573,29.367457899452912
5.65 mm,crystal_N4,28.8559523809524,29.312116879644684
5.65 mm,crystal_N4,28.81514285714288,29.24802124053516
5.65 mm,crystal_N4,28.765904761904785,29.174897728407483
5.65 mm,crystal_N4,28.717476190476212,29.092614728256734
5.65 mm,crystal_N4,28.652666666666686,29.001182847991977
5.65 mm,crystal_N4,28.575714285714312,28.90074365382325
5.65 mm,crystal_N4,28.48657142857145,28.79155006359695
5.65 mm,crystal_N4,28.408333333333353,28.673948378264292
5.65 mm,crystal_N4,28.310190476190495,28.548365573107123
5.65 mm,crystal_N4,28.21404761904764,28.415303737964635
5.65 mm,crystal_N4,28.1059523809524,28.275339034675532
5.65 mm,crystal_N4,28.000714285714306,28.12910831594235
5.65 mm,crystal_N4,27.882285714285732,27.97727384281205
5.65 mm,crystal_N4,27.7729523809524,27.820474393124336
5.65 mm,crystal_N4,27.642761904761922,27.659312210783526
5.65 mm,crystal_N4,27.526809523809543,27.49437746479729
5.65 mm,crystal_N4,27.392238095238113,27.32625541492441
5.65 mm,crystal_N4,27.26642857142859,27.155510340228197
5.65 mm,crystal_N4,27.131190476190497,26.98266664395803
5.65 mm,crystal_N4,27.017047619047638,26.80819684908179
5.65 mm,crystal_N4,26.889047619047638,26.632520173441748
5.65 mm,crystal_N4,26.76785714285716,26.455997418178356
5.65 mm,crystal_N4,26.620190476190498,26.278935359889235
5.65 mm,crystal_N4,26.4901904761905,26.101599225890126
5.65 mm,crystal_N4,26.34342857142859,25.92423042174981
5.65 mm,crystal_N4,26.200571428571447,25.747052359202925
5.65 mm,crystal_N4,26.039857142857162,25.57025929155137
5.65 mm,crystal_N4,25.897666666666687,25.394020161497224
5.65 mm,crystal_N4,25.74485714285716,25.218478590884914
5.65 mm,crystal_N4,25.607761904761926,25.043751231691406
5.65 mm,crystal_N4,25.45228571428573,24.869939965289017
5.65 mm,crystal_N4,25.312190476190494,24.69713096142521
5.65 mm,crystal_N4,25.15942857142859,24.5254027468252
5.65 mm,crystal_N4,25.01900000000002,24.354836225269583
5.65 mm,crystal_N4,24.85800000000002,24.185498792886285
5.65 mm,crystal_N4,24.715714285714306,24.017450276325018
5.65 mm,crystal_N4,24.564714285714302,23.8507557190082
5.65 mm,crystal_N4,24.425523809523824,23.685462054788573
5.65 mm,crystal_N4,24.267238095238113,23.521598145573495
5.65 mm,crystal_N4,24.126238095238115,23.359201889207533
5.65 mm,crystal_N4,23.969476190476207,23.19830451700623
5.65 mm,crystal_N4,23.828523809523823,23.038920802139025
5.65 mm,crystal_N4,23.674952380952398,22.881085492096638
5.65 mm,crystal_N4,23.541714285714306,22.724848450674557
5.65 mm,crystal_N4,23.395047619047638,22.570225115203208
5.65 mm,crystal_N4,23.257190476190495,22.41720613274826
5.65 mm,crystal_N4,23.106000000000016,22.265807053369794
5.65 mm,crystal_N4,22.972095238095253,22.11605036171036
5.65 mm,crystal_N4,22.836238095238112,21.96791357498374
5.65 mm,crystal_N4,22.72080952380954,21.821352825083125
5.65 mm,crystal_N4,22.583000000000016,21.676359589686946
5.65 mm,crystal_N4,22.456714285714302,21.532937477086875
5.65 mm,crystal_N4,22.320714285714303,21.391048879560962
5.65 mm,crystal_N4,22.192952380952395,21.250645161905187
5.65 mm,crystal_N4,22.054428571428588,21.111724965806836
5.65 mm,crystal_N4,21.938190476190492,20.974308370909
5.65 mm,crystal_N4,21.81123809523811,20.83837008474267
5.65 mm,crystal_N4,21.695047619047635,20.703853227245748
5.65 mm,crystal_N4,21.562238095238108,20.57074235506024
5.65 mm,crystal_N4,21.44280952380954,20.43906045556607
5.65 mm,crystal_N4,21.309523809523824,20.30879782790402
5.65 mm,crystal_N4,21.192666666666682,20.179885177575763
5.65 mm,crystal_N4,21.06500000000002,20.05226971909021
5.65 mm,crystal_N4,20.95047619047621,19.925960207657976
5.65 mm,crystal_N4,20.8347142857143,19.8009758586564
5.65 mm,crystal_N4,20.7307142857143,19.677280358883166
5.65 mm,crystal_N4,20.60880952380954,19.554813866653213
5.65 mm,crystal_N4,20.501238095238108,19.433572003827443
5.65 mm,crystal_N4,20.38414285714287,19.31359375204109
5.65 mm,crystal_N4,20.274952380952396,19.194892832233652
5.65 mm,crystal_N4,20.156380952380964,19.077408031208428
5.65 mm,crystal_N4,20.054619047619063,18.96105869458847
5.65 mm,crystal_N4,19.943047619047633,18.845830883866935
5.65 mm,crystal_N4,19.841952380952396,18.731757461748835
5.65 mm,crystal_N4,19.727142857142873,18.618845314669837
5.65 mm,crystal_N4,19.62819047619049,18.507039565437587
5.65 mm,crystal_N4,19.51923809523811,18.396298351789657
5.65 mm,crystal_N4,19.420047619047637,18.286648984941053
5.65 mm,crystal_N4,19.30747619047621,18.17814146822012
5.65 mm,crystal_N4,19.211142857142875,18.070787647514518
5.65 mm,crystal_N4,19.10709523809525,17.96452306329371
5.65 mm,crystal_N4,19.014285714285727,17.859253688136462
5.65 mm,crystal_N4,18.912571428571443,17.754957106511448
5.65 mm,crystal_N4,18.81719047619049,17.651672172911542
5.65 mm,crystal_N4,18.71500000000001,17.549430138474797
5.65 mm,crystal_N4,18.621380952380967,17.44820804606153
5.65 mm,crystal_N4,18.517000000000014,17.347925497398816
5.65 mm,crystal_N4,18.425380952380966,17.248536220583645
5.65 mm,crystal_N4,18.334190476190493,17.150071482852304
5.65 mm,crystal_N4,18.24914285714287,17.052579010883576
5.65 mm,crystal_N4,18.155285714285725,16.956068960235463
5.65 mm,crystal_N4,18.06866666666668,16.86049365521228
5.65 mm,crystal_N4,17.97852380952382,16.765777479858123
5.65 mm,crystal_N4,17.89457142857144,16.671908619479627
5.65 mm,crystal_N4,17.798190476190488,16.578936310331024
5.65 mm,crystal_N4,17.712666666666678,16.486900366408864
5.65 mm,crystal_N4,17.62780952380954,16.39579353827514
5.65 mm,crystal_N4,17.553428571428583,16.30555813907975
5.65 mm,crystal_N4,17.4717142857143,16.216111908955746
5.65 mm,crystal_N4,17.398523809523823,16.127430973285417
5.65 mm,crystal_N4,17.31461904761906,16.039560730293438
5.65 mm,crystal_N4,17.235380952380964,15.952544741339118
5.65 mm,crystal_N4,17.15066666666668,15.866382025331976
5.65 mm,crystal_N4,17.0767142857143,15.78102380685467
5.65 mm,crystal_N4,16.994285714285727,15.696384609077631
5.65 mm,crystal_N4,16.919809523809537,15.612405257527914
5.65 mm,crystal_N4,16.837857142857157,15.529114271974969
5.65 mm,crystal_N4,16.766809523809535,15.446571220799186
5.65 mm,crystal_N4,16.691000000000013,15.364801002173143
5.65 mm,crystal_N4,16.620952380952396,15.283778139094288
5.65 mm,crystal_N4,16.54100000000001,15.203436960324183
5.65 mm,crystal_N4,16.467666666666677,15.12370096412171
5.65 mm,crystal_N4,16.391809523809535,15.044558735516027
5.65 mm,crystal_N4,16.323238095238107,14.966070998293846
5.65 mm,crystal_N4,16.248428571428583,14.888291669263767
5.65 mm,crystal_N4,16.182761904761918,14.81122481777525
5.65 mm,crystal_N4,16.113476190476206,14.734826521403232
5.65 mm,crystal_N4,16.04195238095239,14.6590211412633
5.65 mm,crystal_N4,15.959428571428584,14.583740689656128
5.65 mm,crystal_N4,15.881952380952391,14.509000985749626
5.65 mm,crystal_N4,15.80557142857144,14.434878684059994
5.65 mm,crystal_N4,15.736904761904775,14.361424380641996
5.65 mm,crystal_N4,15.668285714285725,14.288631529483705
5.65 mm,crystal_N4,15.60600000000001,14.216446975360364
5.65 mm,crystal_N4,15.53609523809525,14.144789309833449
5.65 mm,crystal_N4,15.4707142857143,14.073579154470078
5.65 mm,crystal_N4,15.395809523809534,14.00281692736797
5.65 mm,crystal_N4,15.325904761904773,13.932582858642055
5.65 mm,crystal_N4,15.254142857142869,13.862941666343277
5.65 mm,crystal_N4,15.19200000000001,13.793899226553325
5.65 mm,crystal_N4,15.121476190476201,13.72541130875975
5.65 mm,crystal_N4,15.061809523809533,13.657403026010785
5.65 mm,crystal_N4,14.997095238095248,13.589794060511379
5.65 mm,crystal_N4,14.937952380952392,13.522579139793063
5.65 mm,crystal_N4,14.86957142857144,13.455855054807705
5.65 mm,crystal_N4,14.810333333333347,13.38970858334636
5.65 mm,crystal_N4,14.74214285714287,13.32415622420335
5.65 mm,crystal_N4,14.679761904761916,13.259156346256898
5.65 mm,crystal_N4,14.611666666666679,13.194634119615026
5.65 mm,crystal_N4,14.553857142857154,13.130499549497785
5.65 mm,crystal_N4,14.493238095238107,13.066681476675972
5.65 mm,crystal_N4,14.436047619047628,13.003222821766295
5.65 mm,crystal_N4,14.36852380952382,12.940250070606
5.65 mm,crystal_N4,14.306619047619058,12.877838300889106
5.65 mm,crystal_N4,14.239857142857153,12.815978803282409
5.65 mm,crystal_N4,14.178095238095247,12.754609863982935
5.65 mm,crystal_N4,14.107047619047629,12.693645641378541
5.65 mm,crystal_N4,14.045142857142867,12.632992830623104
5.65 mm,crystal_N4,13.98200000000001,12.572585902748408
5.65 mm,crystal_N4,13.92195238095239,12.51248673888172
5.65 mm,crystal_N4,13.855952380952392,12.452838455773179
5.65 mm,crystal_N4,13.792238095238105,12.393717531121615
5.65 mm,crystal_N4,13.723333333333343,12.335107329364734
5.65 mm,crystal_N4,13.6654761904762,12.276937935671505
5.65 mm,crystal_N4,13.600571428571438,12.219118615245655
5.65 mm,crystal_N4,13.543666666666676,12.161554620370088
5.65 mm,crystal_N4,13.484142857142867,12.104186104766816
5.65 mm,crystal_N4,13.43157142857144,12.047094679528612
5.65 mm,crystal_N4,13.372619047619057,11.990446168456216
5.65 mm,crystal_N4,13.320666666666677,11.934331579141872
5.65 mm,crystal_N4,13.26195238095239,11.878732712827482
5.65 mm,crystal_N4,13.207380952380962,11.823569151921618
5.65 mm,crystal_N4,13.146095238095247,11.768740687320445
5.65 mm,crystal_N4,13.094619047619057,11.714146891848124
5.65 mm,crystal_N4,13.033857142857151,11.659701735293176
5.65 mm,crystal_N4,12.973666666666677,11.605422003143627
5.65 mm,crystal_N4,12.912761904761915,11.551473505445687
5.65 mm,crystal_N4,12.856523809523818,11.498009318005323
5.65 mm,crystal_N4,12.797238095238104,11.44507114588473
5.65 mm,crystal_N4,12.746095238095247,11.392600374053702
5.65 mm,crystal_N4,12.687285714285721,11.340490660287696
5.65 mm,crystal_N4,12.631809523809531,11.288628676090406
5.65 mm,crystal_N4,12.578619047619057,11.236910391628703
5.65 mm,crystal_N4,12.528666666666677,11.185266279179116
5.65 mm,crystal_N4,12.472809523809532,11.1337765761377
5.65 mm,crystal_N4,12.425619047619056,11.082638210666467
5.65 mm,crystal_N4,12.377571428571438,11.031982616778897
5.65 mm,crystal_N4,12.330523809523818,10.981826053571677
5.65 mm,crystal_N4,12.278857142857152,10.932093803386273
5.65 mm,crystal_N4,12.233238095238104,10.882669454719034
5.65 mm,crystal_N4,12.184333333333342,10.833435800893538
5.65 mm,crystal_N4,12.14085714285715,10.784290299779856
5.65 mm,crystal_N4,12.09400000000001,10.735172225340207
5.65 mm,crystal_N4,12.050000000000008,10.686185554263197
5.65 mm,crystal_N4,12.003809523809533,10.6375436477811
5.65 mm,crystal_N4,11.959714285714295,10.589376942078035
5.65 mm,crystal_N4,11.90895238095239,10.541704690912233
5.65 mm,crystal_N4,11.864714285714296,10.494465359686975
5.65 mm,crystal_N4,11.817238095238103,10.447542383142473
5.65 mm,crystal_N4,11.77695238095239,10.400806804637334
5.65 mm,crystal_N4,11.729666666666676,10.354145031604945
5.65 mm,crystal_N4,11.682761904761914,10.307477151762248
5.65 mm,crystal_N4,11.629857142857151,10.260873561652089
5.65 mm,crystal_N4,11.580095238095247,10.21455807690571
5.65 mm,crystal_N4,11.52790476190477,10.168687203915532
5.65 mm,crystal_N4,11.483238095238104,10.123294417041123
5.65 mm,crystal_N4,11.435142857142864,10.078339747438669
5.65 mm,crystal_N4,11.391809523809531,10.033732001181567
5.65 mm,crystal_N4,11.344761904761913,9.989340162543632
5.65 mm,crystal_N4,11.30242857142858,9.945032558222694
5.65 mm,crystal_N4,11.255047619047627,9.900701149319541
5.65 mm,crystal_N4,11.206619047619055,9.856298136096594
5.65 mm,crystal_N4,11.151095238095245,9.811976015088124
5.65 mm,crystal_N4,11.106666666666674,9.76797574988575
5.65 mm,crystal_N4,11.064523809523818,9.724415718690338
5.65 mm,crystal_N4,11.028285714285722,9.681297345903332
5.65 mm,crystal_N4,10.987000000000009,9.638564747976938
5.65 mm,crystal_N4,10.948095238095245,9.596117767711135
5.65 mm,crystal_N4,10.904761904761912,9.553820796235781
5.65 mm,crystal_N4,10.86142857142858,9.511544755492748
5.65 mm,crystal_N4,10.817571428571437,9.469195991927318
5.65 mm,crystal_N4,10.778904761904771,9.4268287211185
5.65 mm,crystal_N4,10.736190476190483,9.384696273235722
5.65 mm,crystal_N4,10.69595238095239,9.34298707592447
5.65 mm,crystal_N4,10.651000000000007,9.301741029504054
5.65 mm,crystal_N4,10.606904761904769,9.260917109176575
5.65 mm,crystal_N4,10.566523809523817,9.220447090659086
5.65 mm,crystal_N4,10.531047619047627,9.180249597905675
5.65 mm,crystal_N4,10.487190476190484,9.140207335755903
5.65 mm,crystal_N4,10.447047619047627,9.10018236529704
5.65 mm,crystal_N4,10.40338095238096,9.060060614990228
5.65 mm,crystal_N4,10.363380952380961,9.019849626187597
5.65 mm,crystal_N4,10.320190476190483,8.979797494697317
5.65 mm,crystal_N4,10.281761904761911,8.940129946847803
5.65 mm,crystal_N4,10.240095238095245,8.900907110952142
5.65 mm,crystal_N4,10.204047619047625,8.862092511659823
5.65 mm,crystal_N4,10.16585714285715,8.82361803301581
5.65 mm,crystal_N4,10.132857142857151,8.785411106030555
5.65 mm,crystal_N4,10.095047619047627,8.747392491022532
5.65 mm,crystal_N4,10.054714285714294,8.709444924234475
5.65 mm,crystal_N4,10.012761904761913,8.671433988801025
5.65 mm,crystal_N4,9.972285714285722,8.633263656830287
5.65 mm,crystal_N4,9.937380952380959,8.595028677041626
5.65 mm,crystal_N4,9.910571428571437,8.55702662745939
5.65 mm,crystal_N4,9.87642857142858,8.519435405984062
5.65 mm,crystal_N4,9.842666666666673,8.482269634941154
5.65 mm,crystal_N4,9.806142857142865,8.445473565738705
5.65 mm,crystal_N4,9.764619047619053,8.408975189940355
5.65 mm,crystal_N4,9.723428571428578,8.372704723985766
5.65 mm,crystal_N4,9.688666666666673,8.336592566583127
5.65 mm,crystal_N4,9.647952380952388,8.300533449662096
5.65 mm,crystal_N4,9.608714285714292,8.264393415101976
5.65 mm,crystal_N4,9.566190476190481,8.228095417888271
5.65 mm,crystal_N4,9.527904761904768,8.191824190469553
5.65 mm,crystal_N4,9.489095238095246,8.155876877895096
5.65 mm,crystal_N4,9.45538095238096,8.120366016541944
5.65 mm,crystal_N4,9.418238095238102,8.08526480949128
5.65 mm,crystal_N4,9.38480952380953,8.050501740010986
5.65 mm,crystal_N4,9.34680952380953,8.016001353047454
5.65 mm,crystal_N4,9.311476190476197,7.981695602635465
5.65 mm,crystal_N4,9.273571428571437,7.9475254066593966
5.65 mm,crystal_N4,9.239095238095244,7.913431067564067
5.65 mm,crystal_N4,9.204380952380959,7.879309359179111
5.65 mm,crystal_N4,9.17485714285715,7.845031814841869
5.65 mm,crystal_N4,9.142142857142861,7.810635518456853
5.65 mm,crystal_N4,9.112142857142864,7.7764344893076345
5.65 mm,crystal_N4,9.080714285714292,7.742634841186096
5.65 mm,crystal_N4,9.050238095238102,7.709248737582297
5.65 mm,crystal_N4,9.015190476190483,7.676211298002311
5.65 mm,crystal_N4,8.987904761904769,7.643445804700988
5.65 mm,crystal_N4,8.959904761904768,7.610882485853663
5.65 mm,crystal_N4,8.92990476190477,7.578461105508309
5.65 mm,crystal_N4,8.893952380952388,7.546129649638341
5.65 mm,crystal_N4,8.857285714285721,7.513838235519243
5.65 mm,crystal_N4,8.817904761904767,7.481497202012968
5.65 mm,crystal_N4,8.78733333333334,7.448977986253234
5.65 mm,crystal_N4,8.753142857142862,7.416332435401525
5.65 mm,crystal_N4,8.724380952380958,7.383895988214798
5.65 mm,crystal_N4,8.69228571428572,7.3518611406793735
5.65 mm,crystal_N4,8.660000000000007,7.320221465440601
5.65 mm,crystal_N4,8.624761904761911,7.28890302706956
5.65 mm,crystal_N4,8.596523809523816,7.257826828392436
5.65 mm,crystal_N4,8.561428571428577,7.22692385761119
5.65 mm,crystal_N4,8.533666666666672,7.19613595464717
5.65 mm,crystal_N4,8.500000000000005,7.165414110907919
5.65 mm,crystal_N4,8.471714285714292,7.1347164290973915
5.65 mm,crystal_N4,8.44133333333334,7.103984043905199
5.65 mm,crystal_N4,8.412952380952387,7.073101818948612
5.65 mm,crystal_N4,8.375619047619054,7.042126235950787
5.65 mm,crystal_N4,8.34538095238096,7.011399956529845
5.65 mm,crystal_N4,8.312285714285721,6.981092742113736
5.65 mm,crystal_N4,8.283714285714293,6.951176882187988
5.65 mm,crystal_N4,8.25185714285715,6.921568888291928
5.65 mm,crystal_N4,8.223142857142863,6.892187232527673
5.65 mm,crystal_N4,8.190142857142865,6.862963530371229
5.65 mm,crystal_N4,8.160904761904767,6.83384173533833
5.65 mm,crystal_N4,8.129571428571435,6.8047755435503685
5.65 mm,crystal_N4,8.095904761904768,6.775726094873399
5.65 mm,crystal_N4,8.065571428571435,6.746660300482952
5.65 mm,crystal_N4,8.040047619047625,6.717534635857959
5.65 mm,crystal_N4,8.011142857142863,6.688262895054617
5.65 mm,crystal_N4,7.988190476190482,6.659009958494853
5.65 mm,crystal_N4,7.964666666666672,6.630100418995109
5.65 mm,crystal_N4,7.935666666666673,6.601609100479486
5.65 mm,crystal_N4,7.905047619047625,6.573466342537955
5.65 mm,crystal_N4,7.8771428571428626,6.54558224681872
5.65 mm,crystal_N4,7.844142857142863,6.51788040260758
5.65 mm,crystal_N4,7.813714285714291,6.49029976195397
5.65 mm,crystal_N4,7.781047619047625,6.462790877618225
5.65 mm,crystal_N4,7.748238095238101,6.435312547695887
5.65 mm,crystal_N4,7.7151904761904815,6.40782963169669
5.65 mm,crystal_N4,7.689571428571434,6.380311859251268
5.65 mm,crystal_N4,7.659476190476196,6.352732340061656
5.65 mm,crystal_N4,7.6340952380952425,6.32504299418787
5.65 mm,crystal_N4,7.603904761904767,6.297341736232522
5.65 mm,crystal_N4,7.570523809523815,6.269960815282813
5.65 mm,crystal_N4,7.537380952380957,6.242997319376105
5.65 mm,crystal_N4,7.511904761904766,6.216374228195788
5.65 mm,crystal_N4,7.486047619047624,6.189991825417168
5.65 mm,crystal_N4,7.466952380952385,6.163768856674698
5.65 mm,crystal_N4,7.445523809523815,6.137643089441601
5.65 mm,crystal_N4,7.423285714285719,6.111566019840407
5.65 mm,crystal_N4,7.398857142857148,6.085499019540913
5.65 mm,crystal_N4,7.3727142857142915,6.0594106869610425
5.65 mm,crystal_N4,7.339047619047625,6.033274856428148
5.65 mm,crystal_N4,7.309333333333338,6.007069234288948
5.65 mm,crystal_N4,7.281619047619053,5.980773454015186
5.65 mm,crystal_N4,7.255333333333339,5.95441223194605
5.65 mm,crystal_N4,7.2306666666666715,5.928289293824913
5.65 mm,crystal_N4,7.209476190476195,5.90260594544685
5.65 mm,crystal_N4,7.183714285714291,5.877303186942155
5.65 mm,crystal_N4,7.15928571428572,5.852265457055101
5.65 mm,crystal_N4,7.131000000000006,5.827399338693196
5.65 mm,crystal_N4,7.103476190476195,5.802637767164989
5.65 mm,crystal_N4,7.076047619047625,5.777931337311397
5.65 mm,crystal_N4,7.053523809523815,5.7532415382463284
5.65 mm,crystal_N4,7.023904761904768,5.728536906930073
5.65 mm,crystal_N4,6.995809523809529,5.7037912209532795
5.65 mm,crystal_N4,6.966952380952386,5.67898259617563
5.65 mm,crystal_N4,6.942095238095243,5.654092732897056
5.65 mm,crystal_N4,6.917238095238099,5.629108144445254
5.65 mm,crystal_N4,6.898476190476195,5.604166744770784
5.65 mm,crystal_N4,6.87128571428572,5.5796427340889005
5.65 mm,crystal_N4,6.841904761904766,5.555607639179386
5.65 mm,crystal_N4,6.81080952380953,5.531926758039107
5.65 mm,crystal_N4,6.783523809523815,5.508466820069549
5.65 mm,crystal_N4,6.756333333333338,5.4851353694761755
5.65 mm,crystal_N4,6.737476190476196,5.461870028253699
5.65 mm,crystal_N4,6.715714285714291,5.438626612933739
5.65 mm,crystal_N4,6.694666666666672,5.415372383192326
5.65 mm,crystal_N4,6.6724761904761944,5.392082335970796
5.65 mm,crystal_N4,6.649666666666672,5.368736740832696
5.65 mm,crystal_N4,6.623571428571433,5.345319237426093
5.65 mm,crystal_N4,6.601523809523814,5.321815585770384
5.65 mm,crystal_N4,6.579333333333338,5.298213225721231
5.65 mm,crystal_N4,6.5590476190476235,5.274514120331102
5.65 mm,crystal_N4,6.534333333333338,5.2509826555993175
5.65 mm,crystal_N4,6.512952380952386,5.227981874321502
5.65 mm,crystal_N4,6.496095238095243,5.205468206186212
5.65 mm,crystal_N4,6.47976190476191,5.183245620406074
5.65 mm,crystal_N4,6.459904761904767,5.161145316583347
5.65 mm,crystal_N4,6.441476190476195,5.139035236622137
5.65 mm,crystal_N4,6.415904761904766,5.116798229781978
5.65 mm,crystal_N4,6.390285714285719,5.094320844513167
5.65 mm,crystal_N4,6.363285714285719,5.071487532703364
5.65 mm,crystal_N4,6.3368571428571485,5.04817154192984
7.65 mm,crystal_N2,30.6381904761905,30.98591428571431
7.65 mm,crystal_N2,30.633000000000024,30.98591428570567
7.65 mm,crystal_N2,30.626714285714307,30.985914284175735
7.65 mm,crystal_N2,30.621761904761925,30.985914237272453
7.65 mm,crystal_N2,30.61761904761907,30.9859136878972
7.65 mm,crystal_N2,30.616714285714306,30.985910174975697
7.65 mm,crystal_N2,30.609714285714308,30.98589523417012
7.65 mm,crystal_N2,30.608428571428593,30.985847525653643
7.65 mm,crystal_N2,30.602285714285735,30.985723768558962
7.65 mm,crystal_N2,30.59757142857145,30.985448783612345
7.65 mm,crystal_N2,30.59314285714288,30.984906062608236
7.65 mm,crystal_N2,30.58604761904764,30.983930290040394
7.65 mm,crystal_N2,30.574809523809545,30.982303222607957
7.65 mm,crystal_N2,30.56861904761907,30.97975416574667
7.65 mm,crystal_N2,30.558333333333355,30.975965817825283
7.65 mm,crystal_N2,30.54761904761907,30.97058544234779
7.65 mm,crystal_N2,30.532857142857164,30.963240448021192
7.65 mm,crystal_N2,30.51604761904764,30.953556724492394
7.65 mm,crystal_N2,30.494761904761923,30.941177427080213
7.65 mm,crystal_N2,30.47114285714288,30.925779511498334
7.65 mm,crystal_N2,30.445523809523834,30.907085824743202
7.65 mm,crystal_N2,30.41352380952383,30.884872005062178
7.65 mm,crystal_N2,30.378904761904785,30.858968687037443
7.65 mm,crystal_N2,30.346904761904785,30.829260000080566
7.65 mm,crystal_N2,30.30704761904764,30.795679565341672
7.65 mm,crystal_N2,30.260619047619066,30.758205190494998
7.65 mm,crystal_N2,30.21104761904764,30.716853097108263
7.65 mm,crystal_N2,30.16400000000002,30.671672062749565
7.65 mm,crystal_N2,30.10842857142859,30.622737813986905
7.65 mm,crystal_N2,30.050809523809544,30.570148322483078
7.65 mm,crystal_N2,29.98404761904764,30.514020562127165
7.65 mm,crystal_N2,29.92152380952383,30.45448836789977
7.65 mm,crystal_N2,29.85104761904764,30.39170024023059
7.65 mm,crystal_N2,29.78114285714288,30.32581632766388
7.65 mm,crystal_N2,29.70052380952383,30.257004724724595
7.65 mm,crystal_N2,29.6309523809524,30.185437686461718
7.65 mm,crystal_N2,29.547428571428593,30.111288243307026
7.65 mm,crystal_N2,29.46323809523812,30.034727345318895
7.65 mm,crystal_N2,29.36861904761907,29.955921624544676
7.65 mm,crystal_N2,29.27904761904764,29.875031916688513
7.65 mm,crystal_N2,29.18352380952383,29.79221261110972
7.65 mm,crystal_N2,29.097380952380973,29.707611520544912
7.65 mm,crystal_N2,28.9999523809524,29.621369831530718
7.65 mm,crystal_N2,28.912333333333358,29.533622078564548
7.65 mm,crystal_N2,28.81600000000002,29.44449606133251
7.65 mm,crystal_N2,28.723047619047637,29.354112709898857
7.65 mm,crystal_N2,28.618666666666684,29.2625860549692
7.65 mm,crystal_N2,28.52352380952383,29.170023063056206
7.65 mm,crystal_N2,28.416142857142876,29.07652331699904
7.65 mm,crystal_N2,28.314666666666685,28.9821788748439
7.65 mm,crystal_N2,28.201142857142877,28.88707432741638
7.65 mm,crystal_N2,28.101380952380975,28.791287157933056
7.65 mm,crystal_N2,27.994571428571447,28.69488839162189
7.65 mm,crystal_N2,27.891571428571446,28.59794333213614
7.65 mm,crystal_N2,27.774142857142877,28.500512504389285
7.65 mm,crystal_N2,27.673476190476208,28.40265250650995
7.65 mm,crystal_N2,27.55761904761907,28.304416438353506
7.65 mm,crystal_N2,27.44957142857145,28.205854314619117
7.65 mm,crystal_N2,27.332333333333356,28.10701344135316
7.65 mm,crystal_N2,27.22714285714288,28.00793862570454
7.65 mm,crystal_N2,27.11776190476192,27.908672736909203
7.65 mm,crystal_N2,27.01647619047621,27.809257284748853
7.65 mm,crystal_N2,26.893809523809544,27.709732388630407
7.65 mm,crystal_N2,26.784333333333354,27.610136859084964
7.65 mm,crystal_N2,26.666428571428593,27.510508611694334
7.65 mm,crystal_N2,26.54861904761907,27.410884422509636
7.65 mm,crystal_N2,26.433285714285738,27.31129939783439
7.65 mm,crystal_N2,26.32747619047621,27.21178732038855
7.65 mm,crystal_N2,26.205095238095257,27.11238101950807
7.65 mm,crystal_N2,26.089047619047637,27.0131113990719
7.65 mm,crystal_N2,25.95552380952383,26.914006233128653
7.65 mm,crystal_N2,25.829095238095256,26.815090308817403
7.65 mm,crystal_N2,25.716285714285732,26.716385973736696
7.65 mm,crystal_N2,25.609238095238112,26.617913184863117
7.65 mm,crystal_N2,25.486523809523824,26.519690210038522
7.65 mm,crystal_N2,25.3827142857143,26.421734993674757
7.65 mm,crystal_N2,25.266666666666687,26.324065295275602
7.65 mm,crystal_N2,25.16342857142859,26.226697581449784
7.65 mm,crystal_N2,25.047571428571445,26.129646941024717
7.65 mm,crystal_N2,24.938714285714305,26.032928283838718
7.65 mm,crystal_N2,24.824714285714307,25.93655657496998
7.65 mm,crystal_N2,24.716857142857165,25.840545480059873
7.65 mm,crystal_N2,24.591142857142877,25.7449067722212
7.65 mm,crystal_N2,24.480142857142873,25.649651515053034
7.65 mm,crystal_N2,24.364190476190494,25.55479087266154
7.65 mm,crystal_N2,24.262904761904778,25.46033487469984
7.65 mm,crystal_N2,24.156666666666684,25.366290963346273
7.65 mm,crystal_N2,24.055571428571444,25.272664732377226
7.65 mm,crystal_N2,23.94628571428573,25.17946165193704
7.65 mm,crystal_N2,23.84085714285716,25.08668718142753
7.65 mm,crystal_N2,23.724238095238107,24.99434576623022
7.65 mm,crystal_N2,23.618952380952397,24.902441296814132
7.65 mm,crystal_N2,23.50333333333335,24.810978762982113
7.65 mm,crystal_N2,23.39390476190478,24.719964506481453
7.65 mm,crystal_N2,23.274714285714303,24.629403968386768
7.65 mm,crystal_N2,23.173619047619063,24.539299350154955
7.65 mm,crystal_N2,23.05900000000002,24.44965023156648
7.65 mm,crystal_N2,22.944571428571443,24.360455964877584
7.65 mm,crystal_N2,22.81176190476192,24.27171645366352
7.65 mm,crystal_N2,22.69333333333335,24.18343078436423
7.65 mm,crystal_N2,22.58428571428573,24.095596845168735
7.65 mm,crystal_N2,22.49838095238097,24.00821320171726
7.65 mm,crystal_N2,22.40523809523811,23.92128065364414
7.65 mm,crystal_N2,22.3179523809524,23.834801331041827
7.65 mm,crystal_N2,22.218333333333348,23.74877628007333
7.65 mm,crystal_N2,22.128714285714302,23.663204862141793
7.65 mm,crystal_N2,22.012857142857158,23.578086678381528
7.65 mm,crystal_N2,21.917666666666683,23.493423092165493
7.65 mm,crystal_N2,21.826857142857158,23.409216292353992
7.65 mm,crystal_N2,21.753047619047635,23.325466688488742
7.65 mm,crystal_N2,21.66976190476192,23.242171956723602
7.65 mm,crystal_N2,21.599000000000018,23.159329154356648
7.65 mm,crystal_N2,21.498142857142874,23.076936981429476
7.65 mm,crystal_N2,21.40980952380954,22.994995624569626
7.65 mm,crystal_N2,21.30638095238097,22.91350458542148
7.65 mm,crystal_N2,21.21619047619049,22.832461418435212
7.65 mm,crystal_N2,21.120952380952396,22.751863384599574
7.65 mm,crystal_N2,20.979904761904777,22.671709675214473
7.65 mm,crystal_N2,20.8209523809524,22.59200143579157
7.65 mm,crystal_N2,21.12838095238097,22.512739558456524
7.65 mm,crystal_N2,21.72723809523811,22.43392205566016
7.65 mm,crystal_N2,22.32476190476192,22.35554403036081
7.65 mm,crystal_N2,22.672000000000015,22.27760054173567
7.65 mm,crystal_N2,22.603714285714304,22.200088807717794
7.65 mm,crystal_N2,22.056619047619066,22.123007668422318
7.65 mm,crystal_N2,21.779714285714306,22.046355318068336
7.65 mm,crystal_N2,21.62980952380954,21.970128104944937
7.65 mm,crystal_N2,21.52566666666668,21.89432232194696
7.65 mm,crystal_N2,21.408428571428587,21.818936603530737
7.65 mm,crystal_N2,21.252238095238113,21.743971943883068
7.65 mm,crystal_N2,20.999000000000017,21.669429484917334
7.65 mm,crystal_N2,20.887619047619065,21.595307750468596
7.65 mm,crystal_N2,20.816476190476205,21.521601431452492
7.65 mm,crystal_N2,20.77728571428573,21.448303556024538
7.65 mm,crystal_N2,20.684904761904775,21.37540888555826
7.65 mm,crystal_N2,20.546142857142872,21.30291490016026
7.65 mm,crystal_N2,20.399809523809537,21.23082006380104
7.65 mm,crystal_N2,20.26028571428573,21.15912131959701
7.65 mm,crystal_N2,20.125000000000014,21.08781334304779
7.65 mm,crystal_N2,20.019619047619063,21.016890921247825
7.65 mm,crystal_N2,19.90228571428573,20.946351689245276
7.65 mm,crystal_N2,19.792047619047636,20.87619607658182
7.65 mm,crystal_N2,19.67085714285716,20.80642488445347
7.65 mm,crystal_N2,19.563000000000013,20.737036608633737
7.65 mm,crystal_N2,19.449904761904776,20.668026839695983
7.65 mm,crystal_N2,19.35219047619049,20.599391033103466
7.65 mm,crystal_N2,19.24876190476192,20.531127682248744
7.65 mm,crystal_N2,19.154952380952395,20.463238339708102
7.65 mm,crystal_N2,19.058000000000014,20.39572495643481
7.65 mm,crystal_N2,18.971190476190493,20.328586840807176
7.65 mm,crystal_N2,18.87728571428573,20.26181922819354
7.65 mm,crystal_N2,18.788000000000014,20.19541542040946
7.65 mm,crystal_N2,18.690142857142874,20.12937111894417
7.65 mm,crystal_N2,18.59966666666668,20.063686164188287
7.65 mm,crystal_N2,18.50304761904763,19.998362445465467
7.65 mm,crystal_N2,18.423047619047633,19.9334004393562
7.65 mm,crystal_N2,18.347333333333346,19.868796599337564
7.65 mm,crystal_N2,18.27604761904763,19.80454331855612
7.65 mm,crystal_N2,18.192000000000014,19.740632851577356
7.65 mm,crystal_N2,18.11666666666668,19.67706178450164
7.65 mm,crystal_N2,18.03866666666668,19.61383126595182
7.65 mm,crystal_N2,17.96733333333335,19.550943668471046
7.65 mm,crystal_N2,17.886857142857156,19.488398869071396
7.65 mm,crystal_N2,17.820333333333345,19.426191994679222
7.65 mm,crystal_N2,17.745904761904775,19.36431404667725
7.65 mm,crystal_N2,17.675809523809537,19.302756630073645
7.65 mm,crystal_N2,17.5997142857143,19.241516672282923
7.65 mm,crystal_N2,17.52509523809525,19.180596092748818
7.65 mm,crystal_N2,17.442809523809537,19.119997792496914
7.65 mm,crystal_N2,17.37419047619049,19.059721662439557
7.65 mm,crystal_N2,17.296904761904774,18.99976234695167
7.65 mm,crystal_N2,17.229476190476205,18.940109663144966
7.65 mm,crystal_N2,17.16266666666668,18.880753294943197
7.65 mm,crystal_N2,17.101380952380964,18.821688577502027
7.65 mm,crystal_N2,17.03166666666668,18.7629170539819
7.65 mm,crystal_N2,16.971809523809533,18.70444223836021
7.65 mm,crystal_N2,16.903809523809535,18.6462649992504
7.65 mm,crystal_N2,16.836904761904773,18.58838091574883
7.65 mm,crystal_N2,16.759238095238107,18.530780257465373
7.65 mm,crystal_N2,16.69061904761906,18.4734522717927
7.65 mm,crystal_N2,16.622238095238107,18.41639183120988
7.65 mm,crystal_N2,16.56190476190477,18.359601188142904
7.65 mm,crystal_N2,16.49661904761906,18.30308569704861
7.65 mm,crystal_N2,16.43809523809525,18.246848421066083
7.65 mm,crystal_N2,16.372952380952395,18.19088687571084
7.65 mm,crystal_N2,16.311761904761916,18.135192526782898
7.65 mm,crystal_N2,16.250476190476203,18.079754527700846
7.65 mm,crystal_N2,16.193142857142867,18.024567137289445
7.65 mm,crystal_N2,16.134761904761916,17.96963326227081
7.65 mm,crystal_N2,16.07857142857144,17.91496065439756
7.65 mm,crystal_N2,16.011809523809536,17.860555574632276
7.65 mm,crystal_N2,15.94814285714287,17.806418541004597
7.65 mm,crystal_N2,15.880476190476202,17.75254305024822
7.65 mm,crystal_N2,15.81657142857144,17.69891768734181
7.65 mm,crystal_N2,15.75000000000001,17.64553314325891
7.65 mm,crystal_N2,15.69404761904763,17.592389066342914
7.65 mm,crystal_N2,15.634619047619058,17.53949346536947
7.65 mm,crystal_N2,15.577952380952391,17.486856259689358
7.65 mm,crystal_N2,15.512904761904773,17.434482861777084
7.65 mm,crystal_N2,15.454666666666677,17.382370984850056
7.65 mm,crystal_N2,15.395380952380963,17.330510523886662
7.65 mm,crystal_N2,15.34300000000001,17.278886744387453
7.65 mm,crystal_N2,15.281904761904773,17.227488308007956
7.65 mm,crystal_N2,15.224619047619058,17.176314268167932
7.65 mm,crystal_N2,15.163285714285724,17.12537288211514
7.65 mm,crystal_N2,15.105095238095249,17.074674680650215
7.65 mm,crystal_N2,15.043095238095246,17.02422560538201
7.65 mm,crystal_N2,14.987761904761914,16.974023461937954
7.65 mm,crystal_N2,14.92952380952382,16.924057721778258
7.65 mm,crystal_N2,14.871571428571439,16.87431235154876
7.65 mm,crystal_N2,14.809714285714296,16.82477359828659
7.65 mm,crystal_N2,14.75100000000001,16.775438328665672
7.65 mm,crystal_N2,14.692761904761916,16.726314198830295
7.65 mm,crystal_N2,14.629476190476202,16.677412881917622
7.65 mm,crystal_N2,14.562333333333346,16.62874246048758
7.65 mm,crystal_N2,14.498523809523821,16.58030283787361
7.65 mm,crystal_N2,14.440142857142867,16.532084950037003
7.65 mm,crystal_N2,14.392428571428582,16.484073778478493
7.65 mm,crystal_N2,14.344095238095248,16.43625698415222
7.65 mm,crystal_N2,14.288952380952392,16.388633565502808
7.65 mm,crystal_N2,14.231857142857152,16.341213388553825
7.65 mm,crystal_N2,14.175095238095249,16.294010151606297
7.65 mm,crystal_N2,14.11838095238096,16.247034151655388
7.65 mm,crystal_N2,14.063285714285724,16.200287451005455
7.65 mm,crystal_N2,14.003666666666676,16.153762315790722
7.65 mm,crystal_N2,13.953428571428582,16.107442645025394
7.65 mm,crystal_N2,13.90209523809525,16.06130929726977
7.65 mm,crystal_N2,13.85661904761906,16.015350534478813
7.65 mm,crystal_N2,13.80495238095239,15.969568450126065
7.65 mm,crystal_N2,13.746809523809533,15.923974971399982
7.65 mm,crystal_N2,13.671619047619057,15.878583664005756
7.65 mm,crystal_N2,13.619666666666678,15.833403005284525
7.65 mm,crystal_N2,13.579333333333343,15.78843233665964
7.65 mm,crystal_N2,13.549333333333342,15.743661058119779
7.65 mm,crystal_N2,13.511285714285723,15.699071587531002
7.65 mm,crystal_N2,13.476095238095247,15.654648513678202
7.65 mm,crystal_N2,13.4194761904762,15.610389129655644
7.65 mm,crystal_N2,13.371761904761915,15.566303693699671
7.65 mm,crystal_N2,13.32200000000001,15.522407498009658
7.65 mm,crystal_N2,13.274142857142866,15.478713355757161
7.65 mm,crystal_N2,13.223666666666675,15.43522707370844
7.65 mm,crystal_N2,13.17942857142858,15.3919448145145
7.65 mm,crystal_N2,13.127428571428581,15.3488527581208
7.65 mm,crystal_N2,13.081714285714295,15.305930506924412
7.65 mm,crystal_N2,13.032619047619058,15.26316123316012
7.65 mm,crystal_N2,12.986714285714294,15.220542504002552
7.65 mm,crystal_N2,12.937619047619057,15.178085418627843
7.65 mm,crystal_N2,12.893761904761915,15.135805666414996
7.65 mm,crystal_N2,12.844047619047629,15.09371590508124
7.65 mm,crystal_N2,12.799380952380961,15.051821699812955
7.65 mm,crystal_N2,12.75090476190477,15.010119138800045
7.65 mm,crystal_N2,12.697238095238102,14.968594299631684
7.65 mm,crystal_N2,12.651666666666678,14.927226765406127
7.65 mm,crystal_N2,12.612523809523818,14.886000668071649
7.65 mm,crystal_N2,12.56600000000001,14.844915700926027
7.65 mm,crystal_N2,12.522523809523818,14.803985079873408
7.65 mm,crystal_N2,12.473238095238104,14.763225686103361
7.65 mm,crystal_N2,12.416904761904771,14.722650465060902
7.65 mm,crystal_N2,12.3674761904762,14.682265293877947
7.65 mm,crystal_N2,12.325238095238102,14.642067653748567
7.65 mm,crystal_N2,12.278714285714294,14.602045388941056
7.65 mm,crystal_N2,12.234761904761914,14.562177647674309
7.65 mm,crystal_N2,12.184238095238104,14.522442620071882
7.65 mm,crystal_N2,12.140571428571437,14.48283153629481
7.65 mm,crystal_N2,12.09257142857144,14.443352965236109
7.65 mm,crystal_N2,12.050380952380962,14.404023936563247
7.65 mm,crystal_N2,12.000857142857152,14.364859958222013
7.65 mm,crystal_N2,11.960666666666675,14.325870098139553
7.65 mm,crystal_N2,11.913190476190485,14.287055736482953
7.65 mm,crystal_N2,11.869952380952387,14.248409588295846
7.65 mm,crystal_N2,11.822523809523819,14.209914803126228
7.65 mm,crystal_N2,11.777238095238104,14.17154854195137
7.65 mm,crystal_N2,11.724571428571437,14.133295092754038
7.65 mm,crystal_N2,11.680190476190486,14.09515710725568
7.65 mm,crystal_N2,11.629571428571438,14.05715075110727
7.65 mm,crystal_N2,11.585333333333342,14.01929401207257
7.65 mm,crystal_N2,11.536095238095248,13.9815992595675
7.65 mm,crystal_N2,11.483333333333341,13.944071148436683
7.65 mm,crystal_N2,11.425238095238104,13.90670679029187
7.65 mm,crystal_N2,11.377571428571436,13.869495004846947
7.65 mm,crystal_N2,11.335142857142865,13.83241595792163
7.65 mm,crystal_N2,11.28895238095239,13.795449334282573
7.65 mm,crystal_N2,11.23590476190477,13.75859003607886
7.65 mm,crystal_N2,11.19242857142858,13.721850826200477
7.65 mm,crystal_N2,11.160523809523818,13.685250975401566
7.65 mm,crystal_N2,11.144238095238105,13.648805914889675
7.65 mm,crystal_N2,11.126095238095246,13.61252323211707
7.65 mm,crystal_N2,11.092666666666673,13.57640277937467
7.65 mm,crystal_N2,11.038380952380958,13.540437884653691
7.65 mm,crystal_N2,10.977523809523817,13.504614956908362
7.65 mm,crystal_N2,10.914476190476197,13.468912664687727
7.65 mm,crystal_N2,10.863285714285723,13.433310369316096
7.65 mm,crystal_N2,10.814000000000007,13.397804428684369
7.65 mm,crystal_N2,10.771095238095246,13.362409480612243
7.65 mm,crystal_N2,10.72042857142858,13.327145647859004
7.65 mm,crystal_N2,10.676619047619056,13.292028105097334
7.65 mm,crystal_N2,10.631333333333341,13.257063632056644
7.65 mm,crystal_N2,10.583523809523818,13.222251233542979
7.65 mm,crystal_N2,10.531666666666673,13.187583890120257
7.65 mm,crystal_N2,10.484333333333339,13.153049102600953
7.65 mm,crystal_N2,10.43580952380953,13.118627346717153
7.65 mm,crystal_N2,10.395238095238103,13.084297117638645
7.65 mm,crystal_N2,10.34985714285715,13.050051852324222
7.65 mm,crystal_N2,10.304761904761913,13.015905211522053
7.65 mm,crystal_N2,10.26133333333334,12.981878539137757
7.65 mm,crystal_N2,10.222666666666674,12.947988733274745
7.65 mm,crystal_N2,10.184000000000008,12.914243849529585
7.65 mm,crystal_N2,10.150619047619056,12.880643589539538
7.65 mm,crystal_N2,10.108619047619054,12.847181310458325
7.65 mm,crystal_N2,10.070761904761913,12.813845512723226
7.65 mm,crystal_N2,10.028857142857152,12.780618817358324
7.65 mm,crystal_N2,9.994190476190484,12.747479947594483
7.65 mm,crystal_N2,9.955571428571437,12.714419647825565
7.65 mm,crystal_N2,9.919285714285722,12.68145028345163
7.65 mm,crystal_N2,9.871809523809532,12.648594403656825
7.65 mm,crystal_N2,9.834571428571437,12.615870860196809
7.65 mm,crystal_N2,9.79085714285715,12.583289293759679
7.65 mm,crystal_N2,9.749761904761913,12.550850474551403
7.65 mm,crystal_N2,9.70180952380953,12.518548497128519
7.65 mm,crystal_N2,9.661428571428578,12.48637292359216
7.65 mm,crystal_N2,9.616190476190482,12.454309792301913
7.65 mm,crystal_N2,9.582523809523817,12.422340900329873
7.65 mm,crystal_N2,9.539619047619054,12.390451993962985
7.65 mm,crystal_N2,9.49785714285715,12.358648507581927
7.65 mm,crystal_N2,9.45238095238096,12.326951695126567
7.65 mm,crystal_N2,9.412285714285721,12.295382905008609
7.65 mm,crystal_N2,9.36633333333334,12.263954640215328
7.65 mm,crystal_N2,9.326190476190483,12.232669584564816
7.65 mm,crystal_N2,9.27480952380953,12.20152280611042
7.65 mm,crystal_N2,9.226476190476198,12.170504264629141
7.65 mm,crystal_N2,9.17242857142858,12.13960075927989
7.65 mm,crystal_N2,9.125380952380958,12.108796901824263
7.65 mm,crystal_N2,9.076000000000008,12.078074755038571
7.65 mm,crystal_N2,9.031095238095244,12.047422435880232
7.65 mm,crystal_N2,8.97885714285715,12.016848983025099
7.65 mm,crystal_N2,8.937095238095246,11.986377971784638
7.65 mm,crystal_N2,8.892714285714291,11.956030922782285
7.65 mm,crystal_N2,8.854285714285721,11.925819232339585
7.65 mm,crystal_N2,8.808047619047624,11.895744209029283
7.65 mm,crystal_N2,8.766476190476197,11.86579983706354
7.65 mm,crystal_N2,8.723238095238102,11.835975467686431
7.65 mm,crystal_N2,8.688238095238102,11.806257752081503
7.65 mm,crystal_N2,8.648904761904767,11.776631872117447
7.65 mm,crystal_N2,8.616333333333339,11.747082191394533
7.65 mm,crystal_N2,8.577619047619054,11.717598497677448
7.65 mm,crystal_N2,8.53833333333334,11.688190200353056
7.65 mm,crystal_N2,8.489904761904768,11.658882216033913
7.65 mm,crystal_N2,8.451523809523815,11.62969754765112
7.65 mm,crystal_N2,8.408000000000005,11.60064811527929
7.65 mm,crystal_N2,8.366904761904767,11.571734856138619
7.65 mm,crystal_N2,8.324666666666673,11.542950956175169
7.65 mm,crystal_N2,8.285238095238102,11.51428491021482
7.65 mm,crystal_N2,8.24128571428572,11.48572265217333
7.65 mm,crystal_N2,8.206095238095244,11.457248893446458
7.65 mm,crystal_N2,8.163476190476196,11.428847922013235
7.65 mm,crystal_N2,8.122142857142864,11.400506468372775
7.65 mm,crystal_N2,8.082857142857149,11.372227050599017
7.65 mm,crystal_N2,8.042904761904767,11.34403313522044
7.65 mm,crystal_N2,7.999952380952387,11.315952136907807
7.65 mm,crystal_N2,7.9632380952381006,11.288001035424232
7.65 mm,crystal_N2,7.925380952380959,11.26018410305436
7.65 mm,crystal_N2,7.8906666666666725,11.232496210735247
7.65 mm,crystal_N2,7.854619047619054,11.204926418054681
7.65 mm,crystal_N2,7.8203333333333385,11.177460154171849
7.65 mm,crystal_N2,7.782904761904767,11.150079878844537
7.65 mm,crystal_N2,7.749285714285719,11.122764679597054
7.65 mm,crystal_N2,7.712523809523815,11.095489973808313
7.65 mm,crystal_N2,7.677952380952387,11.068237046772376
7.65 mm,crystal_N3,26.714809523809542,27.13014285714288
7.65 mm,crystal_N3,26.726142857142875,27.13014285711177
7.65 mm,crystal_N3,26.737666666666687,27.130142852046994
7.65 mm,crystal_N3,26.752619047619067,27.13014271232487
7.65 mm,crystal_N3,26.76338095238097,27.130141261619556
7.65 mm,crystal_N3,26.77609523809526,27.130133136971153
7.65 mm,crystal_N3,26.7869523809524,27.130103082048244
7.65 mm,crystal_N3,26.794761904761927,27.13001978615682
7.65 mm,crystal_N3,26.804333333333354,27.12983192319227
7.65 mm,crystal_N3,26.814904761904778,27.129467193554017
7.65 mm,crystal_N3,26.823190476190497,27.128833344514582
7.65 mm,crystal_N3,26.83452380952383,27.127819779346332
7.65 mm,crystal_N3,26.846000000000018,27.126299064656923
7.65 mm,crystal_N3,26.85252380952383,27.124128443409838
7.65 mm,crystal_N3,26.856714285714304,27.12115178725755
7.65 mm,crystal_N3,26.857809523809543,27.11720228032975
7.65 mm,crystal_N3,26.86052380952383,27.112105826541335
7.65 mm,crystal_N3,26.86547619047621,27.105684998064977
7.65 mm,crystal_N3,26.871333333333354,27.09776331970378
7.65 mm,crystal_N3,26.875190476190497,27.088169662601224
7.65 mm,crystal_N3,26.88004761904764,27.076742454925355
7.65 mm,crystal_N3,26.88238095238097,27.063333423953743
7.65 mm,crystal_N3,26.87890476190478,27.047810694378292
7.65 mm,crystal_N3,26.87847619047621,27.030061159939645
7.65 mm,crystal_N3,26.87700000000002,27.00999205991505
7.65 mm,crystal_N3,26.870666666666686,26.98753171444071
7.65 mm,crystal_N3,26.86752380952383,26.962629460952627
7.65 mm,crystal_N3,26.861238095238114,26.93525495755455
7.65 mm,crystal_N3,26.850857142857162,26.905397118714184
7.65 mm,crystal_N3,26.8419523809524,26.873062918020246
7.65 mm,crystal_N3,26.831190476190493,26.83827613781138
7.65 mm,crystal_N3,26.817761904761923,26.801075993468324
7.65 mm,crystal_N3,26.81104761904764,26.761515497499747
7.65 mm,crystal_N3,26.799047619047634,26.719659538550076
7.65 mm,crystal_N3,26.784476190476212,26.67558281912957
7.65 mm,crystal_N3,26.767285714285734,26.62936785961326
7.65 mm,crystal_N3,26.74809523809526,26.581103170248586
7.65 mm,crystal_N3,26.727714285714306,26.530881559317507
7.65 mm,crystal_N3,26.706523809523826,26.47879857519799
7.65 mm,crystal_N3,26.681952380952396,26.42495111521631
7.65 mm,crystal_N3,26.65800000000002,26.36943623562019
7.65 mm,crystal_N3,26.63252380952383,26.31235021282346
7.65 mm,crystal_N3,26.606761904761925,26.253787844398204
7.65 mm,crystal_N3,26.58004761904764,26.193841978926052
7.65 mm,crystal_N3,26.5571904761905,26.132603250581976
7.65 mm,crystal_N3,26.528809523809542,26.070159846553842
7.65 mm,crystal_N3,26.498619047619066,26.006597209684156
7.65 mm,crystal_N3,26.466142857142877,25.941997780298184
7.65 mm,crystal_N3,26.43652380952383,25.876440789936606
7.65 mm,crystal_N3,26.402523809523828,25.810002068176825
7.65 mm,crystal_N3,26.375380952380972,25.742753980193832
7.65 mm,crystal_N3,26.337761904761923,25.67476548487656
7.65 mm,crystal_N3,26.305714285714306,25.606102105076623
7.65 mm,crystal_N3,26.274095238095256,25.53682584179333
7.65 mm,crystal_N3,26.242666666666686,25.46699521568182
7.65 mm,crystal_N3,26.204714285714306,25.39666534638699
7.65 mm,crystal_N3,26.16833333333335,25.32588798308721
7.65 mm,crystal_N3,26.125095238095255,25.254711689258176
7.65 mm,crystal_N3,26.086809523809542,25.18318221006309
7.65 mm,crystal_N3,26.04409523809526,25.11134272910911
7.65 mm,crystal_N3,26.006190476190493,25.039233988995818
7.65 mm,crystal_N3,25.96685714285716,24.966894560152802
7.65 mm,crystal_N3,25.929809523809542,24.894361207896072
7.65 mm,crystal_N3,25.89209523809526,24.821668968990526
7.65 mm,crystal_N3,25.85652380952383,24.7488509311018
7.65 mm,crystal_N3,25.817761904761923,24.675938177261173
7.65 mm,crystal_N3,25.78085714285716,24.602960046096047
7.65 mm,crystal_N3,25.73976190476192,24.52994431769106
7.65 mm,crystal_N3,25.703571428571447,24.456917120528864
7.65 mm,crystal_N3,25.66738095238097,24.383902919084992
7.65 mm,crystal_N3,25.62980952380954,24.310924834744064
7.65 mm,crystal_N3,25.586238095238116,24.238004967809466
7.65 mm,crystal_N3,25.547190476190494,24.16516428467633
7.65 mm,crystal_N3,25.505142857142875,24.092422241604083
7.65 mm,crystal_N3,25.463142857142877,24.019796724188847
7.65 mm,crystal_N3,25.421380952380968,23.947304413111876
7.65 mm,crystal_N3,25.382761904761924,23.874961090323055
7.65 mm,crystal_N3,25.338428571428587,23.80278152476554
7.65 mm,crystal_N3,25.301285714285733,23.730779253850574
7.65 mm,crystal_N3,25.25633333333335,23.658966751021538
7.65 mm,crystal_N3,25.216571428571445,23.587355879180528
7.65 mm,crystal_N3,25.17538095238097,23.51595810563925
7.65 mm,crystal_N3,25.136238095238113,23.44478419103832
7.65 mm,crystal_N3,25.094476190476207,23.37384373295072
7.65 mm,crystal_N3,25.057380952380967,23.303145176144433
7.65 mm,crystal_N3,25.01638095238097,23.23269628846462
7.65 mm,crystal_N3,24.97585714285716,23.162504559043608
7.65 mm,crystal_N3,24.929619047619067,23.092577112402175
7.65 mm,crystal_N3,24.88728571428573,23.02292035123756
7.65 mm,crystal_N3,24.845619047619067,22.953539921621843
7.65 mm,crystal_N3,24.80638095238097,22.884441130181877
7.65 mm,crystal_N3,24.76442857142859,22.815629356735897
7.65 mm,crystal_N3,24.724238095238114,22.74711003331975
7.65 mm,crystal_N3,24.6817142857143,22.678888187759192
7.65 mm,crystal_N3,24.64423809523811,22.610968038423312
7.65 mm,crystal_N3,24.60100000000002,22.54335311769544
7.65 mm,crystal_N3,24.558952380952398,22.47604676242154
7.65 mm,crystal_N3,24.51190476190478,22.409052438538218
7.65 mm,crystal_N3,24.470523809523826,22.34237360488663
7.65 mm,crystal_N3,24.42057142857145,22.27601325636416
7.65 mm,crystal_N3,24.376142857142877,22.20997364152918
7.65 mm,crystal_N3,24.328142857142875,22.14425650598542
7.65 mm,crystal_N3,24.283428571428587,22.07886359509177
7.65 mm,crystal_N3,24.235523809523826,22.013796901118653
7.65 mm,crystal_N3,24.195904761904778,21.949058437063776
7.65 mm,crystal_N3,24.154142857142872,21.884649678209694
7.65 mm,crystal_N3,24.11333333333335,21.82057108929459
7.65 mm,crystal_N3,24.06947619047621,21.75682220661741
7.65 mm,crystal_N3,24.029190476190493,21.693402219048135
7.65 mm,crystal_N3,23.986666666666686,21.63031049545191
7.65 mm,crystal_N3,23.94433333333335,21.567546656086336
7.65 mm,crystal_N3,23.901047619047638,21.505110210946192
7.65 mm,crystal_N3,23.856095238095257,21.443000108243204
7.65 mm,crystal_N3,23.810190476190492,21.381214679471327
7.65 mm,crystal_N3,23.769571428571446,21.319752114964604
7.65 mm,crystal_N3,23.729619047619067,21.25861101647378
7.65 mm,crystal_N3,23.693142857142874,21.19779053983532
7.65 mm,crystal_N3,23.65890476190478,21.13729005435321
7.65 mm,crystal_N3,23.62485714285716,21.077108612609102
7.65 mm,crystal_N3,23.585047619047636,21.0172447416452
7.65 mm,crystal_N3,23.54728571428573,20.95769684926111
7.65 mm,crystal_N3,23.504857142857162,20.898463862629065
7.65 mm,crystal_N3,23.464619047619063,20.839545490363093
7.65 mm,crystal_N3,23.41980952380954,20.780941919945786
7.65 mm,crystal_N3,23.384142857142876,20.72265316742407
7.65 mm,crystal_N3,23.343000000000018,20.664678427187173
7.65 mm,crystal_N3,23.300476190476207,20.607015854203375
7.65 mm,crystal_N3,23.255714285714298,20.549663069520825
7.65 mm,crystal_N3,23.217952380952397,20.49261800966279
7.65 mm,crystal_N3,23.177809523809543,20.435879401434455
7.65 mm,crystal_N3,23.144904761904776,20.37944658170884
7.65 mm,crystal_N3,23.10738095238097,20.323318880030385
7.65 mm,crystal_N3,23.06985714285716,20.26749492045365
7.65 mm,crystal_N3,23.03133333333335,20.21197221977475
7.65 mm,crystal_N3,22.994904761904778,20.15674748844402
7.65 mm,crystal_N3,22.95028571428573,20.10181754483863
7.65 mm,crystal_N3,22.908666666666683,20.047180091543453
7.65 mm,crystal_N3,22.865523809523825,19.992833796161975
7.65 mm,crystal_N3,22.82509523809525,19.938777761266074
7.65 mm,crystal_N3,22.77828571428573,19.885010767510853
7.65 mm,crystal_N3,22.736476190476207,19.8315306640281
7.65 mm,crystal_N3,22.695666666666682,19.77833433776742
7.65 mm,crystal_N3,22.66190476190478,19.725418500820297
7.65 mm,crystal_N3,22.626142857142874,19.67278072866734
7.65 mm,crystal_N3,22.596190476190493,19.620419882319375
7.65 mm,crystal_N3,22.558476190476206,19.56833570057192
7.65 mm,crystal_N3,22.522142857142875,19.516527954434597
7.65 mm,crystal_N3,22.487619047619063,19.464995615261003
7.65 mm,crystal_N3,22.456904761904777,19.413736345449887
7.65 mm,crystal_N3,22.424952380952398,19.362746670035794
7.65 mm,crystal_N3,22.395000000000017,19.31202299000187
7.65 mm,crystal_N3,22.35952380952382,19.261562784084617
7.65 mm,crystal_N3,22.325000000000017,19.21136508497616
7.65 mm,crystal_N3,22.28923809523811,19.161430015430057
7.65 mm,crystal_N3,22.25190476190478,19.111757830818366
7.65 mm,crystal_N3,22.21123809523811,19.062347988814878
7.65 mm,crystal_N3,22.174904761904777,19.013198537757663
7.65 mm,crystal_N3,22.14119047619049,18.964306061552765
7.65 mm,crystal_N3,22.113333333333347,18.915666478393415
7.65 mm,crystal_N3,22.080142857142874,18.86727639432226
7.65 mm,crystal_N3,22.046666666666685,18.81913405560705
7.65 mm,crystal_N3,22.008380952380968,18.771239307194822
7.65 mm,crystal_N3,21.973857142857163,18.72359274393184
7.65 mm,crystal_N3,21.937952380952396,18.6761946181768
7.65 mm,crystal_N3,21.91004761904764,18.629043963802676
7.65 mm,crystal_N3,21.875571428571448,18.58213816213732
7.65 mm,crystal_N3,21.843619047619065,18.53547320853721
7.65 mm,crystal_N3,21.804904761904776,18.489044863322842
7.65 mm,crystal_N3,21.773904761904777,18.442850072389874
7.65 mm,crystal_N3,21.73919047619049,18.39688768521893
7.65 mm,crystal_N3,21.702666666666687,18.351158160131988
7.65 mm,crystal_N3,21.660619047619065,18.305662592399266
7.65 mm,crystal_N3,21.622190476190493,18.26040158681774
7.65 mm,crystal_N3,21.579857142857158,18.21537438468312
7.65 mm,crystal_N3,21.547428571428586,18.17057843884522
7.65 mm,crystal_N3,21.512428571428586,18.126009634162628
7.65 mm,crystal_N3,21.476238095238113,18.08166339833008
7.65 mm,crystal_N3,21.439476190476206,18.03753622952548
7.65 mm,crystal_N3,21.40614285714287,17.993626608452608
7.65 mm,crystal_N3,21.368428571428588,17.949934878320434
7.65 mm,crystal_N3,21.336095238095254,17.906462416217437
7.65 mm,crystal_N3,21.301333333333346,17.863210539705783
7.65 mm,crystal_N3,21.269428571428584,17.8201794821466
7.65 mm,crystal_N3,21.23419047619049,17.777367690249008
7.65 mm,crystal_N3,21.204761904761924,17.73477161615027
7.65 mm,crystal_N3,21.170428571428587,17.6923862877988
7.65 mm,crystal_N3,21.138190476190488,17.65020677118557
7.65 mm,crystal_N3,21.10314285714287,17.60822970537112
7.65 mm,crystal_N3,21.07623809523811,17.566453909763936
7.65 mm,crystal_N3,21.04357142857144,17.52487996771818
7.65 mm,crystal_N3,21.015428571428586,17.483509300040005
7.65 mm,crystal_N3,20.97914285714287,17.442343147288856
7.65 mm,crystal_N3,20.94680952380954,17.40138164887653
7.65 mm,crystal_N3,20.912476190476205,17.36062318391705
7.65 mm,crystal_N3,20.88433333333335,17.32006417717404
7.65 mm,crystal_N3,20.852428571428586,17.279699721357154
7.65 mm,crystal_N3,20.826952380952395,17.239525110174455
7.65 mm,crystal_N3,20.799190476190493,17.199537361549318
7.65 mm,crystal_N3,20.775761904761918,17.159735724357116
7.65 mm,crystal_N3,20.751000000000015,17.120121162141913
7.65 mm,crystal_N3,20.72852380952382,17.080695402776993
7.65 mm,crystal_N3,20.704000000000015,17.041460005726158
7.65 mm,crystal_N3,20.678428571428583,17.002415554078503
7.65 mm,crystal_N3,20.644428571428584,16.963560995557714
7.65 mm,crystal_N3,20.616857142857157,16.92489331300744
7.65 mm,crystal_N3,20.586523809523825,16.886407934868686
7.65 mm,crystal_N3,20.555142857142872,16.848100172372778
7.65 mm,crystal_N3,20.519904761904776,16.80996689631126
7.65 mm,crystal_N3,20.487333333333346,16.772007266258026
7.65 mm,crystal_N3,20.451904761904775,16.734222321777853
7.65 mm,crystal_N3,20.42390476190478,16.696614030729435
7.65 mm,crystal_N3,20.389380952380968,16.65918435986285
7.65 mm,crystal_N3,20.357952380952398,16.6219345922792
7.65 mm,crystal_N3,20.3247142857143,16.584864822005162
7.65 mm,crystal_N3,20.295000000000016,16.547973497541882
7.65 mm,crystal_N3,20.262857142857158,16.511257148226804
7.65 mm,crystal_N3,20.231142857142874,16.47471081929034
7.65 mm,crystal_N3,20.19938095238097,16.438329575574812
7.65 mm,crystal_N3,20.171000000000014,16.40211019113534
7.65 mm,crystal_N3,20.140476190476207,16.36605179241864
7.65 mm,crystal_N3,20.11366666666668,16.330155347619016
7.65 mm,crystal_N3,20.08328571428573,16.29442266807112
7.65 mm,crystal_N3,20.049761904761922,16.258855492075906
7.65 mm,crystal_N3,20.019619047619063,16.223454868431734
7.65 mm,crystal_N3,19.99380952380954,16.188220806517837
7.65 mm,crystal_N3,19.971476190476203,16.153152009578104
7.65 mm,crystal_N3,19.953952380952394,16.118245567607207
7.65 mm,crystal_N3,19.930523809523823,16.083496938007045
7.65 mm,crystal_N3,19.906952380952397,16.048900929921203
7.65 mm,crystal_N3,19.884666666666682,16.014453484344383
7.65 mm,crystal_N3,19.858952380952395,15.980152860232296
7.65 mm,crystal_N3,19.833619047619063,15.945999526436921
7.65 mm,crystal_N3,19.81128571428573,15.9119952480116
7.65 mm,crystal_N3,19.77904761904763,15.878142076156593
7.65 mm,crystal_N3,19.747571428571444,15.844441605837758
7.65 mm,crystal_N3,19.7147142857143,15.81089455702313
7.65 mm,crystal_N3,19.684238095238108,15.777500588198965
7.65 mm,crystal_N3,19.653095238095254,15.744258155587275
7.65 mm,crystal_N3,19.626619047619062,15.71116428960917
7.65 mm,crystal_N3,19.59533333333335,15.678214725415726
7.65 mm,crystal_N3,19.567952380952395,15.64540510980573
7.65 mm,crystal_N3,19.540000000000013,15.612732674760318
7.65 mm,crystal_N3,19.516952380952397,15.58019696451445
7.65 mm,crystal_N3,19.491857142857157,15.547799342161895
7.65 mm,crystal_N3,19.471904761904774,15.515541970729409
7.65 mm,crystal_N3,19.44938095238097,15.483426895827767
7.65 mm,crystal_N3,19.42928571428573,15.451455458803817
7.65 mm,crystal_N3,19.40628571428573,15.419628019480784
7.65 mm,crystal_N3,19.383380952380964,15.387943891909103
7.65 mm,crystal_N3,19.359904761904776,15.356401382437202
7.65 mm,crystal_N3,19.33923809523811,15.324997767535285
7.65 mm,crystal_N3,19.313380952380967,15.293729234616796
7.65 mm,crystal_N3,19.29161904761906,15.26259149506121
7.65 mm,crystal_N3,19.26476190476192,15.231581306451275
7.65 mm,crystal_N3,19.233285714285728,15.200697626217991
7.65 mm,crystal_N3,19.198857142857154,15.169941506686374
7.65 mm,crystal_N3,19.169523809523824,15.139315167187165
7.65 mm,crystal_N3,19.13814285714287,15.10882099046632
7.65 mm,crystal_N3,19.111095238095253,15.078460815552516
7.65 mm,crystal_N3,19.079857142857158,15.048235565007499
7.65 mm,crystal_N3,19.0514761904762,15.018145117009693
7.65 mm,crystal_N3,19.02514285714287,14.988188323993006
7.65 mm,crystal_N3,19.003047619047635,14.958363104020393
7.65 mm,crystal_N3,18.97585714285716,14.928666528288883
7.65 mm,crystal_N3,18.953380952380968,14.899094918841875
7.65 mm,crystal_N3,18.924571428571443,14.869644500751866
7.65 mm,crystal_N3,18.896761904761917,14.840312763840352
7.65 mm,crystal_N3,18.864285714285728,14.811099340320517
7.65 mm,crystal_N3,18.83814285714287,14.782005684221343
7.65 mm,crystal_N3,18.811380952380965,14.753034080847831
7.65 mm,crystal_N3,18.79252380952382,14.724186698710106
7.65 mm,crystal_N3,18.769095238095254,14.69546498201758
7.65 mm,crystal_N3,18.752047619047634,14.6668693717865
7.65 mm,crystal_N3,18.730523809523824,14.638399248798976
7.65 mm,crystal_N3,18.711095238095254,14.610053001801598
7.65 mm,crystal_N3,18.682904761904776,14.581828156446644
7.65 mm,crystal_N3,18.654476190476203,14.55372152459544
7.65 mm,crystal_N3,18.625809523809536,14.525729362814515
7.65 mm,crystal_N3,18.605666666666682,14.497847813008946
7.65 mm,crystal_N3,18.5847142857143,14.470074045469786
7.65 mm,crystal_N3,18.56519047619049,14.442407352882114
7.65 mm,crystal_N3,18.5367142857143,14.414849114845161
7.65 mm,crystal_N3,18.507523809523825,14.387401839021244
7.65 mm,crystal_N3,18.479047619047634,14.360068089850786
7.65 mm,crystal_N3,18.454904761904775,14.33284976387528
7.65 mm,crystal_N3,18.42980952380954,14.30574775405781
7.65 mm,crystal_N3,18.40661904761906,14.278761880794093
7.65 mm,crystal_N3,18.38009523809525,14.251890963943804
7.65 mm,crystal_N3,18.357523809523823,14.225132953199143
7.65 mm,crystal_N3,18.33257142857144,14.19848507304911
7.65 mm,crystal_N3,18.307714285714297,14.171943963503077
7.65 mm,crystal_N3,18.27861904761906,14.145505864621194
7.65 mm,crystal_N3,18.25357142857144,14.119167219519074
7.65 mm,crystal_N3,18.229952380952398,14.092925952811965
7.65 mm,crystal_N3,18.207857142857158,14.066782373100938
7.65 mm,crystal_N3,18.183285714285727,14.040738755538136
7.65 mm,crystal_N3,18.15923809523811,14.014798126939347
7.65 mm,crystal_N3,18.130619047619064,13.98896315361623
7.65 mm,crystal_N3,18.10533333333335,13.963235507342917
7.65 mm,crystal_N3,18.080333333333346,13.937615656301046
7.65 mm,crystal_N3,18.059476190476204,13.912102907851342
7.65 mm,crystal_N3,18.04009523809525,13.886695561953134
7.65 mm,crystal_N3,18.020904761904774,13.861391093334722
7.65 mm,crystal_N3,17.997857142857153,13.836186324411146
7.65 mm,crystal_N3,17.973714285714298,13.811077577699319
7.65 mm,crystal_N3,17.952000000000012,13.78606087606608
7.65 mm,crystal_N3,17.93542857142858,13.761132642189681
7.65 mm,crystal_N3,17.917428571428584,13.736291165053235
7.65 mm,crystal_N3,17.900809523809535,13.711537544454483
7.65 mm,crystal_N3,17.878666666666682,13.686875049314192
7.65 mm,crystal_N3,17.85457142857144,13.662307606596388
7.65 mm,crystal_N3,17.833761904761918,13.63783852124189
7.65 mm,crystal_N3,17.81661904761906,13.6134698302997
7.65 mm,crystal_N3,17.79614285714287,13.589202167383974
7.65 mm,crystal_N3,17.780380952380966,13.565034894548674
7.65 mm,crystal_N3,17.763857142857155,13.540966326398484
7.65 mm,crystal_N3,17.748238095238108,13.516993959808044
7.65 mm,crystal_N3,17.73076190476192,13.493114679011718
7.65 mm,crystal_N3,17.7097142857143,13.469324931045659
7.65 mm,crystal_N3,17.6807142857143,13.445620878288695
7.65 mm,crystal_N3,17.65657142857144,13.421998673398726
7.65 mm,crystal_N3,17.633666666666677,13.398455432953158
7.65 mm,crystal_N3,17.6094761904762,13.374990779594746
7.65 mm,crystal_N3,17.58819047619049,13.351607345763513
7.65 mm,crystal_N3,17.568095238095253,13.32830963750121
7.65 mm,crystal_N3,17.548428571428584,13.305102305047503
7.65 mm,crystal_N3,17.534047619047634,13.281988873546329
7.65 mm,crystal_N3,17.517142857142872,13.258971217098356
7.65 mm,crystal_N3,17.500857142857157,13.23604957039008
7.65 mm,crystal_N3,17.486380952380966,13.21322279374044
7.65 mm,crystal_N3,17.47176190476192,13.190488702396845
7.65 mm,crystal_N3,17.452809523809535,13.167844370262852
7.65 mm,crystal_N3,17.436380952380965,13.145286376310303
7.65 mm,crystal_N3,17.417952380952393,13.12281098887988
7.65 mm,crystal_N3,17.4024761904762,13.100414296104764
7.65 mm,crystal_N3,17.380619047619057,13.078092338731025
7.65 mm,crystal_N3,17.36314285714287,13.055841667088377
7.65 mm,crystal_N3,17.34219047619049,13.033660804440553
7.65 mm,crystal_N3,17.322333333333347,13.011551433461879
7.65 mm,crystal_N3,17.304523809523822,12.989517917208776
7.65 mm,crystal_N3,17.2877142857143,12.96756566913002
7.65 mm,crystal_N3,17.26438095238096,12.945699530317476
7.65 mm,crystal_N3,17.24423809523811,12.923922770235011
7.65 mm,crystal_N3,17.22404761904763,12.902236777737526
7.65 mm,crystal_N3,17.20942857142858,12.88064122220148
7.65 mm,crystal_N3,17.195809523809537,12.859134418004345
7.65 mm,crystal_N3,17.182714285714297,12.83771370961562
7.65 mm,crystal_N3,17.163095238095252,12.816375793958017
7.65 mm,crystal_N3,17.146428571428586,12.795116962770278
7.65 mm,crystal_N3,17.132000000000012,12.773933277550821
7.65 mm,crystal_N3,17.125857142857154,12.752820698262104
7.65 mm,crystal_N3,17.11676190476192,12.731775284100634
7.65 mm,crystal_N3,17.112000000000013,12.710794059431366
7.65 mm,crystal_N3,17.09366666666668,12.6898766580079
7.65 mm,crystal_N3,17.073333333333345,12.66902604689468
7.65 mm,crystal_N3,17.049333333333347,12.648247487078569
7.65 mm,crystal_N3,17.031095238095247,12.627546819728277
7.65 mm,crystal_N3,17.006904761904774,12.606929140084576
7.65 mm,crystal_N3,16.9887142857143,12.586398057068742
7.65 mm,crystal_N3,16.965238095238107,12.565955381338064
7.65 mm,crystal_N3,16.944333333333343,12.545601146493846
7.65 mm,crystal_N3,16.924809523809536,12.525333874400669
7.65 mm,crystal_N3,16.91166666666668,12.505150948328438
7.65 mm,crystal_N3,16.894000000000013,12.485048978375962
7.65 mm,crystal_N3,16.87952380952382,12.465024100518884
7.65 mm,crystal_N3,16.861952380952395,12.44507218019484
7.65 mm,crystal_N3,16.84219047619049,12.425188893448697
7.65 mm,crystal_N3,16.81961904761906,12.405369680788397
7.65 mm,crystal_N3,16.804238095238105,12.385609844135859
7.65 mm,crystal_N3,16.790047619047627,12.365905678450886
7.65 mm,crystal_N3,16.779523809523823,12.346256178844232
7.65 mm,crystal_N3,16.76704761904763,12.326663110516591
7.65 mm,crystal_N4,29.027714285714307,29.565314285714305
7.65 mm,crystal_N4,29.03004761904764,29.56531428566743
7.65 mm,crystal_N4,29.033809523809545,29.565314278075903
7.65 mm,crystal_N4,29.03571428571431,29.565314070206103
7.65 mm,crystal_N4,29.040666666666688,29.565311931802235
7.65 mm,crystal_N4,29.044809523809544,29.565300088962942
7.65 mm,crystal_N4,29.04857142857145,29.565256848638146
7.65 mm,crystal_N4,29.051476190476208,29.565138753295713
7.65 mm,crystal_N4,29.054095238095258,29.56487658561452
7.65 mm,crystal_N4,29.052142857142876,29.564376000549323
7.65 mm,crystal_N4,29.051333333333357,29.563520913018955
7.65 mm,crystal_N4,29.047190476190494,29.562177336826764
7.65 mm,crystal_N4,29.042380952380974,29.56019636210484
7.65 mm,crystal_N4,29.040857142857163,29.55741615293325
7.65 mm,crystal_N4,29.0409523809524,29.55366357685037
7.65 mm,crystal_N4,29.04057142857145,29.548756195045918
7.65 mm,crystal_N4,29.04147619047621,29.542505028195823
7.65 mm,crystal_N4,29.04161904761907,29.534718094166365
7.65 mm,crystal_N4,29.038809523809544,29.52520446450066
7.65 mm,crystal_N4,29.03171428571431,29.51377853455277
7.65 mm,crystal_N4,29.020523809523826,29.500264201627655
7.65 mm,crystal_N4,29.009857142857165,29.48449863992355
7.65 mm,crystal_N4,28.997619047619068,29.466335434999536
7.65 mm,crystal_N4,28.984761904761925,29.445646999469723
7.65 mm,crystal_N4,28.968714285714306,29.422326346337883
7.65 mm,crystal_N4,28.949238095238115,29.396288389260675
7.65 mm,crystal_N4,28.92452380952383,29.367470875867003
7.65 mm,crystal_N4,28.90352380952383,29.33583482634729
7.65 mm,crystal_N4,28.87904761904764,29.301364141591286
7.65 mm,crystal_N4,28.85700000000002,29.26406423067213
7.65 mm,crystal_N4,28.826285714285735,29.223960061137408
7.65 mm,crystal_N4,28.798428571428595,29.181094202576602
7.65 mm,crystal_N4,28.77052380952383,29.135525020742442
7.65 mm,crystal_N4,28.748190476190494,29.087324840730908
7.65 mm,crystal_N4,28.718238095238117,29.03657790731061
7.65 mm,crystal_N4,28.68604761904764,28.98337815346505
7.65 mm,crystal_N4,28.64347619047621,28.92782688313545
7.65 mm,crystal_N4,28.606904761904786,28.8700304774998
7.65 mm,crystal_N4,28.562952380952403,28.810098292564653
7.65 mm,crystal_N4,28.520904761904784,28.7481409421824
7.65 mm,crystal_N4,28.472000000000023,28.684269063628594
7.65 mm,crystal_N4,28.429333333333354,28.618592424620626
7.65 mm,crystal_N4,28.386095238095255,28.55121917746728
7.65 mm,crystal_N4,28.34671428571431,28.48225520716484
7.65 mm,crystal_N4,28.301333333333353,28.411803540085643
7.65 mm,crystal_N4,28.264190476190496,28.339963847094516
7.65 mm,crystal_N4,28.22047619047621,28.26683210209393
7.65 mm,crystal_N4,28.179476190476212,28.192500393019834
7.65 mm,crystal_N4,28.132190476190495,28.11705693116871
7.65 mm,crystal_N4,28.087380952380972,28.04058618471654
7.65 mm,crystal_N4,28.04261904761907,27.96316898855479
7.65 mm,crystal_N4,28.003904761904778,27.884882698287647
7.65 mm,crystal_N4,27.95842857142859,27.805801360400178
7.65 mm,crystal_N4,27.920714285714304,27.725995721744066
7.65 mm,crystal_N4,27.87757142857145,27.64553321978341
7.65 mm,crystal_N4,27.837380952380975,27.564478104767893
7.65 mm,crystal_N4,27.789238095238115,27.48289152456396
7.65 mm,crystal_N4,27.74700000000002,27.400831642699266
7.65 mm,crystal_N4,27.703190476190496,27.31835401201799
7.65 mm,crystal_N4,27.66604761904764,27.235511885712388
7.65 mm,crystal_N4,27.626666666666686,27.15235610675416
7.65 mm,crystal_N4,27.59490476190478,27.068934953989736
7.65 mm,crystal_N4,27.55304761904764,26.985294313659647
7.65 mm,crystal_N4,27.51690476190478,26.9014777649631
7.65 mm,crystal_N4,27.471380952380972,26.817526256886804
7.65 mm,crystal_N4,27.428380952380977,26.733477897313193
7.65 mm,crystal_N4,27.38538095238097,26.649368225972687
7.65 mm,crystal_N4,27.346333333333355,26.565230454005878
7.65 mm,crystal_N4,27.30300000000002,26.481095320500415
7.65 mm,crystal_N4,27.269904761904783,26.39699112270302
7.65 mm,crystal_N4,27.227000000000018,26.312944269544975
7.65 mm,crystal_N4,27.188714285714305,26.228979729817205
7.65 mm,crystal_N4,27.144285714285736,26.145120848833752
7.65 mm,crystal_N4,27.10547619047621,26.06138910594293
7.65 mm,crystal_N4,27.066285714285733,25.977804470216398
7.65 mm,crystal_N4,27.034619047619067,25.89438591069843
7.65 mm,crystal_N4,26.997761904761926,25.811151250180114
7.65 mm,crystal_N4,26.964333333333357,25.7281166091419
7.65 mm,crystal_N4,26.930238095238114,25.6452964182806
7.65 mm,crystal_N4,26.90190476190478,25.562704080447883
7.65 mm,crystal_N4,26.869523809523827,25.480352356654606
7.65 mm,crystal_N4,26.839285714285733,25.39825304372418
7.65 mm,crystal_N4,26.80438095238097,25.316416736182127
7.65 mm,crystal_N4,26.76752380952383,25.234853323939245
7.65 mm,crystal_N4,26.72933333333335,25.15357266767254
7.65 mm,crystal_N4,26.697952380952398,25.07258450776275
7.65 mm,crystal_N4,26.664380952380974,24.99189761000087
7.65 mm,crystal_N4,26.6339523809524,24.911519275258694
7.65 mm,crystal_N4,26.601285714285737,24.831455845501484
7.65 mm,crystal_N4,26.571857142857162,24.75171346746103
7.65 mm,crystal_N4,26.54052380952383,24.672298133323373
7.65 mm,crystal_N4,26.5109523809524,24.593215168451337
7.65 mm,crystal_N4,26.478047619047636,24.51446923074146
7.65 mm,crystal_N4,26.447809523809543,24.436065040327914
7.65 mm,crystal_N4,26.41680952380954,24.358007964415016
7.65 mm,crystal_N4,26.388333333333353,24.280303678401786
7.65 mm,crystal_N4,26.35885714285716,24.2029570582431
7.65 mm,crystal_N4,26.32776190476192,24.12597148835355
7.65 mm,crystal_N4,26.297904761904782,24.049349356985473
7.65 mm,crystal_N4,26.26838095238097,23.973093045947092
7.65 mm,crystal_N4,26.236095238095253,23.89720532051303
7.65 mm,crystal_N4,26.21061904761907,23.821688757090193
7.65 mm,crystal_N4,26.181666666666686,23.746544948933643
7.65 mm,crystal_N4,26.154523809523827,23.67177460650646
7.65 mm,crystal_N4,26.12290476190478,23.59737846681365
7.65 mm,crystal_N4,26.09309523809526,23.52335796324186
7.65 mm,crystal_N4,26.058619047619068,23.44971500818539
7.65 mm,crystal_N4,26.03138095238097,23.376451106025392
7.65 mm,crystal_N4,25.997761904761923,23.303566789767416
7.65 mm,crystal_N4,25.972095238095257,23.231062106968928
7.65 mm,crystal_N4,25.949142857142874,23.158937549981907
7.65 mm,crystal_N4,25.92847619047621,23.087194412297972
7.65 mm,crystal_N4,25.898047619047638,23.015834270620154
7.65 mm,crystal_N4,25.870190476190494,22.944857996236077
7.65 mm,crystal_N4,25.841190476190494,22.87426517722006
7.65 mm,crystal_N4,25.815142857142874,22.80405462456327
7.65 mm,crystal_N4,25.796428571428592,22.734225418954775
7.65 mm,crystal_N4,25.78438095238097,22.664777435237564
7.65 mm,crystal_N4,25.765238095238114,22.595710969128866
7.65 mm,crystal_N4,25.743095238095258,22.52702579012437
7.65 mm,crystal_N4,25.71576190476192,22.458720321810247
7.65 mm,crystal_N4,25.688761904761925,22.390791809978246
7.65 mm,crystal_N4,25.65742857142859,22.323237429414316
7.65 mm,crystal_N4,25.630285714285733,22.25605522896626
7.65 mm,crystal_N4,25.596333333333355,22.189244154818425
7.65 mm,crystal_N4,25.566619047619064,22.122803283871278
7.65 mm,crystal_N4,25.536571428571445,22.056730851755777
7.65 mm,crystal_N4,25.512761904761923,21.991023874316976
7.65 mm,crystal_N4,25.484571428571446,21.925678875380683
7.65 mm,crystal_N4,25.46009523809526,21.860693060881978
7.65 mm,crystal_N4,25.429333333333354,21.796064832592748
7.65 mm,crystal_N4,25.401333333333348,21.731793331398094
7.65 mm,crystal_N4,25.369571428571447,21.6678774350617
7.65 mm,crystal_N4,25.34047619047621,21.604314853921387
7.65 mm,crystal_N4,25.30266666666669,21.541102085497048
7.65 mm,crystal_N4,25.26342857142859,21.47823547822486
7.65 mm,crystal_N4,25.224333333333355,21.41571243595044
7.65 mm,crystal_N4,25.192761904761923,21.35353170083019
7.65 mm,crystal_N4,25.168619047619067,21.291692650279245
7.65 mm,crystal_N4,25.147714285714304,21.230194171331018
7.65 mm,crystal_N4,25.118428571428588,21.169033711882474
7.65 mm,crystal_N4,25.089952380952397,21.10820717025793
7.65 mm,crystal_N4,25.068047619047636,21.047709987450745
7.65 mm,crystal_N4,25.048428571428587,20.987538578101436
7.65 mm,crystal_N4,25.026666666666685,20.927690871432688
7.65 mm,crystal_N4,25.002238095238113,20.86816574059301
7.65 mm,crystal_N4,24.975380952380974,20.808961885035764
7.65 mm,crystal_N4,24.951523809523827,20.750076802405506
7.65 mm,crystal_N4,24.933190476190497,20.691506529971125
7.65 mm,crystal_N4,24.916095238095256,20.633246705460813
7.65 mm,crystal_N4,24.894476190476208,20.5752941793768
7.65 mm,crystal_N4,24.87009523809526,20.51764769796962
7.65 mm,crystal_N4,24.840190476190497,20.460307279559185
7.65 mm,crystal_N4,24.813000000000017,20.40327293968879
7.65 mm,crystal_N4,24.784476190476212,20.34654346904088
7.65 mm,crystal_N4,24.758190476190492,20.29011571777015
7.65 mm,crystal_N4,24.732190476190496,20.23398498995831
7.65 mm,crystal_N4,24.706761904761922,20.17814676228301
7.65 mm,crystal_N4,24.67838095238097,20.122598370614952
7.65 mm,crystal_N4,24.64923809523811,20.067339235513174
7.65 mm,crystal_N4,24.613047619047638,20.012369764330412
7.65 mm,crystal_N4,24.58285714285716,19.95768987642205
7.65 mm,crystal_N4,24.553190476190494,19.90329783244288
7.65 mm,crystal_N4,24.52285714285716,19.849189709775093
7.65 mm,crystal_N4,24.491761904761923,19.79536007592125
7.65 mm,crystal_N4,24.45952380952383,19.741803978814456
7.65 mm,crystal_N4,24.427571428571447,19.688518705320373
7.65 mm,crystal_N4,24.405523809523828,19.63550384628351
7.65 mm,crystal_N4,24.38100000000002,19.58275997564523
7.65 mm,crystal_N4,24.35985714285716,19.530287040647977
7.65 mm,crystal_N4,24.33542857142859,19.47808317199582
7.65 mm,crystal_N4,24.30947619047621,19.42614423449935
7.65 mm,crystal_N4,24.2839523809524,19.374464687018303
7.65 mm,crystal_N4,24.260714285714304,19.323039820343524
7.65 mm,crystal_N4,24.231285714285733,19.271867657699993
7.65 mm,crystal_N4,24.211666666666687,19.220948934628424
7.65 mm,crystal_N4,24.18428571428573,19.170285510038774
7.65 mm,crystal_N4,24.16152380952383,19.11987848913203
7.65 mm,crystal_N4,24.13500000000002,19.069726894224733
7.65 mm,crystal_N4,24.105095238095256,19.019827092599044
7.65 mm,crystal_N4,24.074857142857162,18.970173260588417
7.65 mm,crystal_N4,24.052571428571447,18.92075938998676
7.65 mm,crystal_N4,24.02838095238097,18.871581842601135
7.65 mm,crystal_N4,24.009523809523827,18.822640384593747
7.65 mm,crystal_N4,23.984666666666683,18.77393711857063
7.65 mm,crystal_N4,23.95680952380954,18.725474368332222
7.65 mm,crystal_N4,23.931476190476204,18.677252783321357
7.65 mm,crystal_N4,23.905809523809538,18.62927025946751
7.65 mm,crystal_N4,23.88480952380954,18.581521756776826
7.65 mm,crystal_N4,23.869142857142876,18.534000407065307
7.65 mm,crystal_N4,23.85204761904764,18.486700134575415
7.65 mm,crystal_N4,23.833666666666687,18.43961809304889
7.65 mm,crystal_N4,23.81233333333335,18.39275504814051
7.65 mm,crystal_N4,23.789761904761917,18.346113798695253
7.65 mm,crystal_N4,23.771000000000015,18.299696892317524
7.65 mm,crystal_N4,23.755428571428588,18.253504782239816
7.65 mm,crystal_N4,23.737952380952397,18.20753490171127
7.65 mm,crystal_N4,23.72142857142859,18.161781677232554
7.65 mm,crystal_N4,23.70104761904764,18.116237891765245
7.65 mm,crystal_N4,23.67985714285716,18.070897541544237
7.65 mm,crystal_N4,23.66185714285716,18.025758274800516
7.65 mm,crystal_N4,23.649523809523828,17.98082160832204
7.65 mm,crystal_N4,23.634476190476207,17.9360912790127
7.65 mm,crystal_N4,23.612523809523825,17.89157094152516
7.65 mm,crystal_N4,23.5837142857143,17.847262174426675
7.65 mm,crystal_N4,23.554380952380967,17.803163344458582
7.65 mm,crystal_N4,23.525619047619063,17.759269448181985
7.65 mm,crystal_N4,23.502000000000017,17.715573260727723
7.65 mm,crystal_N4,23.477000000000018,17.672068184746156
7.65 mm,crystal_N4,23.450380952380968,17.62875111348488
7.65 mm,crystal_N4,23.420619047619066,17.5856230794169
7.65 mm,crystal_N4,23.395047619047638,17.542687813743132
7.65 mm,crystal_N4,23.369095238095255,17.499949576267426
7.65 mm,crystal_N4,23.35019047619049,17.457411110214416
7.65 mm,crystal_N4,23.33180952380954,17.415072156087344
7.65 mm,crystal_N4,23.309523809523824,17.372928822222978
7.65 mm,crystal_N4,23.279714285714302,17.330973939962963
7.65 mm,crystal_N4,23.25585714285716,17.289198964363727
7.65 mm,crystal_N4,23.22852380952383,17.247597348603815
7.65 mm,crystal_N4,23.20638095238097,17.2061669509859
7.65 mm,crystal_N4,23.182285714285733,17.164909783174554
7.65 mm,crystal_N4,23.164666666666683,17.123830037565853
7.65 mm,crystal_N4,23.147142857142875,17.082931842950032
7.65 mm,crystal_N4,23.127142857142875,17.042217351755966
7.65 mm,crystal_N4,23.1057142857143,17.001685449127145
7.65 mm,crystal_N4,23.0859523809524,16.961331384547297
7.65 mm,crystal_N4,23.055047619047635,16.921147790856025
7.65 mm,crystal_N4,23.029142857142872,16.881127694250814
7.65 mm,crystal_N4,23.00442857142859,16.841267863396926
7.65 mm,crystal_N4,22.9819523809524,16.801569731895693
7.65 mm,crystal_N4,22.971190476190493,16.762037848719775
7.65 mm,crystal_N4,22.959047619047634,16.72267760535953
7.65 mm,crystal_N4,22.938095238095254,16.68349342365272
7.65 mm,crystal_N4,22.917952380952396,16.64448749121538
7.65 mm,crystal_N4,22.899428571428587,16.605658782524188
7.65 mm,crystal_N4,22.8809523809524,16.567002559672304
7.65 mm,crystal_N4,22.860476190476206,16.52851101719858
7.65 mm,crystal_N4,22.83385714285716,16.490176041938188
7.65 mm,crystal_N4,22.805761904761923,16.451992947493363
7.65 mm,crystal_N4,22.78747619047621,16.41396200238676
7.65 mm,crystal_N4,22.76838095238097,16.37608710546633
7.65 mm,crystal_N4,22.758523809523826,16.338373410328842
7.65 mm,crystal_N4,22.747047619047635,16.300825386458218
7.65 mm,crystal_N4,22.730095238095252,16.263445670273274
7.65 mm,crystal_N4,22.704857142857158,16.226234319358586
7.65 mm,crystal_N4,22.67985714285716,16.189188134969584
7.65 mm,crystal_N4,22.65819047619049,16.152300415640685
7.65 mm,crystal_N4,22.649428571428587,16.115562169735078
7.65 mm,crystal_N4,22.642333333333347,16.078965591164206
7.65 mm,crystal_N4,22.632619047619066,16.042507498400916
7.65 mm,crystal_N4,22.60790476190478,16.00618975558992
7.65 mm,crystal_N4,22.565952380952396,15.970017203956829
7.65 mm,crystal_N4,22.520476190476206,15.933995206675272
7.65 mm,crystal_N4,22.482238095238113,15.898127962449824
7.65 mm,crystal_N4,22.450476190476206,15.862417663005651
7.65 mm,crystal_N4,22.423380952380967,15.826864009394637
7.65 mm,crystal_N4,22.396523809523824,15.791463648987914
7.65 mm,crystal_N4,22.371238095238112,15.756209982594898
7.65 mm,crystal_N4,22.342523809523826,15.721094856433043
7.65 mm,crystal_N4,22.317904761904778,15.686112458988191
7.65 mm,crystal_N4,22.295285714285733,15.651262064777416
7.65 mm,crystal_N4,22.272047619047633,15.616547393101339
7.65 mm,crystal_N4,22.252809523809542,15.58197411145236
7.65 mm,crystal_N4,22.240095238095254,15.547547542674558
7.65 mm,crystal_N4,22.225285714285732,15.51327133250318
7.65 mm,crystal_N4,22.21023809523811,15.479146953963419
7.65 mm,crystal_N4,22.202428571428587,15.445173666750453
7.65 mm,crystal_N4,22.189000000000018,15.411348417826924
7.65 mm,crystal_N4,22.176380952380967,15.377665417712109
7.65 mm,crystal_N4,22.168809523809543,15.34411649839028
7.65 mm,crystal_N4,22.163333333333348,15.31069409103661
7.65 mm,crystal_N4,22.15538095238097,15.277395021905436
7.65 mm,crystal_N4,22.14733333333335,15.244221304302723
7.65 mm,crystal_N4,22.13823809523811,15.211178032663305
7.65 mm,crystal_N4,22.120523809523824,15.17827077376306
7.65 mm,crystal_N4,22.094380952380966,15.145503827752378
7.65 mm,crystal_N4,22.06090476190478,15.112879466041292
7.65 mm,crystal_N4,22.019952380952397,15.080397803181262
7.65 mm,crystal_N4,21.98385714285716,15.048056951251073
7.65 mm,crystal_N4,21.965571428571444,15.015853043763212
7.65 mm,crystal_N4,21.94914285714287,14.983779830086501
7.65 mm,crystal_N4,21.933952380952395,14.951828989499942
7.65 mm,crystal_N4,21.915857142857156,14.919993197131193
7.65 mm,crystal_N4,21.898238095238113,14.888269865639517
7.65 mm,crystal_N4,21.8857142857143,14.856661603006266
7.65 mm,crystal_N4,21.87619047619049,14.825173834136272
7.65 mm,crystal_N4,21.86514285714287,14.793812150452014
7.65 mm,crystal_N4,21.852857142857157,14.762580667409038
7.65 mm,crystal_N4,21.833476190476205,14.731481381280307
7.65 mm,crystal_N4,21.817095238095252,14.700514134310279
7.65 mm,crystal_N4,21.80190476190478,14.669676855617087
7.65 mm,crystal_N4,21.7837142857143,14.638965777251789
7.65 mm,crystal_N4,21.758619047619064,14.608375244876763
7.65 mm,crystal_N4,21.726238095238113,14.57789799165228
7.65 mm,crystal_N4,21.69028571428573,14.547528065281224
7.65 mm,crystal_N4,21.660857142857154,14.51726431607879
7.65 mm,crystal_N4,21.639666666666685,14.487110484251462
7.65 mm,crystal_N4,21.62476190476192,14.457072626572128
7.65 mm,crystal_N4,21.60842857142859,14.427156518451502
7.65 mm,crystal_N4,21.588714285714303,14.397366174268624
7.65 mm,crystal_N4,21.561571428571447,14.367703362248758
7.65 mm,crystal_N4,21.53085714285716,14.338167682618806
7.65 mm,crystal_N4,21.510857142857162,14.308756880401173
7.65 mm,crystal_N4,21.496714285714305,14.279467211499735
7.65 mm,crystal_N4,21.48880952380954,14.2502937073572
7.65 mm,crystal_N4,21.491380952380972,14.22123011955635
7.65 mm,crystal_N4,21.48833333333335,14.192269733809967
7.65 mm,crystal_N4,21.45985714285716,14.163408634203206
7.65 mm,crystal_N4,21.416714285714303,14.134648091703331
7.65 mm,crystal_N4,21.369761904761923,14.10599332005119
7.65 mm,crystal_N4,21.323809523809537,14.077450596961373
7.65 mm,crystal_N4,21.294095238095252,14.049025070964822
7.65 mm,crystal_N4,21.28109523809525,14.020719781686914
7.65 mm,crystal_N4,21.267238095238113,13.992535512645308
7.65 mm,crystal_N4,21.25814285714287,13.964471033194087
7.65 mm,crystal_N4,21.257523809523825,13.936523459907537
7.65 mm,crystal_N4,21.254666666666683,13.908688615081253
7.65 mm,crystal_N4,21.254619047619066,13.880961332337758
7.65 mm,crystal_N4,21.24985714285716,13.853335624404142
7.65 mm,crystal_N4,21.233476190476207,13.82580530379067
7.65 mm,crystal_N4,21.21504761904764,13.798366690129676
7.65 mm,crystal_N4,21.20376190476192,13.77102110343425
7.65 mm,crystal_N4,21.186000000000018,13.743773854981441
7.65 mm,crystal_N4,21.17466666666668,13.716631305079975
7.65 mm,crystal_N4,21.165857142857156,13.689598554533225
7.65 mm,crystal_N4,21.145952380952394,13.662678449167188
7.65 mm,crystal_N4,21.122571428571444,13.6358714875967
7.65 mm,crystal_N4,21.102952380952395,13.609176136143471
7.65 mm,crystal_N4,21.072428571428585,13.58258925595841
7.65 mm,crystal_N4,21.053285714285728,13.556106509803879
7.65 mm,crystal_N4,21.036380952380966,13.52972270205139
7.65 mm,crystal_N4,21.012904761904778,13.503432044540078
7.65 mm,crystal_N4,20.98733333333335,13.477228592957326
7.65 mm,crystal_N4,20.96466666666668,13.451108201883383
7.65 mm,crystal_N4,20.938904761904777,13.425071459388816
7.65 mm,crystal_N4,20.919714285714303,13.399123691413338
7.65 mm,crystal_N4,20.89690476190478,13.373272047778332
7.65 mm,crystal_N4,20.879523809523825,13.347522686366187
7.65 mm,crystal_N4,20.86547619047621,13.321879423208202
7.65 mm,crystal_N4,20.854000000000013,13.29634354290158
7.65 mm,crystal_N4,20.83123809523811,13.270914142167861
7.65 mm,crystal_N4,20.80480952380954,13.24558860631123
7.65 mm,crystal_N4,20.77423809523811,13.220363050348773
7.65 mm,crystal_N4,20.753857142857157,13.195232681580652
7.65 mm,crystal_N4,20.74223809523811,13.170192086369594
7.65 mm,crystal_N4,20.728095238095253,13.145235488580788
7.65 mm,crystal_N4,20.699380952380967,13.120357667478538
7.65 mm,crystal_N4,20.662523809523826,13.095556900257666
7.65 mm,crystal_N4,20.627238095238113,13.070837245416744
7.65 mm,crystal_N4,20.604285714285727,13.046206671552214
7.65 mm,crystal_N4,20.590523809523823,13.021673315242193
7.65 mm,crystal_N4,20.582809523809537,12.997242994786387
7.65 mm,crystal_N4,20.575619047619057,12.972918487526101
7.65 mm,crystal_N4,20.565952380952396,12.948699815435802
7.65 mm,crystal_N4,20.561047619047635,12.924584860531937
7.65 mm,crystal_N4,20.554285714285733,12.900569979338846
7.65 mm,crystal_N4,20.548476190476205,12.876650507312757
7.65 mm,crystal_N4,20.5447142857143,12.852821136874637
7.65 mm,crystal_N4,20.54357142857144,12.829076183574053
7.65 mm,crystal_N4,20.544285714285728,12.805409766314702
7.65 mm,crystal_N4,20.553190476190487,12.78181603918883
7.65 mm,crystal_N4,20.558857142857157,12.75829065581818
7.65 mm,crystal_N4,20.56161904761906,12.734834287364965
7.65 mm,crystal_N4,20.55523809523811,12.71145378112738
7.65 mm,crystal_N4,20.53328571428573,12.688158696446456
7.65 mm,crystal_N4,20.502047619047634,12.664957000822817
7.65 mm,crystal_N4,20.48209523809525,12.64185270907341
7.65 mm,crystal_N4,20.461809523809535,12.618845303436377
7.65 mm,crystal_N4,20.446476190476208,12.595929954328238
7.65 mm,crystal_N4,20.435095238095254,12.573097920453346
9.65 mm,crystal_N2,30.5609523809524,30.98591428571431
9.65 mm,crystal_N2,30.556333333333356,30.985914285714333
9.65 mm,crystal_N2,30.551380952380978,30.98591428571413
9.65 mm,crystal_N2,30.548333333333357,30.985914285699913
9.65 mm,crystal_N2,30.54457142857145,30.985914285356863
9.65 mm,crystal_N2,30.542857142857166,30.985914281232258
9.65 mm,crystal_N2,30.54057142857145,30.985914250858748
9.65 mm,crystal_N2,30.538809523809547,30.985914094764283
9.65 mm,crystal_N2,30.532238095238114,30.98591348332488
9.65 mm,crystal_N2,30.52966666666669,30.98591154076754
9.65 mm,crystal_N2,30.527047619047643,30.985906304830028
9.65 mm,crystal_N2,30.523190476190496,30.98589392718496
9.65 mm,crystal_N2,30.51942857142859,30.985867619003685
9.65 mm,crystal_N2,30.51752380952383,30.985816390434792
9.65 mm,crystal_N2,30.51190476190478,30.985723676718784
9.65 mm,crystal_N2,30.509000000000018,30.985565981493252
9.65 mm,crystal_N2,30.50190476190479,30.9853116921871
9.65 mm,crystal_N2,30.49309523809526,30.984920225769294
9.65 mm,crystal_N2,30.486333333333356,30.98434164157144
9.65 mm,crystal_N2,30.481428571428594,30.983516811911933
9.65 mm,crystal_N2,30.47885714285717,30.98237817466748
9.65 mm,crystal_N2,30.476285714285737,30.980851014801
9.65 mm,crystal_N2,30.472190476190498,30.978855153165977
9.65 mm,crystal_N2,30.467761904761925,30.97630688006605
9.65 mm,crystal_N2,30.461380952380978,30.973120964337518
9.65 mm,crystal_N2,30.451523809523835,30.969212589413893
9.65 mm,crystal_N2,30.43909523809526,30.96449910506437
9.65 mm,crystal_N2,30.42623809523812,30.958901526029283
9.65 mm,crystal_N2,30.418238095238117,30.95234574639317
9.65 mm,crystal_N2,30.41066666666669,30.944763466493537
9.65 mm,crystal_N2,30.402714285714307,30.93609285055407
9.65 mm,crystal_N2,30.390761904761927,30.92627895236255
9.65 mm,crystal_N2,30.373190476190498,30.91527395912462
9.65 mm,crystal_N2,30.35228571428574,30.903037300571714
9.65 mm,crystal_N2,30.3331904761905,30.889535651543042
9.65 mm,crystal_N2,30.31400000000002,30.87474283538545
9.65 mm,crystal_N2,30.29752380952383,30.858639625882734
9.65 mm,crystal_N2,30.276904761904785,30.841213448666494
9.65 mm,crystal_N2,30.256380952380972,30.82245799176907
9.65 mm,crystal_N2,30.233761904761927,30.802372742484067
9.65 mm,crystal_N2,30.20733333333336,30.78096247285038
9.65 mm,crystal_N2,30.178619047619073,30.75823669953931
9.65 mm,crystal_N2,30.15266666666669,30.73420914405537
9.65 mm,crystal_N2,30.129142857142874,30.70889721343618
9.65 mm,crystal_N2,30.105095238095256,30.682321512793244
9.65 mm,crystal_N2,30.079238095238118,30.6545053937045
9.65 mm,crystal_N2,30.043000000000024,30.625474537636443
9.65 mm,crystal_N2,30.011761904761926,30.595256571889898
9.65 mm,crystal_N2,29.977285714285735,30.56388071512077
9.65 mm,crystal_N2,29.942857142857164,30.53137744778171
9.65 mm,crystal_N2,29.905761904761924,30.497778203078678
9.65 mm,crystal_N2,29.872857142857164,30.463115077256354
9.65 mm,crystal_N2,29.834047619047638,30.42742056150266
9.65 mm,crystal_N2,29.801761904761925,30.39072730055119
9.65 mm,crystal_N2,29.766285714285736,30.353067883430963
9.65 mm,crystal_N2,29.736904761904782,30.31447467056444
9.65 mm,crystal_N2,29.700666666666688,30.274979659513512
9.65 mm,crystal_N2,29.66276190476193,30.234614386614524
9.65 mm,crystal_N2,29.617904761904786,30.193409857586975
9.65 mm,crystal_N2,29.576523809523835,30.15139650075219
9.65 mm,crystal_N2,29.538190476190497,30.108604137415778
9.65 mm,crystal_N2,29.50404761904764,30.06506196629477
9.65 mm,crystal_N2,29.462428571428593,30.020798562633395
9.65 mm,crystal_N2,29.422428571428593,29.97584189001687
9.65 mm,crystal_N2,29.375619047619068,29.93021931890445
9.65 mm,crystal_N2,29.327380952380974,29.883957649384303
9.65 mm,crystal_N2,29.279000000000018,29.837083136523148
9.65 mm,crystal_N2,29.237761904761925,29.789621511454655
9.65 mm,crystal_N2,29.192380952380976,29.741597994988318
9.65 mm,crystal_N2,29.14633333333336,29.693037309074363
9.65 mm,crystal_N2,29.091047619047643,29.643963685166433
9.65 mm,crystal_N2,29.04000000000002,29.594400856761524
9.65 mm,crystal_N2,28.98661904761907,29.544372030837327
9.65 mm,crystal_N2,28.941190476190496,29.493899849009143
9.65 mm,crystal_N2,28.88938095238097,29.443006349771856
9.65 mm,crystal_N2,28.844761904761924,29.391712938456003
9.65 mm,crystal_N2,28.79728571428573,29.34004037543035
9.65 mm,crystal_N2,28.7581904761905,29.288008788449183
9.65 mm,crystal_N2,28.708476190476212,29.235637696432356
9.65 mm,crystal_N2,28.665619047619067,29.182946028317268
9.65 mm,crystal_N2,28.613571428571447,29.12995213976129
9.65 mm,crystal_N2,28.565666666666687,29.076673838439813
9.65 mm,crystal_N2,28.51266666666669,29.0231284113557
9.65 mm,crystal_N2,28.463380952380973,28.969332638194754
9.65 mm,crystal_N2,28.408904761904783,28.91530279326418
9.65 mm,crystal_N2,28.36361904761907,28.86105465320877
9.65 mm,crystal_N2,28.309904761904782,28.806603511612202
9.65 mm,crystal_N2,28.25990476190478,28.751964181357984
9.65 mm,crystal_N2,28.212142857142876,28.697150977904343
9.65 mm,crystal_N2,28.16509523809526,28.642177703349123
9.65 mm,crystal_N2,28.117000000000022,28.587057648969
9.65 mm,crystal_N2,28.06904761904764,28.53180360888775
9.65 mm,crystal_N2,28.01266666666669,28.476427893389463
9.65 mm,crystal_N2,27.95357142857145,28.42094235038573
9.65 mm,crystal_N2,27.89509523809526,28.365358406528735
9.65 mm,crystal_N2,27.846714285714306,28.30968711266413
9.65 mm,crystal_N2,27.799476190476213,28.25393915933428
9.65 mm,crystal_N2,27.745761904761927,28.198124851768135
9.65 mm,crystal_N2,27.682904761904787,28.142254074385146
9.65 mm,crystal_N2,27.62157142857145,28.086336277648925
9.65 mm,crystal_N2,27.56104761904764,28.03038048510627
9.65 mm,crystal_N2,27.511380952380975,27.974395300126123
9.65 mm,crystal_N2,27.460523809523828,27.9183889140912
9.65 mm,crystal_N2,27.413285714285735,27.862369137141147
9.65 mm,crystal_N2,27.362142857142874,27.80634345383294
9.65 mm,crystal_N2,27.31638095238097,27.750319074719776
9.65 mm,crystal_N2,27.262714285714306,27.69430295707884
9.65 mm,crystal_N2,27.216809523809545,27.638301805318786
9.65 mm,crystal_N2,27.171761904761922,27.582322082728236
9.65 mm,crystal_N2,27.129380952380973,27.526370043288324
9.65 mm,crystal_N2,27.080666666666687,27.470451756931837
9.65 mm,crystal_N2,27.041666666666686,27.414573100406443
9.65 mm,crystal_N2,26.99247619047621,27.358739724635733
9.65 mm,crystal_N2,26.942952380952402,27.302957037497947
9.65 mm,crystal_N2,26.88533333333335,27.24723022089938
9.65 mm,crystal_N2,26.831761904761926,27.191564260635342
9.65 mm,crystal_N2,26.771428571428594,27.135963956444392
9.65 mm,crystal_N2,26.75633333333335,27.080433911629328
9.65 mm,crystal_N2,26.638190476190495,27.024978533458587
9.65 mm,crystal_N2,26.48614285714288,26.969602063543245
9.65 mm,crystal_N2,26.41347619047621,26.914308619158064
9.65 mm,crystal_N2,26.430142857142876,26.859102206703586
9.65 mm,crystal_N2,26.51438095238097,26.803986690025656
9.65 mm,crystal_N2,26.659904761904784,26.748965742133997
9.65 mm,crystal_N2,26.687952380952403,26.694042825972563
9.65 mm,crystal_N2,26.624333333333354,26.639221216947472
9.65 mm,crystal_N2,26.55842857142859,26.584504037995295
9.65 mm,crystal_N2,26.49090476190478,26.529894272549583
9.65 mm,crystal_N2,26.431714285714303,26.475394756444246
9.65 mm,crystal_N2,26.38133333333335,26.421008182422387
9.65 mm,crystal_N2,26.350380952380974,26.366737137372503
9.65 mm,crystal_N2,26.32809523809526,26.312584152122028
9.65 mm,crystal_N2,26.323238095238114,26.25855172303956
9.65 mm,crystal_N2,26.321857142857162,26.204642280715206
9.65 mm,crystal_N2,26.297904761904782,26.150858123712666
9.65 mm,crystal_N2,26.244047619047635,26.097201369052343
9.65 mm,crystal_N2,26.166761904761923,26.043673955056327
9.65 mm,crystal_N2,26.087619047619064,25.99027768257668
9.65 mm,crystal_N2,26.01642857142859,25.93701425046247
9.65 mm,crystal_N2,25.959238095238113,25.883885255217002
9.65 mm,crystal_N2,25.898952380952398,25.8308921689309
9.65 mm,crystal_N2,25.840809523809543,25.77803633853631
9.65 mm,crystal_N2,25.775809523809542,25.725319027276086
9.65 mm,crystal_N2,25.71657142857145,25.67274147302236
9.65 mm,crystal_N2,25.65557142857145,25.62030491866998
9.65 mm,crystal_N2,25.599333333333348,25.568010592485898
9.65 mm,crystal_N2,25.538619047619065,25.515859663083962
9.65 mm,crystal_N2,25.482142857142875,25.46385322120053
9.65 mm,crystal_N2,25.42680952380954,25.411992312912197
9.65 mm,crystal_N2,25.38214285714287,25.36027799576813
9.65 mm,crystal_N2,25.33133333333335,25.308711366500404
9.65 mm,crystal_N2,25.28100000000002,25.25729353030752
9.65 mm,crystal_N2,25.222095238095257,25.206025529174173
9.65 mm,crystal_N2,25.16228571428573,25.154908287818024
9.65 mm,crystal_N2,25.100095238095257,25.103942624573946
9.65 mm,crystal_N2,25.053190476190494,25.053129314512145
9.65 mm,crystal_N2,25.004904761904783,25.00246914754734
9.65 mm,crystal_N2,24.964523809523826,24.951962931250293
9.65 mm,crystal_N2,24.91380952380954,24.90161143004883
9.65 mm,crystal_N2,24.868809523809546,24.851415284721284
9.65 mm,crystal_N2,24.81576190476192,24.801374981891843
9.65 mm,crystal_N2,24.773285714285734,24.7514909036905
9.65 mm,crystal_N2,24.726523809523826,24.701763417072197
9.65 mm,crystal_N2,24.6899523809524,24.652192933213563
9.65 mm,crystal_N2,24.645761904761926,24.60277989367063
9.65 mm,crystal_N2,24.60280952380954,24.553524689851333
9.65 mm,crystal_N2,24.548333333333353,24.50442757330636
9.65 mm,crystal_N2,24.499095238095258,24.455488632568972
9.65 mm,crystal_N2,24.450619047619064,24.40670786043591
9.65 mm,crystal_N2,24.410095238095252,24.358085258037086
9.65 mm,crystal_N2,24.36542857142859,24.309620897731076
9.65 mm,crystal_N2,24.32252380952383,24.261314902054142
9.65 mm,crystal_N2,24.2809523809524,24.213167348901628
9.65 mm,crystal_N2,24.241714285714302,24.165178162679823
9.65 mm,crystal_N2,24.20200000000002,24.11734707498234
9.65 mm,crystal_N2,24.16638095238097,24.069673691628
9.65 mm,crystal_N2,24.12200000000002,24.022157614606996
9.65 mm,crystal_N2,24.076666666666686,23.974798529369302
9.65 mm,crystal_N2,24.026285714285734,23.927596202305402
9.65 mm,crystal_N2,23.98076190476192,23.880550392595612
9.65 mm,crystal_N2,23.9387142857143,23.83366073623001
9.65 mm,crystal_N2,23.90090476190478,23.786926692215474
9.65 mm,crystal_N2,23.855523809523824,23.740347604385647
9.65 mm,crystal_N2,23.814761904761923,23.69392283605475
9.65 mm,crystal_N2,23.771523809523828,23.647651878558584
9.65 mm,crystal_N2,23.732190476190492,23.601534363744634
9.65 mm,crystal_N2,23.68623809523811,23.55556997648406
9.65 mm,crystal_N2,23.644238095238112,23.509758322738744
9.65 mm,crystal_N2,23.59833333333335,23.46409884949375
9.65 mm,crystal_N2,23.556285714285735,23.418590890277766
9.65 mm,crystal_N2,23.512714285714303,23.37323380976862
9.65 mm,crystal_N2,23.47433333333335,23.32802714069409
9.65 mm,crystal_N2,23.42933333333335,23.282970621611412
9.65 mm,crystal_N2,23.390428571428586,23.238064116112916
9.65 mm,crystal_N2,23.348428571428588,23.193307459105615
9.65 mm,crystal_N2,23.311047619047635,23.14870032234716
9.65 mm,crystal_N2,23.27238095238097,23.10424219949661
9.65 mm,crystal_N2,23.2399523809524,23.05993253336276
9.65 mm,crystal_N2,23.202476190476204,23.01577089626973
9.65 mm,crystal_N2,23.169666666666686,22.971757099966865
9.65 mm,crystal_N2,23.13547619047621,22.92789116997004
9.65 mm,crystal_N2,23.101047619047634,22.88417319993903
9.65 mm,crystal_N2,23.059523809523824,22.84060315497602
9.65 mm,crystal_N2,23.02290476190478,22.797180726222752
9.65 mm,crystal_N2,22.98123809523811,22.75390533515051
9.65 mm,crystal_N2,22.939523809523827,22.71077629610549
9.65 mm,crystal_N2,22.89719047619049,22.66779303143267
9.65 mm,crystal_N2,22.858666666666686,22.62495520567989
9.65 mm,crystal_N2,22.818714285714304,22.582262710178746
9.65 mm,crystal_N2,22.78190476190478,22.539715514900294
9.65 mm,crystal_N2,22.74242857142859,22.497313459214524
9.65 mm,crystal_N2,22.705000000000013,22.455056084827316
9.65 mm,crystal_N2,22.662142857142875,22.41294261846138
9.65 mm,crystal_N2,22.618523809523822,22.37097213162822
9.65 mm,crystal_N2,22.57214285714287,22.329143779597107
9.65 mm,crystal_N2,22.52285714285716,22.287456974435205
9.65 mm,crystal_N2,22.474571428571444,22.245911403404023
9.65 mm,crystal_N2,22.43509523809525,22.20450689593084
9.65 mm,crystal_N2,22.39128571428573,22.16324321136727
9.65 mm,crystal_N2,22.354904761904777,22.12211986354285
9.65 mm,crystal_N2,22.32290476190478,22.081136102360453
9.65 mm,crystal_N2,22.28438095238097,22.04029107884598
9.65 mm,crystal_N2,22.24285714285716,21.999584086945067
9.65 mm,crystal_N2,22.204000000000015,21.95901473564244
9.65 mm,crystal_N2,22.164380952380967,21.918582965402727
9.65 mm,crystal_N2,22.13223809523811,21.878288907581418
9.65 mm,crystal_N2,22.102571428571444,21.838132646500213
9.65 mm,crystal_N2,22.071428571428587,21.798113977279723
9.65 mm,crystal_N2,22.03828571428573,21.75823227746576
9.65 mm,crystal_N2,22.00119047619049,21.718486584715748
9.65 mm,crystal_N2,21.958428571428588,21.678875846945008
9.65 mm,crystal_N2,21.91942857142859,21.639399195911746
9.65 mm,crystal_N2,21.891904761904776,21.60005610230522
9.65 mm,crystal_N2,21.870428571428587,21.560846354479573
9.65 mm,crystal_N2,21.84819047619049,21.52176988396352
9.65 mm,crystal_N2,21.826904761904775,21.482826515068126
9.65 mm,crystal_N2,21.794095238095252,21.444015757214537
9.65 mm,crystal_N2,21.7547142857143,21.405336772575534
9.65 mm,crystal_N2,21.717428571428584,21.366788558728775
9.65 mm,crystal_N2,21.679619047619063,21.32837023131572
9.65 mm,crystal_N2,21.641904761904776,21.29008124071262
9.65 mm,crystal_N2,21.610761904761922,21.25192142913428
9.65 mm,crystal_N2,21.57976190476192,21.2138909225968
9.65 mm,crystal_N2,21.552761904761923,21.175989902246457
9.65 mm,crystal_N2,21.519000000000013,21.138218330980088
9.65 mm,crystal_N2,21.483619047619065,21.100575750382788
9.65 mm,crystal_N2,21.44385714285716,21.06306127810824
9.65 mm,crystal_N2,21.40628571428573,21.025673831467603
9.65 mm,crystal_N2,21.37090476190478,20.988412440978426
9.65 mm,crystal_N2,21.34276190476192,20.951276478341114
9.65 mm,crystal_N2,21.30676190476192,20.914265711976338
9.65 mm,crystal_N2,21.278619047619067,20.877380195681255
9.65 mm,crystal_N2,21.24457142857144,20.840620038858695
9.65 mm,crystal_N2,21.20514285714287,20.80398513330662
9.65 mm,crystal_N2,21.15876190476192,20.767474955953006
9.65 mm,crystal_N2,21.116142857142876,20.731088583691616
9.65 mm,crystal_N2,21.070047619047635,20.69482493811907
9.65 mm,crystal_N2,21.034095238095254,20.65868310720591
9.65 mm,crystal_N2,20.996238095238112,20.622662562815457
9.65 mm,crystal_N2,20.966142857142874,20.586763198242608
9.65 mm,crystal_N2,20.936333333333348,20.550985209131447
9.65 mm,crystal_N2,20.91023809523811,20.515328870167373
9.65 mm,crystal_N2,20.880238095238113,20.47979425966908
9.65 mm,crystal_N2,20.853809523809538,20.444381014913045
9.65 mm,crystal_N2,20.822047619047638,20.409088256033794
9.65 mm,crystal_N2,20.794904761904775,20.37391476858706
9.65 mm,crystal_N2,20.76447619047621,20.33885934922566
9.65 mm,crystal_N2,20.736523809523824,20.303921108432803
9.65 mm,crystal_N2,20.70514285714287,20.269099596329465
9.65 mm,crystal_N2,20.67766666666668,20.23439474607127
9.65 mm,crystal_N2,20.64623809523811,20.19980669177604
9.65 mm,crystal_N2,20.618666666666684,20.165335513860832
9.65 mm,crystal_N2,20.58614285714287,20.130980968248167
9.65 mm,crystal_N2,20.554000000000016,20.096742315053334
9.65 mm,crystal_N2,20.517523809523823,20.062618388915585
9.65 mm,crystal_N2,20.48861904761906,20.028607905703566
9.65 mm,crystal_N2,20.454952380952395,19.99470981422251
9.65 mm,crystal_N2,20.416238095238107,19.960923501859373
9.65 mm,crystal_N2,20.37257142857144,19.927248799126836
9.65 mm,crystal_N2,20.333904761904776,19.89368583504612
9.65 mm,crystal_N2,20.296333333333344,19.860234812758254
9.65 mm,crystal_N2,20.26076190476192,19.82689574882868
9.65 mm,crystal_N2,20.216666666666683,19.793668243519793
9.65 mm,crystal_N2,20.174809523809536,19.760551427339852
9.65 mm,crystal_N2,20.15419047619049,19.727544176216032
9.65 mm,crystal_N2,20.150857142857156,19.694645471994473
9.65 mm,crystal_N2,20.146095238095256,19.66185468224288
9.65 mm,crystal_N2,20.132571428571445,19.629171637747177
9.65 mm,crystal_N2,20.096571428571444,19.59659652982943
9.65 mm,crystal_N2,20.046857142857156,19.56412971140849
9.65 mm,crystal_N2,20.00014285714287,19.531771467511646
9.65 mm,crystal_N2,19.96090476190478,19.49952177943785
9.65 mm,crystal_N2,19.92328571428573,19.46738013205853
9.65 mm,crystal_N2,19.89576190476192,19.43534550538146
9.65 mm,crystal_N2,19.86366666666668,19.403416635427654
9.65 mm,crystal_N2,19.83314285714287,19.371592401494937
9.65 mm,crystal_N2,19.802333333333348,19.339872104770052
9.65 mm,crystal_N2,19.769000000000013,19.308255527409113
9.65 mm,crystal_N2,19.73238095238097,19.276742810370045
9.65 mm,crystal_N2,19.70076190476192,19.24533424467656
9.65 mm,crystal_N2,19.665904761904777,19.214030048914395
9.65 mm,crystal_N2,19.636952380952394,19.1828301549524
9.65 mm,crystal_N2,19.60566666666668,19.151734023130857
9.65 mm,crystal_N2,19.577523809523825,19.12074060561583
9.65 mm,crystal_N2,19.55219047619049,19.089848576606855
9.65 mm,crystal_N2,19.529857142857153,19.05905672582747
9.65 mm,crystal_N2,19.50809523809525,19.02836426892945
9.65 mm,crystal_N2,19.49019047619049,18.997770932889246
9.65 mm,crystal_N2,19.465952380952395,18.967276841511076
9.65 mm,crystal_N2,19.442857142857157,18.93688230076043
9.65 mm,crystal_N2,19.417761904761917,18.906587569922717
9.65 mm,crystal_N2,19.394000000000013,18.876392652759847
9.65 mm,crystal_N2,19.369523809523827,18.84629711655274
9.65 mm,crystal_N2,19.343571428571444,18.81630002828004
9.65 mm,crystal_N2,19.312095238095253,18.786400146785986
9.65 mm,crystal_N2,19.282952380952395,18.7565963130907
9.65 mm,crystal_N2,19.25314285714287,18.726887789915274
9.65 mm,crystal_N2,19.2237142857143,18.697274375873402
9.65 mm,crystal_N2,19.189333333333344,18.66775630228178
9.65 mm,crystal_N2,19.15814285714287,18.63833401543272
9.65 mm,crystal_N2,19.129523809523825,18.6090079417478
9.65 mm,crystal_N2,19.10952380952382,18.579778287858364
9.65 mm,crystal_N2,19.085047619047636,18.550644882470188
9.65 mm,crystal_N2,19.062523809523825,18.521607085484202
9.65 mm,crystal_N2,19.032285714285727,18.492663884563953
9.65 mm,crystal_N2,19.0027142857143,18.463814225497668
9.65 mm,crystal_N2,18.970047619047634,18.435057385891017
9.65 mm,crystal_N2,18.944000000000017,18.406393163988565
9.65 mm,crystal_N2,18.907142857142873,18.377821827684645
9.65 mm,crystal_N2,18.87180952380954,18.349343910969793
9.65 mm,crystal_N2,18.832523809523824,18.32095996919552
9.65 mm,crystal_N2,18.796952380952394,18.29267036534747
9.65 mm,crystal_N2,18.76295238095239,18.264475113732068
9.65 mm,crystal_N2,18.733857142857154,18.236373775101402
9.65 mm,crystal_N2,18.699047619047633,18.208365425854343
9.65 mm,crystal_N2,18.67028571428573,18.18044881567078
9.65 mm,crystal_N2,18.640523809523824,18.152622737696703
9.65 mm,crystal_N2,18.612904761904776,18.12488640054801
9.65 mm,crystal_N2,18.58661904761906,18.09723958293366
9.65 mm,crystal_N2,18.561095238095252,18.06968254264529
9.65 mm,crystal_N2,18.539523809523825,18.04221578638958
9.65 mm,crystal_N2,18.522047619047633,18.01483981624173
9.65 mm,crystal_N2,18.50109523809525,17.987554920398274
9.65 mm,crystal_N2,18.481428571428584,17.960361029820127
9.65 mm,crystal_N2,18.457285714285725,17.93325763686434
9.65 mm,crystal_N2,18.431761904761913,17.90624379047095
9.65 mm,crystal_N2,18.40319047619049,17.87931825858347
9.65 mm,crystal_N2,18.38009523809525,17.852479890993393
9.65 mm,crystal_N2,18.352238095238107,17.8257279904346
9.65 mm,crystal_N2,18.329095238095253,17.799062464054188
9.65 mm,crystal_N2,18.297190476190487,17.772483717448427
9.65 mm,crystal_N2,18.265095238095252,17.74599240318014
9.65 mm,crystal_N2,18.230476190476203,17.719589149318857
9.65 mm,crystal_N2,18.199095238095254,17.69327434066803
9.65 mm,crystal_N2,18.168857142857156,17.66704797431161
9.65 mm,crystal_N2,18.148142857142872,17.640909583216473
9.65 mm,crystal_N2,18.122809523809536,17.614858224769687
9.65 mm,crystal_N2,18.09561904761906,17.588892596662966
9.65 mm,crystal_N2,18.06452380952382,17.56301136450456
9.65 mm,crystal_N2,18.03414285714287,17.537213583765727
9.65 mm,crystal_N2,18.011571428571443,17.511498950517748
9.65 mm,crystal_N2,17.99214285714287,17.485867762631397
9.65 mm,crystal_N2,17.9717142857143,17.460320678359253
9.65 mm,crystal_N2,17.951761904761916,17.43485841843852
9.65 mm,crystal_N2,17.9287142857143,17.409481507980757
9.65 mm,crystal_N2,17.909333333333347,17.384190087191048
9.65 mm,crystal_N2,17.887285714285728,17.35898377757834
9.65 mm,crystal_N2,17.867809523809537,17.33386158056663
9.65 mm,crystal_N3,26.59838095238097,27.13014285714288
9.65 mm,crystal_N3,26.610523809523833,27.1301428571429
9.65 mm,crystal_N3,26.62157142857145,27.130142857142207
9.65 mm,crystal_N3,26.630571428571447,27.130142857096853
9.65 mm,crystal_N3,26.641095238095257,27.13014285609115
9.65 mm,crystal_N3,26.653142857142875,27.130142845074037
9.65 mm,crystal_N3,26.668904761904777,27.13014277168544
9.65 mm,crystal_N3,26.681809523809545,27.13014243222551
9.65 mm,crystal_N3,26.693285714285732,27.13014123880283
9.65 mm,crystal_N3,26.70542857142859,27.130137838794724
9.65 mm,crystal_N3,26.710666666666686,27.130129613626757
9.65 mm,crystal_N3,26.721190476190493,27.130112119263785
9.65 mm,crystal_N3,26.73085714285716,27.13007853338469
9.65 mm,crystal_N3,26.73847619047621,27.130019153544822
9.65 mm,crystal_N3,26.742619047619065,27.12992096749751
9.65 mm,crystal_N3,26.749666666666688,27.12976730460968
9.65 mm,crystal_N3,26.752380952380967,27.12953757640741
9.65 mm,crystal_N3,26.76252380952383,27.129207117827995
9.65 mm,crystal_N3,26.77090476190478,27.128747142424498
9.65 mm,crystal_N3,26.78285714285716,27.128124822605344
9.65 mm,crystal_N3,26.791952380952402,27.127303500916913
9.65 mm,crystal_N3,26.801857142857166,27.126243031393955
9.65 mm,crystal_N3,26.80557142857145,27.124900241770945
9.65 mm,crystal_N3,26.813857142857167,27.123229499255746
9.65 mm,crystal_N3,26.82147619047621,27.121183356323723
9.65 mm,crystal_N3,26.83038095238097,27.118713249181187
9.65 mm,crystal_N3,26.838714285714303,27.115770219698433
9.65 mm,crystal_N3,26.84685714285716,27.112305631529374
9.65 mm,crystal_N3,26.849285714285735,27.108271853385286
9.65 mm,crystal_N3,26.854809523809543,27.103622887603972
9.65 mm,crystal_N3,26.858714285714306,27.098314929704834
9.65 mm,crystal_N3,26.860666666666685,27.09230685232196
9.65 mm,crystal_N3,26.86404761904764,27.085560612135996
9.65 mm,crystal_N3,26.868333333333354,27.078041579995386
9.65 mm,crystal_N3,26.86838095238097,27.06971879353024
9.65 mm,crystal_N3,26.87338095238097,27.060565131061104
9.65 mm,crystal_N3,26.87600000000002,27.050557407492175
9.65 mm,crystal_N3,26.880904761904784,27.039676396544344
9.65 mm,crystal_N3,26.884285714285735,27.02790678676896
9.65 mm,crystal_N3,26.884571428571448,27.015237080090643
9.65 mm,crystal_N3,26.879904761904783,27.001659441937857
9.65 mm,crystal_N3,26.8741904761905,26.98716951217307
9.65 mm,crystal_N3,26.868333333333354,26.971766186356163
9.65 mm,crystal_N3,26.866190476190493,26.95545137713828
9.65 mm,crystal_N3,26.866190476190496,26.93822976531739
9.65 mm,crystal_N3,26.86252380952383,26.920108549317494
9.65 mm,crystal_N3,26.854904761904784,26.901097199986232
9.65 mm,crystal_N3,26.84500000000002,26.881207224305356
9.65 mm,crystal_N3,26.838666666666686,26.86045193893047
9.65 mm,crystal_N3,26.827476190476208,26.83884625372486
9.65 mm,crystal_N3,26.81900000000002,26.8164064653374
9.65 mm,crystal_N3,26.80785714285716,26.79315006120917
9.65 mm,crystal_N3,26.79900000000002,26.769095535438762
9.65 mm,crystal_N3,26.790428571428592,26.744262217645826
9.65 mm,crystal_N3,26.784619047619067,26.718670114145105
9.65 mm,crystal_N3,26.771333333333352,26.69233976038913
9.65 mm,crystal_N3,26.75890476190478,26.665292084694492
9.65 mm,crystal_N3,26.74204761904764,26.637548283221463
9.65 mm,crystal_N3,26.729523809523826,26.60912970623406
9.65 mm,crystal_N3,26.71247619047621,26.580057757297208
9.65 mm,crystal_N3,26.697666666666684,26.55035380721327
9.65 mm,crystal_N3,26.682714285714308,26.520039121994138
9.65 mm,crystal_N3,26.67057142857145,26.489134803199075
9.65 mm,crystal_N3,26.65542857142859,26.457661740572377
9.65 mm,crystal_N3,26.646047619047636,26.42564057626477
9.65 mm,crystal_N3,26.631142857142876,26.393091676180035
9.65 mm,crystal_N3,26.61838095238097,26.360035103285718
9.65 mm,crystal_N3,26.60433333333335,26.326490592206266
9.65 mm,crystal_N3,26.588857142857165,26.292477527582218
9.65 mm,crystal_N3,26.573666666666686,26.258014926427414
9.65 mm,crystal_N3,26.557047619047637,26.2231214223628
9.65 mm,crystal_N3,26.535666666666685,26.187815252050434
9.65 mm,crystal_N3,26.518238095238114,26.152114246977117
9.65 mm,crystal_N3,26.500809523809544,26.116035830924798
9.65 mm,crystal_N3,26.482428571428592,26.07959701810872
9.65 mm,crystal_N3,26.464523809523833,26.04281440732731
9.65 mm,crystal_N3,26.44757142857145,26.005704173852834
9.65 mm,crystal_N3,26.425333333333356,25.968282064442224
9.65 mm,crystal_N3,26.403238095238116,25.930563397001876
9.65 mm,crystal_N3,26.38023809523812,25.892563061290925
9.65 mm,crystal_N3,26.359428571428587,25.85429551843214
9.65 mm,crystal_N3,26.33566666666669,25.81577480245826
9.65 mm,crystal_N3,26.316095238095258,25.77701452797478
9.65 mm,crystal_N3,26.296190476190496,25.738027902128515
9.65 mm,crystal_N3,26.27942857142859,25.69882773379877
9.65 mm,crystal_N3,26.26033333333335,25.659426435836128
9.65 mm,crystal_N3,26.240285714285733,25.61983602432401
9.65 mm,crystal_N3,26.21647619047621,25.58006812220375
9.65 mm,crystal_N3,26.19447619047621,25.540133969423174
9.65 mm,crystal_N3,26.17280952380954,25.500044434744503
9.65 mm,crystal_N3,26.148285714285734,25.459810024293112
9.65 mm,crystal_N3,26.122571428571447,25.41944088852258
9.65 mm,crystal_N3,26.09680952380954,25.378946833418507
9.65 mm,crystal_N3,26.074238095238112,25.338337338117135
9.65 mm,crystal_N3,26.057809523809542,25.297621573947097
9.65 mm,crystal_N3,26.03452380952383,25.25680841731834
9.65 mm,crystal_N3,26.01147619047621,25.21590645442909
9.65 mm,crystal_N3,25.984047619047637,25.174923983646945
9.65 mm,crystal_N3,25.95952380952383,25.133869022799544
9.65 mm,crystal_N3,25.93447619047621,25.092749322466254
9.65 mm,crystal_N3,25.910190476190493,25.051572379480294
9.65 mm,crystal_N3,25.882142857142878,25.010345444160983
9.65 mm,crystal_N3,25.859476190476208,24.969075521231744
9.65 mm,crystal_N3,25.833619047619067,24.92776937107955
9.65 mm,crystal_N3,25.814714285714302,24.886433517509712
9.65 mm,crystal_N3,25.791571428571444,24.845074261239475
9.65 mm,crystal_N3,25.76452380952383,24.803697691891855
9.65 mm,crystal_N3,25.7401904761905,24.762309690730977
9.65 mm,crystal_N3,25.71657142857145,24.72091592292733
9.65 mm,crystal_N3,25.691904761904784,24.679521826799544
9.65 mm,crystal_N3,25.66614285714288,24.638132609923648
9.65 mm,crystal_N3,25.636238095238113,24.596753255875612
9.65 mm,crystal_N3,25.608571428571445,24.555388536820573
9.65 mm,crystal_N3,25.583095238095254,24.51404302344191
9.65 mm,crystal_N3,25.557428571428588,24.472721087629314
9.65 mm,crystal_N3,25.53023809523811,24.431426901674286
9.65 mm,crystal_N3,25.503571428571448,24.390164442385206
9.65 mm,crystal_N3,25.47438095238097,24.348937504677966
9.65 mm,crystal_N3,25.449666666666683,24.307749720929728
9.65 mm,crystal_N3,25.425047619047636,24.26660457741684
9.65 mm,crystal_N3,25.402190476190494,24.22550542178066
9.65 mm,crystal_N3,25.37647619047621,24.184455464017194
9.65 mm,crystal_N3,25.35147619047621,24.143457780146274
9.65 mm,crystal_N3,25.322047619047638,24.10251532537141
9.65 mm,crystal_N3,25.302047619047638,24.061630954574497
9.65 mm,crystal_N3,25.278952380952397,24.020807440806273
9.65 mm,crystal_N3,25.255714285714305,23.98004748205029
9.65 mm,crystal_N3,25.22800000000002,23.93935369272832
9.65 mm,crystal_N3,25.201476190476207,23.89872858624377
9.65 mm,crystal_N3,25.171095238095255,23.858174561707436
9.65 mm,crystal_N3,25.145238095238113,23.81769390495123
9.65 mm,crystal_N3,25.118380952380974,23.7772888030434
9.65 mm,crystal_N3,25.097666666666687,23.73696136214683
9.65 mm,crystal_N3,25.074666666666687,23.69671361681898
9.65 mm,crystal_N3,25.052619047619068,23.656547524249213
9.65 mm,crystal_N3,25.02347619047621,23.616464946641717
9.65 mm,crystal_N3,24.994904761904785,23.576467634202626
9.65 mm,crystal_N3,24.967952380952397,23.536557222119345
9.65 mm,crystal_N3,24.940619047619066,23.496735245176396
9.65 mm,crystal_N3,24.909190476190496,23.45700316156312
9.65 mm,crystal_N3,24.879523809523825,23.417362372250487
9.65 mm,crystal_N3,24.847666666666683,23.37781422572133
9.65 mm,crystal_N3,24.818904761904783,23.338360006884468
9.65 mm,crystal_N3,24.792285714285732,23.299000920031382
9.65 mm,crystal_N3,24.771190476190494,23.25973808154822
9.65 mm,crystal_N3,24.74728571428573,23.220572531845594
9.65 mm,crystal_N3,24.72219047619049,23.181505261884148
9.65 mm,crystal_N3,24.69585714285716,23.142537239773624
9.65 mm,crystal_N3,24.672666666666682,23.10366942328745
9.65 mm,crystal_N3,24.650190476190495,23.064902751817986
9.65 mm,crystal_N3,24.633095238095258,23.02623812172208
9.65 mm,crystal_N3,24.60852380952383,22.987676359223506
9.65 mm,crystal_N3,24.580857142857163,22.949218208853495
9.65 mm,crystal_N3,24.55133333333335,22.91086434674155
9.65 mm,crystal_N3,24.52490476190478,22.87261541205316
9.65 mm,crystal_N3,24.496809523809542,22.834472039193642
9.65 mm,crystal_N3,24.473047619047634,22.796434874319985
9.65 mm,crystal_N3,24.448904761904778,22.758504568475136
9.65 mm,crystal_N3,24.425666666666686,22.72068175020231
9.65 mm,crystal_N3,24.400523809523825,22.6829669904226
9.65 mm,crystal_N3,24.378523809523827,22.645360778677215
9.65 mm,crystal_N3,24.35280952380954,22.607863525642376
9.65 mm,crystal_N3,24.329619047619065,22.57047559173953
9.65 mm,crystal_N3,24.304619047619067,22.53319732654006
9.65 mm,crystal_N3,24.282333333333348,22.4960290989057
9.65 mm,crystal_N3,24.25738095238097,22.45897130406467
9.65 mm,crystal_N3,24.23338095238097,22.42202434486197
9.65 mm,crystal_N3,24.204523809523824,22.385188595191376
9.65 mm,crystal_N3,24.182666666666684,22.348464362735363
9.65 mm,crystal_N3,24.154000000000018,22.31185187127716
9.65 mm,crystal_N3,24.125904761904778,22.27535127379911
9.65 mm,crystal_N3,24.09309523809526,22.23896269044409
9.65 mm,crystal_N3,24.06433333333335,22.20268625257912
9.65 mm,crystal_N3,24.03733333333335,22.166522132793805
9.65 mm,crystal_N3,24.01685714285716,22.13047054862758
9.65 mm,crystal_N3,23.98842857142859,22.094531738948447
9.65 mm,crystal_N3,23.961571428571446,22.058705921847306
9.65 mm,crystal_N3,23.933238095238114,22.022993251198688
9.65 mm,crystal_N3,23.90676190476192,21.987393792798557
9.65 mm,crystal_N3,23.87976190476192,21.95190753333974
9.65 mm,crystal_N3,23.854952380952398,21.916534418387066
9.65 mm,crystal_N3,23.826380952380973,21.88127440147316
9.65 mm,crystal_N3,23.79738095238097,21.84612748349748
9.65 mm,crystal_N3,23.769238095238112,21.811093727665572
9.65 mm,crystal_N3,23.746380952380967,21.776173244858015
9.65 mm,crystal_N3,23.719333333333353,21.741366153847327
9.65 mm,crystal_N3,23.695523809523827,21.70667252922867
9.65 mm,crystal_N3,23.67147619047621,21.672092357225743
9.65 mm,crystal_N3,23.646095238095256,21.637625520047482
9.65 mm,crystal_N3,23.621714285714305,21.6032718169699
9.65 mm,crystal_N3,23.600285714285732,21.56903101174761
9.65 mm,crystal_N3,23.5719523809524,21.534902885210844
9.65 mm,crystal_N3,23.547142857142873,21.500887273407294
9.65 mm,crystal_N3,23.52238095238097,21.466984079710215
9.65 mm,crystal_N3,23.496666666666684,21.433193258084586
9.65 mm,crystal_N3,23.470619047619063,21.39951477253999
9.65 mm,crystal_N3,23.447857142857156,21.365948545599057
9.65 mm,crystal_N3,23.425952380952396,21.33249441614655
9.65 mm,crystal_N3,23.406428571428584,21.29915212721931
9.65 mm,crystal_N3,23.385857142857162,21.26592135069787
9.65 mm,crystal_N3,23.367714285714303,21.2328017368556
9.65 mm,crystal_N3,23.34776190476192,21.199792966927767
9.65 mm,crystal_N3,23.32780952380954,21.166894789996544
9.65 mm,crystal_N3,23.30533333333335,21.134107034495802
9.65 mm,crystal_N3,23.283809523809538,21.10142959250746
9.65 mm,crystal_N3,23.26076190476192,21.06886238074665
9.65 mm,crystal_N3,23.237714285714304,21.03640528853313
9.65 mm,crystal_N3,23.21185714285716,21.00405813134369
9.65 mm,crystal_N3,23.18814285714287,20.971820631767486
9.65 mm,crystal_N3,23.16719047619049,20.939692438471788
9.65 mm,crystal_N3,23.144571428571446,20.907673173820154
9.65 mm,crystal_N3,23.116809523809536,20.875762488263156
9.65 mm,crystal_N3,23.092047619047634,20.84396010131186
9.65 mm,crystal_N3,23.06380952380954,20.812265818775224
9.65 mm,crystal_N3,23.03542857142859,20.780679525215213
9.65 mm,crystal_N3,23.011571428571447,20.749201154999145
9.65 mm,crystal_N3,22.985142857142876,20.717830646770974
9.65 mm,crystal_N3,22.960142857142873,20.68656788996669
9.65 mm,crystal_N3,22.93890476190478,20.655412680262955
9.65 mm,crystal_N3,22.91328571428573,20.624364704692958
9.65 mm,crystal_N3,22.886333333333347,20.593423565559764
9.65 mm,crystal_N3,22.859666666666683,20.56258883193387
9.65 mm,crystal_N3,22.832571428571445,20.531860095778917
9.65 mm,crystal_N3,22.80933333333335,20.50123701277891
9.65 mm,crystal_N3,22.789904761904776,20.470719318759432
9.65 mm,crystal_N3,22.771476190476207,20.440306822445198
9.65 mm,crystal_N3,22.754523809523825,20.409999379929236
9.65 mm,crystal_N3,22.733476190476207,20.379796855988264
9.65 mm,crystal_N3,22.71547619047621,20.349699076933483
9.65 mm,crystal_N3,22.699190476190495,20.31970578518819
9.65 mm,crystal_N3,22.684095238095253,20.289816614333727
9.65 mm,crystal_N3,22.662809523809543,20.260031100434176
9.65 mm,crystal_N3,22.6439523809524,20.230348727161186
9.65 mm,crystal_N3,22.617571428571445,20.20076898481605
9.65 mm,crystal_N3,22.59328571428573,20.171291420447737
9.65 mm,crystal_N3,22.565523809523825,20.141915665319534
9.65 mm,crystal_N3,22.542380952380967,20.112641437317674
9.65 mm,crystal_N3,22.5159523809524,20.08346852325764
9.65 mm,crystal_N3,22.494571428571447,20.054396748028672
9.65 mm,crystal_N3,22.472714285714304,20.025425935571004
9.65 mm,crystal_N3,22.45233333333335,19.996555865859552
9.65 mm,crystal_N3,22.430476190476206,19.967786238401594
9.65 mm,crystal_N3,22.414047619047636,19.939116660102698
9.65 mm,crystal_N3,22.393047619047636,19.910546668288895
9.65 mm,crystal_N3,22.374380952380967,19.88207578018489
9.65 mm,crystal_N3,22.353047619047636,19.8537035469185
9.65 mm,crystal_N3,22.33423809523811,19.82542959222553
9.65 mm,crystal_N3,22.31528571428573,19.79725362694408
9.65 mm,crystal_N3,22.298761904761918,19.769175440665947
9.65 mm,crystal_N3,22.28133333333335,19.7411948773523
9.65 mm,crystal_N3,22.266476190476205,19.71331180264996
9.65 mm,crystal_N3,22.24523809523811,19.68552606855897
9.65 mm,crystal_N3,22.22819047619049,19.657837478093512
9.65 mm,crystal_N3,22.204666666666682,19.630245754120978
9.65 mm,crystal_N3,22.181952380952396,19.602750524601486
9.65 mm,crystal_N3,22.157476190476206,19.575351337877876
9.65 mm,crystal_N3,22.13628571428573,19.54804770715602
9.65 mm,crystal_N3,22.111523809523824,19.520839166367846
9.65 mm,crystal_N3,22.087190476190493,19.493725315977283
9.65 mm,crystal_N3,22.060761904761918,19.466705845985118
9.65 mm,crystal_N3,22.038619047619065,19.43978053457976
9.65 mm,crystal_N3,22.01923809523811,19.41294922804628
9.65 mm,crystal_N3,21.999428571428588,19.386211809814075
9.65 mm,crystal_N3,21.977714285714303,19.359568165675768
9.65 mm,crystal_N3,21.957714285714303,19.333018150011846
9.65 mm,crystal_N3,21.934523809523824,19.306561555690745
9.65 mm,crystal_N3,21.910095238095252,19.28019809167086
9.65 mm,crystal_N3,21.88385714285716,19.25392737843613
9.65 mm,crystal_N3,21.860095238095255,19.22774897110689
9.65 mm,crystal_N3,21.839047619047633,19.2016624061498
9.65 mm,crystal_N3,21.822476190476205,19.175667253367397
9.65 mm,crystal_N3,21.802476190476206,19.149763153859247
9.65 mm,crystal_N3,21.782952380952395,19.12394983427324
9.65 mm,crystal_N3,21.760619047619063,19.098227098188932
9.65 mm,crystal_N3,21.74133333333335,19.07259480139047
9.65 mm,crystal_N3,21.720476190476205,19.047052819028345
9.65 mm,crystal_N3,21.700238095238113,19.021601011296354
9.65 mm,crystal_N3,21.677047619047634,18.996239192072768
9.65 mm,crystal_N3,21.657428571428586,18.970967103054484
9.65 mm,crystal_N3,21.6357142857143,18.9457843959826
9.65 mm,crystal_N3,21.620619047619066,18.92069062993056
9.65 mm,crystal_N3,21.60038095238097,18.89568529330904
9.65 mm,crystal_N3,21.5807142857143,18.870767850567752
9.65 mm,crystal_N3,21.55566666666668,18.84593779802262
9.65 mm,crystal_N3,21.53423809523811,18.821194708138506
9.65 mm,crystal_N3,21.51190476190478,18.79653824963594
9.65 mm,crystal_N3,21.493571428571443,18.771968182509323
9.65 mm,crystal_N3,21.47023809523811,18.74748433464771
9.65 mm,crystal_N3,21.456000000000017,18.723086568828798
9.65 mm,crystal_N3,21.435380952380967,18.698774747485565
9.65 mm,crystal_N3,21.417000000000016,18.67454870013585
9.65 mm,crystal_N3,21.394523809523825,18.650408196071282
9.65 mm,crystal_N3,21.375857142857157,18.626352923603072
9.65 mm,crystal_N3,21.353761904761924,18.60238247870256
9.65 mm,crystal_N3,21.33409523809525,18.578496371250502
9.65 mm,crystal_N3,21.309619047619062,18.55469405763461
9.65 mm,crystal_N3,21.28933333333335,18.530974995286527
9.65 mm,crystal_N3,21.26623809523811,18.507338699386835
9.65 mm,crystal_N3,21.2499523809524,18.48378478069495
9.65 mm,crystal_N3,21.228380952380967,18.460312954921534
9.65 mm,crystal_N3,21.209904761904777,18.436923026586324
9.65 mm,crystal_N3,21.192095238095256,18.413614856778082
9.65 mm,crystal_N3,21.177142857142872,18.390388324714337
9.65 mm,crystal_N3,21.157000000000018,18.367243290425094
9.65 mm,crystal_N3,21.139619047619064,18.344179562750433
9.65 mm,crystal_N3,21.11928571428573,18.32119687436993
9.65 mm,crystal_N3,21.102238095238107,18.298294864443225
9.65 mm,crystal_N3,21.083047619047633,18.27547307168566
9.65 mm,crystal_N3,21.067047619047635,18.25273094722592
9.65 mm,crystal_N3,21.045809523809538,18.230067896793177
9.65 mm,crystal_N3,21.02819047619049,18.20748334580245
9.65 mm,crystal_N3,21.009809523809537,18.184976803369736
9.65 mm,crystal_N3,20.993761904761918,18.1625479013269
9.65 mm,crystal_N3,20.978428571428587,18.140196399050264
9.65 mm,crystal_N3,20.96509523809525,18.11792215972248
9.65 mm,crystal_N3,20.949809523809538,18.09572511034602
9.65 mm,crystal_N3,20.93366666666668,18.073605197257457
9.65 mm,crystal_N3,20.915952380952398,18.051562345103047
9.65 mm,crystal_N3,20.897047619047633,18.029596423315986
9.65 mm,crystal_N3,20.87838095238097,18.007707221348156
9.65 mm,crystal_N3,20.859619047619063,17.985894432375083
9.65 mm,crystal_N3,20.842952380952397,17.96415764530857
9.65 mm,crystal_N3,20.82333333333335,17.94249634919259
9.65 mm,crystal_N3,20.802523809523827,17.920909960894594
9.65 mm,crystal_N3,20.783380952380966,17.899397882586904
9.65 mm,crystal_N3,20.76719047619049,17.877959575677828
9.65 mm,crystal_N3,20.753666666666682,17.856594623179607
9.65 mm,crystal_N3,20.742190476190494,17.835302758205405
9.65 mm,crystal_N3,20.730714285714303,17.814083854115854
9.65 mm,crystal_N3,20.71619047619049,17.792937886491202
9.65 mm,crystal_N3,20.70161904761906,17.77186488212844
9.65 mm,crystal_N3,20.684190476190494,17.75086486793649
9.65 mm,crystal_N3,20.671047619047634,17.72993782757359
9.65 mm,crystal_N3,20.65533333333335,17.709083669053665
9.65 mm,crystal_N3,20.64209523809525,17.688302203436617
9.65 mm,crystal_N3,20.626047619047633,17.6675931330731
9.65 mm,crystal_N3,20.61119047619049,17.646956047555907
9.65 mm,crystal_N3,20.59523809523811,17.62639042813942
9.65 mm,crystal_N3,20.58123809523811,17.605895668945458
9.65 mm,crystal_N3,20.56114285714287,17.58547112635867
9.65 mm,crystal_N3,20.543571428571447,17.565116193340764
9.65 mm,crystal_N3,20.52376190476192,17.544830374939583
9.65 mm,crystal_N3,20.50376190476192,17.524613337320893
9.65 mm,crystal_N3,20.486285714285728,17.504464916319414
9.65 mm,crystal_N3,20.47328571428573,17.484385088940094
9.65 mm,crystal_N3,20.45976190476192,17.46437392190297
9.65 mm,crystal_N3,20.448285714285728,17.444431513133413
9.65 mm,crystal_N3,20.435285714285726,17.424557938168483
9.65 mm,crystal_N3,20.424809523809536,17.404753207840454
9.65 mm,crystal_N3,20.413571428571444,17.385017238952948
9.65 mm,crystal_N3,20.406523809523826,17.36534983686367
9.65 mm,crystal_N3,20.396809523809537,17.34575068773467
9.65 mm,crystal_N3,20.385000000000012,17.32621935867678
9.65 mm,crystal_N3,20.369333333333348,17.306755308411695
9.65 mm,crystal_N3,20.35423809523811,17.28735791933116
9.65 mm,crystal_N3,20.334523809523823,17.268026559856633
9.65 mm,crystal_N3,20.317095238095252,17.248760666035942
9.65 mm,crystal_N3,20.29885714285716,17.229559814379513
9.65 mm,crystal_N3,20.28366666666668,17.210423762059243
9.65 mm,crystal_N3,20.266857142857155,17.191352447364586
9.65 mm,crystal_N3,20.251904761904775,17.172345957120953
9.65 mm,crystal_N3,20.23533333333335,17.15340447365677
9.65 mm,crystal_N3,20.22328571428573,17.134528214415024
9.65 mm,crystal_N3,20.20723809523811,17.11571737497544
9.65 mm,crystal_N3,20.198000000000015,17.096972082435048
9.65 mm,crystal_N3,20.182666666666684,17.078292362078866
9.65 mm,crystal_N3,20.165904761904777,17.059678117057352
9.65 mm,crystal_N3,20.147571428571446,17.041129118593823
9.65 mm,crystal_N3,20.137380952380965,17.02264500295284
9.65 mm,crystal_N3,20.124190476190492,17.004225272257273
9.65 mm,crystal_N3,20.11433333333335,16.985869303556004
9.65 mm,crystal_N3,20.09866666666668,16.96757638044323
9.65 mm,crystal_N4,28.946285714285736,29.565314285714305
9.65 mm,crystal_N4,28.951428571428593,29.56531428571433
9.65 mm,crystal_N4,28.957000000000022,29.565314285713278
9.65 mm,crystal_N4,28.962523809523834,29.56531428564548
9.65 mm,crystal_N4,28.96604761904764,29.565314284150958
9.65 mm,crystal_N4,28.968714285714306,29.565314267895324
9.65 mm,crystal_N4,28.97266666666669,29.565314160500392
9.65 mm,crystal_N4,28.97938095238097,29.565313668367807
9.65 mm,crystal_N4,28.98366666666669,29.565311956037185
9.65 mm,crystal_N4,28.984666666666687,29.565307132141427
9.65 mm,crystal_N4,28.986238095238114,29.565295600851364
9.65 mm,crystal_N4,28.985904761904784,29.56527137974616
9.65 mm,crystal_N4,28.988190476190496,29.565225479488593
9.65 mm,crystal_N4,28.989857142857165,29.565145400410366
9.65 mm,crystal_N4,28.995523809523828,29.56501475758734
9.65 mm,crystal_N4,28.998952380952403,29.564813020504005
9.65 mm,crystal_N4,29.002714285714305,29.564515349833414
9.65 mm,crystal_N4,29.0059523809524,29.564092523841875
9.65 mm,crystal_N4,29.009952380952406,29.563510958922347
9.65 mm,crystal_N4,29.005857142857163,29.562732835085633
9.65 mm,crystal_N4,29.004333333333353,29.56171633631986
9.65 mm,crystal_N4,29.00161904761907,29.560416009710202
9.65 mm,crystal_N4,28.999714285714308,29.55878323862496
9.65 mm,crystal_N4,28.99761904761907,29.55676681614022
9.65 mm,crystal_N4,28.999285714285737,29.554313597344468
9.65 mm,crystal_N4,28.99661904761907,29.551369205196657
9.65 mm,crystal_N4,28.996380952380974,29.547878764963666
9.65 mm,crystal_N4,28.99614285714288,29.54378764579634
9.65 mm,crystal_N4,28.995904761904782,29.53904219154621
9.65 mm,crystal_N4,28.99161904761907,29.5335904230092
9.65 mm,crystal_N4,28.987380952380974,29.52738269041967
9.65 mm,crystal_N4,28.982571428571447,29.520372253711813
9.65 mm,crystal_N4,28.978285714285736,29.51251577408529
9.65 mm,crystal_N4,28.973000000000024,29.503773711130812
9.65 mm,crystal_N4,28.965428571428593,29.494110627826316
9.65 mm,crystal_N4,28.95809523809526,29.483495407827366
9.65 mm,crystal_N4,28.948428571428593,29.47190138818052
9.65 mm,crystal_N4,28.943666666666687,29.459306409641535
9.65 mm,crystal_N4,28.934809523809545,29.445692787572717
9.65 mm,crystal_N4,28.925190476190497,29.43104720880414
9.65 mm,crystal_N4,28.9149523809524,29.415360563664557
9.65 mm,crystal_N4,28.904047619047642,29.398627726665804
9.65 mm,crystal_N4,28.890047619047643,29.380847301701653
9.65 mm,crystal_N4,28.880285714285737,29.362021346262306
9.65 mm,crystal_N4,28.867952380952403,29.342155085433408
9.65 mm,crystal_N4,28.85847619047621,29.32125662276986
9.65 mm,crystal_N4,28.848476190476212,29.299336652628387
9.65 mm,crystal_N4,28.833238095238116,29.276408177636867
9.65 mm,crystal_N4,28.81557142857145,29.252486235051826
9.65 mm,crystal_N4,28.799809523809543,29.227587636100772
9.65 mm,crystal_N4,28.78309523809526,29.20173072250032
9.65 mm,crystal_N4,28.767809523809547,29.17493514298242
9.65 mm,crystal_N4,28.75009523809526,29.14722165069952
9.65 mm,crystal_N4,28.734380952380974,29.118611921330455
9.65 mm,crystal_N4,28.720809523809542,29.089128390243168
9.65 mm,crystal_N4,28.705761904761925,29.05879410554802
9.65 mm,crystal_N4,28.687333333333356,29.027632594707477
9.65 mm,crystal_N4,28.670285714285736,28.995667743778586
9.65 mm,crystal_N4,28.653095238095258,28.962923688565212
9.65 mm,crystal_N4,28.638142857142878,28.92942471834862
9.65 mm,crystal_N4,28.623190476190494,28.895195194021422
9.65 mm,crystal_N4,28.606809523809545,28.86025947911199
9.65 mm,crystal_N4,28.587714285714306,28.824641878400854
9.65 mm,crystal_N4,28.571190476190495,28.788366581011037
9.65 mm,crystal_N4,28.552285714285738,28.751457608336096
9.65 mm,crystal_N4,28.534666666666688,28.713938765091754
9.65 mm,crystal_N4,28.516095238095257,28.67583358942834
9.65 mm,crystal_N4,28.498428571428594,28.63716530219981
9.65 mm,crystal_N4,28.479047619047638,28.597956759772995
9.65 mm,crystal_N4,28.46833333333335,28.558230411909182
9.65 mm,crystal_N4,28.45047619047621,28.518008262957284
9.65 mm,crystal_N4,28.43690476190478,28.477311838229557
9.65 mm,crystal_N4,28.415809523809543,28.43616216072377
9.65 mm,crystal_N4,28.39590476190478,28.39457973806247
9.65 mm,crystal_N4,28.374238095238113,28.352584553245098
9.65 mm,crystal_N4,28.360761904761926,28.31019605622932
9.65 mm,crystal_N4,28.342476190476212,28.267433160364757
9.65 mm,crystal_N4,28.32571428571431,28.22431424554313
9.65 mm,crystal_N4,28.305809523809543,28.180857161751277
9.65 mm,crystal_N4,28.288714285714306,28.13707922708002
9.65 mm,crystal_N4,28.27147619047621,28.092997224081586
9.65 mm,crystal_N4,28.256714285714306,28.048627402543524
9.65 mm,crystal_N4,28.23847619047621,28.003985488935697
9.65 mm,crystal_N4,28.218714285714302,27.959086696009194
9.65 mm,crystal_N4,28.198000000000015,27.91394573125465
9.65 mm,crystal_N4,28.17757142857145,27.86857681090435
9.65 mm,crystal_N4,28.15704761904764,27.822993682780684
9.65 mm,crystal_N4,28.136285714285737,27.777209649661977
9.65 mm,crystal_N4,28.1161904761905,27.731237581683697
9.65 mm,crystal_N4,28.100428571428594,27.685089917878862
9.65 mm,crystal_N4,28.081809523809543,27.63877866832881
9.65 mm,crystal_N4,28.061809523809544,27.59231542480867
9.65 mm,crystal_N4,28.042714285714307,27.545711375722956
9.65 mm,crystal_N4,28.0229523809524,27.498977318465975
9.65 mm,crystal_N4,28.006761904761923,27.452123671851897
9.65 mm,crystal_N4,27.992619047619065,27.405160497027563
9.65 mm,crystal_N4,27.974380952380972,27.358097527451744
9.65 mm,crystal_N4,27.951238095238114,27.31094419572768
9.65 mm,crystal_N4,27.93147619047621,27.263709643531396
9.65 mm,crystal_N4,27.909238095238113,27.216402715211554
9.65 mm,crystal_N4,27.886761904761926,27.169031950083877
9.65 mm,crystal_N4,27.869714285714306,27.121605586485284
9.65 mm,crystal_N4,27.853904761904783,27.07413157567722
9.65 mm,crystal_N4,27.837238095238114,27.026617592797344
9.65 mm,crystal_N4,27.81957142857145,26.97907103761931
9.65 mm,crystal_N4,27.80252380952383,26.93149903272252
9.65 mm,crystal_N4,27.778809523809542,26.883908431794424
9.65 mm,crystal_N4,27.758809523809543,26.83630584052844
9.65 mm,crystal_N4,27.736238095238114,26.788697639187927
9.65 mm,crystal_N4,27.715714285714306,26.741089993935297
9.65 mm,crystal_N4,27.69638095238097,26.693488856491417
9.65 mm,crystal_N4,27.68180952380954,26.645899964714438
9.65 mm,crystal_N4,27.664047619047636,26.59832885503954
9.65 mm,crystal_N4,27.64942857142859,26.55078088421665
9.65 mm,crystal_N4,27.630619047619067,26.50326124683719
9.65 mm,crystal_N4,27.610142857142876,26.455774976798285
9.65 mm,crystal_N4,27.591190476190498,26.40832693464815
9.65 mm,crystal_N4,27.57600000000002,26.360921795901675
9.65 mm,crystal_N4,27.557619047619067,26.313564053767358
9.65 mm,crystal_N4,27.540000000000017,26.266258035490704
9.65 mm,crystal_N4,27.522238095238116,26.219007918938974
9.65 mm,crystal_N4,27.5059523809524,26.171817735039
9.65 mm,crystal_N4,27.48700000000002,26.12469135331798
9.65 mm,crystal_N4,27.46852380952383,26.077632463619402
9.65 mm,crystal_N4,27.443333333333356,26.0306445715389
9.65 mm,crystal_N4,27.421809523809543,25.98373101321684
9.65 mm,crystal_N4,27.401380952380975,25.936894979146736
9.65 mm,crystal_N4,27.38261904761907,25.89013953021473
9.65 mm,crystal_N4,27.365142857142878,25.84346759605541
9.65 mm,crystal_N4,27.345809523809542,25.796881961415572
9.65 mm,crystal_N4,27.32361904761907,25.750385257881778
9.65 mm,crystal_N4,27.301476190476208,25.703979973974356
9.65 mm,crystal_N4,27.2779523809524,25.65766848051027
9.65 mm,crystal_N4,27.255047619047637,25.611453055610827
9.65 mm,crystal_N4,27.236714285714307,25.56533589367099
9.65 mm,crystal_N4,27.21547619047621,25.51931909415702
9.65 mm,crystal_N4,27.193714285714307,25.473404642432925
9.65 mm,crystal_N4,27.172761904761924,25.427594402524186
9.65 mm,crystal_N4,27.148190476190496,25.381890131878194
9.65 mm,crystal_N4,27.12342857142859,25.336293509954647
9.65 mm,crystal_N4,27.09780952380954,25.29080616199814
9.65 mm,crystal_N4,27.072000000000017,25.245429662317022
9.65 mm,crystal_N4,27.04966666666669,25.200165514174344
9.65 mm,crystal_N4,27.034095238095258,25.155015119894152
9.65 mm,crystal_N4,27.01652380952383,25.109979763673174
9.65 mm,crystal_N4,27.001285714285736,25.065060620593734
9.65 mm,crystal_N4,26.9841904761905,25.02025878552288
9.65 mm,crystal_N4,26.963523809523828,24.97557530234871
9.65 mm,crystal_N4,26.93852380952383,24.931011175237334
9.65 mm,crystal_N4,26.91642857142859,24.88656735599906
9.65 mm,crystal_N4,26.89547619047621,24.842244719331635
9.65 mm,crystal_N4,26.876190476190494,24.798044049485746
9.65 mm,crystal_N4,26.858714285714306,24.753966054479857
9.65 mm,crystal_N4,26.84533333333335,24.71001140224372
9.65 mm,crystal_N4,26.82742857142859,24.666180757117644
9.65 mm,crystal_N4,26.808190476190497,24.622474795554652
9.65 mm,crystal_N4,26.787428571428592,24.578894191724494
9.65 mm,crystal_N4,26.767047619047638,24.53543957986585
9.65 mm,crystal_N4,26.747190476190497,24.49211151619008
9.65 mm,crystal_N4,26.726190476190496,24.448910467181857
9.65 mm,crystal_N4,26.70247619047621,24.405836833639917
9.65 mm,crystal_N4,26.680809523809543,24.36289099431403
9.65 mm,crystal_N4,26.657809523809544,24.320073341591055
9.65 mm,crystal_N4,26.635333333333353,24.277384288891216
9.65 mm,crystal_N4,26.613809523809543,24.23482424512762
9.65 mm,crystal_N4,26.591142857142877,24.19239356821859
9.65 mm,crystal_N4,26.56800000000002,24.150092524232797
9.65 mm,crystal_N4,26.55000000000002,24.1079212798615
9.65 mm,crystal_N4,26.528571428571446,24.06587993471536
9.65 mm,crystal_N4,26.512380952380973,24.023968572649387
9.65 mm,crystal_N4,26.497285714285734,23.98218730130187
9.65 mm,crystal_N4,26.481333333333353,23.940536259118822
9.65 mm,crystal_N4,26.460095238095256,23.899015587018557
9.65 mm,crystal_N4,26.442476190476206,23.857625379547216
9.65 mm,crystal_N4,26.420238095238112,23.81636564517766
9.65 mm,crystal_N4,26.402761904761924,23.77523630521671
9.65 mm,crystal_N4,26.380761904761926,23.734237236615595
9.65 mm,crystal_N4,26.361714285714307,23.693368333838205
9.65 mm,crystal_N4,26.337761904761923,23.65262955453231
9.65 mm,crystal_N4,26.31652380952383,23.612020926189384
9.65 mm,crystal_N4,26.294238095238114,23.571542511320555
9.65 mm,crystal_N4,26.272904761904776,23.53119434571232
9.65 mm,crystal_N4,26.25138095238097,23.490976378129393
9.65 mm,crystal_N4,26.233238095238114,23.45088844568951
9.65 mm,crystal_N4,26.21104761904764,23.410930302915112
9.65 mm,crystal_N4,26.191095238095258,23.37110168933193
9.65 mm,crystal_N4,26.17133333333335,23.331402397523945
9.65 mm,crystal_N4,26.150857142857163,23.291832306676117
9.65 mm,crystal_N4,26.130238095238113,23.25239136738845
9.65 mm,crystal_N4,26.113428571428592,23.213079545164973
9.65 mm,crystal_N4,26.09690476190478,23.17389674569369
9.65 mm,crystal_N4,26.08238095238097,23.1348427567571
9.65 mm,crystal_N4,26.06504761904764,23.09591724038643
9.65 mm,crystal_N4,26.05133333333335,23.057119783122786
9.65 mm,crystal_N4,26.036714285714304,23.01844997754975
9.65 mm,crystal_N4,26.02190476190478,22.979907492346605
9.65 mm,crystal_N4,26.00466666666668,22.9414920985114
9.65 mm,crystal_N4,25.98680952380954,22.903203643022916
9.65 mm,crystal_N4,25.96747619047621,22.865041982311315
9.65 mm,crystal_N4,25.952714285714304,22.827006902168943
9.65 mm,crystal_N4,25.939952380952402,22.789098061051938
9.65 mm,crystal_N4,25.92728571428573,22.751314989954388
9.65 mm,crystal_N4,25.913190476190497,22.713657153252072
9.65 mm,crystal_N4,25.89661904761907,22.676124040037628
9.65 mm,crystal_N4,25.87642857142859,22.63871524185835
9.65 mm,crystal_N4,25.855666666666686,22.601430483973402
9.65 mm,crystal_N4,25.83857142857145,22.56426960002631
9.65 mm,crystal_N4,25.822285714285734,22.52723246125936
9.65 mm,crystal_N4,25.801619047619067,22.490318886399834
9.65 mm,crystal_N4,25.782238095238114,22.45352856993899
9.65 mm,crystal_N4,25.758000000000017,22.41686106649587
9.65 mm,crystal_N4,25.73752380952383,22.38031584243749
9.65 mm,crystal_N4,25.718333333333348,22.34389236782731
9.65 mm,crystal_N4,25.701761904761923,22.307590203789616
9.65 mm,crystal_N4,25.68033333333335,22.2714090492076
9.65 mm,crystal_N4,25.660000000000018,22.235348731258558
9.65 mm,crystal_N4,25.636238095238113,22.199409144264806
9.65 mm,crystal_N4,25.619666666666685,22.16359015624329
9.65 mm,crystal_N4,25.601666666666684,22.12789151400642
9.65 mm,crystal_N4,25.587523809523827,22.092312786933817
9.65 mm,crystal_N4,25.56952380952383,22.056853381134303
9.65 mm,crystal_N4,25.55385714285716,22.02151262002209
9.65 mm,crystal_N4,25.537714285714305,21.98628985147621
9.65 mm,crystal_N4,25.52204761904764,21.95118453450675
9.65 mm,crystal_N4,25.503761904761923,21.91619627516937
9.65 mm,crystal_N4,25.48833333333335,21.88132480353774
9.65 mm,crystal_N4,25.470142857142875,21.846569901862075
9.65 mm,crystal_N4,25.456142857142872,21.811931308862253
9.65 mm,crystal_N4,25.439047619047635,21.777408639334716
9.65 mm,crystal_N4,25.420333333333353,21.743001362082204
9.65 mm,crystal_N4,25.400190476190495,21.708708852673265
9.65 mm,crystal_N4,25.384000000000018,21.67453049384151
9.65 mm,crystal_N4,25.36480952380954,21.640465774263767
9.65 mm,crystal_N4,25.35642857142859,21.60651434766816
9.65 mm,crystal_N4,25.34685714285716,21.572676038463797
9.65 mm,crystal_N4,25.335476190476207,21.538950797210788
9.65 mm,crystal_N4,25.319714285714305,21.50533861717474
9.65 mm,crystal_N4,25.30233333333335,21.47183943077413
9.65 mm,crystal_N4,25.27942857142859,21.438453018620258
9.65 mm,crystal_N4,25.26157142857145,21.40517897432305
9.65 mm,crystal_N4,25.241476190476213,21.372016748812218
9.65 mm,crystal_N4,25.226761904761922,21.338965752603237
9.65 mm,crystal_N4,25.21090476190478,21.306025465146472
9.65 mm,crystal_N4,25.195095238095256,21.273195507847028
9.65 mm,crystal_N4,25.174761904761926,21.240475663816536
9.65 mm,crystal_N4,25.15638095238097,21.20786584859561
9.65 mm,crystal_N4,25.13942857142859,21.17536604322698
9.65 mm,crystal_N4,25.128000000000018,21.14297620177046
9.65 mm,crystal_N4,25.11309523809526,21.110696152079
9.65 mm,crystal_N4,25.10128571428573,21.078525525107054
9.65 mm,crystal_N4,25.082523809523828,21.04646375368609
9.65 mm,crystal_N4,25.06509523809526,21.01451015043652
9.65 mm,crystal_N4,25.045761904761925,20.982664027702427
9.65 mm,crystal_N4,25.026714285714306,20.950924805007265
9.65 mm,crystal_N4,25.004571428571445,20.919292068104223
9.65 mm,crystal_N4,24.98380952380954,20.887765572651503
9.65 mm,crystal_N4,24.96342857142859,20.856345203525713
9.65 mm,crystal_N4,24.94333333333335,20.825030903478627
9.65 mm,crystal_N4,24.920666666666683,20.793822582300063
9.65 mm,crystal_N4,24.902380952380973,20.76272002556413
9.65 mm,crystal_N4,24.883619047619064,20.731722841245663
9.65 mm,crystal_N4,24.867666666666686,20.700830481413547
9.65 mm,crystal_N4,24.852333333333352,20.67004233491769
9.65 mm,crystal_N4,24.834761904761926,20.639357843730867
9.65 mm,crystal_N4,24.816142857142875,20.608776590982213
9.65 mm,crystal_N4,24.79938095238097,20.578298334901355
9.65 mm,crystal_N4,24.784857142857163,20.547922991038273
9.65 mm,crystal_N4,24.77100000000002,20.517650579586928
9.65 mm,crystal_N4,24.756238095238114,20.487481154889736
9.65 mm,crystal_N4,24.74428571428573,20.457414726213628
9.65 mm,crystal_N4,24.732476190476206,20.42745117582338
9.65 mm,crystal_N4,24.718761904761923,20.397590196306993
9.65 mm,crystal_N4,24.708523809523825,20.36783128676344
9.65 mm,crystal_N4,24.695095238095256,20.338173825853527
9.65 mm,crystal_N4,24.680476190476206,20.308617190020772
9.65 mm,crystal_N4,24.666666666666686,20.2791608612671
9.65 mm,crystal_N4,24.650190476190495,20.24980448599957
9.65 mm,crystal_N4,24.63133333333335,20.220547877675767
9.65 mm,crystal_N4,24.61666666666669,20.191390977012563
9.65 mm,crystal_N4,24.60147619047621,20.162333789474015
9.65 mm,crystal_N4,24.58500000000002,20.133376315290494
9.65 mm,crystal_N4,24.57104761904764,20.104518477802728
9.65 mm,crystal_N4,24.552714285714302,20.07576005261174
9.65 mm,crystal_N4,24.533000000000015,20.047100617320346
9.65 mm,crystal_N4,24.516809523809542,20.018539560560413
9.65 mm,crystal_N4,24.506142857142876,19.990076165591923
9.65 mm,crystal_N4,24.494761904761923,19.961709733007147
9.65 mm,crystal_N4,24.48528571428573,19.933439686043002
9.65 mm,crystal_N4,24.470142857142875,19.905265622698995
9.65 mm,crystal_N4,24.453666666666685,19.877187311063928
9.65 mm,crystal_N4,24.438000000000017,19.84920464412425
9.65 mm,crystal_N4,24.424095238095255,19.821317574811083
9.65 mm,crystal_N4,24.407142857142873,19.793526047282263
9.65 mm,crystal_N4,24.391571428571446,19.765829931443918
9.65 mm,crystal_N4,24.37557142857144,19.7382289628208
9.65 mm,crystal_N4,24.357190476190496,19.71072270453133
9.65 mm,crystal_N4,24.3389523809524,19.683310566202632
9.65 mm,crystal_N4,24.324285714285732,19.65599189122927
9.65 mm,crystal_N4,24.30904761904764,19.628766074715376
9.65 mm,crystal_N4,24.293238095238113,19.601632657269093
9.65 mm,crystal_N4,24.275714285714304,19.574591363260765
9.65 mm,crystal_N4,24.25623809523811,19.547642084115022
9.65 mm,crystal_N4,24.238904761904784,19.52078482510693
9.65 mm,crystal_N4,24.225190476190498,19.494019636745637
9.65 mm,crystal_N4,24.211047619047633,19.467346546584906
9.65 mm,crystal_N4,24.20200000000002,19.440765500109674
9.65 mm,crystal_N4,24.19138095238097,19.414276312330145
9.65 mm,crystal_N4,24.179238095238112,19.38787863159836
9.65 mm,crystal_N4,24.164666666666683,19.36157193469431
9.65 mm,crystal_N4,24.14547619047621,19.33535558109927
9.65 mm,crystal_N4,24.121809523809546,19.30922892006924
9.65 mm,crystal_N4,24.09628571428573,19.283191403001197
9.65 mm,crystal_N4,24.071666666666687,19.257242653659713
9.65 mm,crystal_N4,24.051666666666684,19.23138247949416
9.65 mm,crystal_N4,24.034761904761922,19.205610835013676
9.65 mm,crystal_N4,24.021761904761924,19.179927758864004
9.65 mm,crystal_N4,24.00980952380954,19.154333304081515
9.65 mm,crystal_N4,23.9969523809524,19.128827474137374
9.65 mm,crystal_N4,23.98500000000002,19.10341017084476
9.65 mm,crystal_N4,23.969523809523828,19.078081155410764
9.65 mm,crystal_N4,23.954904761904782,19.052840023609082
9.65 mm,crystal_N4,23.946285714285732,19.02768620884811
9.65 mm,crystal_N4,23.932571428571446,19.00261903750272
9.65 mm,crystal_N4,23.919142857142873,18.97763783371561
9.65 mm,crystal_N4,23.90838095238097,18.95274202976793
9.65 mm,crystal_N4,23.892571428571443,18.92793123428353
9.65 mm,crystal_N4,23.87714285714287,18.903205240451868
9.65 mm,crystal_N4,23.86619047619049,18.87856398564053
9.65 mm,crystal_N4,23.846238095238107,18.854007485284228
9.65 mm,crystal_N4,23.827571428571446,18.829535761535503
9.65 mm,crystal_N4,23.811904761904778,18.805148779665995
9.65 mm,crystal_N4,23.797285714285728,18.780846398158126
9.65 mm,crystal_N4,23.78280952380954,18.75662833368328
9.65 mm,crystal_N4,23.774380952380966,18.732494140947527
9.65 mm,crystal_N4,23.761238095238113,18.70844321552248
9.65 mm,crystal_N4,23.744619047619068,18.68447484155045
9.65 mm,crystal_N4,23.724190476190493,18.660588292051397
9.65 mm,crystal_N4,23.70647619047621,18.63678294671905
9.65 mm,crystal_N4,23.69080952380954,18.613058374475113
9.65 mm,crystal_N4,23.678952380952396,18.589414353198315
9.65 mm,crystal_N4,23.667285714285732,18.565850833563537
9.65 mm,crystal_N4,23.6529523809524,18.54236787115248
9.65 mm,crystal_N4,23.63728571428573,18.51896555044683
9.65 mm,crystal_N4,23.621380952380967,18.49564391607513
9.65 mm,crystal_N4,23.604571428571447,18.472402918390173
9.65 mm,crystal_N4,23.59080952380954,18.449242374897178
9.65 mm,crystal_N4,23.57580952380954,18.42616194644789
9.65 mm,crystal_N4,23.555666666666685,18.40316112990363
9.65 mm,crystal_N4,23.53623809523811,18.38023928315823
9.65 mm,crystal_N4,23.519000000000016,18.357395705712594
9.65 mm,crystal_N4,23.502714285714305,18.334629763939795
9.65 mm,crystal_N4,23.49247619047621,18.311941006403814
9.65 mm,crystal_N4,23.482904761904777,18.289329218172895
9.65 mm,crystal_N4,23.47180952380954,18.26679440318098
9.65 mm,crystal_N4,23.459761904761923,18.244336716621607
9.65 mm,crystal_N4,23.44838095238097,18.221956377965924
9.65 mm,crystal_N4,23.434047619047632,18.199653587904148
9.65 mm,crystal_N4,23.4209523809524,18.177428461443032
9.65 mm,crystal_N4,23.412761904761922,18.15528098077296
9.65 mm,crystal_N4,23.405714285714303,18.133210966545793
9.65 mm,crystal_N4,23.395666666666685,18.11121806406953
9.65 mm,crystal_N4,23.388952380952396,18.08930174124601
9.65 mm,crystal_N4,23.38376190476192,18.067461302596875
9.65 mm,crystal_N4,23.37523809523811,18.045695942124897
9.65 mm,crystal_N4,23.36433333333335,18.024004854883827
9.65 mm,crystal_N4,23.354619047619067,18.0023873776414
9.65 mm,crystal_N4,23.34157142857144,17.980843090815206
9.65 mm,crystal_N4,23.33285714285716,17.959371835462576
9.65 mm,crystal_N4,23.323666666666682,17.937973647259447
9.65 mm,crystal_N4,23.310619047619067,17.916648638326205
11.65 mm,crystal_N2,28.268142857142877,30.98591428571431
11.65 mm,crystal_N2,28.27238095238097,30.985914285714237
11.65 mm,crystal_N2,28.273571428571447,30.985914285714188
11.65 mm,crystal_N2,28.27804761904764,30.985914285714152
11.65 mm,crystal_N2,28.281619047619067,30.985914285713996
11.65 mm,crystal_N2,28.287809523809543,30.985914285711356
11.65 mm,crystal_N2,28.29414285714288,30.98591428567931
11.65 mm,crystal_N2,28.30452380952383,30.985914285419923
11.65 mm,crystal_N2,28.307428571428588,30.985914283893177
11.65 mm,crystal_N2,28.307095238095258,30.985914276910716
11.65 mm,crystal_N2,28.30214285714288,30.98591425083915
11.65 mm,crystal_N2,28.29857142857145,30.985914168310305
11.65 mm,crystal_N2,28.29704761904764,30.985913940294495
11.65 mm,crystal_N2,28.295238095238112,30.985913377783636
11.65 mm,crystal_N2,28.293809523809543,30.98591211621413
11.65 mm,crystal_N2,28.289809523809545,30.98590950691485
11.65 mm,crystal_N2,28.288000000000018,30.985904472362016
11.65 mm,crystal_N2,28.2869523809524,30.985895325709865
11.65 mm,crystal_N2,28.283666666666686,30.985879559566435
11.65 mm,crystal_N2,28.28000000000002,30.985853613706844
11.65 mm,crystal_N2,28.277238095238115,30.985812635635394
11.65 mm,crystal_N2,28.274476190476207,30.98575025086276
11.65 mm,crystal_N2,28.27342857142859,30.985658360804827
11.65 mm,crystal_N2,28.275142857142875,30.98552698496731
11.65 mm,crystal_N2,28.27609523809526,30.98534416065011
11.65 mm,crystal_N2,28.27800000000002,30.985095908384245
11.65 mm,crystal_N2,28.269857142857163,30.98476626561535
11.65 mm,crystal_N2,28.25885714285716,30.984337385710667
11.65 mm,crystal_N2,28.247761904761923,30.983789694928117
11.65 mm,crystal_N2,28.240761904761925,30.983102096947245
11.65 mm,crystal_N2,28.237238095238112,30.98225221298722
11.65 mm,crystal_N2,28.236714285714303,30.981216645251067
11.65 mm,crystal_N2,28.234761904761925,30.97997125218545
11.65 mm,crystal_N2,28.22704761904764,30.97849142558144
11.65 mm,crystal_N2,28.22142857142859,30.97675236155569
11.65 mm,crystal_N2,28.21776190476192,30.974729319528848
11.65 mm,crystal_N2,28.211809523809542,30.97239786504237
11.65 mm,crystal_N2,28.205571428571446,30.96973409342096
11.65 mm,crystal_N2,28.196190476190495,30.966714831972187
11.65 mm,crystal_N2,28.18300000000002,30.96331781886414
11.65 mm,crystal_N2,28.170714285714304,30.95952185726368
11.65 mm,crystal_N2,28.156619047619067,30.955306943867313
11.65 mm,crystal_N2,28.141619047619066,30.950654371634098
11.65 mm,crystal_N2,28.131857142857164,30.945546807297383
11.65 mm,crystal_N2,28.1219523809524,30.93996834499803
11.65 mm,crystal_N2,28.114285714285735,30.933904538020858
11.65 mm,crystal_N2,28.10090476190478,30.927342411028974
11.65 mm,crystal_N2,28.081952380952398,30.92027045535413
11.65 mm,crystal_N2,28.058619047619068,30.912678609855423
11.65 mm,crystal_N2,28.03847619047621,30.90455822967712
11.65 mm,crystal_N2,28.016380952380977,30.895902044981895
11.65 mm,crystal_N2,27.99661904761907,30.88670411144015
11.65 mm,crystal_N2,27.978285714285736,30.876959753973047
11.65 mm,crystal_N2,27.95952380952383,30.866665505028234
11.65 mm,crystal_N2,27.938380952380967,30.85581903855093
11.65 mm,crystal_N2,27.920857142857166,30.844419100792756
11.65 mm,crystal_N2,27.896857142857165,30.832465439138016
11.65 mm,crystal_N2,27.872904761904785,30.8199587301717
11.65 mm,crystal_N2,27.857666666666688,30.80690050821417
11.65 mm,crystal_N2,27.8449523809524,30.793293095449428
11.65 mm,crystal_N2,27.833714285714308,30.77913953458094
11.65 mm,crystal_N2,27.817809523809544,30.764443524709964
11.65 mm,crystal_N2,27.794190476190497,30.74920936090028
11.65 mm,crystal_N2,27.76757142857145,30.73344187772164
11.65 mm,crystal_N2,27.738761904761926,30.71714639695642
11.65 mm,crystal_N2,27.709190476190493,30.700328679554033
11.65 mm,crystal_N2,27.678142857142877,30.682994881797814
11.65 mm,crystal_N2,27.642714285714305,30.66515151554582
11.65 mm,crystal_N2,27.601952380952397,30.64680541230565
11.65 mm,crystal_N2,27.558809523809543,30.627963690784437
11.65 mm,crystal_N2,27.522476190476212,30.608633727489263
11.65 mm,crystal_N2,27.49423809523811,30.588823129972067
11.65 mm,crystal_N2,27.474714285714306,30.568539712284032
11.65 mm,crystal_N2,27.459666666666685,30.547791472070173
11.65 mm,crystal_N2,27.43847619047621,30.5265865686587
11.65 mm,crystal_N2,27.417809523809545,30.504933301623485
11.65 mm,crystal_N2,27.402380952380973,30.482840089553804
11.65 mm,crystal_N2,27.383809523809543,30.460315449063632
11.65 mm,crystal_N2,27.365666666666687,30.43736797437149
11.65 mm,crystal_N2,27.35357142857145,30.414006317939887
11.65 mm,crystal_N2,27.338190476190498,30.390239172545563
11.65 mm,crystal_N2,27.32700000000002,30.366075254902515
11.65 mm,crystal_N2,27.313761904761925,30.3415232908476
11.65 mm,crystal_N2,27.300285714285735,30.31659200210693
11.65 mm,crystal_N2,27.28342857142859,30.2912900945632
11.65 mm,crystal_N2,27.269095238095257,30.265626247754273
11.65 mm,crystal_N2,27.242714285714303,30.23960910530524
11.65 mm,crystal_N2,27.216190476190494,30.21324726615479
11.65 mm,crystal_N2,27.185238095238113,30.186549276494443
11.65 mm,crystal_N2,27.155095238095257,30.159523622177275
11.65 mm,crystal_N2,27.120619047619066,30.132178721259933
11.65 mm,crystal_N2,27.087142857142876,30.10452291654515
11.65 mm,crystal_N2,27.042285714285732,30.07656446828431
11.65 mm,crystal_N2,26.99690476190478,30.04831154728419
11.65 mm,crystal_N2,26.954523809523828,30.019772228617217
11.65 mm,crystal_N2,26.923333333333353,29.990954486193566
11.65 mm,crystal_N2,26.89623809523811,29.961866188515003
11.65 mm,crystal_N2,26.876000000000023,29.932515095676667
11.65 mm,crystal_N2,26.851285714285734,29.90290885714578
11.65 mm,crystal_N2,26.828333333333354,29.87305500953753
11.65 mm,crystal_N2,26.80847619047621,29.84296097387527
11.65 mm,crystal_N2,26.794571428571448,29.812634052360803
11.65 mm,crystal_N2,26.77980952380954,29.782081424950974
11.65 mm,crystal_N2,26.76528571428573,29.751310145992584
11.65 mm,crystal_N2,26.747047619047642,29.72032714118426
11.65 mm,crystal_N2,26.726666666666688,29.68913920532289
11.65 mm,crystal_N2,26.702714285714304,29.65775300130955
11.65 mm,crystal_N2,26.68147619047621,29.62617506049881
11.65 mm,crystal_N2,26.66047619047621,29.594411783994907
11.65 mm,crystal_N2,26.640666666666682,29.562469444429517
11.65 mm,crystal_N2,26.622571428571447,29.53035418809394
11.65 mm,crystal_N2,26.604238095238117,29.498072037528807
11.65 mm,crystal_N2,26.58633333333335,29.465628894448944
11.65 mm,crystal_N2,26.56385714285716,29.433030542493796
11.65 mm,crystal_N2,26.530476190476207,29.40028264931265
11.65 mm,crystal_N2,26.50138095238097,29.367390767993776
11.65 mm,crystal_N2,26.475142857142878,29.334360338291276
11.65 mm,crystal_N2,26.45276190476192,29.30119668802812
11.65 mm,crystal_N2,26.424761904761922,29.267905034638087
11.65 mm,crystal_N2,26.375380952380972,29.23449048663508
11.65 mm,crystal_N2,26.305095238095255,29.20095804508012
11.65 mm,crystal_N2,26.235047619047638,29.167312605433608
11.65 mm,crystal_N2,26.174809523809543,29.133558960032026
11.65 mm,crystal_N2,26.13742857142859,29.099701800852003
11.65 mm,crystal_N2,26.10914285714287,29.065745721802344
11.65 mm,crystal_N2,26.087714285714306,29.031695220022595
11.65 mm,crystal_N2,26.06842857142859,28.99755469637379
11.65 mm,crystal_N2,26.05190476190478,28.963328455784193
11.65 mm,crystal_N2,26.04000000000002,28.929020707946535
11.65 mm,crystal_N2,26.030285714285732,28.894635568356005
11.65 mm,crystal_N2,26.021380952380973,28.860177059474193
11.65 mm,crystal_N2,26.022476190476205,28.825649112104085
11.65 mm,crystal_N2,26.02757142857145,28.79105556739887
11.65 mm,crystal_N2,26.029619047619065,28.75640017977217
11.65 mm,crystal_N2,26.03176190476192,28.72168662033586
11.65 mm,crystal_N2,26.030476190476207,28.686918479911707
11.65 mm,crystal_N2,26.020571428571444,28.652099270740884
11.65 mm,crystal_N2,26.003095238095256,28.617232426793475
11.65 mm,crystal_N2,25.978142857142874,28.582321303404456
11.65 mm,crystal_N2,25.950571428571447,28.547369177133913
11.65 mm,crystal_N2,25.91642857142859,28.512379246208745
11.65 mm,crystal_N2,25.881571428571444,28.477354631260962
11.65 mm,crystal_N2,25.8427142857143,28.44229837599352
11.65 mm,crystal_N2,25.804714285714304,28.407213447908752
11.65 mm,crystal_N2,25.764142857142872,28.372102739692078
11.65 mm,crystal_N2,25.731476190476208,28.336969071679775
11.65 mm,crystal_N2,25.697666666666684,28.301815195146663
11.65 mm,crystal_N2,25.669476190476207,28.266643795578766
11.65 mm,crystal_N2,25.644428571428588,28.231457495243774
11.65 mm,crystal_N2,25.623047619047632,28.196258855147292
11.65 mm,crystal_N2,25.59538095238097,28.16105037710995
11.65 mm,crystal_N2,25.57138095238097,28.12583450657637
11.65 mm,crystal_N2,25.548666666666684,28.090613635974357
11.65 mm,crystal_N2,25.528142857142875,28.05539010768561
11.65 mm,crystal_N2,25.50719047619049,28.020166215687045
11.65 mm,crystal_N2,25.493142857142875,27.984944205781385
11.65 mm,crystal_N2,25.476190476190496,27.949726275337035
11.65 mm,crystal_N2,25.460000000000015,27.91451457369193
11.65 mm,crystal_N2,25.436428571428593,27.879311203644775
11.65 mm,crystal_N2,25.414619047619066,27.84411822337245
11.65 mm,crystal_N2,25.38557142857145,27.80893764755628
11.65 mm,crystal_N2,25.35790476190478,27.773771446982522
11.65 mm,crystal_N2,25.331095238095255,27.738621547088123
11.65 mm,crystal_N2,25.310238095238113,27.70348982682372
11.65 mm,crystal_N2,25.28738095238097,27.668378119002973
11.65 mm,crystal_N2,25.266714285714308,27.63328821217615
11.65 mm,crystal_N2,25.236571428571445,27.598221852885892
11.65 mm,crystal_N2,25.203619047619068,27.56318074680389
11.65 mm,crystal_N2,25.16900000000002,27.528166558051524
11.65 mm,crystal_N2,25.14028571428573,27.49318090744712
11.65 mm,crystal_N2,25.11000000000002,27.45822537132898
11.65 mm,crystal_N2,25.084714285714302,27.423301482209276
11.65 mm,crystal_N2,25.06390476190478,27.388410731161102
11.65 mm,crystal_N2,25.045857142857162,27.353554570545498
11.65 mm,crystal_N2,25.015476190476207,27.318734415322623
11.65 mm,crystal_N2,24.988476190476206,27.283951642081274
11.65 mm,crystal_N2,24.95228571428573,27.249207586557205
11.65 mm,crystal_N2,24.915666666666684,27.214503541569673
11.65 mm,crystal_N2,24.887333333333352,27.179840757029957
11.65 mm,crystal_N2,24.863476190476213,27.14522044220955
11.65 mm,crystal_N2,24.8339523809524,27.11064376890803
11.65 mm,crystal_N2,24.807380952380967,27.076111873559917
11.65 mm,crystal_N2,24.77685714285716,27.04162585709042
11.65 mm,crystal_N2,24.750476190476206,27.00718678305849
11.65 mm,crystal_N2,24.732190476190496,26.972795676056165
11.65 mm,crystal_N2,24.71280952380954,26.93845352228105
11.65 mm,crystal_N2,24.692428571428586,26.904161272707505
11.65 mm,crystal_N2,24.67038095238097,26.86991984750799
11.65 mm,crystal_N2,24.647095238095254,26.83573013952092
11.65 mm,crystal_N2,24.626904761904783,26.80159301519396
11.65 mm,crystal_N2,24.601571428571447,26.767509313260735
11.65 mm,crystal_N2,24.568714285714307,26.733479843189286
11.65 mm,crystal_N2,24.537523809523826,26.69950538573748
11.65 mm,crystal_N2,24.511952380952398,26.665586696496966
11.65 mm,crystal_N2,24.491904761904777,26.631724511236644
11.65 mm,crystal_N2,24.484047619047637,26.597919550576975
11.65 mm,crystal_N2,24.47476190476192,26.564172521787007
11.65 mm,crystal_N2,24.460809523809544,26.53048411723019
11.65 mm,crystal_N2,24.447333333333354,26.49685501122842
11.65 mm,crystal_N2,24.436047619047635,26.463285858274812
11.65 mm,crystal_N2,24.42233333333335,26.429777294647714
11.65 mm,crystal_N2,24.41090476190478,26.39632994319795
11.65 mm,crystal_N2,24.39547619047621,26.36294441898136
11.65 mm,crystal_N2,24.379857142857162,26.329621332689843
11.65 mm,crystal_N2,24.36580952380954,26.29636128979949
11.65 mm,crystal_N2,24.352142857142873,26.263164885612454
11.65 mm,crystal_N2,24.334619047619064,26.23003269879588
11.65 mm,crystal_N2,24.316238095238113,26.196965287017164
11.65 mm,crystal_N2,24.288666666666686,26.163963187031857
11.65 mm,crystal_N2,24.259476190476207,26.131026918932626
11.65 mm,crystal_N2,24.231428571428587,26.098156991922146
11.65 mm,crystal_N2,24.205857142857163,26.06535390815688
11.65 mm,crystal_N2,24.18742857142859,26.03261816218011
11.65 mm,crystal_N2,24.177047619047634,25.999950235808836
11.65 mm,crystal_N2,24.163619047619065,25.96735059100944
11.65 mm,crystal_N2,24.151714285714302,25.934819664656516
11.65 mm,crystal_N2,24.133238095238113,25.90235786807024
11.65 mm,crystal_N2,24.107428571428592,25.869965591504183
11.65 mm,crystal_N2,24.075238095238113,25.837643211062982
11.65 mm,crystal_N2,24.043333333333347,25.805391094341644
11.65 mm,crystal_N2,24.017095238095255,25.773209601890613
11.65 mm,crystal_N2,24.0007142857143,25.741099084074595
11.65 mm,crystal_N2,23.988857142857157,25.709059875789087
11.65 mm,crystal_N2,23.981523809523825,25.677092292971075
11.65 mm,crystal_N2,23.963523809523824,25.645196633811942
11.65 mm,crystal_N2,23.940238095238108,25.61337318481153
11.65 mm,crystal_N2,23.912952380952397,25.58162222908766
11.65 mm,crystal_N2,23.88180952380954,25.54994405305449
11.65 mm,crystal_N2,23.848380952380968,25.51833894810342
11.65 mm,crystal_N2,23.81380952380954,25.48680720600033
11.65 mm,crystal_N2,23.775571428571446,25.455349109695184
11.65 mm,crystal_N2,23.74833333333335,25.42396492374126
11.65 mm,crystal_N2,23.732380952380968,25.392654888858424
11.65 mm,crystal_N2,23.723809523809543,25.361419222980093
11.65 mm,crystal_N2,23.713047619047636,25.33025812781449
11.65 mm,crystal_N2,23.699571428571446,25.299171797390525
11.65 mm,crystal_N2,23.68142857142859,25.26816042430199
11.65 mm,crystal_N2,23.670952380952397,25.237224200565272
11.65 mm,crystal_N2,23.662047619047634,25.20636331278544
11.65 mm,crystal_N2,23.656190476190492,25.1755779345596
11.65 mm,crystal_N2,23.643142857142873,25.14486822078254
11.65 mm,crystal_N2,23.629095238095253,25.11423430746304
11.65 mm,crystal_N2,23.611333333333352,25.083676317606237
11.65 mm,crystal_N2,23.60138095238097,25.053194370671562
11.65 mm,crystal_N2,23.584190476190493,25.02278859149654
11.65 mm,crystal_N2,23.567904761904778,24.992459114708275
11.65 mm,crystal_N2,23.54961904761906,24.962206082340227
11.65 mm,crystal_N2,23.533142857142874,24.932029635313313
11.65 mm,crystal_N2,23.519571428571446,24.90192990259828
11.65 mm,crystal_N2,23.511000000000017,24.87190699328394
11.65 mm,crystal_N2,23.494857142857157,24.841960995243692
11.65 mm,crystal_N2,23.479000000000013,24.812091980670868
11.65 mm,crystal_N2,23.46166666666668,24.782300015613778
11.65 mm,crystal_N2,23.438000000000017,24.75258516913593
11.65 mm,crystal_N2,23.410095238095256,24.72294751800114
11.65 mm,crystal_N2,23.380285714285726,24.69338714459049
11.65 mm,crystal_N2,23.348952380952397,24.66390412882344
11.65 mm,crystal_N2,23.324476190476204,24.634498538094903
11.65 mm,crystal_N2,23.304666666666684,24.605170420543665
11.65 mm,crystal_N2,23.28952380952383,24.57591980517631
11.65 mm,crystal_N2,23.2719523809524,24.5467467087746
11.65 mm,crystal_N2,23.25428571428573,24.517651146466793
11.65 mm,crystal_N2,23.234000000000016,24.48863314160932
11.65 mm,crystal_N2,23.21728571428573,24.45969273101577
11.65 mm,crystal_N2,23.203952380952398,24.430829963057977
11.65 mm,crystal_N2,23.193476190476204,24.402044888684625
11.65 mm,crystal_N2,23.175619047619065,24.37333754865646
11.65 mm,crystal_N2,23.157333333333348,24.344707962573406
11.65 mm,crystal_N2,23.134428571428586,24.316156124583433
11.65 mm,crystal_N2,23.11214285714287,24.287682007263815
11.65 mm,crystal_N2,23.09328571428573,24.259285571415422
11.65 mm,crystal_N2,23.070523809523827,24.230966777435476
11.65 mm,crystal_N2,23.03728571428573,24.202725593818265
11.65 mm,crystal_N2,23.000476190476206,24.17456199946661
11.65 mm,crystal_N2,22.96390476190478,24.146475978542863
11.65 mm,crystal_N2,22.935857142857156,24.11846750965132
11.65 mm,crystal_N2,22.912571428571447,24.090536554240494
11.65 mm,crystal_N2,22.884095238095252,24.062683049917243
11.65 mm,crystal_N2,22.8539523809524,24.034906911839848
11.65 mm,crystal_N2,22.827380952380967,24.007208041290287
11.65 mm,crystal_N2,22.807476190476205,23.979586337566428
11.65 mm,crystal_N2,22.788476190476207,23.952041708591977
11.65 mm,crystal_N2,22.758714285714298,23.924574076507106
11.65 mm,crystal_N2,22.725523809523825,23.897183376131064
11.65 mm,crystal_N2,22.693476190476204,23.869869546636014
11.65 mm,crystal_N2,22.663095238095252,23.842632519992492
11.65 mm,crystal_N2,22.635142857142867,23.81547221188722
11.65 mm,crystal_N2,22.608428571428586,23.788388519715205
11.65 mm,crystal_N2,22.582571428571445,23.76138132844962
11.65 mm,crystal_N2,22.56833333333335,23.73445052144979
11.65 mm,crystal_N2,22.559428571428587,23.70759599164639
11.65 mm,crystal_N2,22.555095238095255,23.68081764907209
11.65 mm,crystal_N2,22.541476190476207,23.6541154221917
11.65 mm,crystal_N2,22.521428571428586,23.627489252098734
11.65 mm,crystal_N2,22.495619047619066,23.600939080773063
11.65 mm,crystal_N2,22.47509523809525,23.5744648374679
11.65 mm,crystal_N2,22.458904761904776,23.548066429048713
11.65 mm,crystal_N2,22.44628571428573,23.521743738565164
11.65 mm,crystal_N2,22.42576190476192,23.495496632241803
11.65 mm,crystal_N2,22.40738095238097,23.469324971352112
11.65 mm,crystal_N2,22.383000000000017,23.443228624093678
11.65 mm,crystal_N2,22.357142857142872,23.41720747345705
11.65 mm,crystal_N2,22.325619047619064,23.391261418832354
11.65 mm,crystal_N2,22.29590476190478,23.36539037069194
11.65 mm,crystal_N2,22.272095238095254,23.339594239419107
11.65 mm,crystal_N2,22.257047619047633,23.313872921908946
11.65 mm,crystal_N2,22.24538095238097,23.28822629159875
11.65 mm,crystal_N2,22.229000000000013,23.262654196586766
11.65 mm,crystal_N2,22.206619047619064,23.237156466546686
11.65 mm,crystal_N2,22.19380952380954,23.21173292510725
11.65 mm,crystal_N2,22.18728571428573,23.186383402646264
11.65 mm,crystal_N2,22.180095238095255,23.161107745196553
11.65 mm,crystal_N2,22.170809523809538,23.13590581705492
11.65 mm,crystal_N2,22.15180952380954,23.11077749644691
11.65 mm,crystal_N2,22.12528571428573,23.085722665194076
11.65 mm,crystal_N2,22.104476190476205,23.06074119562343
11.65 mm,crystal_N2,22.085857142857158,23.035832940185994
11.65 mm,crystal_N2,22.06852380952382,23.01099772880801
11.65 mm,crystal_N2,22.05333333333335,22.986235375281584
11.65 mm,crystal_N2,22.043190476190492,22.961545689686346
11.65 mm,crystal_N2,22.025761904761914,22.936928491709523
11.65 mm,crystal_N2,22.009952380952395,22.9123836202926
11.65 mm,crystal_N2,21.987571428571446,22.887910937042825
11.65 mm,crystal_N2,21.963476190476207,22.863510322867175
11.65 mm,crystal_N2,21.94514285714287,22.83918166873879
11.65 mm,crystal_N2,21.92614285714287,22.814924863065567
11.65 mm,crystal_N2,21.895047619047634,22.790739780183443
11.65 mm,crystal_N2,21.871476190476205,22.76662627514813
11.65 mm,crystal_N2,21.84433333333335,22.74258418741204
11.65 mm,crystal_N2,21.820714285714303,22.718613351610625
11.65 mm,crystal_N2,21.803238095238108,22.694713610677532
11.65 mm,crystal_N2,21.782095238095252,22.670884826298824
11.65 mm,crystal_N2,21.762000000000015,22.647126883506253
11.65 mm,crystal_N2,21.747809523809536,22.623439688470178
11.65 mm,crystal_N2,21.73038095238097,22.599823160233147
11.65 mm,crystal_N2,21.712333333333348,22.576277218109578
11.65 mm,crystal_N2,21.6887142857143,22.55280176765458
11.65 mm,crystal_N2,21.668476190476206,22.529396689767253
11.65 mm,crystal_N2,21.655047619047636,22.506061837629414
11.65 mm,crystal_N2,21.644476190476205,22.482797043149397
11.65 mm,crystal_N2,21.63676190476192,22.459602130180606
11.65 mm,crystal_N2,21.631523809523824,22.436476929165494
11.65 mm,crystal_N2,21.621952380952393,22.413421288157284
11.65 mm,crystal_N2,21.620142857142874,22.390435077313143
11.65 mm,crystal_N2,21.613809523809536,22.367518186331864
11.65 mm,crystal_N2,21.60428571428573,22.344670515978777
11.65 mm,crystal_N2,21.588142857142874,22.321891965757352
11.65 mm,crystal_N2,21.57547619047621,22.29918242072525
11.65 mm,crystal_N2,21.558476190476206,22.27654174179974
11.65 mm,crystal_N2,21.546571428571443,22.25396976398028
11.65 mm,crystal_N2,21.534000000000013,22.231466304011647
11.65 mm,crystal_N2,21.524476190476207,22.209031174623245
11.65 mm,crystal_N2,21.514000000000014,22.186664199797082
11.65 mm,crystal_N2,21.50752380952382,22.164365225856454
11.65 mm,crystal_N2,21.4947142857143,22.142134125461077
11.65 mm,crystal_N2,21.48028571428573,22.11997079413076
11.65 mm,crystal_N2,21.467619047619063,22.097875140668116
11.65 mm,crystal_N2,21.453428571428585,22.075847073685114
11.65 mm,crystal_N2,21.439857142857157,22.053886487021092
11.65 mm,crystal_N2,21.426523809523825,22.03199324796632
11.65 mm,crystal_N2,21.40214285714287,22.01016719294138
11.65 mm,crystal_N2,21.373666666666683,21.988408133327024
11.65 mm,crystal_N2,21.350000000000016,21.96671586969791
11.65 mm,crystal_N2,21.328952380952394,21.94509020901179
11.65 mm,crystal_N2,21.31566666666668,21.923530978717924
11.65 mm,crystal_N2,21.308904761904774,21.902038033796963
11.65 mm,crystal_N2,21.29923809523811,21.880611255519984
11.65 mm,crystal_N2,21.290857142857156,21.859250542743084
11.65 mm,crystal_N3,25.710095238095256,27.13014285714288
11.65 mm,crystal_N3,25.71728571428573,27.13014285714281
11.65 mm,crystal_N3,25.725047619047636,27.130142857142772
11.65 mm,crystal_N3,25.73090476190478,27.130142857142733
11.65 mm,crystal_N3,25.737619047619063,27.130142857142328
11.65 mm,crystal_N3,25.745666666666686,27.130142857134707
11.65 mm,crystal_N3,25.75242857142859,27.130142857048554
11.65 mm,crystal_N3,25.757619047619066,27.130142856404856
11.65 mm,crystal_N3,25.759476190476207,27.130142852922013
11.65 mm,crystal_N3,25.760238095238115,27.130142838317653
11.65 mm,crystal_N3,25.757285714285732,27.130142788391282
11.65 mm,crystal_N3,25.756190476190497,27.13014264375519
11.65 mm,crystal_N3,25.75285714285716,27.130142277846755
11.65 mm,crystal_N3,25.744952380952398,27.13014145011265
11.65 mm,crystal_N3,25.732047619047638,27.130139744009448
11.65 mm,crystal_N3,25.720285714285733,27.13013649110345
11.65 mm,crystal_N3,25.709761904761923,27.130130683715727
11.65 mm,crystal_N3,25.711571428571446,27.130120879229604
11.65 mm,crystal_N3,25.720666666666688,27.130105099535026
11.65 mm,crystal_N3,25.735619047619064,27.13008072930875
11.65 mm,crystal_N3,25.749095238095258,27.13004441700072
11.65 mm,crystal_N3,25.756761904761923,27.12999198250197
11.65 mm,crystal_N3,25.7559523809524,27.12991833545277
11.65 mm,crystal_N3,25.754857142857162,27.129817407951816
11.65 mm,crystal_N3,25.74833333333335,27.129682105008392
11.65 mm,crystal_N3,25.747000000000018,27.129504275434016
11.65 mm,crystal_N3,25.75085714285716,27.129274705035005
11.65 mm,crystal_N3,25.75438095238097,27.128983133006177
11.65 mm,crystal_N3,25.758190476190492,27.128618291412277
11.65 mm,crystal_N3,25.76828571428573,27.128167966649997
11.65 mm,crystal_N3,25.781095238095258,27.127619080888138
11.65 mm,crystal_N3,25.799666666666685,27.126957790766973
11.65 mm,crystal_N3,25.820047619047635,27.1261696001639
11.65 mm,crystal_N3,25.829142857142877,27.125239483620824
11.65 mm,crystal_N3,25.82885714285716,27.124152017036376
11.65 mm,crystal_N3,25.821952380952396,27.12289151236844
11.65 mm,crystal_N3,25.814190476190493,27.121442153287756
11.65 mm,crystal_N3,25.81080952380954,27.119788128936342
11.65 mm,crystal_N3,25.80604761904764,27.117913763186092
11.65 mm,crystal_N3,25.79633333333335,27.115803637092718
11.65 mm,crystal_N3,25.78542857142859,27.113442702601187
11.65 mm,crystal_N3,25.769000000000016,27.110816385960316
11.65 mm,crystal_N3,25.758047619047638,27.107910679716667
11.65 mm,crystal_N3,25.748190476190494,27.104712222562668
11.65 mm,crystal_N3,25.738761904761922,27.10120836670189
11.65 mm,crystal_N3,25.728142857142874,27.097387232760873
11.65 mm,crystal_N3,25.72033333333335,27.09323775261128
11.65 mm,crystal_N3,25.706761904761922,27.08874970075547
11.65 mm,crystal_N3,25.695523809523827,27.083913715146323
11.65 mm,crystal_N3,25.677904761904777,27.078721308437878
11.65 mm,crystal_N3,25.661619047619062,27.07316487069795
11.65 mm,crystal_N3,25.651333333333348,27.06723766458739
11.65 mm,crystal_N3,25.651619047619064,27.060933813952552
11.65 mm,crystal_N3,25.65442857142859,27.054248286716202
11.65 mm,crystal_N3,25.652142857142877,27.047176872902632
11.65 mm,crystal_N3,25.642000000000017,27.039716158583843
11.65 mm,crystal_N3,25.630428571428588,27.031863496469402
11.65 mm,crystal_N3,25.622380952380972,27.023616973790123
11.65 mm,crystal_N3,25.61885714285716,27.014975378059937
11.65 mm,crystal_N3,25.617190476190494,27.005938161244607
11.65 mm,crystal_N3,25.61338095238097,26.99650540282738
11.65 mm,crystal_N3,25.608190476190497,26.98667777224935
11.65 mm,crystal_N3,25.6039523809524,26.97645649119693
11.65 mm,crystal_N3,25.59800000000002,26.965843296181824
11.65 mm,crystal_N3,25.59080952380954,26.95484040181253
11.65 mm,crystal_N3,25.586714285714308,26.94345046510962
11.65 mm,crystal_N3,25.5919523809524,26.931676551150602
11.65 mm,crystal_N3,25.597857142857162,26.919522100220327
11.65 mm,crystal_N3,25.602238095238114,26.906990896518312
11.65 mm,crystal_N3,25.606000000000016,26.89408703840116
11.65 mm,crystal_N3,25.59980952380954,26.880814910125263
11.65 mm,crystal_N3,25.590761904761926,26.867179155052188
11.65 mm,crystal_N3,25.583952380952397,26.853184650268453
11.65 mm,crystal_N3,25.573714285714303,26.83883648258157
11.65 mm,crystal_N3,25.56538095238097,26.824139925893377
11.65 mm,crystal_N3,25.566285714285733,26.80910041996022
11.65 mm,crystal_N3,25.566809523809543,26.79372355048872
11.65 mm,crystal_N3,25.572714285714305,26.77801503043964
11.65 mm,crystal_N3,25.577142857142878,26.761980682405703
11.65 mm,crystal_N3,25.57404761904764,26.74562642199306
11.65 mm,crystal_N3,25.56390476190478,26.7289582421864
11.65 mm,crystal_N3,25.55338095238097,26.711982198668732
11.65 mm,crystal_N3,25.545761904761925,26.69470439604917
11.65 mm,crystal_N3,25.54480952380954,26.67713097498582
11.65 mm,crystal_N3,25.54238095238097,26.65926810024591
11.65 mm,crystal_N3,25.535571428571444,26.64112194973294
11.65 mm,crystal_N3,25.522380952380967,26.622698704415356
11.65 mm,crystal_N3,25.51185714285716,26.60400453900465
11.65 mm,crystal_N3,25.503000000000018,26.585045613250344
11.65 mm,crystal_N3,25.498809523809538,26.565828063824334
11.65 mm,crystal_N3,25.49490476190478,26.546357996841763
11.65 mm,crystal_N3,25.49038095238097,26.526641481043647
11.65 mm,crystal_N3,25.483904761904782,26.506684541602382
11.65 mm,crystal_N3,25.477523809523827,26.486493154507137
11.65 mm,crystal_N3,25.4677142857143,26.466073241552223
11.65 mm,crystal_N3,25.454047619047643,26.44543066599787
11.65 mm,crystal_N3,25.440238095238115,26.424571228919376
11.65 mm,crystal_N3,25.414333333333353,26.40350066613923
11.65 mm,crystal_N3,25.380238095238116,26.382224645563905
11.65 mm,crystal_N3,25.34652380952383,26.360748764799155
11.65 mm,crystal_N3,25.316285714285733,26.33907854903783
11.65 mm,crystal_N3,25.287761904761922,26.317219449282817
11.65 mm,crystal_N3,25.267285714285734,26.295176840919805
11.65 mm,crystal_N3,25.245238095238115,26.27295602255246
11.65 mm,crystal_N3,25.232619047619067,26.25056221497372
11.65 mm,crystal_N3,25.2249523809524,26.22800056022139
11.65 mm,crystal_N3,25.221285714285735,26.205276120779402
11.65 mm,crystal_N3,25.21276190476192,26.182393879019596
11.65 mm,crystal_N3,25.198428571428593,26.159358736886325
11.65 mm,crystal_N3,25.174857142857164,26.136175515678005
11.65 mm,crystal_N3,25.150047619047637,26.112848955710263
11.65 mm,crystal_N3,25.125047619047635,26.08938371573047
11.65 mm,crystal_N3,25.103619047619066,26.065784372134928
11.65 mm,crystal_N3,25.085047619047636,26.042055418174463
11.65 mm,crystal_N3,25.075047619047638,26.018201263323153
11.65 mm,crystal_N3,25.066428571428588,25.994226232855468
11.65 mm,crystal_N3,25.063904761904777,25.970134567557842
11.65 mm,crystal_N3,25.05685714285716,25.94593042350097
11.65 mm,crystal_N3,25.04576190476192,25.921617871913664
11.65 mm,crystal_N3,25.029238095238114,25.897200899306192
11.65 mm,crystal_N3,25.011047619047638,25.872683407979984
11.65 mm,crystal_N3,24.9939523809524,25.848069216928707
11.65 mm,crystal_N3,24.98080952380954,25.82336206299677
11.65 mm,crystal_N3,24.961523809523825,25.79856560214347
11.65 mm,crystal_N3,24.95252380952383,25.77368341078182
11.65 mm,crystal_N3,24.929238095238112,25.74871898730611
11.65 mm,crystal_N3,24.902476190476207,25.723675753949113
11.65 mm,crystal_N3,24.87738095238097,25.698557058977485
11.65 mm,crystal_N3,24.861666666666686,25.67336617902936
11.65 mm,crystal_N3,24.845761904761922,25.64810632126718
11.65 mm,crystal_N3,24.836428571428588,25.62278062507761
11.65 mm,crystal_N3,24.81523809523811,25.597392163281782
11.65 mm,crystal_N3,24.793666666666685,25.57194394307101
11.65 mm,crystal_N3,24.764761904761926,25.546438906979024
11.65 mm,crystal_N3,24.73900000000002,25.52087993408348
11.65 mm,crystal_N3,24.699571428571446,25.49526984138467
11.65 mm,crystal_N3,24.665666666666684,25.469611385102137
11.65 mm,crystal_N3,24.625523809523827,25.44390726160497
11.65 mm,crystal_N3,24.58076190476192,25.41816010788149
11.65 mm,crystal_N3,24.531095238095254,25.39237250173778
11.65 mm,crystal_N3,24.486190476190494,25.36654696208668
11.65 mm,crystal_N3,24.450190476190492,25.3406859496308
11.65 mm,crystal_N3,24.438190476190492,25.314791867995865
11.65 mm,crystal_N3,24.432095238095254,25.288867065096678
11.65 mm,crystal_N3,24.434619047619062,25.26291383439105
11.65 mm,crystal_N3,24.442333333333348,25.236934415791914
11.65 mm,crystal_N3,24.44185714285716,25.210930996300085
11.65 mm,crystal_N3,24.44080952380954,25.18490571068234
11.65 mm,crystal_N3,24.444238095238113,25.158860642558068
11.65 mm,crystal_N3,24.450142857142875,25.1327978260438
11.65 mm,crystal_N3,24.460523809523828,25.10671924777771
11.65 mm,crystal_N3,24.462380952380972,25.080626848898735
11.65 mm,crystal_N3,24.449000000000016,25.054522526531827
11.65 mm,crystal_N3,24.428619047619062,25.028408134572746
11.65 mm,crystal_N3,24.40866666666668,25.002285483956108
11.65 mm,crystal_N3,24.39090476190478,24.97615634289322
11.65 mm,crystal_N3,24.37861904761906,24.95002243758343
11.65 mm,crystal_N3,24.37190476190478,24.92388545362676
11.65 mm,crystal_N3,24.37033333333335,24.897747037965928
11.65 mm,crystal_N3,24.36514285714287,24.871608800876107
11.65 mm,crystal_N3,24.365619047619063,24.845472317447943
11.65 mm,crystal_N3,24.351952380952397,24.819339128220772
11.65 mm,crystal_N3,24.331619047619064,24.793210739038884
11.65 mm,crystal_N3,24.31614285714287,24.76708862061138
11.65 mm,crystal_N3,24.309666666666686,24.740974208415246
11.65 mm,crystal_N3,24.298142857142874,24.714868903393814
11.65 mm,crystal_N3,24.289380952380967,24.688774073483568
11.65 mm,crystal_N3,24.264333333333347,24.66269105557665
11.65 mm,crystal_N3,24.235904761904777,24.636621157294076
11.65 mm,crystal_N3,24.195809523809537,24.610565658004873
11.65 mm,crystal_N3,24.153000000000016,24.584525808868975
11.65 mm,crystal_N3,24.09890476190478,24.558502832165928
11.65 mm,crystal_N3,24.04480952380954,24.532497920546717
11.65 mm,crystal_N3,23.990904761904776,24.506512236899447
11.65 mm,crystal_N3,23.949571428571446,24.480546915224657
11.65 mm,crystal_N3,23.907904761904774,24.454603062437684
11.65 mm,crystal_N3,23.873952380952396,24.42868176058828
11.65 mm,crystal_N3,23.83780952380954,24.402784068785056
11.65 mm,crystal_N3,23.799523809523826,24.376911024205505
11.65 mm,crystal_N3,23.758761904761922,24.35106364194231
11.65 mm,crystal_N3,23.724000000000018,24.32524291395115
11.65 mm,crystal_N3,23.688619047619063,24.299449807787095
11.65 mm,crystal_N3,23.659523809523826,24.27368526592157
11.65 mm,crystal_N3,23.635238095238115,24.247950206169715
11.65 mm,crystal_N3,23.607571428571447,24.222245523275337
11.65 mm,crystal_N3,23.575571428571443,24.196572091219103
11.65 mm,crystal_N3,23.54300000000002,24.170930765513557
11.65 mm,crystal_N3,23.513190476190495,24.145322384717492
11.65 mm,crystal_N3,23.48833333333335,24.119747770656502
11.65 mm,crystal_N3,23.463285714285732,24.09420772732258
11.65 mm,crystal_N3,23.445047619047635,24.068703038970522
11.65 mm,crystal_N3,23.421761904761922,24.043234468274616
11.65 mm,crystal_N3,23.396571428571445,24.017802755373893
11.65 mm,crystal_N3,23.385809523809538,23.99240861825356
11.65 mm,crystal_N3,23.379904761904776,23.967052754384845
11.65 mm,crystal_N3,23.373857142857155,23.941735843092832
11.65 mm,crystal_N3,23.381000000000014,23.91645854787433
11.65 mm,crystal_N3,23.390857142857158,23.891221517901037
11.65 mm,crystal_N3,23.40685714285716,23.86602538822308
11.65 mm,crystal_N3,23.424571428571443,23.84087077868681
11.65 mm,crystal_N3,23.439000000000018,23.815758292122382
11.65 mm,crystal_N3,23.43638095238097,23.790688512679914
11.65 mm,crystal_N3,23.423523809523825,23.76566200512275
11.65 mm,crystal_N3,23.407095238095255,23.740679315482033
11.65 mm,crystal_N3,23.39923809523811,23.715740972956826
11.65 mm,crystal_N3,23.38133333333335,23.690847492519975
11.65 mm,crystal_N3,23.366809523809536,23.665999377467912
11.65 mm,crystal_N3,23.342523809523826,23.641197121157443
11.65 mm,crystal_N3,23.32285714285716,23.616441207414063
11.65 mm,crystal_N3,23.30476190476192,23.59173210955665
11.65 mm,crystal_N3,23.287523809523826,23.567070288534424
11.65 mm,crystal_N3,23.25585714285716,23.542456191050213
11.65 mm,crystal_N3,23.229619047619064,23.517890248540702
11.65 mm,crystal_N3,23.198952380952395,23.493372877511884
11.65 mm,crystal_N3,23.171571428571443,23.468904481204998
11.65 mm,crystal_N3,23.146095238095253,23.44448545213113
11.65 mm,crystal_N3,23.121571428571443,23.420116174781835
11.65 mm,crystal_N3,23.092476190476205,23.395797027789257
11.65 mm,crystal_N3,23.07290476190478,23.371528384927608
11.65 mm,crystal_N3,23.049857142857164,23.34731061461886
11.65 mm,crystal_N3,23.028142857142875,23.32314407804556
11.65 mm,crystal_N3,23.01338095238097,23.299029126481493
11.65 mm,crystal_N3,23.006714285714303,23.27496609877622
11.65 mm,crystal_N3,23.005523809523826,23.250955319868126
11.65 mm,crystal_N3,23.014523809523823,23.22699710078603
11.65 mm,crystal_N3,23.02380952380954,23.203091740060163
11.65 mm,crystal_N3,23.029523809523827,23.179239526043357
11.65 mm,crystal_N3,23.027619047619062,23.155440739452338
11.65 mm,crystal_N3,23.032000000000018,23.13169565545172
11.65 mm,crystal_N3,23.041047619047635,23.108004544732307
11.65 mm,crystal_N3,23.041904761904778,23.084367673240646
11.65 mm,crystal_N3,23.037904761904777,23.060785300540804
11.65 mm,crystal_N3,23.026619047619064,23.037257677237108
11.65 mm,crystal_N3,22.993619047619063,23.013785042285292
11.65 mm,crystal_N3,22.959190476190493,22.990367621116327
11.65 mm,crystal_N3,22.924047619047634,22.967005625204273
11.65 mm,crystal_N3,22.895047619047638,22.943699253188846
11.65 mm,crystal_N3,22.86885714285716,22.92044869317609
11.65 mm,crystal_N3,22.84528571428573,22.89725412556275
11.65 mm,crystal_N3,22.82442857142859,22.874115725690416
11.65 mm,crystal_N3,22.81280952380954,22.851033665753786
11.65 mm,crystal_N3,22.81423809523811,22.828008115566508
11.65 mm,crystal_N3,22.84338095238097,22.805039242007958
11.65 mm,crystal_N3,22.88309523809525,22.782127207293442
11.65 mm,crystal_N3,22.920333333333346,22.759272166614775
11.65 mm,crystal_N3,22.95380952380954,22.736474265989578
11.65 mm,crystal_N3,22.975952380952396,22.71373364111789
11.65 mm,crystal_N3,22.984666666666683,22.691050417662446
11.65 mm,crystal_N3,22.986523809523824,22.668424712856588
11.65 mm,crystal_N3,22.97876190476192,22.6458566379424
11.65 mm,crystal_N3,22.95966666666668,22.623346300773868
11.65 mm,crystal_N3,22.940047619047636,22.600893807971865
11.65 mm,crystal_N3,22.92366666666668,22.57849926619521
11.65 mm,crystal_N3,22.90076190476192,22.556162782295324
11.65 mm,crystal_N3,22.880190476190492,22.533884462301664
11.65 mm,crystal_N3,22.855523809523827,22.511664409387713
11.65 mm,crystal_N3,22.831142857142872,22.48950272125579
11.65 mm,crystal_N3,22.803952380952396,22.46739948766234
11.65 mm,crystal_N3,22.7719523809524,22.44535478886523
11.65 mm,crystal_N3,22.731476190476204,22.423368695501054
11.65 mm,crystal_N3,22.699000000000016,22.40144126992147
11.65 mm,crystal_N3,22.674523809523823,22.379572568574048
11.65 mm,crystal_N3,22.65590476190478,22.357762644773537
11.65 mm,crystal_N3,22.635095238095253,22.336011551203235
11.65 mm,crystal_N3,22.613095238095255,22.314319341640374
11.65 mm,crystal_N3,22.588047619047632,22.292686071617858
11.65 mm,crystal_N3,22.566476190476205,22.271111797940975
11.65 mm,crystal_N3,22.54480952380954,22.24959657714743
11.65 mm,crystal_N3,22.527571428571445,22.22814046317771
11.65 mm,crystal_N3,22.51114285714287,22.206743504755426
11.65 mm,crystal_N3,22.500809523809536,22.18540574317142
11.65 mm,crystal_N3,22.491428571428585,22.164127211138386
11.65 mm,crystal_N3,22.486523809523824,22.14290793306409
11.65 mm,crystal_N3,22.487238095238112,22.12174792662993
11.65 mm,crystal_N3,22.487619047619063,22.100647205179822
11.65 mm,crystal_N3,22.47833333333335,22.079605780259243
11.65 mm,crystal_N3,22.466000000000015,22.05862366369483
11.65 mm,crystal_N3,22.44676190476192,22.037700868788953
11.65 mm,crystal_N3,22.423761904761918,22.01683741042845
11.65 mm,crystal_N3,22.409047619047634,21.99603330410566
11.65 mm,crystal_N3,22.40019047619049,21.97528856400232
11.65 mm,crystal_N3,22.38861904761906,21.954603200424557
11.65 mm,crystal_N3,22.374428571428584,21.933977217053986
11.65 mm,crystal_N3,22.349333333333348,21.913410608657237
11.65 mm,crystal_N3,22.31914285714287,21.89290335991023
11.65 mm,crystal_N3,22.2787142857143,21.87245544572887
11.65 mm,crystal_N3,22.241523809523823,21.852066833044404
11.65 mm,crystal_N3,22.20566666666668,21.831737483543304
11.65 mm,crystal_N3,22.17800000000002,21.811467356680204
11.65 mm,crystal_N3,22.15061904761906,21.79125641229702
11.65 mm,crystal_N3,22.13066666666668,21.771104612365498
11.65 mm,crystal_N3,22.10390476190478,21.751011921609475
11.65 mm,crystal_N3,22.083000000000013,21.730978306978617
11.65 mm,crystal_N3,22.060952380952394,21.71100373610279
11.65 mm,crystal_N3,22.04176190476192,21.69108817496384
11.65 mm,crystal_N3,22.02076190476192,21.67123158513766
11.65 mm,crystal_N3,21.994857142857157,21.651433921129073
11.65 mm,crystal_N3,21.96123809523811,21.631695128466845
11.65 mm,crystal_N3,21.93376190476192,21.612015143160466
11.65 mm,crystal_N3,21.914095238095257,21.592393892762452
11.65 mm,crystal_N3,21.915142857142868,21.572831298784156
11.65 mm,crystal_N3,21.91828571428573,21.553327279825645
11.65 mm,crystal_N3,21.91366666666668,21.533881754651162
11.65 mm,crystal_N3,21.899285714285732,21.514494644555377
11.65 mm,crystal_N3,21.878095238095252,21.495165874614624
11.65 mm,crystal_N3,21.86438095238097,21.475895373684825
11.65 mm,crystal_N3,21.86161904761906,21.45668307322196
11.65 mm,crystal_N3,21.852190476190493,21.43752890513801
11.65 mm,crystal_N3,21.8387142857143,21.41843279899004
11.65 mm,crystal_N3,21.82928571428573,21.399394678904414
11.65 mm,crystal_N3,21.82214285714287,21.380414460814208
11.65 mm,crystal_N3,21.82419047619049,21.361492050734636
11.65 mm,crystal_N3,21.82819047619049,21.342627344696766
11.65 mm,crystal_N3,21.827047619047637,21.32382023052373
11.65 mm,crystal_N3,21.82138095238097,21.3050705910622
11.65 mm,crystal_N3,21.81876190476192,21.2863783080685
11.65 mm,crystal_N3,21.819714285714298,21.26774326585347
11.65 mm,crystal_N3,21.819666666666684,21.249165353972007
11.65 mm,crystal_N3,21.811476190476206,21.230644468559145
11.65 mm,crystal_N3,21.794476190476203,21.21218051222823
11.65 mm,crystal_N3,21.77242857142859,21.19377339267922
11.65 mm,crystal_N3,21.75066666666668,21.175423020299196
11.65 mm,crystal_N3,21.72666666666668,21.15712930509114
11.65 mm,crystal_N3,21.71209523809525,21.138892153297625
11.65 mm,crystal_N3,21.700095238095255,21.120711464176562
11.65 mm,crystal_N3,21.71523809523811,21.102587127556134
11.65 mm,crystal_N3,21.740571428571442,21.08451902288073
11.65 mm,crystal_N3,21.760476190476204,21.06650702023288
11.65 mm,crystal_N3,21.763142857142874,21.04855098327264
11.65 mm,crystal_N3,21.767000000000014,21.030650773443604
11.65 mm,crystal_N3,21.764190476190493,21.012806254453025
11.65 mm,crystal_N3,21.773523809523827,20.99501729605546
11.65 mm,crystal_N3,21.783047619047636,20.977283776461867
11.65 mm,crystal_N3,21.788571428571444,20.959605583087274
11.65 mm,crystal_N3,21.7907142857143,20.941982611694154
11.65 mm,crystal_N3,21.789952380952393,20.924414764216557
11.65 mm,crystal_N3,21.775809523809542,20.906901945655616
11.65 mm,crystal_N3,21.755333333333347,20.889444060446863
11.65 mm,crystal_N3,21.74166666666668,20.872041008669253
11.65 mm,crystal_N3,21.732428571428585,20.85469268247659
11.65 mm,crystal_N3,21.735857142857157,20.837398963256692
11.65 mm,crystal_N3,21.746000000000016,20.820159720177717
11.65 mm,crystal_N3,21.758904761904773,20.802974810719263
11.65 mm,crystal_N3,21.782142857142873,20.78584408336714
11.65 mm,crystal_N3,21.809952380952396,20.768767382031566
11.65 mm,crystal_N3,21.829000000000015,20.75174455124717
11.65 mm,crystal_N3,21.83966666666668,20.73477544105073
11.65 mm,crystal_N3,21.848095238095254,20.717859910618486
11.65 mm,crystal_N3,21.86123809523811,20.70099783013511
11.65 mm,crystal_N3,21.884047619047635,20.684189080785536
11.65 mm,crystal_N3,21.909047619047634,20.667433553086834
11.65 mm,crystal_N3,21.93785714285716,20.65073114396193
11.65 mm,crystal_N3,21.94976190476192,20.634081753015813
11.65 mm,crystal_N3,21.941952380952397,20.61748527844836
11.65 mm,crystal_N3,21.932619047619063,20.600941612995122
11.65 mm,crystal_N3,21.92319047619049,20.584450640321887
11.65 mm,crystal_N3,21.912047619047634,20.56801223244971
11.65 mm,crystal_N3,21.914238095238108,20.551626248897893
11.65 mm,crystal_N3,21.919904761904778,20.535292538049056
11.65 mm,crystal_N3,21.920619047619063,20.519010940719067
11.65 mm,crystal_N3,21.925000000000015,20.502781295304278
11.65 mm,crystal_N3,21.92685714285716,20.486603443480448
11.65 mm,crystal_N3,21.91866666666668,20.470477235367547
11.65 mm,crystal_N3,21.91233333333335,20.454402533297234
11.65 mm,crystal_N3,21.912047619047634,20.43837921368995
11.65 mm,crystal_N3,21.91580952380954,20.42240716693745
11.65 mm,crystal_N3,21.920476190476208,20.406486295502354
11.65 mm,crystal_N3,21.925238095238107,20.390616510643255
11.65 mm,crystal_N3,21.93533333333335,20.37479772824823
11.65 mm,crystal_N3,21.95233333333335,20.35902986423085
11.65 mm,crystal_N3,21.9697142857143,20.343312829850184
11.65 mm,crystal_N3,21.98690476190478,20.3276465272375
11.65 mm,crystal_N4,28.304666666666684,29.565314285714305
11.65 mm,crystal_N4,28.319666666666684,29.565314285714248
11.65 mm,crystal_N4,28.33938095238097,29.565314285714205
11.65 mm,crystal_N4,28.354476190476213,29.56531428571415
11.65 mm,crystal_N4,28.375238095238117,29.565314285713537
11.65 mm,crystal_N4,28.393714285714307,29.56531428570223
11.65 mm,crystal_N4,28.40557142857145,29.56531428557503
11.65 mm,crystal_N4,28.40747619047621,29.56531428463088
11.65 mm,crystal_N4,28.401000000000018,29.56531427955922
11.65 mm,crystal_N4,28.38404761904764,29.565314258460617
11.65 mm,crystal_N4,28.36785714285716,29.56531418694763
11.65 mm,crystal_N4,28.35390476190478,29.56531398165422
11.65 mm,crystal_N4,28.34142857142859,29.565313467249617
11.65 mm,crystal_N4,28.33142857142859,29.565312315185984
11.65 mm,crystal_N4,28.32457142857145,29.565309965056258
11.65 mm,crystal_N4,28.31428571428573,29.565305531633154
11.65 mm,crystal_N4,28.305857142857164,29.565297701862974
11.65 mm,crystal_N4,28.300809523809544,29.56528462632789
11.65 mm,crystal_N4,28.296809523809543,29.56526380935985
11.65 mm,crystal_N4,28.29338095238097,29.565232001528024
11.65 mm,crystal_N4,28.293285714285734,29.565185097899708
11.65 mm,crystal_N4,28.290238095238113,29.565118045341656
11.65 mm,crystal_N4,28.281142857142875,29.5650247620871
11.65 mm,crystal_N4,28.27009523809526,29.564898072701865
11.65 mm,crystal_N4,28.260285714285736,29.564729661323156
11.65 mm,crystal_N4,28.2479523809524,29.56451004556057
11.65 mm,crystal_N4,28.240666666666684,29.564228572750302
11.65 mm,crystal_N4,28.236190476190494,29.56387343941672
11.65 mm,crystal_N4,28.229476190476213,29.5634317339306
11.65 mm,crystal_N4,28.225000000000016,29.56288950156231
11.65 mm,crystal_N4,28.218619047619068,29.562231830450255
11.65 mm,crystal_N4,28.209047619047638,29.56144295640864
11.65 mm,crystal_N4,28.20233333333335,29.56050638392926
11.65 mm,crystal_N4,28.201809523809544,29.55940502020667
11.65 mm,crystal_N4,28.20690476190478,29.558121318633212
11.65 mm,crystal_N4,28.21542857142859,29.556637428070864
11.65 mm,crystal_N4,28.216190476190498,29.55493534431176
11.65 mm,crystal_N4,28.20761904761907,29.552997060403897
11.65 mm,crystal_N4,28.186857142857164,29.550804712839714
11.65 mm,crystal_N4,28.161190476190498,29.548340720930337
11.65 mm,crystal_N4,28.14000000000002,29.545587917013393
11.65 mm,crystal_N4,28.12657142857145,29.542529665495348
11.65 mm,crystal_N4,28.118714285714304,29.539149969146564
11.65 mm,crystal_N4,28.114047619047636,29.535433561561586
11.65 mm,crystal_N4,28.103142857142878,29.53136598524065
11.65 mm,crystal_N4,28.092761904761925,29.526933655270554
11.65 mm,crystal_N4,28.08047619047621,29.522123909016518
11.65 mm,crystal_N4,28.067476190476214,29.516925042549687
11.65 mm,crystal_N4,28.056142857142877,29.511326334732896
11.65 mm,crystal_N4,28.04780952380954,29.50531806000587
11.65 mm,crystal_N4,28.03280952380954,29.4988914909838
11.65 mm,crystal_N4,28.01380952380954,29.492038892037794
11.65 mm,crystal_N4,27.993095238095258,29.484753505064592
11.65 mm,crystal_N4,27.98166666666669,29.477029528663657
11.65 mm,crystal_N4,27.979428571428592,29.46886209190874
11.65 mm,crystal_N4,27.98300000000002,29.46024722382842
11.65 mm,crystal_N4,27.97709523809526,29.451181819594932
11.65 mm,crystal_N4,27.9659523809524,29.441663604276236
11.65 mm,crystal_N4,27.95547619047621,29.431691094863133
11.65 mm,crystal_N4,27.9489523809524,29.421263561163954
11.65 mm,crystal_N4,27.947238095238117,29.41038098607177
11.65 mm,crystal_N4,27.94790476190478,29.39904402566108
11.65 mm,crystal_N4,27.940714285714307,29.387253969542257
11.65 mm,crystal_N4,27.929761904761925,29.3750127018396
11.65 mm,crystal_N4,27.905952380952403,29.362322663048367
11.65 mm,crystal_N4,27.87752380952383,29.34918681291846
11.65 mm,crystal_N4,27.848571428571447,29.33560859443909
11.65 mm,crystal_N4,27.824285714285732,29.321591898924584
11.65 mm,crystal_N4,27.812904761904782,29.30714103212918
11.65 mm,crystal_N4,27.80590476190478,29.292260681296703
11.65 mm,crystal_N4,27.793761904761922,29.276955883094146
11.65 mm,crystal_N4,27.783428571428587,29.261231992423607
11.65 mm,crystal_N4,27.75942857142859,29.2450946521345
11.65 mm,crystal_N4,27.734809523809545,29.228549763710262
11.65 mm,crystal_N4,27.7169523809524,29.211603459078958
11.65 mm,crystal_N4,27.70128571428573,29.19426207371423
11.65 mm,crystal_N4,27.684666666666686,29.17653212112424
11.65 mm,crystal_N4,27.671809523809543,29.15842026876205
11.65 mm,crystal_N4,27.657761904761923,29.139933315390362
11.65 mm,crystal_N4,27.64661904761907,29.121078169929564
11.65 mm,crystal_N4,27.6359523809524,29.10186183173867
11.65 mm,crystal_N4,27.633238095238113,29.08229137218878
11.65 mm,crystal_N4,27.622380952380972,29.062373917404347
11.65 mm,crystal_N4,27.60585714285716,29.04211663214656
11.65 mm,crystal_N4,27.58447619047621,29.021526704862104
11.65 mm,crystal_N4,27.55904761904764,29.000611333885754
11.65 mm,crystal_N4,27.53142857142859,28.979377714768653
11.65 mm,crystal_N4,27.510952380952396,28.957833028766625
11.65 mm,crystal_N4,27.492761904761924,28.93598443256068
11.65 mm,crystal_N4,27.477952380952402,28.9138390491793
11.65 mm,crystal_N4,27.45709523809526,28.891403959913227
11.65 mm,crystal_N4,27.433190476190497,28.8686861969515
11.65 mm,crystal_N4,27.406238095238116,28.845692736586734
11.65 mm,crystal_N4,27.379380952380973,28.822430492993142
11.65 mm,crystal_N4,27.355619047619065,28.798906312618094
11.65 mm,crystal_N4,27.331714285714305,28.775126969186346
11.65 mm,crystal_N4,27.304571428571442,28.751099159335844
11.65 mm,crystal_N4,27.271523809523828,28.726829498995492
11.65 mm,crystal_N4,27.240714285714304,28.7023245206278
11.65 mm,crystal_N4,27.215857142857164,28.677590671285614
11.65 mm,crystal_N4,27.192523809523827,28.652634311186354
11.65 mm,crystal_N4,27.176380952380974,28.627461712427962
11.65 mm,crystal_N4,27.166571428571448,28.602079057645888
11.65 mm,crystal_N4,27.153809523809542,28.57649243866579
11.65 mm,crystal_N4,27.143571428571448,28.550707855300107
11.65 mm,crystal_N4,27.13423809523811,28.524731214323655
11.65 mm,crystal_N4,27.116047619047634,28.498568328533526
11.65 mm,crystal_N4,27.1017142857143,28.47222491583996
11.65 mm,crystal_N4,27.088380952380973,28.445706598506497
11.65 mm,crystal_N4,27.08447619047621,28.419018902751073
11.65 mm,crystal_N4,27.08109523809526,28.3921672588067
11.65 mm,crystal_N4,27.075380952380968,28.36515700132542
11.65 mm,crystal_N4,27.06652380952383,28.337993369918607
11.65 mm,crystal_N4,27.06242857142859,28.310681509752744
11.65 mm,crystal_N4,27.051476190476208,28.283226472313995
11.65 mm,crystal_N4,27.045619047619063,28.25563321649758
11.65 mm,crystal_N4,27.034666666666688,28.227906610006208
11.65 mm,crystal_N4,27.01861904761907,28.20005143081207
11.65 mm,crystal_N4,27.002761904761925,28.172072368382103
11.65 mm,crystal_N4,26.989666666666686,28.143974024558197
11.65 mm,crystal_N4,26.976857142857163,28.115760914253563
11.65 mm,crystal_N4,26.97885714285716,28.087437466230575
11.65 mm,crystal_N4,26.97709523809526,28.059008024073286
11.65 mm,crystal_N4,26.967571428571446,28.030476847196674
11.65 mm,crystal_N4,26.946238095238115,28.001848111593286
11.65 mm,crystal_N4,26.92242857142859,27.973125910153463
11.65 mm,crystal_N4,26.90342857142859,27.944314252700583
11.65 mm,crystal_N4,26.898952380952398,27.915417066092186
11.65 mm,crystal_N4,26.8939523809524,27.886438194673893
11.65 mm,crystal_N4,26.8827142857143,27.857381401092397
11.65 mm,crystal_N4,26.858333333333352,27.82825036721119
11.65 mm,crystal_N4,26.82538095238097,27.799048694853106
11.65 mm,crystal_N4,26.790142857142875,27.769779906334698
11.65 mm,crystal_N4,26.764571428571447,27.740447445043582
11.65 mm,crystal_N4,26.753904761904778,27.711054676384517
11.65 mm,crystal_N4,26.748190476190494,27.681604889216104
11.65 mm,crystal_N4,26.74576190476192,27.652101297574912
11.65 mm,crystal_N4,26.742619047619065,27.622547042295974
11.65 mm,crystal_N4,26.73785714285716,27.592945192254405
11.65 mm,crystal_N4,26.733619047619065,27.56329874529483
11.65 mm,crystal_N4,26.7237142857143,27.533610629204887
11.65 mm,crystal_N4,26.70690476190478,27.503883703090487
11.65 mm,crystal_N4,26.688380952380967,27.47412075922174
11.65 mm,crystal_N4,26.67700000000002,27.44432452504695
11.65 mm,crystal_N4,26.672904761904782,27.414497664882983
11.65 mm,crystal_N4,26.67728571428573,27.38464278094087
11.65 mm,crystal_N4,26.676761904761918,27.35476241375427
11.65 mm,crystal_N4,26.666666666666686,27.324859042451223
11.65 mm,crystal_N4,26.637333333333352,27.2949350853729
11.65 mm,crystal_N4,26.606714285714304,27.264992901264776
11.65 mm,crystal_N4,26.573380952380973,27.235034790850186
11.65 mm,crystal_N4,26.545285714285733,27.205062998334114
11.65 mm,crystal_N4,26.52352380952383,27.175079712475267
11.65 mm,crystal_N4,26.50776190476192,27.145087067260025
11.65 mm,crystal_N4,26.486238095238114,27.11508714261001
11.65 mm,crystal_N4,26.468523809523827,27.085081965637134
11.65 mm,crystal_N4,26.45347619047621,27.055073512661203
11.65 mm,crystal_N4,26.440571428571445,27.02506371173037
11.65 mm,crystal_N4,26.425904761904782,26.995054445028714
11.65 mm,crystal_N4,26.40938095238097,26.965047550546167
11.65 mm,crystal_N4,26.38642857142859,26.93504482277456
11.65 mm,crystal_N4,26.363095238095255,26.905048012769434
11.65 mm,crystal_N4,26.339666666666687,26.87505882829065
11.65 mm,crystal_N4,26.314714285714302,26.845078934643503
11.65 mm,crystal_N4,26.288238095238114,26.815109956361955
11.65 mm,crystal_N4,26.26485714285716,26.78515347931954
11.65 mm,crystal_N4,26.249047619047637,26.755211052534513
11.65 mm,crystal_N4,26.24033333333335,26.725284189032642
11.65 mm,crystal_N4,26.2289523809524,26.69537436563241
11.65 mm,crystal_N4,26.218761904761923,26.665483022152458
11.65 mm,crystal_N4,26.205714285714304,26.635611560891498
11.65 mm,crystal_N4,26.191523809523826,26.605761347053164
11.65 mm,crystal_N4,26.174666666666685,26.57593371021416
11.65 mm,crystal_N4,26.15438095238097,26.54612994632606
11.65 mm,crystal_N4,26.130000000000017,26.51635131942923
11.65 mm,crystal_N4,26.098142857142875,26.486599062410257
11.65 mm,crystal_N4,26.065904761904783,26.45687437671238
11.65 mm,crystal_N4,26.036666666666683,26.427178431601867
11.65 mm,crystal_N4,26.0129523809524,26.397512363942525
11.65 mm,crystal_N4,26.002428571428588,26.36787727918543
11.65 mm,crystal_N4,25.998142857142874,26.33827425360568
11.65 mm,crystal_N4,25.989095238095256,26.30870433712913
11.65 mm,crystal_N4,25.982809523809543,26.279168555738355
11.65 mm,crystal_N4,25.968095238095255,26.2496679125801
11.65 mm,crystal_N4,25.950095238095255,26.22020338748744
11.65 mm,crystal_N4,25.93133333333335,26.190775935441856
11.65 mm,crystal_N4,25.908142857142874,26.161386485093047
11.65 mm,crystal_N4,25.883285714285726,26.132035938439174
11.65 mm,crystal_N4,25.86533333333335,26.102725172142595
11.65 mm,crystal_N4,25.853000000000016,26.07345504009418
11.65 mm,crystal_N4,25.845285714285733,26.044226376201166
11.65 mm,crystal_N4,25.842476190476205,26.015039996227387
11.65 mm,crystal_N4,25.837095238095255,25.98589669790753
11.65 mm,crystal_N4,25.830238095238116,25.956797259360847
11.65 mm,crystal_N4,25.82609523809526,25.92774243670057
11.65 mm,crystal_N4,25.82590476190478,25.898732962187896
11.65 mm,crystal_N4,25.82328571428573,25.869769544019213
11.65 mm,crystal_N4,25.823000000000015,25.84085286801328
11.65 mm,crystal_N4,25.81842857142859,25.811983600546494
11.65 mm,crystal_N4,25.819714285714305,25.78316239151352
11.65 mm,crystal_N4,25.820761904761923,25.754389876071492
11.65 mm,crystal_N4,25.82085714285716,25.725666674446764
11.65 mm,crystal_N4,25.81847619047621,25.69699338997974
11.65 mm,crystal_N4,25.809714285714303,25.668370606478575
11.65 mm,crystal_N4,25.79576190476192,25.639798886359255
11.65 mm,crystal_N4,25.78280952380954,25.61127877070775
11.65 mm,crystal_N4,25.761285714285734,25.58281078150665
11.65 mm,crystal_N4,25.737523809523825,25.55439542529779
11.65 mm,crystal_N4,25.714047619047633,25.526033196937885
11.65 mm,crystal_N4,25.693095238095253,25.49772458205069
11.65 mm,crystal_N4,25.671952380952398,25.469470057285235
11.65 mm,crystal_N4,25.65000000000002,25.441270088413553
11.65 mm,crystal_N4,25.62523809523811,25.413125127296176
11.65 mm,crystal_N4,25.597428571428587,25.385035609294757
11.65 mm,crystal_N4,25.56690476190478,25.357001952491046
11.65 mm,crystal_N4,25.54047619047621,25.32902455921774
11.65 mm,crystal_N4,25.513047619047633,25.301103819386235
11.65 mm,crystal_N4,25.490714285714304,25.273240114351754
11.65 mm,crystal_N4,25.474285714285735,25.245433819818984
11.65 mm,crystal_N4,25.460619047619065,25.217685306590113
11.65 mm,crystal_N4,25.45052380952383,25.189994938717753
11.65 mm,crystal_N4,25.441714285714305,25.16236306966311
11.65 mm,crystal_N4,25.430142857142876,25.134790037960947
11.65 mm,crystal_N4,25.416619047619065,25.107276164153763
11.65 mm,crystal_N4,25.40038095238097,25.079821750202534
11.65 mm,crystal_N4,25.384095238095256,25.052427081529093
11.65 mm,crystal_N4,25.375095238095255,25.025092430819168
11.65 mm,crystal_N4,25.370761904761924,24.997818062100905
11.65 mm,crystal_N4,25.361047619047632,24.97060423356075
11.65 mm,crystal_N4,25.34690476190478,24.94345119806621
11.65 mm,crystal_N4,25.32890476190478,24.916359201333147
11.65 mm,crystal_N4,25.31233333333335,24.88932847877431
11.65 mm,crystal_N4,25.304571428571446,24.86235925273489
11.65 mm,crystal_N4,25.31442857142859,24.835451731648647
11.65 mm,crystal_N4,25.322809523809543,24.80860611176331
11.65 mm,crystal_N4,25.32833333333335,24.781822581016446
11.65 mm,crystal_N4,25.329666666666682,24.75510132387064
11.65 mm,crystal_N4,25.32685714285716,24.72844252561429
11.65 mm,crystal_N4,25.31309523809525,24.701846374761587
11.65 mm,crystal_N4,25.30128571428573,24.67531306269504
11.65 mm,crystal_N4,25.28990476190478,24.648842780573567
11.65 mm,crystal_N4,25.278952380952397,24.622435714594317
11.65 mm,crystal_N4,25.266095238095257,24.5960920414362
11.65 mm,crystal_N4,25.252666666666684,24.56981192563849
11.65 mm,crystal_N4,25.233571428571445,24.5435955198033
11.65 mm,crystal_N4,25.21700000000002,24.517442967375707
11.65 mm,crystal_N4,25.21176190476192,24.49135440689892
11.65 mm,crystal_N4,25.200285714285727,24.46532997628902
11.65 mm,crystal_N4,25.185333333333354,24.43936981574204
11.65 mm,crystal_N4,25.17166666666668,24.413474068236958
11.65 mm,crystal_N4,25.154238095238114,24.387642877220234
11.65 mm,crystal_N4,25.140047619047635,24.361876381982675
11.65 mm,crystal_N4,25.131380952380972,24.336174712218618
11.65 mm,crystal_N4,25.117761904761924,24.310537983723464
11.65 mm,crystal_N4,25.108619047619065,24.28496629676249
11.65 mm,crystal_N4,25.10542857142859,24.25945973756278
11.65 mm,crystal_N4,25.09961904761907,24.234018382257986
11.65 mm,crystal_N4,25.09438095238097,24.208642301934834
11.65 mm,crystal_N4,25.091190476190494,24.18333156728783
11.65 mm,crystal_N4,25.08680952380954,24.15808625160802
11.65 mm,crystal_N4,25.08190476190478,24.13290643125483
11.65 mm,crystal_N4,25.07976190476192,24.10779218342458
11.65 mm,crystal_N4,25.07147619047621,24.082743581971066
11.65 mm,crystal_N4,25.05790476190478,24.057760692915558
11.65 mm,crystal_N4,25.04500000000002,24.032843571507065
11.65 mm,crystal_N4,25.032761904761923,24.00799226202696
11.65 mm,crystal_N4,25.01880952380954,23.983206800379865
11.65 mm,crystal_N4,25.006190476190493,23.958487218517092
11.65 mm,crystal_N4,24.992714285714303,23.933833549285474
11.65 mm,crystal_N4,24.981809523809538,23.9092458303741
11.65 mm,crystal_N4,24.975619047619066,23.884724106395776
11.65 mm,crystal_N4,24.97538095238097,23.860268428547872
11.65 mm,crystal_N4,24.971142857142873,23.835878851731994
11.65 mm,crystal_N4,24.963190476190494,23.81155542965727
11.65 mm,crystal_N4,24.951571428571444,23.787298209270865
11.65 mm,crystal_N4,24.94147619047621,23.763107226345028
11.65 mm,crystal_N4,24.9369523809524,23.73898250371448
11.65 mm,crystal_N4,24.936476190476206,23.714924052623957
11.65 mm,crystal_N4,24.936714285714302,23.69093187652041
11.65 mm,crystal_N4,24.937190476190494,23.66700597594503
11.65 mm,crystal_N4,24.928476190476204,23.643146353090422
11.65 mm,crystal_N4,24.920047619047637,23.619353014914708
11.65 mm,crystal_N4,24.91485714285716,23.59562597416109
11.65 mm,crystal_N4,24.913333333333348,23.571965248015665
11.65 mm,crystal_N4,24.912238095238113,23.548370854489132
11.65 mm,crystal_N4,24.91123809523811,23.524842807165054
11.65 mm,crystal_N4,24.904761904761923,23.501381109696005
11.65 mm,crystal_N4,24.895952380952398,23.477985751825273
11.65 mm,crystal_N4,24.88733333333335,23.4546567082878
11.65 mm,crystal_N4,24.87633333333335,23.43139394086415
11.65 mm,crystal_N4,24.86780952380954,23.408197402761132
11.65 mm,crystal_N4,24.85852380952383,23.385067043886984
11.65 mm,crystal_N4,24.85238095238097,23.362002815583228
11.65 mm,crystal_N4,24.84942857142859,23.33900467376597
11.65 mm,crystal_N4,24.852142857142873,23.316072579932992
11.65 mm,crystal_N4,24.844714285714304,23.293206499907054
11.65 mm,crystal_N4,24.84200000000002,23.270406400532163
11.65 mm,crystal_N4,24.841666666666683,23.247672245039237
11.65 mm,crystal_N4,24.838666666666683,23.225003988438807
11.65 mm,crystal_N4,24.836619047619063,23.202401574587338
11.65 mm,crystal_N4,24.83685714285716,23.179864936075617
11.65 mm,crystal_N4,24.834142857142872,23.157393997009542
11.65 mm,crystal_N4,24.84047619047621,23.134988677729496
11.65 mm,crystal_N4,24.856571428571446,23.112648900017774
11.65 mm,crystal_N4,24.865809523809542,23.09037459142926
11.65 mm,crystal_N4,24.870714285714303,23.068165687826156
11.65 mm,crystal_N4,24.867476190476207,23.046022133729885
11.65 mm,crystal_N4,24.872904761904778,23.0239438805349
11.65 mm,crystal_N4,24.888714285714304,23.001930882898545
11.65 mm,crystal_N4,24.905285714285732,22.979983093859435
11.65 mm,crystal_N4,24.913000000000018,22.958100459648172
11.65 mm,crystal_N4,24.911380952380966,22.936282915595935
11.65 mm,crystal_N4,24.8977142857143,22.914530384502132
11.65 mm,crystal_N4,24.88647619047621,22.892842778059794
11.65 mm,crystal_N4,24.876904761904783,22.87122000085238
11.65 mm,crystal_N4,24.86704761904764,22.84966195564081
11.65 mm,crystal_N4,24.854428571428592,22.828168548455608
11.65 mm,crystal_N4,24.841857142857165,22.80673969230532
11.65 mm,crystal_N4,24.82790476190478,22.78537530883726
11.65 mm,crystal_N4,24.814000000000014,22.764075327799205
11.65 mm,crystal_N4,24.800142857142873,22.742839684522885
11.65 mm,crystal_N4,24.78952380952383,22.721668315865315
11.65 mm,crystal_N4,24.775047619047633,22.700561155215617
11.65 mm,crystal_N4,24.758190476190492,22.679518127483956
11.65 mm,crystal_N4,24.73990476190478,22.658539145351114
11.65 mm,crystal_N4,24.731476190476208,22.637624108016063
11.65 mm,crystal_N4,24.716047619047636,22.616772902964552
11.65 mm,crystal_N4,24.69880952380954,22.595985410231535
11.65 mm,crystal_N4,24.67938095238097,22.575261507847237
11.65 mm,crystal_N4,24.66585714285716,22.554601076966378
11.65 mm,crystal_N4,24.653714285714305,22.53400400550035
11.65 mm,crystal_N4,24.655333333333353,22.513470189624126
11.65 mm,crystal_N4,24.652380952380966,22.492999533060292
11.65 mm,crystal_N4,24.649095238095256,22.47259194442209
11.65 mm,crystal_N4,24.647523809523825,22.452247333105632
11.65 mm,crystal_N4,24.64638095238097,22.43196560434989
11.65 mm,crystal_N4,24.637571428571444,22.41174665430259
11.65 mm,crystal_N4,24.63585714285716,22.3915903662645
11.65 mm,crystal_N4,24.62514285714287,22.37149660936274
11.65 mm,crystal_N4,24.610380952380968,22.351465240336225
11.65 mm,crystal_N4,24.595952380952397,22.3314961080717
11.65 mm,crystal_N4,24.57657142857144,22.31158905961825
11.65 mm,crystal_N4,24.55485714285716,22.291743946081958
11.65 mm,crystal_N4,24.54538095238097,22.27196062706804
11.65 mm,crystal_N4,24.5299523809524,22.252238972911066
11.65 mm,crystal_N4,24.520619047619064,22.232578864522296
11.65 mm,crystal_N4,24.518333333333352,22.212980191114617
11.65 mm,crystal_N4,24.5137142857143,22.193442846303615
11.65 mm,crystal_N4,24.511809523809543,22.17396672318358
11.65 mm,crystal_N4,24.5167142857143,22.154551709092537
11.65 mm,crystal_N4,24.521523809523828,22.135197681072295
11.65 mm,crystal_N4,24.527190476190494,22.115904503334804
11.65 mm,crystal_N4,24.53323809523811,22.096672027845543
11.65 mm,crystal_N4,24.534857142857163,22.077500098205448
11.65 mm,crystal_N4,24.533666666666683,22.05838855583667
11.65 mm,crystal_N4,24.53133333333335,22.039337246753668
11.65 mm,crystal_N4,24.52276190476192,22.02034602721585
11.65 mm,crystal_N4,24.509714285714303,22.00141476711342
11.65 mm,crystal_N4,24.501666666666686,21.982543350657394
11.65 mm,crystal_N4,24.49747619047621,21.963731674542895
11.65 mm,crystal_N4,24.487857142857163,21.94497964411801
11.65 mm,crystal_N4,24.479666666666684,21.92628716822865
11.65 mm,crystal_N4,24.473761904761922,21.90765415339327
11.65 mm,crystal_N4,24.47000000000002,21.889080497905724
11.65 mm,crystal_N4,24.468142857142876,21.870566086553918
11.65 mm,crystal_N4,24.468095238095255,21.852110786976894
11.65 mm,crystal_N4,24.4557142857143,21.833714448907877
11.65 mm,crystal_N4,24.436904761904778,21.81537690706899
11.65 mm,crystal_N4,24.41842857142859,21.79709798727171
11.65 mm,crystal_N4,24.40042857142859,21.778877514043117
13.65 mm,crystal_N2,30.98814285714288,30.98591428571431
13.65 mm,crystal_N2,30.985095238095262,30.985914285714305
13.65 mm,crystal_N2,30.98276190476193,30.985914285714347
13.65 mm,crystal_N2,30.979857142857167,30.985914285714376
13.65 mm,crystal_N2,30.979666666666688,30.985914285714408
13.65 mm,crystal_N2,30.97823809523812,30.985914285714426
13.65 mm,crystal_N2,30.98028571428574,30.98591428571441
13.65 mm,crystal_N2,30.9791904761905,30.985914285714188
13.65 mm,crystal_N2,30.97900000000002,30.985914285711996
13.65 mm,crystal_N2,30.974333333333355,30.98591428569761
13.65 mm,crystal_N2,30.968904761904785,30.985914285623323
13.65 mm,crystal_N2,30.965523809523834,30.985914285307334
13.65 mm,crystal_N2,30.96209523809526,30.985914284163986
13.65 mm,crystal_N2,30.958047619047644,30.98591428055461
13.65 mm,crystal_N2,30.954095238095256,30.985914270408607
13.65 mm,crystal_N2,30.94723809523812,30.98591424458793
13.65 mm,crystal_N2,30.942904761904785,30.98591418428331
13.65 mm,crystal_N2,30.939476190476213,30.985914053572085
13.65 mm,crystal_N2,30.936285714285734,30.98591378817582
13.65 mm,crystal_N2,30.935142857142875,30.985913279466413
13.65 mm,crystal_N2,30.93242857142859,30.98591235291051
13.65 mm,crystal_N2,30.930142857142876,30.98591074042421
13.65 mm,crystal_N2,30.928714285714307,30.98590804652066
13.65 mm,crystal_N2,30.92723809523812,30.98590370864065
13.65 mm,crystal_N2,30.92571428571431,30.98589695260229
13.65 mm,crystal_N2,30.921809523809547,30.985886744625496
13.65 mm,crystal_N2,30.91633333333336,30.98587174180776
13.65 mm,crystal_N2,30.907619047619068,30.985850243195685
13.65 mm,crystal_N2,30.90176190476193,30.985820143678374
13.65 mm,crystal_N2,30.8991904761905,30.985778892821834
13.65 mm,crystal_N2,30.897904761904783,30.985723460491826
13.65 mm,crystal_N2,30.896095238095263,30.98565031071926
13.65 mm,crystal_N2,30.89447619047621,30.985555384799373
13.65 mm,crystal_N2,30.88847619047621,30.98543409413421
13.65 mm,crystal_N2,30.8831904761905,30.985281322872197
13.65 mm,crystal_N2,30.877476190476212,30.985091440002293
13.65 mm,crystal_N2,30.871333333333357,30.984858320244953
13.65 mm,crystal_N2,30.865333333333357,30.984575372856032
13.65 mm,crystal_N2,30.85857142857145,30.984235577314525
13.65 mm,crystal_N2,30.850952380952407,30.98383152478748
13.65 mm,crystal_N2,30.842857142857167,30.98335546423485
13.65 mm,crystal_N2,30.835904761904786,30.98279935201918
13.65 mm,crystal_N2,30.829190476190497,30.982154903910736
13.65 mm,crystal_N2,30.822619047619067,30.98141364842305
13.65 mm,crystal_N2,30.818714285714307,30.980566980477853
13.65 mm,crystal_N2,30.810666666666688,30.97960621448039
13.65 mm,crystal_N2,30.799285714285734,30.978522635988437
13.65 mm,crystal_N2,30.78752380952383,30.977307551273913
13.65 mm,crystal_N2,30.775190476190495,30.975952334202557
13.65 mm,crystal_N2,30.764428571428596,30.974448469983898
13.65 mm,crystal_N2,30.759190476190494,30.972787595466663
13.65 mm,crystal_N2,30.7551904761905,30.970961535765177
13.65 mm,crystal_N2,30.74661904761907,30.96896233709908
13.65 mm,crystal_N2,30.73942857142859,30.966782295808372
13.65 mm,crystal_N2,30.72866666666669,30.96441398356989
13.65 mm,crystal_N2,30.719333333333356,30.961850268891272
13.65 mm,crystal_N2,30.709238095238117,30.959084334997357
13.65 mm,crystal_N2,30.700238095238113,30.95610969425665
13.65 mm,crystal_N2,30.692000000000018,30.95292019932363
13.65 mm,crystal_N2,30.68300000000002,30.949510051198633
13.65 mm,crystal_N2,30.67509523809526,30.945873804431677
13.65 mm,crystal_N2,30.66557142857145,30.942006369716538
13.65 mm,crystal_N2,30.6541904761905,30.937903014136523
13.65 mm,crystal_N2,30.64366666666669,30.93355935933134
13.65 mm,crystal_N2,30.633809523809546,30.92897137785393
13.65 mm,crystal_N2,30.618904761904783,30.924135387980634
13.65 mm,crystal_N2,30.606285714285736,30.919048047226404
13.65 mm,crystal_N2,30.590904761904785,30.913706344802325
13.65 mm,crystal_N2,30.578047619047638,30.908107593234924
13.65 mm,crystal_N2,30.56542857142859,30.902249419346525
13.65 mm,crystal_N2,30.5529523809524,30.89612975477375
13.65 mm,crystal_N2,30.541333333333355,30.889746826177106
13.65 mm,crystal_N2,30.530095238095257,30.88309914526963
13.65 mm,crystal_N2,30.518619047619072,30.87618549876837
13.65 mm,crystal_N2,30.50509523809526,30.869004938348475
13.65 mm,crystal_N2,30.49523809523812,30.861556770654904
13.65 mm,crystal_N2,30.4829523809524,30.853840547403074
13.65 mm,crystal_N2,30.468809523809547,30.845856055578242
13.65 mm,crystal_N2,30.454476190476214,30.837603307729815
13.65 mm,crystal_N2,30.441333333333354,30.82908253235141
13.65 mm,crystal_N2,30.42585714285716,30.820294164342066
13.65 mm,crystal_N2,30.415428571428595,30.811238835554654
13.65 mm,crystal_N2,30.40266666666669,30.801917365449146
13.65 mm,crystal_N2,30.38880952380955,30.792330751876783
13.65 mm,crystal_N2,30.376571428571452,30.78248016202511
13.65 mm,crystal_N2,30.367571428571452,30.772366923555268
13.65 mm,crystal_N2,30.353428571428594,30.7619925159601
13.65 mm,crystal_N2,30.337190476190496,30.751358562165617
13.65 mm,crystal_N2,30.321285714285732,30.740466820389955
13.65 mm,crystal_N2,30.304571428571446,30.729319176267232
13.65 mm,crystal_N2,30.289238095238115,30.717917635237345
13.65 mm,crystal_N2,30.278333333333357,30.706264315196123
13.65 mm,crystal_N2,30.262190476190497,30.694361439392612
13.65 mm,crystal_N2,30.2431904761905,30.68221132955582
13.65 mm,crystal_N2,30.225190476190498,30.669816399234612
13.65 mm,crystal_N2,30.209428571428592,30.65717914733939
13.65 mm,crystal_N2,30.193428571428598,30.644302151881806
13.65 mm,crystal_N2,30.18014285714288,30.631188063917936
13.65 mm,crystal_N2,30.162285714285733,30.6178396017085
13.65 mm,crystal_N2,30.144238095238116,30.604259545113415
13.65 mm,crystal_N2,30.126476190476208,30.590450730230245
13.65 mm,crystal_N2,30.10852380952383,30.57641604427159
13.65 mm,crystal_N2,30.089238095238116,30.562158420661042
13.65 mm,crystal_N2,30.072761904761926,30.547680834321568
13.65 mm,crystal_N2,30.05376190476193,30.53298629713129
13.65 mm,crystal_N2,30.035428571428593,30.51807785352952
13.65 mm,crystal_N2,30.01623809523812,30.502958576265467
13.65 mm,crystal_N2,29.99661904761907,30.487631562295793
13.65 mm,crystal_N2,29.978857142857166,30.472099928849666
13.65 mm,crystal_N2,29.96104761904764,30.45636680968626
13.65 mm,crystal_N2,29.940952380952403,30.440435351565938
13.65 mm,crystal_N2,29.923952380952404,30.42430871094747
13.65 mm,crystal_N2,29.90809523809526,30.40799005091635
13.65 mm,crystal_N2,29.890666666666686,30.391482538345006
13.65 mm,crystal_N2,29.87009523809526,30.374789341280383
13.65 mm,crystal_N2,29.852000000000018,30.357913626544253
13.65 mm,crystal_N2,29.835571428571452,30.340858557521404
13.65 mm,crystal_N2,29.821333333333353,30.32362729210732
13.65 mm,crystal_N2,29.80652380952383,30.306222980792278
13.65 mm,crystal_N2,29.787476190476212,30.288648764867805
13.65 mm,crystal_N2,29.760380952380974,30.270907774746142
13.65 mm,crystal_N2,29.737285714285736,30.253003128384893
13.65 mm,crystal_N2,29.71452380952383,30.234937929811938
13.65 mm,crystal_N2,29.691523809523833,30.216715267752228
13.65 mm,crystal_N2,29.66500000000002,30.198338214362774
13.65 mm,crystal_N2,29.639000000000024,30.179809824078212
13.65 mm,crystal_N2,29.612333333333357,30.161133132556788
13.65 mm,crystal_N2,29.58904761904764,30.14231115570358
13.65 mm,crystal_N2,29.56957142857145,30.12334688874609
13.65 mm,crystal_N2,29.551523809523832,30.104243305346046
13.65 mm,crystal_N2,29.528857142857163,30.08500335674323
13.65 mm,crystal_N2,29.509714285714306,30.065629970934616
13.65 mm,crystal_N2,29.485619047619068,30.04612605189358
13.65 mm,crystal_N2,29.458142857142875,30.026494478837115
13.65 mm,crystal_N2,29.434619047619066,30.006738105555407
13.65 mm,crystal_N2,29.419000000000022,29.986859759822252
13.65 mm,crystal_N2,29.403190476190495,29.96686224289948
13.65 mm,crystal_N2,29.38642857142859,29.946748329129758
13.65 mm,crystal_N2,29.36557142857145,29.92652076559215
13.65 mm,crystal_N2,29.346238095238114,29.906182271784708
13.65 mm,crystal_N2,29.328285714285734,29.88573553930594
13.65 mm,crystal_N2,29.3149523809524,29.865183231524334
13.65 mm,crystal_N2,29.299428571428592,29.844527983239686
13.65 mm,crystal_N2,29.27804761904764,29.82377240034392
13.65 mm,crystal_N2,29.255000000000024,29.802919059487287
13.65 mm,crystal_N2,29.233857142857165,29.781970507757393
13.65 mm,crystal_N2,29.213952380952403,29.760929262386814
13.65 mm,crystal_N2,29.19604761904764,29.739797810512925
13.65 mm,crystal_N2,29.180809523809547,29.718578609011814
13.65 mm,crystal_N2,29.16471428571431,29.69727408441384
13.65 mm,crystal_N2,29.14333333333336,29.675886632892823
13.65 mm,crystal_N2,29.1199523809524,29.65441862031451
13.65 mm,crystal_N2,29.100761904761924,29.632872382338547
13.65 mm,crystal_N2,29.08061904761907,29.611250224578495
13.65 mm,crystal_N2,29.061761904761923,29.589554422826794
13.65 mm,crystal_N2,29.050761904761927,29.567787223337383
13.65 mm,crystal_N2,29.037142857142882,29.545950843140332
13.65 mm,crystal_N2,29.02009523809526,29.52404747035491
13.65 mm,crystal_N2,28.99947619047621,29.502079264478787
13.65 mm,crystal_N2,28.975333333333356,29.48004835665359
13.65 mm,crystal_N2,28.948809523809544,29.457956849923033
13.65 mm,crystal_N2,28.92700000000002,29.435806819496374
13.65 mm,crystal_N2,28.905047619047643,29.413600313010985
13.65 mm,crystal_N2,28.89142857142859,29.3913393507692
13.65 mm,crystal_N2,28.873285714285732,29.36902592592512
13.65 mm,crystal_N2,28.85771428571431,29.34666200461846
13.65 mm,crystal_N2,28.835809523809544,29.324249526078567
13.65 mm,crystal_N2,28.813714285714305,29.301790402733403
13.65 mm,crystal_N2,28.787904761904784,29.279286520344073
13.65 mm,crystal_N2,28.76809523809526,29.256739738156796
13.65 mm,crystal_N2,28.743809523809546,29.234151889041645
13.65 mm,crystal_N2,28.72409523809526,29.211524779589844
13.65 mm,crystal_N2,28.701523809523827,29.188860190168235
13.65 mm,crystal_N2,28.682380952380974,29.16615987495949
13.65 mm,crystal_N2,28.66247619047621,29.143425562027492
13.65 mm,crystal_N2,28.64761904761907,29.12065895342904
13.65 mm,crystal_N2,28.62761904761907,29.097861725357564
13.65 mm,crystal_N2,28.604809523809543,29.07503552827684
13.65 mm,crystal_N2,28.577857142857162,29.052181987004133
13.65 mm,crystal_N2,28.553809523809548,29.02930270073363
13.65 mm,crystal_N2,28.529380952380976,29.00639924302988
13.65 mm,crystal_N2,28.509285714285735,28.983473161840458
13.65 mm,crystal_N2,28.485809523809543,28.96052597956313
13.65 mm,crystal_N2,28.46509523809526,28.93755919316525
13.65 mm,crystal_N2,28.444761904761926,28.91457427431908
13.65 mm,crystal_N2,28.426761904761925,28.89157266951192
13.65 mm,crystal_N2,28.405095238095257,28.868555800118482
13.65 mm,crystal_N2,28.38171428571431,28.845525062464997
13.65 mm,crystal_N2,28.356619047619066,28.822481827938137
13.65 mm,crystal_N2,28.336761904761925,28.79942744318
13.65 mm,crystal_N2,28.31547619047621,28.776363230369633
13.65 mm,crystal_N2,28.294714285714306,28.7532904875496
13.65 mm,crystal_N2,28.27347619047621,28.730210488944564
13.65 mm,crystal_N2,28.253333333333355,28.707124485245643
13.65 mm,crystal_N2,28.232190476190496,28.684033703882964
13.65 mm,crystal_N2,28.216714285714303,28.66093934934235
13.65 mm,crystal_N2,28.197761904761922,28.637842603576665
13.65 mm,crystal_N2,28.17652380952383,28.614744626519546
13.65 mm,crystal_N2,28.154714285714306,28.591646556655444
13.65 mm,crystal_N2,28.134571428571448,28.568549511571774
13.65 mm,crystal_N2,28.110619047619068,28.545454588437025
13.65 mm,crystal_N2,28.0929523809524,28.52236286440397
13.65 mm,crystal_N2,28.071714285714307,28.4992753969931
13.65 mm,crystal_N2,28.05200000000002,28.476193224531
13.65 mm,crystal_N2,28.03238095238097,28.45311736668699
13.65 mm,crystal_N2,28.012190476190497,28.430048825087418
13.65 mm,crystal_N2,27.98604761904764,28.40698858392551
13.65 mm,crystal_N2,27.965761904761926,28.383937610465047
13.65 mm,crystal_N2,27.941904761904784,28.36089685537346
13.65 mm,crystal_N2,27.91852380952383,28.33786725289572
13.65 mm,crystal_N2,27.893000000000022,28.31484972095118
13.65 mm,crystal_N2,27.870714285714307,28.29184516126027
13.65 mm,crystal_N2,27.84500000000002,28.268854459573063
13.65 mm,crystal_N2,27.823571428571448,28.24587848599651
13.65 mm,crystal_N2,27.79742857142859,28.222918095343964
13.65 mm,crystal_N2,27.774285714285735,28.199974127399084
13.65 mm,crystal_N2,27.75247619047621,28.177047407018083
13.65 mm,crystal_N2,27.73566666666669,28.15413874407323
13.65 mm,crystal_N2,27.712476190476213,28.13124893332158
13.65 mm,crystal_N2,27.69152380952383,28.10837875431958
13.65 mm,crystal_N2,27.6701904761905,28.0855289714761
13.65 mm,crystal_N2,27.651714285714306,28.06270033426037
13.65 mm,crystal_N2,27.63204761904764,28.039893577499562
13.65 mm,crystal_N2,27.612285714285736,28.01710942166144
13.65 mm,crystal_N2,27.5849523809524,27.994348573041954
13.65 mm,crystal_N2,27.560761904761925,27.971611723854824
13.65 mm,crystal_N2,27.542333333333353,27.948899552299576
13.65 mm,crystal_N2,27.525619047619063,27.926212722721157
13.65 mm,crystal_N2,27.505238095238113,27.903551885943838
13.65 mm,crystal_N2,27.485142857142876,27.880917679781813
13.65 mm,crystal_N2,27.461571428571453,27.858310729635868
13.65 mm,crystal_N2,27.44000000000002,27.83573164902746
13.65 mm,crystal_N2,27.41700000000002,27.81318103993149
13.65 mm,crystal_N2,27.391666666666687,27.790659492847446
13.65 mm,crystal_N2,27.36371428571431,27.76816758665994
13.65 mm,crystal_N2,27.340571428571447,27.74570588842615
13.65 mm,crystal_N2,27.31766666666669,27.72327495324707
13.65 mm,crystal_N2,27.299047619047638,27.700875324324258
13.65 mm,crystal_N2,27.276571428571447,27.678507533203845
13.65 mm,crystal_N2,27.257095238095257,27.656172100113025
13.65 mm,crystal_N2,27.234095238095257,27.63386953425127
13.65 mm,crystal_N2,27.213476190476207,27.61160033393224
13.65 mm,crystal_N2,27.192523809523827,27.58936498656625
13.65 mm,crystal_N2,27.175142857142877,27.567163968573233
13.65 mm,crystal_N2,27.15452380952383,27.544997745368953
13.65 mm,crystal_N2,27.137380952380973,27.522866771545374
13.65 mm,crystal_N2,27.113809523809547,27.50077149128311
13.65 mm,crystal_N2,27.09457142857145,27.478712338926282
13.65 mm,crystal_N2,27.074285714285736,27.45668973956767
13.65 mm,crystal_N2,27.054476190476212,27.43470410947389
13.65 mm,crystal_N2,27.031095238095258,27.41275585624383
13.65 mm,crystal_N2,27.011238095238113,27.39084537870974
13.65 mm,crystal_N2,26.988476190476213,27.368973066703763
13.65 mm,crystal_N2,26.96557142857145,27.347139300864843
13.65 mm,crystal_N2,26.93742857142859,27.32534445263259
13.65 mm,crystal_N2,26.91357142857145,27.30358888448172
13.65 mm,crystal_N2,26.888619047619066,27.28187295033608
13.65 mm,crystal_N2,26.87138095238097,27.260196996014294
13.65 mm,crystal_N2,26.850333333333353,27.23856135954105
13.65 mm,crystal_N2,26.831238095238113,27.216966371223535
13.65 mm,crystal_N2,26.80757142857145,27.195412353511216
13.65 mm,crystal_N2,26.79038095238097,27.17389962076711
13.65 mm,crystal_N2,26.769714285714308,27.152428479125238
13.65 mm,crystal_N2,26.75304761904764,27.130999226573522
13.65 mm,crystal_N2,26.72704761904764,27.109612153305793
13.65 mm,crystal_N2,26.705904761904783,27.08826754227068
13.65 mm,crystal_N2,26.680714285714302,27.066965669753397
13.65 mm,crystal_N2,26.663285714285735,27.04570680579625
13.65 mm,crystal_N2,26.643523809523828,27.024491214315542
13.65 mm,crystal_N2,26.622714285714306,27.003319152894417
13.65 mm,crystal_N2,26.596809523809547,26.982190872364473
13.65 mm,crystal_N2,26.576571428571448,26.96110661637226
13.65 mm,crystal_N2,26.554809523809542,26.940066621122064
13.65 mm,crystal_N2,26.538571428571448,26.91907111540509
13.65 mm,crystal_N2,26.519095238095254,26.89812032090522
13.65 mm,crystal_N2,26.498714285714303,26.877214452657757
13.65 mm,crystal_N2,26.47585714285716,26.856353719472068
13.65 mm,crystal_N2,26.45104761904764,26.835538324141105
13.65 mm,crystal_N2,26.423380952380974,26.814768463355982
13.65 mm,crystal_N2,26.402238095238115,26.794044327381002
13.65 mm,crystal_N2,26.382238095238115,26.773366099656133
13.65 mm,crystal_N2,26.364714285714303,26.752733956526946
13.65 mm,crystal_N2,26.345619047619067,26.732148067247323
13.65 mm,crystal_N2,26.325190476190496,26.711608594291054
13.65 mm,crystal_N2,26.305428571428592,26.691115693888904
13.65 mm,crystal_N2,26.286095238095257,26.670669516620393
13.65 mm,crystal_N2,26.26642857142859,26.650270207867134
13.65 mm,crystal_N2,26.249190476190496,26.629917907995278
13.65 mm,crystal_N2,26.22442857142859,26.609612752260134
13.65 mm,crystal_N2,26.201190476190494,26.58935487055561
13.65 mm,crystal_N2,26.181142857142877,26.5691443872008
13.65 mm,crystal_N2,26.158523809523828,26.548981420935213
13.65 mm,crystal_N2,26.139666666666685,26.528866085202782
13.65 mm,crystal_N2,26.126285714285732,26.50879848868861
13.65 mm,crystal_N2,26.10338095238097,26.488778735971046
13.65 mm,crystal_N2,26.08447619047621,26.468806928096406
13.65 mm,crystal_N2,26.066047619047637,26.448883162892365
13.65 mm,crystal_N2,26.045190476190495,26.42900753492146
13.65 mm,crystal_N2,26.024190476190494,26.40918013511241
13.65 mm,crystal_N2,26.00833333333335,26.38940105023567
13.65 mm,crystal_N2,25.990380952380974,26.369670362445582
13.65 mm,crystal_N2,25.972285714285732,26.349988149074118
13.65 mm,crystal_N2,25.953571428571443,26.33035448275526
13.65 mm,crystal_N2,25.93514285714288,26.31076943183629
13.65 mm,crystal_N2,25.91452380952383,26.291233060932637
13.65 mm,crystal_N2,25.899333333333356,26.271745431430723
13.65 mm,crystal_N2,25.881952380952402,26.252306601752462
13.65 mm,crystal_N2,25.863952380952398,26.232916627274577
13.65 mm,crystal_N2,25.847190476190498,26.213575559929687
13.65 mm,crystal_N2,25.832857142857158,26.19428344764816
13.65 mm,crystal_N2,25.816333333333354,26.175040333865937
13.65 mm,crystal_N2,25.802619047619064,26.155846257293174
13.65 mm,crystal_N2,25.78385714285716,26.136701252034264
13.65 mm,crystal_N2,25.762000000000015,26.11760534802282
13.65 mm,crystal_N2,25.737571428571446,26.098558571630832
13.65 mm,crystal_N2,25.718571428571444,26.079560946255686
13.65 mm,crystal_N2,25.69780952380954,26.060612492692307
13.65 mm,crystal_N2,25.679238095238112,26.04171322917098
13.65 mm,crystal_N2,25.661714285714304,26.02286317107037
13.65 mm,crystal_N2,25.64509523809526,26.004062330452037
13.65 mm,crystal_N2,25.62585714285716,25.98531071564014
13.65 mm,crystal_N2,25.611238095238114,25.966608331049482
13.65 mm,crystal_N2,25.59238095238097,25.947955177365326
13.65 mm,crystal_N2,25.57180952380954,25.929351252049077
13.65 mm,crystal_N2,25.552142857142876,25.910796550036324
13.65 mm,crystal_N2,25.534238095238113,25.89229106443601
13.65 mm,crystal_N2,25.512857142857158,25.87383478703815
13.65 mm,crystal_N2,25.498142857142874,25.8554277084957
13.65 mm,crystal_N2,25.480523809523827,25.83706981815829
13.65 mm,crystal_N2,25.45985714285716,25.818761103670035
13.65 mm,crystal_N2,25.44076190476192,25.800501550538765
13.65 mm,crystal_N2,25.423476190476208,25.78229114189187
13.65 mm,crystal_N2,25.40480952380954,25.764129858552458
13.65 mm,crystal_N2,25.388476190476208,25.746017679443362
13.65 mm,crystal_N2,25.368190476190495,25.72795458220942
13.65 mm,crystal_N2,25.3469523809524,25.709940543877423
13.65 mm,crystal_N2,25.326619047619065,25.691975541358204
13.65 mm,crystal_N2,25.31142857142859,25.67405955162999
13.65 mm,crystal_N2,25.295476190476208,25.656192551524242
13.65 mm,crystal_N2,25.280190476190498,25.638374517156375
13.65 mm,crystal_N2,25.258619047619067,25.620605423170407
13.65 mm,crystal_N2,25.234190476190495,25.602885242040728
13.65 mm,crystal_N2,25.205333333333353,25.585213943654313
13.65 mm,crystal_N2,25.18490476190478,25.567591495292845
13.65 mm,crystal_N2,25.167666666666683,25.550017861995336
13.65 mm,crystal_N2,25.15338095238097,25.53249300716503
13.65 mm,crystal_N2,25.13347619047621,25.515016893221457
13.65 mm,crystal_N2,25.115428571428588,25.4975894820954
13.65 mm,crystal_N2,25.092571428571446,25.48021073541061
13.65 mm,crystal_N2,25.071904761904783,25.46288061428488
13.65 mm,crystal_N2,25.05485714285716,25.445599078803667
13.65 mm,crystal_N2,25.041047619047635,25.428366087341573
13.65 mm,crystal_N2,25.025523809523825,25.41118159597532
13.65 mm,crystal_N2,25.009476190476207,25.394045558206415
13.65 mm,crystal_N2,24.993047619047637,25.376957925101546
13.65 mm,crystal_N2,24.97404761904764,25.359918645816112
13.65 mm,crystal_N2,24.958666666666684,25.342927668346924
13.65 mm,crystal_N2,24.94228571428573,25.325984940300764
13.65 mm,crystal_N2,24.92619047619049,25.309090409466588
13.65 mm,crystal_N2,24.90790476190478,25.292244024030047
13.65 mm,crystal_N2,24.890333333333352,25.275445732355823
13.65 mm,crystal_N2,24.86928571428573,25.25869548238048
13.65 mm,crystal_N2,24.847666666666683,25.241993220785627
13.65 mm,crystal_N2,24.829428571428586,25.225338892209265
13.65 mm,crystal_N2,24.812714285714303,25.20873243875201
13.65 mm,crystal_N2,24.795666666666683,25.19217379993588
13.65 mm,crystal_N2,24.779095238095255,25.17566291312147
13.65 mm,crystal_N2,24.764238095238113,25.159199714247208
13.65 mm,crystal_N3,27.165523809523826,27.13014285714288
13.65 mm,crystal_N3,27.176285714285736,27.13014285714289
13.65 mm,crystal_N3,27.19004761904764,27.130142857142893
13.65 mm,crystal_N3,27.20414285714288,27.13014285714293
13.65 mm,crystal_N3,27.21561904761907,27.13014285714294
13.65 mm,crystal_N3,27.230666666666686,27.13014285714294
13.65 mm,crystal_N3,27.242666666666686,27.1301428571429
13.65 mm,crystal_N3,27.250809523809544,27.130142857142232
13.65 mm,crystal_N3,27.259571428571448,27.130142857136672
13.65 mm,crystal_N3,27.26942857142859,27.13014285710276
13.65 mm,crystal_N3,27.276285714285734,27.130142856939933
13.65 mm,crystal_N3,27.286714285714304,27.130142856296537
13.65 mm,crystal_N3,27.296523809523826,27.130142854135663
13.65 mm,crystal_N3,27.303952380952403,27.130142847805104
13.65 mm,crystal_N3,27.31057142857145,27.1301428312848
13.65 mm,crystal_N3,27.31800000000002,27.130142792218898
13.65 mm,crystal_N3,27.32400000000002,27.13014270731803
13.65 mm,crystal_N3,27.32947619047621,27.130142535745993
13.65 mm,crystal_N3,27.34004761904764,27.130142210178526
13.65 mm,crystal_N3,27.350857142857166,27.130141625325624
13.65 mm,crystal_N3,27.36147619047621,27.13014062383136
13.65 mm,crystal_N3,27.369809523809543,27.130138979595273
13.65 mm,crystal_N3,27.37638095238097,27.130136378690516
13.65 mm,crystal_N3,27.38352380952383,27.130132398182226
13.65 mm,crystal_N3,27.392761904761926,27.130126483269983
13.65 mm,crystal_N3,27.40261904761907,27.13011792328616
13.65 mm,crystal_N3,27.411380952380973,27.13010582717142
13.65 mm,crystal_N3,27.421619047619068,27.13008909911423
13.65 mm,crystal_N3,27.42952380952383,27.130066415077415
13.65 mm,crystal_N3,27.43800000000002,27.130036200937823
13.65 mm,crystal_N3,27.443619047619066,27.129996612934942
13.65 mm,crystal_N3,27.449619047619066,27.12994552106081
13.65 mm,crystal_N3,27.455619047619066,27.12988049593147
13.65 mm,crystal_N3,27.464476190476212,27.129798799565986
13.65 mm,crystal_N3,27.472761904761924,27.129697380370224
13.65 mm,crystal_N3,27.482428571428592,27.129572872488822
13.65 mm,crystal_N3,27.490619047619067,27.12942159955812
13.65 mm,crystal_N3,27.502285714285733,27.1292395827716
13.65 mm,crystal_N3,27.510333333333353,27.129022553061024
13.65 mm,crystal_N3,27.515666666666682,27.128765967102602
13.65 mm,crystal_N3,27.51790476190478,27.12846502677978
13.65 mm,crystal_N3,27.518904761904782,27.12811470167141
13.65 mm,crystal_N3,27.52300000000002,27.127709754088954
13.65 mm,crystal_N3,27.533857142857162,27.127244766157098
13.65 mm,crystal_N3,27.542666666666687,27.126714168419976
13.65 mm,crystal_N3,27.548095238095257,27.126112269457977
13.65 mm,crystal_N3,27.550523809523828,27.125433286017206
13.65 mm,crystal_N3,27.551619047619063,27.124671373182956
13.65 mm,crystal_N3,27.556761904761924,27.123820654168412
13.65 mm,crystal_N3,27.563047619047637,27.12287524933783
13.65 mm,crystal_N3,27.56504761904764,27.12182930413675
13.65 mm,crystal_N3,27.5699523809524,27.120677015657918
13.65 mm,crystal_N3,27.572380952380975,27.11941265762674
13.65 mm,crystal_N3,27.579000000000022,27.1180306036423
13.65 mm,crystal_N3,27.583523809523832,27.116525348557182
13.65 mm,crystal_N3,27.58438095238097,27.114891527921582
13.65 mm,crystal_N3,27.58190476190478,27.1131239354537
13.65 mm,crystal_N3,27.581714285714305,27.111217538530283
13.65 mm,crystal_N3,27.579095238095256,27.10916749171785
13.65 mm,crystal_N3,27.580714285714304,27.106969148387655
13.65 mm,crystal_N3,27.58261904761907,27.10461807047515
13.65 mm,crystal_N3,27.58257142857145,27.102110036459504
13.65 mm,crystal_N3,27.588380952380973,27.099441047650153
13.65 mm,crystal_N3,27.591761904761924,27.096607332876964
13.65 mm,crystal_N3,27.59504761904764,27.093605351688808
13.65 mm,crystal_N3,27.5989523809524,27.090431796172215
13.65 mm,crystal_N3,27.604904761904784,27.087083591506637
13.65 mm,crystal_N3,27.60514285714288,27.083557895376714
13.65 mm,crystal_N3,27.609238095238116,27.079852096362558
13.65 mm,crystal_N3,27.610476190476213,27.075963811427805
13.65 mm,crystal_N3,27.61000000000002,27.07189088261979
13.65 mm,crystal_N3,27.60961904761907,27.067631373088908
13.65 mm,crystal_N3,27.610142857142876,27.063183562525627
13.65 mm,crystal_N3,27.610238095238117,27.05854594210451
13.65 mm,crystal_N3,27.610952380952398,27.053717209015904
13.65 mm,crystal_N3,27.611571428571448,27.048696260658083
13.65 mm,crystal_N3,27.61142857142859,27.043482188556005
13.65 mm,crystal_N3,27.6061904761905,27.038074272066748
13.65 mm,crystal_N3,27.604904761904784,27.032471971926054
13.65 mm,crystal_N3,27.601666666666688,27.02667492368286
13.65 mm,crystal_N3,27.596380952380976,27.020682931062435
13.65 mm,crystal_N3,27.59190476190478,27.014495959292184
13.65 mm,crystal_N3,27.588476190476207,27.008114128419926
13.65 mm,crystal_N3,27.5859523809524,27.00153770665077
13.65 mm,crystal_N3,27.587619047619064,26.99476710372544
13.65 mm,crystal_N3,27.585238095238118,26.98780286436122
13.65 mm,crystal_N3,27.581142857142876,26.980645661775135
13.65 mm,crystal_N3,27.575190476190492,26.97329629130848
13.65 mm,crystal_N3,27.571952380952396,26.96575566416956
13.65 mm,crystal_N3,27.570761904761923,26.958024801307673
13.65 mm,crystal_N3,27.56647619047621,26.950104827427573
13.65 mm,crystal_N3,27.558428571428593,26.941996965150956
13.65 mm,crystal_N3,27.552238095238113,26.933702529330944
13.65 mm,crystal_N3,27.54628571428573,26.92522292152493
13.65 mm,crystal_N3,27.543238095238117,26.916559624631198
13.65 mm,crystal_N3,27.53904761904764,26.907714197693778
13.65 mm,crystal_N3,27.531761904761925,26.898688270880278
13.65 mm,crystal_N3,27.52342857142859,26.889483540638377
13.65 mm,crystal_N3,27.518714285714303,26.880101765036887
13.65 mm,crystal_N3,27.513666666666683,26.870544759295413
13.65 mm,crystal_N3,27.506142857142876,26.86081439150356
13.65 mm,crystal_N3,27.498904761904782,26.850912578526657
13.65 mm,crystal_N3,27.491714285714306,26.840841282093756
13.65 mm,crystal_N3,27.48647619047621,26.83060250506364
13.65 mm,crystal_N3,27.48157142857145,26.82019828786475
13.65 mm,crystal_N3,27.47409523809526,26.809630705104183
13.65 mm,crystal_N3,27.46504761904764,26.798901862339044
13.65 mm,crystal_N3,27.457190476190497,26.7880138930022
13.65 mm,crystal_N3,27.451857142857165,26.77696895547525
13.65 mm,crystal_N3,27.447428571428592,26.76576923030344
13.65 mm,crystal_N3,27.43861904761907,26.754416917547616
13.65 mm,crystal_N3,27.42580952380954,26.74291423426731
13.65 mm,crystal_N3,27.41642857142859,26.731263412124395
13.65 mm,crystal_N3,27.406142857142875,26.719466695094624
13.65 mm,crystal_N3,27.399809523809544,26.707526337273514
13.65 mm,crystal_N3,27.394809523809542,26.695444600766933
13.65 mm,crystal_N3,27.3849523809524,26.683223753660993
13.65 mm,crystal_N3,27.370285714285735,26.670866068069223
13.65 mm,crystal_N3,27.363619047619068,26.658373818256013
13.65 mm,crystal_N3,27.355666666666686,26.6457492788347
13.65 mm,crystal_N3,27.348523809523826,26.632994723039975
13.65 mm,crystal_N3,27.34190476190478,26.620112421076417
13.65 mm,crystal_N3,27.332238095238115,26.60710463854818
13.65 mm,crystal_N3,27.320142857142876,26.59397363497606
13.65 mm,crystal_N3,27.315571428571445,26.58072166240635
13.65 mm,crystal_N3,27.30714285714288,26.567350964113242
13.65 mm,crystal_N3,27.296666666666688,26.553863773394276
13.65 mm,crystal_N3,27.285000000000018,26.54026231245951
13.65 mm,crystal_N3,27.2719523809524,26.52654879141688
13.65 mm,crystal_N3,27.258666666666684,26.512725407356797
13.65 mm,crystal_N3,27.247000000000018,26.498794343535934
13.65 mm,crystal_N3,27.237714285714304,26.48475776865335
13.65 mm,crystal_N3,27.23271428571431,26.470617836205143
13.65 mm,crystal_N3,27.22709523809526,26.456376683901023
13.65 mm,crystal_N3,27.218333333333355,26.442036433128504
13.65 mm,crystal_N3,27.20090476190478,26.427599188457094
13.65 mm,crystal_N3,27.186047619047635,26.413067037180916
13.65 mm,crystal_N3,27.17428571428573,26.398442048900453
13.65 mm,crystal_N3,27.16385714285716,26.38372627514094
13.65 mm,crystal_N3,27.150619047619067,26.36892174899956
13.65 mm,crystal_N3,27.13690476190478,26.354030484810288
13.65 mm,crystal_N3,27.1169523809524,26.339054477816912
13.65 mm,crystal_N3,27.1039523809524,26.323995703851985
13.65 mm,crystal_N3,27.091380952380973,26.308856119027084
13.65 mm,crystal_N3,27.08590476190478,26.29363765944412
13.65 mm,crystal_N3,27.075809523809546,26.278342240935643
13.65 mm,crystal_N3,27.066333333333354,26.26297175883545
13.65 mm,crystal_N3,27.05252380952383,26.247528087774864
13.65 mm,crystal_N3,27.041952380952402,26.232013081497968
13.65 mm,crystal_N3,27.027380952380973,26.216428572693903
13.65 mm,crystal_N3,27.019666666666684,26.200776372851788
13.65 mm,crystal_N3,27.00857142857145,26.185058272149128
13.65 mm,crystal_N3,26.996809523809542,26.169276039383675
13.65 mm,crystal_N3,26.985523809523826,26.15343142195085
13.65 mm,crystal_N3,26.971666666666685,26.137526145858082
13.65 mm,crystal_N3,26.953047619047638,26.1215619157601
13.65 mm,crystal_N3,26.93904761904764,26.105540414998885
13.65 mm,crystal_N3,26.924857142857164,26.08946330564124
13.65 mm,crystal_N3,26.91309523809526,26.073332228518492
13.65 mm,crystal_N3,26.90185714285716,26.05714880328207
13.65 mm,crystal_N3,26.891142857142874,26.04091462848933
13.65 mm,crystal_N3,26.876714285714304,26.02463128172576
13.65 mm,crystal_N3,26.86780952380954,26.008300319756856
13.65 mm,crystal_N3,26.85590476190478,25.99192327869175
13.65 mm,crystal_N3,26.846238095238114,25.975501674137725
13.65 mm,crystal_N3,26.832904761904782,25.95903700133233
13.65 mm,crystal_N3,26.821619047619066,25.942530735253616
13.65 mm,crystal_N3,26.80604761904764,25.92598433072325
13.65 mm,crystal_N3,26.796238095238117,25.909399222522914
13.65 mm,crystal_N3,26.785714285714306,25.892776825540583
13.65 mm,crystal_N3,26.772619047619067,25.876118534949565
13.65 mm,crystal_N3,26.755666666666688,25.85942572640843
13.65 mm,crystal_N3,26.738095238095255,25.84269975625956
13.65 mm,crystal_N3,26.720761904761922,25.825941961705134
13.65 mm,crystal_N3,26.70680952380954,25.80915366095095
13.65 mm,crystal_N3,26.691095238095258,25.792336153325337
13.65 mm,crystal_N3,26.67433333333335,25.775490719394558
13.65 mm,crystal_N3,26.657285714285734,25.758618621100116
13.65 mm,crystal_N3,26.639238095238113,25.741721101935887
13.65 mm,crystal_N3,26.6219523809524,25.724799387166314
13.65 mm,crystal_N3,26.60580952380954,25.707854684069837
13.65 mm,crystal_N3,26.58947619047621,25.690888182179478
13.65 mm,crystal_N3,26.573952380952402,25.673901053493616
13.65 mm,crystal_N3,26.559190476190494,25.656894452642355
13.65 mm,crystal_N3,26.546476190476213,25.639869517014787
13.65 mm,crystal_N3,26.53304761904764,25.6228273668698
13.65 mm,crystal_N3,26.518095238095256,25.605769105461224
13.65 mm,crystal_N3,26.505285714285733,25.588695819203114
13.65 mm,crystal_N3,26.490809523809546,25.571608577885012
13.65 mm,crystal_N3,26.47257142857145,25.554508434926152
13.65 mm,crystal_N3,26.45957142857145,25.537396427640164
13.65 mm,crystal_N3,26.443666666666687,25.520273577474235
13.65 mm,crystal_N3,26.429809523809546,25.503140890194345
13.65 mm,crystal_N3,26.418619047619064,25.48599935600675
13.65 mm,crystal_N3,26.40690476190478,25.468849949629075
13.65 mm,crystal_N3,26.392666666666685,25.4516936303419
13.65 mm,crystal_N3,26.382142857142874,25.434531342057564
13.65 mm,crystal_N3,26.369142857142876,25.417364013435026
13.65 mm,crystal_N3,26.357952380952398,25.400192558051298
13.65 mm,crystal_N3,26.347761904761924,25.383017874617668
13.65 mm,crystal_N3,26.33747619047621,25.365840847211835
13.65 mm,crystal_N3,26.325333333333354,25.348662345489814
13.65 mm,crystal_N3,26.309714285714307,25.33148322485038
13.65 mm,crystal_N3,26.294952380952402,25.314304326543756
13.65 mm,crystal_N3,26.284571428571446,25.297126477739397
13.65 mm,crystal_N3,26.274095238095256,25.279950491584678
13.65 mm,crystal_N3,26.262047619047635,25.262777167290793
13.65 mm,crystal_N3,26.2469523809524,25.24560729027412
13.65 mm,crystal_N3,26.232047619047638,25.22844163236236
13.65 mm,crystal_N3,26.221666666666685,25.211280952053066
13.65 mm,crystal_N3,26.210666666666683,25.194125994793584
13.65 mm,crystal_N3,26.192571428571448,25.17697749324394
13.65 mm,crystal_N3,26.175476190476203,25.159836167491004
13.65 mm,crystal_N3,26.157000000000018,25.142702725201072
13.65 mm,crystal_N3,26.13985714285716,25.125577861722267
13.65 mm,crystal_N3,26.1229523809524,25.108462260167006
13.65 mm,crystal_N3,26.107333333333354,25.091356591512437
13.65 mm,crystal_N3,26.09033333333335,25.07426151475104
13.65 mm,crystal_N3,26.07700000000002,25.057177677107244
13.65 mm,crystal_N3,26.063238095238113,25.040105714314716
13.65 mm,crystal_N3,26.048761904761925,25.023046250928715
13.65 mm,crystal_N3,26.030238095238115,25.00599990063386
13.65 mm,crystal_N3,26.011666666666684,24.988967266505405
13.65 mm,crystal_N3,25.995666666666683,24.97194894119368
13.65 mm,crystal_N3,25.982857142857164,24.95494550702375
13.65 mm,crystal_N3,25.972142857142877,24.93795753602759
13.65 mm,crystal_N3,25.963761904761924,24.92098558994532
13.65 mm,crystal_N3,25.953238095238113,24.904030220238138
13.65 mm,crystal_N3,25.93933333333335,24.887091968148557
13.65 mm,crystal_N3,25.929619047619063,24.87017136482665
13.65 mm,crystal_N3,25.9209523809524,24.853268931520084
13.65 mm,crystal_N3,25.909476190476212,24.836385179806168
13.65 mm,crystal_N3,25.899476190476207,24.819520611829617
13.65 mm,crystal_N3,25.88385714285716,24.802675720505555
13.65 mm,crystal_N3,25.864904761904782,24.785850989654573
13.65 mm,crystal_N3,25.846238095238114,24.76904689405621
13.65 mm,crystal_N3,25.830857142857163,24.75226389943173
13.65 mm,crystal_N3,25.817285714285735,24.735502462389313
13.65 mm,crystal_N3,25.805761904761923,24.718763030375378
13.65 mm,crystal_N3,25.79485714285716,24.702046041672848
13.65 mm,crystal_N3,25.787142857142875,24.685351925473167
13.65 mm,crystal_N3,25.777047619047636,24.6686811020286
13.65 mm,crystal_N3,25.766238095238112,24.65203398287119
13.65 mm,crystal_N3,25.750095238095255,24.635410971068286
13.65 mm,crystal_N3,25.734000000000016,24.618812461475923
13.65 mm,crystal_N3,25.720142857142875,24.602238840951607
13.65 mm,crystal_N3,25.710428571428587,24.585690488500326
13.65 mm,crystal_N3,25.699666666666683,24.569167775348404
13.65 mm,crystal_N3,25.690190476190494,24.552671064963175
13.65 mm,crystal_N3,25.677761904761923,24.53620071305326
13.65 mm,crystal_N3,25.66838095238097,24.51975706758978
13.65 mm,crystal_N3,25.655095238095257,24.50334046888093
13.65 mm,crystal_N3,25.64233333333335,24.48695124971628
13.65 mm,crystal_N3,25.62285714285716,24.470589735577803
13.65 mm,crystal_N3,25.60438095238097,24.454256244897316
13.65 mm,crystal_N3,25.586476190476205,24.437951089329154
13.65 mm,crystal_N3,25.574190476190495,24.421674574000892
13.65 mm,crystal_N3,25.55909523809526,24.40542699770859
13.65 mm,crystal_N3,25.54485714285716,24.38920865303338
13.65 mm,crystal_N3,25.52842857142859,24.373019826375625
13.65 mm,crystal_N3,25.515142857142877,24.356860797924494
13.65 mm,crystal_N3,25.502238095238113,24.340731841598856
13.65 mm,crystal_N3,25.49200000000002,24.324633225002508
13.65 mm,crystal_N3,25.477571428571448,24.3085652094319
13.65 mm,crystal_N3,25.46442857142859,24.292528049958854
13.65 mm,crystal_N3,25.44742857142859,24.276521995591324
13.65 mm,crystal_N3,25.42952380952383,24.260547289496614
13.65 mm,crystal_N3,25.410142857142873,24.24460416925779
13.65 mm,crystal_N3,25.392523809523826,24.228692867127393
13.65 mm,crystal_N3,25.379380952380966,24.212813610242435
13.65 mm,crystal_N3,25.372761904761923,24.196966620772123
13.65 mm,crystal_N3,25.359380952380974,24.181152115983195
13.65 mm,crystal_N3,25.348761904761922,24.165370308227505
13.65 mm,crystal_N3,25.33338095238097,24.1496214048759
13.65 mm,crystal_N3,25.31580952380954,24.13390560823664
13.65 mm,crystal_N3,25.296047619047634,24.118223115499234
13.65 mm,crystal_N3,25.28438095238097,24.10257411873627
13.65 mm,crystal_N3,25.270666666666685,24.086958804978693
13.65 mm,crystal_N3,25.262333333333352,24.071377356360998
13.65 mm,crystal_N3,25.251095238095257,24.055829950315637
13.65 mm,crystal_N3,25.241761904761923,24.040316759785497
13.65 mm,crystal_N3,25.223809523809543,24.024837953419144
13.65 mm,crystal_N3,25.208857142857163,24.009393695715605
13.65 mm,crystal_N3,25.189142857142876,23.993984147094622
13.65 mm,crystal_N3,25.173666666666684,23.978609463881256
13.65 mm,crystal_N3,25.15900000000002,23.96326979821288
13.65 mm,crystal_N3,25.148809523809543,23.94796529789534
13.65 mm,crystal_N3,25.13390476190478,23.932696106249246
13.65 mm,crystal_N3,25.12038095238097,23.917462361990978
13.65 mm,crystal_N3,25.103761904761924,23.902264199184735
13.65 mm,crystal_N3,25.091333333333353,23.887101747284685
13.65 mm,crystal_N3,25.076000000000022,23.871975131265508
13.65 mm,crystal_N3,25.06338095238097,23.85688447182139
13.65 mm,crystal_N3,25.049142857142876,23.841829885600895
13.65 mm,crystal_N3,25.034904761904777,23.82681148544009
13.65 mm,crystal_N3,25.017571428571447,23.811829380557242
13.65 mm,crystal_N3,25.001571428571445,23.796883676679755
13.65 mm,crystal_N3,24.98347619047621,23.781974476085132
13.65 mm,crystal_N3,24.970714285714305,23.767101877554047
13.65 mm,crystal_N3,24.956190476190496,23.75226597625279
13.65 mm,crystal_N3,24.941571428571446,23.737466863580305
13.65 mm,crystal_N3,24.92509523809526,23.722704627025525
13.65 mm,crystal_N3,24.909761904761922,23.707979350079633
13.65 mm,crystal_N3,24.89447619047621,23.693291112233894
13.65 mm,crystal_N3,24.88376190476192,23.678639989073645
13.65 mm,crystal_N3,24.875238095238117,23.66402605245659
13.65 mm,crystal_N3,24.8651904761905,23.649449370746517
13.65 mm,crystal_N3,24.851857142857163,23.63491000906403
13.65 mm,crystal_N3,24.838190476190494,23.620408029513683
13.65 mm,crystal_N3,24.823095238095256,23.60594349135175
13.65 mm,crystal_N3,24.81052380952383,23.591516451068525
13.65 mm,crystal_N3,24.799761904761922,23.577126962372386
13.65 mm,crystal_N3,24.789333333333353,23.56277507608126
13.65 mm,crystal_N3,24.777095238095256,23.548460839947293
13.65 mm,crystal_N3,24.7669523809524,23.534184298459202
13.65 mm,crystal_N3,24.754714285714307,23.519945492675703
13.65 mm,crystal_N3,24.744952380952398,23.50574446013905
13.65 mm,crystal_N3,24.732761904761922,23.491581234899602
13.65 mm,crystal_N3,24.71838095238097,23.477455847657218
13.65 mm,crystal_N3,24.701666666666686,23.46336832600096
13.65 mm,crystal_N3,24.68928571428573,23.449318694709717
13.65 mm,crystal_N3,24.67242857142859,23.4353069760679
13.65 mm,crystal_N3,24.658761904761917,23.421333190150122
13.65 mm,crystal_N3,24.644190476190495,23.40739735503596
13.65 mm,crystal_N3,24.62828571428573,23.39349948692688
13.65 mm,crystal_N3,24.61966666666669,23.379639600151535
13.65 mm,crystal_N3,24.61447619047621,23.365817707061694
13.65 mm,crystal_N3,24.607809523809543,23.35203381784001
13.65 mm,crystal_N3,24.601571428571447,23.338287940261136
13.65 mm,crystal_N3,24.591142857142877,23.324580079461953
13.65 mm,crystal_N3,24.57847619047621,23.3109102377797
13.65 mm,crystal_N3,24.56533333333335,23.29727841470466
13.65 mm,crystal_N3,24.55157142857145,23.2836846069689
13.65 mm,crystal_N3,24.539095238095257,23.27012880876375
13.65 mm,crystal_N3,24.530190476190494,23.256611012052684
13.65 mm,crystal_N3,24.519666666666687,23.243131206930457
13.65 mm,crystal_N3,24.508809523809546,23.22968938197406
13.65 mm,crystal_N3,24.49547619047621,23.216285524535945
13.65 mm,crystal_N3,24.4819523809524,23.202919620941465
13.65 mm,crystal_N3,24.468761904761923,23.189591656566513
13.65 mm,crystal_N3,24.45990476190478,23.176301615786535
13.65 mm,crystal_N3,24.445857142857157,23.16304948180344
13.65 mm,crystal_N3,24.42957142857145,23.149835236373562
13.65 mm,crystal_N3,24.416285714285735,23.136658859478075
13.65 mm,crystal_N3,24.40442857142859,23.12352032899351
13.65 mm,crystal_N3,24.397238095238112,23.110419620426644
13.65 mm,crystal_N3,24.39247619047621,23.09735670677096
13.65 mm,crystal_N3,24.38352380952383,23.084331558519697
13.65 mm,crystal_N3,24.37647619047621,23.071344143839486
13.65 mm,crystal_N3,24.370142857142877,23.058394428878138
13.65 mm,crystal_N3,24.363571428571447,23.045482378156976
13.65 mm,crystal_N3,24.356238095238115,23.03260795498685
13.65 mm,crystal_N3,24.344285714285732,23.019771121848102
13.65 mm,crystal_N3,24.328571428571447,23.006971840684347
13.65 mm,crystal_N3,24.317000000000014,22.99421007307534
13.65 mm,crystal_N3,24.30285714285716,22.98148578027072
13.65 mm,crystal_N3,24.289619047619063,22.968798923083153
13.65 mm,crystal_N3,24.275952380952397,22.956149461655674
13.65 mm,crystal_N3,24.262476190476207,22.943537355136307
13.65 mm,crystal_N3,24.2487142857143,22.930962561311276
13.65 mm,crystal_N3,24.239619047619065,22.918425036261972
13.65 mm,crystal_N3,24.22742857142859,22.90592473411373
13.65 mm,crystal_N3,24.214666666666687,22.893461606931478
13.65 mm,crystal_N3,24.201571428571448,22.88103560479155
13.65 mm,crystal_N3,24.192047619047635,22.868646676026618
13.65 mm,crystal_N3,24.180809523809543,22.856294767609963
13.65 mm,crystal_N3,24.17280952380954,22.8439798256236
13.65 mm,crystal_N3,24.162809523809543,22.831701795744518
13.65 mm,crystal_N3,24.154666666666685,22.81946062368462
13.65 mm,crystal_N3,24.142809523809543,22.807256255530746
13.65 mm,crystal_N3,24.131809523809544,22.79508863794714
13.65 mm,crystal_N3,24.117714285714307,22.782957718219798
13.65 mm,crystal_N4,29.582333333333352,29.565314285714305
13.65 mm,crystal_N4,29.584904761904784,29.56531428571431
13.65 mm,crystal_N4,29.591380952380973,29.56531428571435
13.65 mm,crystal_N4,29.595142857142882,29.565314285714376
13.65 mm,crystal_N4,29.597047619047643,29.5653142857144
13.65 mm,crystal_N4,29.59766666666669,29.56531428571442
13.65 mm,crystal_N4,29.600142857142878,29.565314285714358
13.65 mm,crystal_N4,29.600952380952403,29.565314285713352
13.65 mm,crystal_N4,29.60771428571431,29.565314285705167
13.65 mm,crystal_N4,29.6111904761905,29.56531428565565
13.65 mm,crystal_N4,29.61561904761907,29.56531428541936
13.65 mm,crystal_N4,29.620142857142877,29.565314284492107
13.65 mm,crystal_N4,29.622952380952405,29.56531428140055
13.65 mm,crystal_N4,29.621857142857166,29.565314272412653
13.65 mm,crystal_N4,29.621666666666687,29.565314249145068
13.65 mm,crystal_N4,29.622857142857168,29.565314194580093
13.65 mm,crystal_N4,29.62861904761907,29.56531407701078
13.65 mm,crystal_N4,29.634000000000018,29.565313841508004
13.65 mm,crystal_N4,29.641285714285736,29.56531339863104
13.65 mm,crystal_N4,29.64147619047621,29.565312610256413
13.65 mm,crystal_N4,29.641857142857166,29.56531127255444
13.65 mm,crystal_N4,29.643952380952403,29.565309096284533
13.65 mm,crystal_N4,29.648285714285738,29.56530568470393
13.65 mm,crystal_N4,29.64923809523812,29.565300509491628
13.65 mm,crystal_N4,29.65523809523812,29.565292885182355
13.65 mm,crystal_N4,29.65557142857145,29.565281942685928
13.65 mm,crystal_N4,29.657904761904785,29.565266602533463
13.65 mm,crystal_N4,29.660333333333355,29.565245548539746
13.65 mm,crystal_N4,29.665380952380975,29.56521720259579
13.65 mm,crystal_N4,29.668476190476213,29.565179701303336
13.65 mm,crystal_N4,29.67323809523812,29.565130875133306
13.65 mm,crystal_N4,29.678000000000022,29.565068230733957
13.65 mm,crystal_N4,29.68033333333336,29.564988936935983
13.65 mm,crystal_N4,29.683285714285734,29.564889814904475
13.65 mm,crystal_N4,29.69004761904764,29.564767332775354
13.65 mm,crystal_N4,29.69504761904764,29.56461760499065
13.65 mm,crystal_N4,29.69885714285716,29.5644363964157
13.65 mm,crystal_N4,29.69957142857145,29.56421913119184
13.65 mm,crystal_N4,29.695809523809547,29.563960906154136
13.65 mm,crystal_N4,29.69309523809526,29.563656508533345
13.65 mm,crystal_N4,29.693714285714307,29.563300437567058
13.65 mm,crystal_N4,29.6941904761905,29.562886929568396
13.65 mm,crystal_N4,29.696142857142878,29.562409985940988
13.65 mm,crystal_N4,29.697380952380975,29.561863403587395
13.65 mm,crystal_N4,29.698523809523827,29.561240807133334
13.65 mm,crystal_N4,29.704428571428593,29.560535682383517
13.65 mm,crystal_N4,29.705952380952404,29.559741410436775
13.65 mm,crystal_N4,29.70657142857145,29.55885130191687
13.65 mm,crystal_N4,29.70690476190478,29.557858630818668
13.65 mm,crystal_N4,29.708047619047637,29.55675666752292
13.65 mm,crystal_N4,29.709666666666685,29.55553871059294
13.65 mm,crystal_N4,29.712190476190496,29.554198117028683
13.65 mm,crystal_N4,29.711095238095258,29.552728330716143
13.65 mm,crystal_N4,29.712047619047638,29.551122908870116
13.65 mm,crystal_N4,29.71457142857145,29.54937554632593
13.65 mm,crystal_N4,29.717809523809542,29.547480097589535
13.65 mm,crystal_N4,29.72142857142859,29.545430596604167
13.65 mm,crystal_N4,29.721238095238117,29.54322127423528
13.65 mm,crystal_N4,29.719904761904786,29.54084657351247
13.65 mm,crystal_N4,29.719333333333353,29.53830116269661
13.65 mm,crystal_N4,29.72004761904764,29.535579946263383
13.65 mm,crystal_N4,29.722333333333353,29.532678073910787
13.65 mm,crystal_N4,29.722095238095257,29.529590947709323
13.65 mm,crystal_N4,29.72200000000002,29.526314227521418
13.65 mm,crystal_N4,29.71957142857145,29.52284383482161
13.65 mm,crystal_N4,29.716190476190494,29.51917595505104
13.65 mm,crystal_N4,29.711761904761925,29.515307038639452
13.65 mm,crystal_N4,29.711285714285733,29.511233800824094
13.65 mm,crystal_N4,29.71204761904764,29.50695322038846
13.65 mm,crystal_N4,29.717761904761925,29.50246253743535
13.65 mm,crystal_N4,29.718238095238114,29.497759250298397
13.65 mm,crystal_N4,29.715619047619064,29.492841111685124
13.65 mm,crystal_N4,29.708761904761925,29.48770612413497
13.65 mm,crystal_N4,29.70466666666669,29.482352534867026
13.65 mm,crystal_N4,29.702619047619066,29.47677883008604
13.65 mm,crystal_N4,29.704238095238118,29.470983728810552
13.65 mm,crystal_N4,29.703809523809543,29.464966176285856
13.65 mm,crystal_N4,29.7029523809524,29.458725337043177
13.65 mm,crystal_N4,29.701857142857165,29.452260587666046
13.65 mm,crystal_N4,29.702952380952404,29.4455715093232
13.65 mm,crystal_N4,29.70052380952383,29.43865788012483
13.65 mm,crystal_N4,29.696285714285736,29.43151966735607
13.65 mm,crystal_N4,29.689333333333355,29.424157019637505
13.65 mm,crystal_N4,29.679809523809546,29.41657025905588
13.65 mm,crystal_N4,29.668523809523833,29.40875987330289
13.65 mm,crystal_N4,29.664428571428594,29.400726507854454
13.65 mm,crystal_N4,29.657857142857164,29.39247095822021
13.65 mm,crystal_N4,29.651714285714306,29.383994162290062
13.65 mm,crystal_N4,29.64614285714288,29.37529719280257
13.65 mm,crystal_N4,29.6419523809524,29.36638124995922
13.65 mm,crystal_N4,29.634095238095263,29.357247654207768
13.65 mm,crystal_N4,29.63114285714288,29.34789783921616
13.65 mm,crystal_N4,29.628666666666685,29.338333345053414
13.65 mm,crystal_N4,29.624809523809546,29.328555811587382
13.65 mm,crystal_N4,29.621333333333354,29.31856697210317
13.65 mm,crystal_N4,29.615619047619074,29.3083686471432
13.65 mm,crystal_N4,29.603761904761928,29.29796273856879
13.65 mm,crystal_N4,29.59161904761907,29.287351223843356
13.65 mm,crystal_N4,29.584619047619068,29.2765361505386
13.65 mm,crystal_N4,29.578619047619068,29.26551963106729
13.65 mm,crystal_N4,29.573523809523834,29.254303837649093
13.65 mm,crystal_N4,29.566428571428595,29.24289099751543
13.65 mm,crystal_N4,29.556952380952403,29.231283388354125
13.65 mm,crystal_N4,29.547619047619072,29.219483333987146
13.65 mm,crystal_N4,29.53733333333335,29.207493200267972
13.65 mm,crystal_N4,29.529666666666685,29.195315391183193
13.65 mm,crystal_N4,29.518857142857165,29.18295234514451
13.65 mm,crystal_N4,29.50814285714288,29.170406531459037
13.65 mm,crystal_N4,29.497428571428593,29.15768044696652
13.65 mm,crystal_N4,29.487571428571453,29.14477661283282
13.65 mm,crystal_N4,29.479428571428592,29.13169757149182
13.65 mm,crystal_N4,29.4761904761905,29.118445883732438
13.65 mm,crystal_N4,29.472904761904783,29.105024125931354
13.65 mm,crystal_N4,29.469095238095257,29.091434887431486
13.65 mm,crystal_N4,29.461238095238116,29.07768076806438
13.65 mm,crystal_N4,29.450809523809543,29.063764375812056
13.65 mm,crystal_N4,29.44100000000002,29.049688324604656
13.65 mm,crystal_N4,29.431714285714307,29.03545523225258
13.65 mm,crystal_N4,29.422190476190497,29.021067718511866
13.65 mm,crystal_N4,29.408952380952403,29.006528403278235
13.65 mm,crystal_N4,29.399000000000022,28.9918399048996
13.65 mm,crystal_N4,29.391904761904783,28.977004838592876
13.65 mm,crystal_N4,29.38257142857145,28.962025814952327
13.65 mm,crystal_N4,29.372904761904785,28.946905438541265
13.65 mm,crystal_N4,29.358142857142877,28.931646306562826
13.65 mm,crystal_N4,29.34357142857145,28.91625100760509
13.65 mm,crystal_N4,29.331857142857167,28.900722120451775
13.65 mm,crystal_N4,29.322761904761926,28.885062212946075
13.65 mm,crystal_N4,29.31500000000002,28.869273840896522
13.65 mm,crystal_N4,29.305857142857164,28.853359547019856
13.65 mm,crystal_N4,29.291619047619065,28.837321859922852
13.65 mm,crystal_N4,29.2779523809524,28.821163293128798
13.65 mm,crystal_N4,29.260809523809545,28.804886344151676
13.65 mm,crystal_N4,29.24452380952383,28.788493493616375
13.65 mm,crystal_N4,29.23347619047621,28.771987204420668
13.65 mm,crystal_N4,29.226523809523826,28.755369920937603
13.65 mm,crystal_N4,29.21861904761907,28.738644068262374
13.65 mm,crystal_N4,29.212809523809543,28.721812051512355
13.65 mm,crystal_N4,29.200857142857163,28.704876255186658
13.65 mm,crystal_N4,29.186476190476213,28.68783904258514
13.65 mm,crystal_N4,29.17061904761907,28.670702755279727
13.65 mm,crystal_N4,29.15557142857145,28.653469712628947
13.65 mm,crystal_N4,29.140333333333352,28.63614221133138
13.65 mm,crystal_N4,29.130285714285737,28.61872252502133
13.65 mm,crystal_N4,29.120285714285735,28.601212903913755
13.65 mm,crystal_N4,29.11509523809526,28.583615574502414
13.65 mm,crystal_N4,29.10861904761907,28.565932739306035
13.65 mm,crystal_N4,29.096428571428593,28.548166576648175
13.65 mm,crystal_N4,29.082238095238118,28.530319240454435
13.65 mm,crystal_N4,29.06657142857145,28.512392860056856
13.65 mm,crystal_N4,29.053761904761927,28.4943895400062
13.65 mm,crystal_N4,29.044380952380973,28.476311359901437
13.65 mm,crystal_N4,29.033428571428594,28.458160374246127
13.65 mm,crystal_N4,29.024190476190498,28.439938612334906
13.65 mm,crystal_N4,29.012904761904785,28.421648078164644
13.65 mm,crystal_N4,28.997523809523834,28.403290750362302
13.65 mm,crystal_N4,28.98604761904764,28.384868582126877
13.65 mm,crystal_N4,28.975380952380974,28.36638350119316
13.65 mm,crystal_N4,28.964523809523833,28.347837409832195
13.65 mm,crystal_N4,28.956761904761926,28.329232184901986
13.65 mm,crystal_N4,28.94490476190478,28.31056967795027
13.65 mm,crystal_N4,28.93414285714288,28.291851715357083
13.65 mm,crystal_N4,28.9239523809524,28.27308009849432
13.65 mm,crystal_N4,28.911333333333356,28.25425660388228
13.65 mm,crystal_N4,28.89657142857145,28.235382983335366
13.65 mm,crystal_N4,28.884285714285735,28.216460964105295
13.65 mm,crystal_N4,28.873095238095257,28.19749224903864
13.65 mm,crystal_N4,28.8659523809524,28.178478516763164
13.65 mm,crystal_N4,28.85700000000002,28.15942142190273
13.65 mm,crystal_N4,28.848476190476212,28.14032259530503
13.65 mm,crystal_N4,28.840571428571447,28.12118364425782
13.65 mm,crystal_N4,28.832809523809544,28.102006152674385
13.65 mm,crystal_N4,28.8239523809524,28.082791681245325
13.65 mm,crystal_N4,28.816285714285737,28.063541767572275
13.65 mm,crystal_N4,28.8069523809524,28.04425792630782
13.65 mm,crystal_N4,28.7971904761905,28.024941649321555
13.65 mm,crystal_N4,28.784285714285737,28.00559440589543
13.65 mm,crystal_N4,28.771428571428594,27.98621764293433
13.65 mm,crystal_N4,28.758666666666688,27.966812785168663
13.65 mm,crystal_N4,28.745904761904782,27.947381235332813
13.65 mm,crystal_N4,28.733047619047642,27.927924374321805
13.65 mm,crystal_N4,28.723904761904784,27.90844356134778
13.65 mm,crystal_N4,28.71104761904764,27.888940134126372
13.65 mm,crystal_N4,28.6991904761905,27.869415409114808
13.65 mm,crystal_N4,28.685095238095258,27.849870681802543
13.65 mm,crystal_N4,28.66800000000002,27.83030722703096
13.65 mm,crystal_N4,28.651761904761923,27.810726299304925
13.65 mm,crystal_N4,28.639285714285734,27.791129133062476
13.65 mm,crystal_N4,28.62847619047621,27.77151694289086
13.65 mm,crystal_N4,28.622380952380976,27.751890923704096
13.65 mm,crystal_N4,28.615809523809546,27.732252250917874
13.65 mm,crystal_N4,28.609333333333357,27.71260208065806
13.65 mm,crystal_N4,28.600142857142878,27.692941550022116
13.65 mm,crystal_N4,28.588809523809545,27.673271777383835
13.65 mm,crystal_N4,28.57652380952383,27.653593862707
13.65 mm,crystal_N4,28.566857142857167,27.6339088878243
13.65 mm,crystal_N4,28.557619047619063,27.614217916650425
13.65 mm,crystal_N4,28.551476190476208,27.59452199532698
13.65 mm,crystal_N4,28.5451904761905,27.57482215232799
13.65 mm,crystal_N4,28.53661904761907,27.55511939857191
13.65 mm,crystal_N4,28.52790476190478,27.535414727581596
13.65 mm,crystal_N4,28.519238095238116,27.515709115709885
13.65 mm,crystal_N4,28.51080952380954,27.496003522415386
13.65 mm,crystal_N4,28.500809523809544,27.47629889054771
13.65 mm,crystal_N4,28.490809523809546,27.456596146594364
13.65 mm,crystal_N4,28.475380952380974,27.43689620085799
13.65 mm,crystal_N4,28.462333333333355,27.417199947566367
13.65 mm,crystal_N4,28.448904761904785,27.397508264950623
13.65 mm,crystal_N4,28.433428571428593,27.377822015345288
13.65 mm,crystal_N4,28.42000000000002,27.358142045358072
13.65 mm,crystal_N4,28.408619047619066,27.338469186129622
13.65 mm,crystal_N4,28.39552380952383,27.31880425366689
13.65 mm,crystal_N4,28.385523809523825,27.299148049202607
13.65 mm,crystal_N4,28.373809523809545,27.27950135952218
13.65 mm,crystal_N4,28.35504761904764,27.259864957214145
13.65 mm,crystal_N4,28.33900000000002,27.240239600834748
13.65 mm,crystal_N4,28.321523809523832,27.220626035015908
13.65 mm,crystal_N4,28.309714285714307,27.201024990570808
13.65 mm,crystal_N4,28.301238095238116,27.18143718465243
13.65 mm,crystal_N4,28.294666666666686,27.161863320997178
13.65 mm,crystal_N4,28.284285714285733,27.14230409024791
13.65 mm,crystal_N4,28.27538095238097,27.122760170313647
13.65 mm,crystal_N4,28.26747619047621,27.103232226700506
13.65 mm,crystal_N4,28.259809523809544,27.083720912752263
13.65 mm,crystal_N4,28.25147619047621,27.064226869768014
13.65 mm,crystal_N4,28.24342857142859,27.04475072700866
13.65 mm,crystal_N4,28.233190476190494,27.025293101643896
13.65 mm,crystal_N4,28.223952380952397,27.0058545987104
13.65 mm,crystal_N4,28.215000000000018,26.98643581114362
13.65 mm,crystal_N4,28.203619047619068,26.967037319913537
13.65 mm,crystal_N4,28.190333333333353,26.947659694252796
13.65 mm,crystal_N4,28.17847619047621,26.92830349192915
13.65 mm,crystal_N4,28.16690476190478,26.90896925949955
13.65 mm,crystal_N4,28.16047619047621,26.889657532496294
13.65 mm,crystal_N4,28.155095238095257,26.870368835531977
13.65 mm,crystal_N4,28.150285714285733,26.851103682352548
13.65 mm,crystal_N4,28.138190476190495,26.83186257589704
13.65 mm,crystal_N4,28.12814285714288,26.812646008427542
13.65 mm,crystal_N4,28.11366666666669,26.793454461772352
13.65 mm,crystal_N4,28.10133333333335,26.7742884076878
13.65 mm,crystal_N4,28.092238095238116,26.755148308302537
13.65 mm,crystal_N4,28.081285714285734,26.73603461657635
13.65 mm,crystal_N4,28.06847619047621,26.71694777669506
13.65 mm,crystal_N4,28.055523809523827,26.697888224340918
13.65 mm,crystal_N4,28.036714285714307,26.67885638681912
13.65 mm,crystal_N4,28.02242857142859,26.659852683070326
13.65 mm,crystal_N4,28.015047619047643,26.64087752363519
13.65 mm,crystal_N4,28.004761904761928,26.621931310647863
13.65 mm,crystal_N4,27.995380952380973,26.60301443791912
13.65 mm,crystal_N4,27.98247619047621,26.58412729113392
13.65 mm,crystal_N4,27.967666666666688,26.565270248145815
13.65 mm,crystal_N4,27.956238095238113,26.54644367931315
13.65 mm,crystal_N4,27.949523809523832,26.527647947801018
13.65 mm,crystal_N4,27.9399523809524,26.508883409776445
13.65 mm,crystal_N4,27.93033333333335,26.490150414455208
13.65 mm,crystal_N4,27.917761904761925,26.471449304006867
13.65 mm,crystal_N4,27.905285714285736,26.452780413372466
13.65 mm,crystal_N4,27.893095238095256,26.434144070076744
13.65 mm,crystal_N4,27.885190476190495,26.41554059411621
13.65 mm,crystal_N4,27.877761904761925,26.396970297977262
13.65 mm,crystal_N4,27.869809523809543,26.378433486797732
13.65 mm,crystal_N4,27.85952380952383,26.35993045864232
13.65 mm,crystal_N4,27.84757142857145,26.341461504828544
13.65 mm,crystal_N4,27.829809523809544,26.32302691022543
13.65 mm,crystal_N4,27.81623809523812,26.304626953457447
13.65 mm,crystal_N4,27.808476190476213,26.286261906982556
13.65 mm,crystal_N4,27.801142857142878,26.2679320370612
13.65 mm,crystal_N4,27.79152380952383,26.249637603675055
13.65 mm,crystal_N4,27.780857142857162,26.231378860472095
13.65 mm,crystal_N4,27.769190476190495,26.21315605480494
13.65 mm,crystal_N4,27.755095238095258,26.194969427897796
13.65 mm,crystal_N4,27.74252380952383,26.1768192151379
13.65 mm,crystal_N4,27.729428571428592,26.158705646450578
13.65 mm,crystal_N4,27.71542857142859,26.14062894669174
13.65 mm,crystal_N4,27.703571428571447,26.122589335980962
13.65 mm,crystal_N4,27.696666666666687,26.10458702990808
13.65 mm,crystal_N4,27.69042857142859,26.086622239578137
13.65 mm,crystal_N4,27.68300000000002,26.06869517150546
13.65 mm,crystal_N4,27.674047619047638,26.05080602741396
13.65 mm,crystal_N4,27.664761904761924,26.032955004026693
13.65 mm,crystal_N4,27.653333333333354,26.015142292926626
13.65 mm,crystal_N4,27.644095238095257,25.99736808054351
13.65 mm,crystal_N4,27.63500000000002,25.97963254828274
13.65 mm,crystal_N4,27.621857142857166,25.961935872771935
13.65 mm,crystal_N4,27.60847619047621,25.94427822617119
13.65 mm,crystal_N4,27.598047619047634,25.926659776475837
13.65 mm,crystal_N4,27.586952380952404,25.909080687738054
13.65 mm,crystal_N4,27.575857142857163,25.89154112014981
13.65 mm,crystal_N4,27.562285714285736,25.874041229964064
13.65 mm,crystal_N4,27.54761904761907,25.85658116927765
13.65 mm,crystal_N4,27.536095238095257,25.83916108574175
13.65 mm,crystal_N4,27.526571428571447,25.821781122287614
13.65 mm,crystal_N4,27.519761904761925,25.80444141694828
13.65 mm,crystal_N4,27.51109523809526,25.78714210282633
13.65 mm,crystal_N4,27.501238095238115,25.76988330821667
13.65 mm,crystal_N4,27.489714285714307,25.752665156853876
13.65 mm,crystal_N4,27.48052380952383,25.735487768226264
13.65 mm,crystal_N4,27.471190476190497,25.71835125788544
13.65 mm,crystal_N4,27.46266666666669,25.701255737681848
13.65 mm,crystal_N4,27.45247619047621,25.68420131587562
13.65 mm,crystal_N4,27.43933333333335,25.66718809710676
13.65 mm,crystal_N4,27.426380952380974,25.650216182253388
13.65 mm,crystal_N4,27.41733333333336,25.633285668243897
13.65 mm,crystal_N4,27.4089523809524,25.61639664790503
13.65 mm,crystal_N4,27.400904761904783,25.59954920991658
13.65 mm,crystal_N4,27.393380952380973,25.582743438910253
13.65 mm,crystal_N4,27.384857142857165,25.565979415710043
13.65 mm,crystal_N4,27.379238095238115,25.549257217675255
13.65 mm,crystal_N4,27.37271428571431,25.53257691908443
13.65 mm,crystal_N4,27.364809523809544,25.51593859149042
13.65 mm,crystal_N4,27.351809523809543,25.499342303981628
13.65 mm,crystal_N4,27.337285714285734,25.482788123301464
13.65 mm,crystal_N4,27.3229523809524,25.466276113806515
13.65 mm,crystal_N4,27.311714285714306,25.449806337282407
13.65 mm,crystal_N4,27.30057142857145,25.433378852675627
13.65 mm,crystal_N4,27.29252380952383,25.416993715824237
13.65 mm,crystal_N4,27.27952380952383,25.40065097927019
13.65 mm,crystal_N4,27.268666666666686,25.384350692211797
13.65 mm,crystal_N4,27.254571428571452,25.36809290061474
13.65 mm,crystal_N4,27.23761904761907,25.351877647460288
13.65 mm,crystal_N4,27.219190476190498,25.335704973078286
13.65 mm,crystal_N4,27.207047619047636,25.31957491549701
13.65 mm,crystal_N4,27.195809523809544,25.30348751074086
13.65 mm,crystal_N4,27.187476190476207,25.28744279301755
13.65 mm,crystal_N4,27.180619047619068,25.271440794755986
13.65 mm,crystal_N4,27.1731904761905,25.25548154648557
13.65 mm,crystal_N4,27.161047619047636,25.23956507658339
13.65 mm,crystal_N4,27.150809523809542,25.223691410951382
13.65 mm,crystal_N4,27.139238095238113,25.207860572707332
13.65 mm,crystal_N4,27.12833333333335,25.19207258197087
13.65 mm,crystal_N4,27.11800000000002,25.176327455799342
13.65 mm,crystal_N4,27.10904761904764,25.160625208287964
13.65 mm,crystal_N4,27.100095238095257,25.144965850808575
13.65 mm,crystal_N4,27.095714285714305,25.129349392331225
13.65 mm,crystal_N4,27.090428571428593,25.113775839758706
13.65 mm,crystal_N4,27.08347619047621,25.09824519820508
13.65 mm,crystal_N4,27.072666666666688,25.082757471161347
13.65 mm,crystal_N4,27.063000000000017,25.067312660512133
13.65 mm,crystal_N4,27.052000000000017,25.051910766395093
13.65 mm,crystal_N4,27.042190476190495,25.036551786929238
13.65 mm,crystal_N4,27.033190476190498,25.021235717873935
13.65 mm,crystal_N4,27.02190476190478,25.005962552303533
13.65 mm,crystal_N4,27.011238095238113,24.990732280384087
13.65 mm,crystal_N4,27.002047619047637,24.975544889313493
13.65 mm,crystal_N4,26.994523809523827,24.960400363445842
13.65 mm,crystal_N4,26.98761904761907,24.94529868457689
13.65 mm,crystal_N4,26.981761904761925,24.930239832334134
13.65 mm,crystal_N4,26.973857142857163,24.91522378459753
13.65 mm,crystal_N4,26.96238095238097,24.90025051787587
13.65 mm,crystal_N4,26.95119047619049,24.885320007575608
13.65 mm,crystal_N4,26.942190476190497,24.870432228118034
13.65 mm,crystal_N4,26.935428571428595,24.855587152886997
13.65 mm,crystal_N4,26.92947619047621,24.84078475402143
13.65 mm,crystal_N4,26.92357142857145,24.82602500210367
13.65 mm,crystal_N4,26.91680952380954,24.81130786582654
13.65 mm,crystal_N4,26.907809523809544,24.796633311735
13.65 mm,crystal_N4,26.895714285714305,24.782001304123163
13.65 mm,crystal_N4,26.88552380952383,24.76741180512841
13.65 mm,crystal_N4,26.876190476190494,24.752864775015183
13.65 mm,crystal_N4,26.864190476190497,24.738360172597343
13.65 mm,crystal_N4,26.851904761904784,24.723897955721636
13.65 mm,crystal_N4,26.841190476190494,24.709478081726893
13.65 mm,crystal_N4,26.83238095238097,24.695100507803517
13.65 mm,crystal_N4,26.82433333333335,24.68076519119647
13.65 mm,crystal_N4,26.815238095238115,24.666472089219443
13.65 mm,crystal_N4,26.807047619047637,24.652221159072234
13.65 mm,crystal_N4,26.797714285714306,24.638012357480065
13.65 mm,crystal_N4,26.788333333333355,24.62384564020407
13.65 mm,crystal_N4,26.779238095238117,24.60972096150436
13.65 mm,crystal_N4,26.76861904761907,24.595638273658608
