x_um,y_um,T_min_C,delta_CC3
-222.95863027175662,331.72313649084947,9.161676502512574,-2.6021669458306196
-222.95863027175662,555.7733385685985,8.66821985396351,-5.0979669458306205
-222.95863027175662,779.8235406463475,7.782856327141256,2.9621830541693805
-222.95863027175662,1003.8737427240965,7.082451303675268,11.533813054169379
-222.95863027175662,1227.9239448018454,6.580122511776302,5.53519555416938
-222.95863027175662,1451.9741468795944,5.6863894446492145,-5.21766694583062
-222.95863027175662,1676.0243489573436,4.961994724193416,-0.6585169458306206
-222.95863027175662,1900.0745510350926,4.403261529188001,3.0731330541693804
-222.95863027175662,2572.2251572683394,1.9162368603815687,-2.27736694583062
-109.89427851829394,219.698035451975,9.36650867514645,-2.5460669458306207
-109.89427851829394,443.74823752972395,8.782739431123112,2.580777498613824
-109.89427851829394,667.798439607473,8.22007457826015,27.93563305416938
-109.89427851829394,891.848641685222,7.5455250650797465,65.8309663875027
-109.89427851829394,1115.898843762971,6.7763789858581385,4.232983054169379
-109.89427851829394,1339.94904584072,5.874707818823762,-2.9895919458306204
-109.89427851829394,1563.9992479184689,5.3205569308721286,6.602661625597951
-109.89427851829394,1788.0494499962178,4.503151332407101,4.764395554169379
-109.89427851829394,2012.0996520739668,3.5510823233173916,9.007561625597953
-109.89427851829394,2236.1498541517158,2.688469531460792,23.583466387502714
-109.89427851829394,2460.2000562294647,1.9945697075705655,-2.2600419458306207
-109.89427851829394,2684.2502583072137,1.3546539286340669,2.29153305416938
-109.89427851829394,2908.3004603849627,0.5885540687801623,11.101699720836047
-109.89427851829394,3132.350662462712,-0.09353116102415114,9.835416387502711
-109.89427851829394,3356.400864540461,-0.780283530957254,-3.5315669458306207
-109.89427851829394,4028.5514707737075,-2.519869563220377,2.984183054169381
3.1700732351687293,331.72313649084947,9.022706142133451,-1.7275669458306204
3.1700732351687293,555.7733385685985,8.003087464114877,-4.82851694583062
3.1700732351687293,779.8235406463475,7.559708902417261,3.8483886097249353
3.1700732351687293,1227.9239448018454,5.984120487558999,0.9678830541693801
3.1700732351687293,1451.9741468795944,5.232545933863727,4.625118768455094
3.1700732351687293,1676.0243489573436,4.5107713628413215,-2.1700769458306204
3.1700732351687293,1900.0745510350926,3.752292390239496,-2.907824088687763
3.1700732351687293,2124.1247531128415,2.9603886425659445,4.11031305416938
3.1700732351687293,2348.1749551905905,1.9025790291194824,2.6999080541693803
3.1700732351687293,2572.2251572683394,1.4177910930569149,-0.03376694583062027
3.1700732351687293,2796.2753593460884,0.4433858157942601,-2.8823669458306207
3.1700732351687293,3020.3255614238374,-0.1223504809692281,-1.9887169458306202
3.1700732351687293,3244.3757635015863,-0.6070587745291643,-3.2434269458306204
3.1700732351687293,3692.4761676570843,-2.0642656928540513,13.008453054169376
3.1700732351687293,3916.5263697348337,-3.298145365479058,36.948133054169375
3.1700732351687293,4140.576571812582,-3.0647022223538403,0.7571580541693796
3.1700732351687293,4364.626773890332,-3.902811035850476,7.727033054169381
3.1700732351687293,4812.7271780458295,-4.356585945182174,21.834333054169377
116.23442498863139,219.698035451975,8.859520091546747,-1.3339669458306194
116.23442498863139,443.74823752972395,8.462667769278525,-4.87817694583062
116.23442498863139,667.798439607473,7.645933921377299,-2.804866945830621
116.23442498863139,891.848641685222,6.996120343192707,27.43373305416938
116.23442498863139,1115.898843762971,6.00676792638364,-3.2318419458306202
116.23442498863139,1339.94904584072,5.23662481790552,-3.34976694583062
116.23442498863139,1563.9992479184689,4.417342258525228,-3.323850279163954
116.23442498863139,1788.0494499962178,3.7389969520731463,12.067675911312238
116.23442498863139,2012.0996520739668,2.9527162189937157,-4.283491945830621
116.23442498863139,2236.1498541517158,2.098800804030727,-5.20464194583062
116.23442498863139,2460.2000562294647,1.4839378202198137,35.06881305416938
116.23442498863139,2684.2502583072137,0.7314183280159577,1.3758663875027128
116.23442498863139,2908.3004603849627,0.07653305824874901,5.062933054169379
116.23442498863139,3132.350662462712,-0.7224768024241661,-1.6860669458306201
116.23442498863139,3580.4510666182096,-2.2553140947948314,-5.542800279163953
116.23442498863139,3804.501268695959,-2.911949911201512,0.014833054169378931
116.23442498863139,4028.5514707737075,-4.0410271838969,3.391295554169379
116.23442498863139,4252.601672851457,-3.611845033224461,22.048818768455096
116.23442498863139,4476.651874929205,-4.686918255126683,6.93923305416938
116.23442498863139,4700.702077006955,-5.036949802256386,2.091233054169379
116.23442498863139,4924.752279084704,-5.1998853415664525,3.14533305416938
116.23442498863139,5148.802481162453,-5.408699849515465,6.339561625597951
116.23442498863139,7389.304501939942,0.35514989807269337,2.8638330541693797
229.29877674209408,331.72313649084947,8.396842840185224,9.52845805416938
229.29877674209408,555.7733385685985,8.002839505224827,-6.1463669458306205
229.29877674209408,779.8235406463475,7.2319785156654905,26.861233054169375
229.29877674209408,1451.9741468795944,4.676874076205059,28.109302284938614
229.29877674209408,1676.0243489573436,3.6894784059063435,14.937958054169378
229.29877674209408,1900.0745510350926,2.8103206767202438,9.208185685748328
229.29877674209408,2124.1247531128415,1.9006482511135308,36.15200448274081
229.29877674209408,2348.1749551905905,1.0657513957658329,28.326199720836044
229.29877674209408,2572.2251572683394,0.5207987079072486,-6.259200279163953
229.29877674209408,3468.4259655793353,-2.2104687456490884,12.334683054169378
229.29877674209408,3692.4761676570843,-3.491842585005876,-7.63706694583062
229.29877674209408,3916.5263697348337,-4.588776937253033,-4.76312694583062
229.29877674209408,4140.576571812582,-4.420719897754216,11.275363054169379
229.29877674209408,4364.626773890332,-5.290370700632852,0.6201219430582684
229.29877674209408,4588.67697596808,-5.474662801745845,-0.25554194583061984
229.29877674209408,4812.7271780458295,-5.992866847987554,11.265949720836048
229.29877674209408,5036.777380123578,-6.062754203330115,-1.3291919458306203
229.29877674209408,5260.8275822013275,-5.771852012902074,16.46309972083605
229.29877674209408,5932.978188434574,-4.795853118187386,8.034533054169382
229.29877674209408,6605.128794667821,-2.8262203154368484,8.67148305416938
229.29877674209408,6829.178996745571,-1.9216659561774851,-3.00976694583062
229.29877674209408,7053.229198823319,-0.37759072293736945,9.427733054169378
229.29877674209408,7277.279400901069,-0.09296370047045763,-0.9695669458306195
229.29877674209408,7501.329602978817,0.7405626457846939,-8.12286694583062
342.3631284955567,443.74823752972395,7.986265753412724,4.286353054169379
342.3631284955567,1563.9992479184689,3.770595289500103,12.411193054169381
342.3631284955567,1788.0494499962178,3.0159083197176533,0.15286162559795097
342.3631284955567,2012.0996520739668,2.1151797869779574,-0.3736836124972869
342.3631284955567,2236.1498541517158,1.361045638497315,0.3237205541693803
342.3631284955567,2460.2000562294647,0.5316670003843054,9.17532305416938
342.3631284955567,3804.501268695959,-4.372819738125535,13.304066387502713
342.3631284955567,4028.5514707737075,-5.064272726732107,5.567366387502713
342.3631284955567,4252.601672851457,-5.394308722133047,-2.13947944583062
342.3631284955567,4476.651874929205,-5.892817448309041,-0.7117336124972873
342.3631284955567,4700.702077006955,-6.338735792416878,29.40316638750271
342.3631284955567,4924.752279084704,-6.255479447669199,27.070924720836047
342.3631284955567,5148.802481162453,-5.85272084441597,8.92903305416938
342.3631284955567,5372.852683240202,-6.5064272084703525,2.9774497208360464
342.3631284955567,5596.902885317951,-5.976959391693266,-6.97336694583062
342.3631284955567,5820.9530873957,-6.2668493353402965,0.14893305416937963
342.3631284955567,6045.003289473449,-5.48377915973523,20.61653305416938
342.3631284955567,6493.1036936289465,-4.237213352199661,1.5971330541693796
342.3631284955567,6717.153895706696,-2.8152360311025664,-1.7468002791639534
342.3631284955567,7165.254299862194,-0.7802835309572557,4.667833054169379
342.3631284955567,7389.304501939942,-0.03613648375502152,3.1352330541693796
342.3631284955567,7613.354704017692,0.4104662718268154,18.896133054169383
342.3631284955567,8285.50531025094,3.386815194191506,-0.46921694583061946
342.3631284955567,9181.706118561935,6.55921604399889,-3.5759669458306202
342.3631284955567,9405.756320639684,7.518921393290803,19.77488305416938
342.3631284955567,9853.856724795181,8.735260128197794,7.022433054169381
455.42748024901937,331.72313649084947,8.031039139092348,1.4300473398836655
455.42748024901937,1451.9741468795944,4.19816161280164,-5.882200279163953
455.42748024901937,1676.0243489573436,3.095616608188454,-0.8155069458306203
455.42748024901937,1900.0745510350926,2.1046336573550235,13.382283054169381
455.42748024901937,2124.1247531128415,1.2601929065518633,14.82998930416938
455.42748024901937,2348.1749551905905,0.24317634240043998,28.612245554169373
455.42748024901937,3692.4761676570843,-5.172762818599583,-6.264933612497288
455.42748024901937,3916.5263697348337,-5.937222140082383,-1.9190969458306202
455.42748024901937,4140.576571812582,-6.513500212296192,7.179289054169381
455.42748024901937,4364.626773890332,-6.965773255582437,5.732071943058269
455.42748024901937,4588.67697596808,-7.946735219543925,7.0893705541693794
455.42748024901937,4812.7271780458295,-7.19398446587969,21.04363305416938
455.42748024901937,5260.8275822013275,-6.770707125502733,-5.79811694583062
455.42748024901937,5484.877784279076,-7.02476745731996,13.03485305416938
455.42748024901937,5708.927986356825,-7.535374797146429,-4.66756694583062
455.42748024901937,5932.978188434574,-5.606759721295476,36.738833054169376
455.42748024901937,6157.028390512323,-5.85272084441597,-4.1078669458306205
455.42748024901937,6605.128794667821,-3.5312419773209505,4.9668330541693795
455.42748024901937,7949.430007134315,1.3354226081647043,38.45163305416938
455.42748024901937,8397.530411289814,3.1414143163940755,-3.0880669458306205
455.42748024901937,9517.781421678557,7.432653405987632,21.142470554169382
455.42748024901937,9741.831623756307,8.363017839289553,2.077266387502713
455.42748024901937,9965.881825834056,9.07390075777417,10.809399720836048
568.491832002482,219.698035451975,8.176487626936892,-3.06334694583062
568.491832002482,1563.9992479184689,3.239262155526712,4.306966387502713
568.491832002482,1788.0494499962178,2.2176066864912136,11.690439720836048
568.491832002482,2012.0996520739668,1.2897443974313825,14.017816387502714
568.491832002482,2236.1498541517158,0.4754145146960168,10.446763054169379
568.491832002482,3804.501268695959,-6.2963168561480005,-2.280433612497287
568.491832002482,4028.5514707737075,-6.742227324279322,9.638666387502711
568.491832002482,4252.601672851457,-7.250658270900615,11.496299720836044
568.491832002482,4476.651874929205,-8.196358202626419,2.7348747208360464
568.491832002482,5372.852683240202,-7.967271258721347,-4.76351694583062
568.491832002482,5820.9530873957,-7.535374797146429,-7.125366945830621
568.491832002482,6045.003289473449,-6.434216689937177,3.6908330541693797
568.491832002482,6269.053491551198,-6.225436486247865,32.28578305416938
568.491832002482,6493.1036936289465,-4.67530477615288,2.847383054169379
568.491832002482,7613.354704017692,0.020198287246863747,-0.8318169458306204
568.491832002482,8285.50531025094,2.991071484542834,-5.9710669458306205
568.491832002482,9629.806522717432,7.762739500018968,3.9480330541693807
681.5561837559447,331.72313649084947,7.792235758686217,-3.66326694583062
681.5561837559447,1676.0243489573436,2.4107088318225474,15.798966387502714
681.5561837559447,1900.0745510350926,1.3661019826211265,29.337433054169377
681.5561837559447,2124.1247531128415,0.670729810601841,9.252227791011483
681.5561837559447,2348.1749551905905,-0.20661813390133615,-6.40541694583062
681.5561837559447,3692.4761676570843,-7.207146746959635,10.653075911312234
681.5561837559447,3916.5263697348337,-6.981452579324153,28.96130805416938
681.5561837559447,4140.576571812582,-8.181244063672615,7.532944165280489
681.5561837559447,4364.626773890332,-8.346387634149469,7.176725361861687
681.5561837559447,4588.67697596808,-8.580441359767558,-5.14836694583062
681.5561837559447,5708.927986356825,-8.582873282366371,-4.62806694583062
681.5561837559447,6157.028390512323,-7.278995173411076,-7.4950669458306205
681.5561837559447,6381.078592590072,-6.319343625406124,13.298418768455093
681.5561837559447,7949.430007134315,0.9586700128682245,-5.48956694583062
681.5561837559447,8173.480209212064,1.7323974496804282,-3.67641694583062
681.5561837559447,8397.530411289814,2.5872828322035226,30.49408305416938
681.5561837559447,9965.881825834056,8.706528582097384,21.71813305416938
794.6205355094074,219.698035451975,7.86416773146816,-0.43214694583062074
794.6205355094074,1563.9992479184689,2.4850890912926396,6.561076804169378
794.6205355094074,1788.0494499962178,1.57624271866622,46.957691674859035
794.6205355094074,2012.0996520739668,0.6783024578368113,12.82347680416938
794.6205355094074,2236.1498541517158,-0.41908677071229256,1.8349330541693796
794.6205355094074,3804.501268695959,-8.444446369668333,1.1808473398836656
794.6205355094074,4028.5514707737075,-8.536540259722013,2.9330330541693796
794.6205355094074,4252.601672851457,-9.265430370967254,12.538449720836047
794.6205355094074,4476.651874929205,-9.24701091296248,1.1908330541693792
794.6205355094074,5820.9530873957,-9.26625677531817,-3.0696002791639536
794.6205355094074,6269.053491551198,-7.278995173411076,-4.65376694583062
794.6205355094074,6493.1036936289465,-7.0235138837698505,-8.35856694583062
794.6205355094074,6717.153895706696,-4.896310069882802,-3.40531694583062
794.6205355094074,8285.50531025094,1.880571950262915,21.233733054169377
794.6205355094074,8509.555512328689,2.654930723360225,12.632699720836046
794.6205355094074,9405.756320639684,6.672766335481703,40.589299720836046
794.6205355094074,9853.856724795181,8.00309237445812,1.63503305416938
794.6205355094074,10077.90692687293,8.908123196691543,19.673875911312233
907.68488726287,1451.9741468795944,2.536020936906398,1.5016663875027136
907.68488726287,1676.0243489573436,1.9053391000328652,21.90075972083605
907.68488726287,1900.0745510350926,0.725595543428649,39.61250805416938
907.68488726287,2124.1247531128415,-0.25471933081698156,25.947455781442105
907.68488726287,2348.1749551905905,-0.9762334377272007,1.2057603268966526
907.68488726287,3692.4761676570843,-8.407027061317054,12.535033054169379
907.68488726287,3916.5263697348337,-9.746700958614817,23.56433305416937
907.68488726287,4140.576571812582,-10.040945138021733,10.558577498613824
907.68488726287,4364.626773890332,-11.131437258740542,3.036899720836047
907.68488726287,5708.927986356825,-10.616955631947786,-3.2360169458306203
907.68488726287,6381.078592590072,-7.9320027855322115,4.556047339883665
907.68488726287,8173.480209212064,0.80903200743636,-6.155066945830621
907.68488726287,8397.530411289814,2.041101564145812,-0.9732069458306203
907.68488726287,8845.63081544531,3.891335436239796,-5.520395517259192
907.68488726287,9965.881825834056,8.455498493525496,-7.000316945830621
1020.7492390163327,219.698035451975,7.413831853211936,6.006961625597952
1020.7492390163327,1339.94904584072,2.678521559700212,1.66428305416938
1020.7492390163327,1563.9992479184689,2.000213162357314,11.058594818875262
1020.7492390163327,1788.0494499962178,0.9823446877395298,16.257610831947158
1020.7492390163327,2012.0996520739668,0.053592967086453155,21.744458054169378
1020.7492390163327,2236.1498541517158,-1.1905326809899772,6.15776382340015
1020.7492390163327,2460.2000562294647,-2.455141270096669,-5.23106694583062
1020.7492390163327,3580.4510666182096,-9.113105028519104,-0.5340669458306202
1020.7492390163327,3804.501268695959,-9.48199063927163,6.709233054169379
1020.7492390163327,4028.5514707737075,-10.517968112154946,8.298899720836046
1020.7492390163327,4252.601672851457,-11.57583703851221,7.83253305416938
1020.7492390163327,4476.651874929205,-11.987078952151878,0.26279019702652234
1020.7492390163327,5820.9530873957,-11.082097766033975,8.94118305416938
1020.7492390163327,6045.003289473449,-10.292008106430195,2.0014330541693806
1020.7492390163327,6269.053491551198,-8.75700929301075,-6.132816945830621
1020.7492390163327,7837.40490609544,-0.9544316332554509,-6.475216945830621
1020.7492390163327,8061.45510817319,0.13939419565957628,-4.145224088687763
1020.7492390163327,8285.50531025094,1.2430259540707063,6.182409524757616
1020.7492390163327,8509.555512328689,2.046791605696563,-3.8015169458306204
1020.7492390163327,9853.856724795181,8.062786771769591,9.37913305416938
1133.8135907697954,107.6729344131005,7.721576832202745,2.81463305416938
1133.8135907697954,331.72313649084947,6.912108796401806,1.5747330541693796
1133.8135907697954,1227.9239448018454,3.007475884624465,12.421821943058267
1133.8135907697954,1451.9741468795944,2.272297595923436,6.359174517584014
1133.8135907697954,1676.0243489573436,1.1118726857819057,6.485829605893517
1133.8135907697954,1900.0745510350926,0.30988653510362785,5.262773054169379
1133.8135907697954,2124.1247531128415,-0.9698813630854273,10.343742577978903
1133.8135907697954,2348.1749551905905,-2.0686146255160147,-2.714683612497287
1133.8135907697954,3468.4259655793353,-9.291646207776937,-7.7751669458306205
1133.8135907697954,3692.4761676570843,-9.971010303709608,4.393818768455094
1133.8135907697954,3916.5263697348337,-10.986462662054072,8.181833054169381
1133.8135907697954,4140.576571812582,-12.696732761171761,7.46250805416938
1133.8135907697954,4364.626773890332,-12.813157780489508,0.05893305416937933
1133.8135907697954,5708.927986356825,-12.517506963279063,4.23308305416938
1133.8135907697954,6157.028390512323,-11.322431538918606,-4.66544194583062
1133.8135907697954,7949.430007134315,-0.43490887854252486,-6.4924669458306195
1133.8135907697954,8173.480209212064,0.48145932551193893,-2.2926269458306203
1133.8135907697954,8397.530411289814,1.4241738972911522,4.810006738379906
1133.8135907697954,8621.580613367561,2.6043056917896146,-7.778700279163954
1133.8135907697954,8845.63081544531,3.257444546952789,-8.156033612497287
1133.8135907697954,9965.881825834056,8.135176478158373,3.69243305416938
1133.8135907697954,10189.932027911806,8.897585416594483,13.831333054169379
1246.877942523258,219.698035451975,7.165571510800051,12.799922709341793
1246.877942523258,443.74823752972395,6.286642447919299,-2.2443669458306204
1246.877942523258,891.848641685222,4.3561973813702775,14.90833305416938
1246.877942523258,1115.898843762971,3.271068463209732,7.689486900323226
1246.877942523258,1339.94904584072,2.440717833024066,5.793488226583173
1246.877942523258,1563.9992479184689,1.537763363764936,-1.7165845928894437
1246.877942523258,1788.0494499962178,0.30069504285245635,7.891181330031448
1246.877942523258,2012.0996520739668,-0.8801183893636676,3.1707080541693795
1246.877942523258,2236.1498541517158,-1.7017097685977653,21.71569305416938
1246.877942523258,2460.2000562294647,-3.2593735166904803,2.0358552763916027
1246.877942523258,3356.400864540461,-9.404497497785185,-7.27946694583062
1246.877942523258,3580.4510666182096,-10.221917178675612,25.21252591131224
1246.877942523258,3804.501268695959,-11.562395487249912,24.142190197026526
1246.877942523258,4028.5514707737075,-12.386001783526307,4.351590197026522
1246.877942523258,4252.601672851457,-13.745578672541683,22.012478508714835
1246.877942523258,4476.651874929205,-14.07187389438471,-2.4198812315449065
1246.877942523258,5820.9530873957,-13.456875060095268,13.236183054169377
1246.877942523258,7837.40490609544,-1.561450103928315,-1.7768294458306202
1246.877942523258,8061.45510817319,-0.5016093139209782,-6.131328484292159
1246.877942523258,8285.50531025094,0.7734925314128488,-4.561720791984467
1246.877942523258,8509.555512328689,1.7410303200114163,-3.0260891680528426
1246.877942523258,8733.605714406436,2.991071484542834,-8.56806694583062
1246.877942523258,10077.90692687293,8.200985302148169,-2.93041694583062
1359.9422942767208,107.6729344131005,7.4128420908024335,1.9578730541693794
1359.9422942767208,331.72313649084947,6.6104616116681765,3.9607830541693794
1359.9422942767208,555.7733385685985,5.529274044146057,-1.6523669458306203
1359.9422942767208,779.8235406463475,4.638012153347354,10.933933054169378
1359.9422942767208,1003.8737427240965,3.727296949500079,18.442823530359853
1359.9422942767208,1227.9239448018454,2.7820153480385277,19.001062465934087
1359.9422942767208,1451.9741468795944,1.765908217266276,1.7391901970265222
1359.9422942767208,1676.0243489573436,0.6229222445985307,-2.86214819583062
1359.9422942767208,1900.0745510350926,-0.6268163527544544,0.90009305416938
1359.9422942767208,2124.1247531128415,-1.660391240302368,4.924528508714833
1359.9422942767208,2348.1749551905905,-3.131351333717049,-2.22005444583062
1359.9422942767208,2572.2251572683394,-4.5971485409651995,0.35153305416937997
1359.9422942767208,2796.2753593460884,-6.267878910276588,-4.85784694583062
1359.9422942767208,3020.3255614238374,-7.996691783656757,-1.7170669458306207
1359.9422942767208,3244.3757635015863,-9.049910911751303,-4.835238374402048
1359.9422942767208,3468.4259655793353,-10.03155097207099,12.469729350465675
1359.9422942767208,3692.4761676570843,-11.657562212713707,24.95722194305827
1359.9422942767208,3916.5263697348337,-12.630544243214986,1.90303305416938
1359.9422942767208,4140.576571812582,-14.308826123411288,12.493299720836049
1359.9422942767208,4364.626773890332,-15.041646512213626,-0.6588469458306208
1359.9422942767208,4588.67697596808,-15.58331259108385,16.31269305416938
1359.9422942767208,5708.927986356825,-14.895687487803361,-3.2999536124972875
1359.9422942767208,6381.078592590072,-11.12882930222351,-3.04326694583062
1359.9422942767208,7949.430007134315,-1.379663650334919,-6.756059802973477
1359.9422942767208,8173.480209212064,-0.22665686336868238,-5.624522501386175
1359.9422942767208,8397.530411289814,0.8820676213620018,-0.3129269458306204
1359.9422942767208,8621.580613367561,1.9803979249814496,-5.44109194583062
1359.9422942767208,10189.932027911806,8.783146038365139,15.15933305416938
1473.0066460301834,-4.352166625773975,7.553356819516792,0.5421997208360464
1473.0066460301834,219.698035451975,6.955565969512853,9.09630180416938
1473.0066460301834,443.74823752972395,6.008745084684345,3.1908330541693806
1473.0066460301834,667.798439607473,4.9555632454876255,14.734773963260288
1473.0066460301834,891.848641685222,3.9689023716070424,11.581098054169379
1473.0066460301834,1115.898843762971,2.9757772136981835,3.1146242306399685
1473.0066460301834,1339.94904584072,1.97553817114956,1.3338507012282035
1473.0066460301834,1563.9992479184689,0.9857597916028196,1.7548080541693802
1473.0066460301834,1788.0494499962178,-0.3001883938882573,0.8282603268966525
1473.0066460301834,2012.0996520739668,-1.4044543360399198,-4.156912400376075
1473.0066460301834,2236.1498541517158,-2.809947536335234,52.24289555416939
1473.0066460301834,2460.2000562294647,-4.073838419455158,0.4268413875027128
1473.0066460301834,2684.2502583072137,-5.795111770839427,12.644661625597953
1473.0066460301834,2908.3004603849627,-7.176143596609448,5.4146330541693795
1473.0066460301834,3132.350662462712,-8.486561086383343,8.685540746477072
1473.0066460301834,3356.400864540461,-10.145068896256218,16.385521943058265
1473.0066460301834,3580.4510666182096,-12.006589625416156,3.6926797208360465
1473.0066460301834,3804.501268695959,-13.828735554248913,28.062699720836047
1473.0066460301834,4028.5514707737075,-14.78634740183046,14.92277396326029
1473.0066460301834,4252.601672851457,-16.242043403884956,12.54319305416938
1473.0066460301834,4476.651874929205,-16.568107722207355,1.967649720836046
1473.0066460301834,5596.902885317951,-17.143106313600132,-1.5689502791639534
1473.0066460301834,5820.9530873957,-15.710142571477482,-6.2904419458306196
1473.0066460301834,6493.1036936289465,-11.22396291938811,-7.60886694583062
1473.0066460301834,7837.40490609544,-2.189821156081696,3.8342480541693797
1473.0066460301834,8061.45510817319,-1.1308069663516755,-2.9829569458306198
1473.0066460301834,8285.50531025094,-0.05094825590764067,-3.9716169458306205
1473.0066460301834,8509.555512328689,1.0068631674334625,7.307773054169381
1473.0066460301834,9853.856724795181,7.024301832345736,-0.27916694583062096
1586.0709977836461,107.6729344131005,7.169536748523716,3.3481330541693803
1586.0709977836461,331.72313649084947,6.185272251600022,3.242186387502713
1586.0709977836461,555.7733385685985,5.229308649722062,3.8739280541693795
1586.0709977836461,779.8235406463475,4.364093356440484,-0.7951492987717964
1586.0709977836461,1003.8737427240965,3.4131619499838446,0.5646089162383455
1586.0709977836461,1227.9239448018454,2.252616223475896,0.9901140065503322
1586.0709977836461,1451.9741468795944,1.2401308320711606,-2.8621294458306203
1586.0709977836461,1676.0243489573436,0.09010709651479065,0.4286830541693796
1586.0709977836461,1900.0745510350926,-1.155681634472878,-1.2095669458306202
1586.0709977836461,2124.1247531128415,-2.32684487624838,-2.8154044458306204
1586.0709977836461,2348.1749551905905,-3.707421559373951,-1.6798019458306204
1586.0709977836461,2572.2251572683394,-5.3623724678660825,2.2650715157078416
1586.0709977836461,2796.2753593460884,-6.679767740417774,4.287297054169379
1586.0709977836461,3020.3255614238374,-8.444666990952785,5.41253305416938
1586.0709977836461,3244.3757635015863,-10.055538997768146,8.234327171816439
1586.0709977836461,3468.4259655793353,-11.724481277056704,14.492460326896651
1586.0709977836461,3692.4761676570843,-13.471153345365698,13.648370985203863
1586.0709977836461,3916.5263697348337,-14.865288568081837,2.59443893652232
1586.0709977836461,4140.576571812582,-15.546341308925461,2.3273830541693803
1586.0709977836461,4364.626773890332,-17.71436978576587,7.52533305416938
1586.0709977836461,4588.67697596808,-18.216307345081898,12.377699720836048
1586.0709977836461,4812.7271780458295,-19.279899826563074,11.514155276391602
1586.0709977836461,5036.777380123578,-19.24275645654712,-5.67078694583062
1586.0709977836461,5260.8275822013275,-19.39440981199557,1.2515663875027137
1586.0709977836461,5484.877784279076,-17.959327918602085,4.12262305416938
1586.0709977836461,5708.927986356825,-16.932930448838317,-5.78882944583062
1586.0709977836461,5932.978188434574,-16.50901919923638,-6.40641694583062
1586.0709977836461,6157.028390512323,-13.652390507370631,11.746033054169379
1586.0709977836461,6381.078592590072,-13.023323818353118,5.204849720836045
1586.0709977836461,6605.128794667821,-11.082097766033975,17.684583054169376
1586.0709977836461,7725.379805056566,-3.1471018361901475,-3.296613099676774
1586.0709977836461,7949.430007134315,-1.9107857549548564,1.98413305416938
1586.0709977836461,8173.480209212064,-0.8674182418312636,-4.857391945830621
1586.0709977836461,8397.530411289814,0.5074927827096363,-3.0326447236083975
1586.0709977836461,8621.580613367561,1.4412479527943216,3.0467205541693803
1586.0709977836461,8845.63081544531,2.6031356428534047,-1.85196694583062
1699.1353495371088,219.698035451975,6.614801052477393,5.900338317327275
1699.1353495371088,443.74823752972395,5.6857074627670965,0.017146387502713387
1699.1353495371088,667.798439607473,4.723991609423453,6.047485326896652
1699.1353495371088,891.848641685222,3.7320940945820404,6.540688609724935
1699.1353495371088,1115.898843762971,2.488899828477575,-2.5667592535229273
1699.1353495371088,1339.94904584072,1.6692015598480696,-1.6132977150613892
1699.1353495371088,1563.9992479184689,0.34602426696518046,-0.13671309967677386
1699.1353495371088,1788.0494499962178,-0.7984066851559649,-3.245559253522927
1699.1353495371088,2012.0996520739668,-1.9065841258967113,-2.12617944583062
1699.1353495371088,2236.1498541517158,-3.3978883773241666,-3.144408612497287
1699.1353495371088,2460.2000562294647,-4.863553300405427,21.422549720836045
1699.1353495371088,2684.2502583072137,-6.641352196057619,-2.433959253522928
1699.1353495371088,2908.3004603849627,-8.424348559605603,-2.386044723608398
1699.1353495371088,3132.350662462712,-9.905968856143495,-1.0366669458306204
1699.1353495371088,3356.400864540461,-11.849759020887909,3.838355276391601
1699.1353495371088,3580.4510666182096,-13.30677843677079,-2.561826205089879
1699.1353495371088,3804.501268695959,-14.679523599425611,2.435524358517206
1699.1353495371088,4028.5514707737075,-16.229510518327125,9.610109977246301
1699.1353495371088,4252.601672851457,-17.726237037188945,7.437045554169381
1699.1353495371088,4476.651874929205,-18.785697692101994,15.805524720836047
1699.1353495371088,4700.702077006955,-19.64774045435975,30.932913054169376
1699.1353495371088,4924.752279084704,-19.901167964069543,11.42016305416938
1699.1353495371088,5148.802481162453,-20.81170548260621,70.51016638750271
1699.1353495371088,5372.852683240202,-19.651446739808534,9.467258054169378
1699.1353495371088,5596.902885317951,-18.124341770066238,2.166708054169379
1699.1353495371088,5820.9530873957,-17.620144771346716,18.33714972083605
1699.1353495371088,6045.003289473449,-16.404464909777406,-5.09616694583062
1699.1353495371088,6269.053491551198,-14.235003063579958,-5.87496694583062
1699.1353495371088,6493.1036936289465,-12.537797542269079,16.13309459263092
1699.1353495371088,6717.153895706696,-10.476761023379193,-2.34871694583062
1699.1353495371088,6941.2040977844445,-9.562489303796742,-6.39506694583062
1699.1353495371088,7389.304501939942,-6.374215620476645,4.3915421450784695
1699.1353495371088,7613.354704017692,-4.573487752404377,-7.19000694583062
1699.1353495371088,7837.40490609544,-2.855725353441122,-5.89146694583062
1699.1353495371088,8061.45510817319,-1.640833845389669,-3.1088002791639533
1699.1353495371088,8285.50531025094,-0.6647677884766651,-3.9995069458306203
1699.1353495371088,8509.555512328689,0.8400144454622452,-1.7574836124972864
1699.1353495371088,8733.605714406436,1.8820772163386372,-4.337939673103347
1699.1353495371088,8957.655916484186,2.7225152506329784,9.452266387502712
1699.1353495371088,10077.90692687293,7.863061372873332,39.008833054169386
1812.1997012905715,107.6729344131005,6.88411696139358,-0.023633612497286904
1812.1997012905715,331.72313649084947,6.07847924362408,19.962877791011483
1812.1997012905715,555.7733385685985,5.0041615860325,7.314529482740808
1812.1997012905715,779.8235406463475,4.057276746034668,9.28234609764764
1812.1997012905715,1003.8737427240965,2.9562354628760783,2.5426172646956955
1812.1997012905715,1227.9239448018454,1.7957186660003426,2.1962711494074747
1812.1997012905715,1451.9741468795944,0.700921088695792,-2.035195517259192
1812.1997012905715,1676.0243489573436,-0.36637232466501757,-1.46407694583062
1812.1997012905715,1900.0745510350926,-1.6605298369639483,22.723308054169383
1812.1997012905715,2124.1247531128415,-3.174932066850855,1.1568108319471575
1812.1997012905715,2348.1749551905905,-4.517465231931932,-0.9941069458306202
1812.1997012905715,2572.2251572683394,-6.285477601664316,-1.9840469458306202
1812.1997012905715,2796.2753593460884,-7.788188211277893,8.4147148723512
1812.1997012905715,3020.3255614238374,-9.677139595022023,2.0221580541693798
1812.1997012905715,3244.3757635015863,-11.66754579348814,0.32716638750271304
1812.1997012905715,3468.4259655793353,-12.826323409203397,-3.056633612497287
1812.1997012905715,3692.4761676570843,-14.777708757251933,4.304681990339592
1812.1997012905715,3916.5263697348337,-16.5910930858691,7.463812465934087
1812.1997012905715,4140.576571812582,-17.472379205620598,27.863777498613825
1812.1997012905715,4364.626773890332,-19.186483156439326,11.67134305416938
1812.1997012905715,4588.67697596808,-20.760331675541007,16.03802194305827
1812.1997012905715,4812.7271780458295,-21.125863913130534,12.264660326896653
1812.1997012905715,5036.777380123578,-21.213727825591434,0.2880730541693799
1812.1997012905715,5260.8275822013275,-21.168960847636097,7.919586387502712
1812.1997012905715,5484.877784279076,-19.640218229722123,-1.3550669458306208
1812.1997012905715,5708.927986356825,-19.44185275642266,3.468966387502713
1812.1997012905715,5932.978188434574,-17.823648808572774,-6.04666694583062
1812.1997012905715,6157.028390512323,-15.965132394395978,8.992379208015533
1812.1997012905715,6381.078592590072,-14.453067840402849,2.7153143041693797
1812.1997012905715,6605.128794667821,-12.922779163337177,10.901197339883664
1812.1997012905715,6829.178996745571,-11.286952226627522,1.873155276391601
1812.1997012905715,7053.229198823319,-9.442114594454603,-6.0577336124972865
1812.1997012905715,7277.279400901069,-7.151935307041859,2.181716387502713
1812.1997012905715,7501.329602978817,-5.5716159980623905,-1.7602231958306205
1812.1997012905715,7725.379805056566,-3.993187931673052,1.8950552763916018
1812.1997012905715,7949.430007134315,-2.5530345903141933,-3.3092069458306215
1812.1997012905715,8173.480209212064,-1.0999190101867442,-1.2696419458306205
1812.1997012905715,8397.530411289814,-0.03404580929620991,3.9109205541693797
1812.1997012905715,8621.580613367561,1.183178536638578,3.40278305416938
1812.1997012905715,8845.63081544531,2.328134031513521,0.5426401970265224
1812.1997012905715,9069.68101752306,3.183816503186251,-1.566538374402049
1812.1997012905715,9517.781421678557,5.099822014128144,1.2446330541693804
1812.1997012905715,9741.831623756307,6.17600471471402,3.6687205541693797
1812.1997012905715,9965.881825834056,7.355751952782244,24.618733054169375
1812.1997012905715,10189.932027911806,8.121410680020398,17.62188305416938
1925.264053044034,219.698035451975,6.233817660389019,1.33533305416938
1925.264053044034,443.74823752972395,5.408645333519434,5.4527603268966525
1925.264053044034,667.798439607473,4.413867314260715,0.8792378160741416
1925.264053044034,891.848641685222,3.3871124743846845,7.629069054169379
1925.264053044034,1115.898843762971,2.2816678610541885,4.084580673216999
1925.264053044034,1339.94904584072,1.2755275692105743,-0.7102353668832518
1925.264053044034,1563.9992479184689,0.018888180547635386,-1.2236169458306203
1925.264053044034,1788.0494499962178,-1.1060152304399602,0.8399930541693795
1925.264053044034,2012.0996520739668,-2.6648199142576603,-2.98726694583062
1925.264053044034,2236.1498541517158,-4.145837190301697,-1.9549336124972865
1925.264053044034,2460.2000562294647,-5.887356949851119,0.7913630541693797
1925.264053044034,2684.2502583072137,-7.794976003544495,-3.002950279163954
1925.264053044034,2908.3004603849627,-9.127534837897276,12.729563823400149
1925.264053044034,3132.350662462712,-11.048776361782814,10.166715407110557
1925.264053044034,3356.400864540461,-12.714209809166128,0.10094138750271305
1925.264053044034,3580.4510666182096,-14.882412589590038,5.368290197026522
1925.264053044034,3804.501268695959,-16.353838940539585,2.7084099772463026
1925.264053044034,4028.5514707737075,-18.169535266290783,11.739024720836047
1925.264053044034,4252.601672851457,-19.789971447565737,3.092846690533016
1925.264053044034,4476.651874929205,-21.389943790343775,2.00823305416938
1925.264053044034,4700.702077006955,-22.302807487872634,15.016689304169379
1925.264053044034,4924.752279084704,-22.64235689330115,14.063394592630921
1925.264053044034,5148.802481162453,-21.86881114836462,5.581708054169379
1925.264053044034,5372.852683240202,-21.70847943234143,9.165404482740806
1925.264053044034,5596.902885317951,-20.82918554369492,17.078888609724935
1925.264053044034,5820.9530873957,-19.699547700923194,3.200433054169379
1925.264053044034,6045.003289473449,-17.920017681951634,14.701141387502714
1925.264053044034,6269.053491551198,-16.123176457704297,4.489844818875262
1925.264053044034,6493.1036936289465,-13.957480438589801,-3.317181231544905
1925.264053044034,6717.153895706696,-12.384493924464758,2.9843026193867708
1925.264053044034,6941.2040977844445,-10.57015935974258,8.427688609724935
1925.264053044034,7165.254299862194,-8.85429177267906,23.94812472083605
1925.264053044034,7389.304501939942,-6.911847205199368,-0.7051113902750648
1925.264053044034,7613.354704017692,-5.298893172816976,8.429311625597949
1925.264053044034,7837.40490609544,-3.520561153525123,23.247461625597946
1925.264053044034,8061.45510817319,-2.3777440798725187,20.03186162559795
1925.264053044034,8285.50531025094,-0.9292905498790469,4.910085054169379
1925.264053044034,8509.555512328689,0.37555623825997014,16.643695554169376
1925.264053044034,8733.605714406436,1.4338021345171656,-2.4480740886877626
1925.264053044034,8957.655916484186,2.722420204807048,-3.051208612497287
1925.264053044034,9181.706118561935,3.7388131226081374,4.518993054169379
1925.264053044034,9405.756320639684,4.769308984227467,4.237549720836046
1925.264053044034,9629.806522717432,5.759539005765383,9.165599720836047
1925.264053044034,9853.856724795181,6.85592095700183,-4.02176694583062
1925.264053044034,10077.90692687293,7.355751952782244,-4.50221694583062
1925.264053044034,10301.95712895068,8.513643005568179,1.3380330541693795
2038.3284047974967,107.6729344131005,6.856035587747046,0.24162305416937943
2038.3284047974967,331.72313649084947,5.885618630257965,15.519875361861686
2038.3284047974967,555.7733385685985,4.900478924550118,0.19538305416937973
2038.3284047974967,779.8235406463475,3.842760186123633,17.816347339883666
2038.3284047974967,1003.8737427240965,2.6765193560961924,3.83398599534585
2038.3284047974967,1227.9239448018454,1.5539849936227326,2.476485228082424
2038.3284047974967,1451.9741468795944,0.41630403024770263,3.556780112992908
2038.3284047974967,1676.0243489573436,-0.8452695704056422,19.34858860972494
2038.3284047974967,1900.0745510350926,-2.33937788743221,-0.05097603673971094
2038.3284047974967,2124.1247531128415,-3.693413810939045,-0.434413099676774
2038.3284047974967,2348.1749551905905,-5.362839148489515,1.0509230541693797
2038.3284047974967,2572.2251572683394,-7.118038339678745,-3.6565033094669843
2038.3284047974967,2796.2753593460884,-8.699788066130923,2.7298330541693807
2038.3284047974967,3020.3255614238374,-10.35394587956165,3.9669330541693806
2038.3284047974967,3244.3757635015863,-12.42001008831954,1.56243305416938
2038.3284047974967,3468.4259655793353,-14.07588464364412,11.006893054169378
2038.3284047974967,3692.4761676570843,-16.381039988945865,0.6315201509435729
2038.3284047974967,3916.5263697348337,-18.30181628837929,-0.47354194583062
2038.3284047974967,4140.576571812582,-20.02080987947788,-1.5204780569417315
2038.3284047974967,4364.626773890332,-21.73398490467488,-3.615711390275065
2038.3284047974967,4588.67697596808,-22.270906074865223,2.3949205541693797
2038.3284047974967,4812.7271780458295,-23.604645605813587,21.70800805416938
2038.3284047974967,5036.777380123578,-23.67725821704857,9.704099720836046
2038.3284047974967,5260.8275822013275,-24.210347401880576,10.450188609724936
2038.3284047974967,5484.877784279076,-22.94670848670895,5.134916387502711
2038.3284047974967,5708.927986356825,-21.601280316211913,16.16178305416938
2038.3284047974967,5932.978188434574,-19.94051310469743,2.0740108319471573
2038.3284047974967,6157.028390512323,-17.635562330446827,23.470148843643067
2038.3284047974967,6381.078592590072,-16.023734680217892,7.098844818875262
2038.3284047974967,6605.128794667821,-14.089771490759098,-1.05141694583062
2038.3284047974967,6829.178996745571,-11.794946934650996,9.757716387502715
2038.3284047974967,7053.229198823319,-10.095376903647928,10.242553887502712
2038.3284047974967,7277.279400901069,-8.378798432785295,26.618173054169382
2038.3284047974967,7501.329602978817,-6.489807625569147,22.548697339883663
2038.3284047974967,7725.379805056566,-4.639153225805071,15.174049054169377
2038.3284047974967,7949.430007134315,-3.1870684257663098,9.79138011299291
2038.3284047974967,8173.480209212064,-1.7018396590632905,10.907139720836046
2038.3284047974967,8397.530411289814,-0.4149280335896354,9.699890197026521
2038.3284047974967,8621.580613367561,0.74488862570922,2.2042372208360463
2038.3284047974967,8845.63081544531,2.003060706246333,-5.214700279163953
2038.3284047974967,9069.68101752306,3.0913000391103287,20.059733054169378
2038.3284047974967,9293.73121960081,4.182274803749853,0.575321943058268
2038.3284047974967,9517.781421678557,5.089611319790895,-2.1889026601163346
2038.3284047974967,9741.831623756307,6.12649224099461,5.4158063875027125
2038.3284047974967,9965.881825834056,7.190017144166021,-1.6799069458306206
2151.3927565509593,-4.352166625773975,6.940222393314044,4.894361625597952
2151.3927565509593,219.698035451975,6.14545171977435,12.592104482740808
2151.3927565509593,891.848641685222,3.1909480402542343,7.78068305416938
2151.3927565509593,1115.898843762971,2.1006948079168932,6.631002284938611
2151.3927565509593,1339.94904584072,0.8785705068590205,0.4384512359875616
2151.3927565509593,1563.9992479184689,-0.43550786342471876,-2.371222501386176
2151.3927565509593,1788.0494499962178,-1.658394425569433,-3.68121694583062
2151.3927565509593,2012.0996520739668,-2.9301270110058657,-2.8989722089885146
2151.3927565509593,2236.1498541517158,-4.627235676733814,-1.4763336124972868
2151.3927565509593,2460.2000562294647,-6.435011455821424,-1.578983612497287
2151.3927565509593,2684.2502583072137,-8.063301973789821,-3.76036694583062
2151.3927565509593,2908.3004603849627,-9.730893380396537,-2.071238374402049
2151.3927565509593,3132.350662462712,-12.092338623088207,1.9317130541693792
2151.3927565509593,3356.400864540461,-14.345995163745897,-2.008950279163954
2151.3927565509593,3580.4510666182096,-16.435294900220537,-4.31952694583062
2151.3927565509593,3804.501268695959,-18.20555955611781,1.2684473398836655
2151.3927565509593,4028.5514707737075,-19.871787661208042,11.194462465934086
2151.3927565509593,4252.601672851457,-22.330701338784785,1.1148080541693797
2151.3927565509593,4476.651874929205,-23.28061241307438,-2.08174194583062
2151.3927565509593,4700.702077006955,-25.475605823310566,3.39769305416938
2151.3927565509593,4924.752279084704,-26.317894293349305,13.84434555416938
2151.3927565509593,5148.802481162453,-25.35556474095299,6.145799720836046
2151.3927565509593,5372.852683240202,-24.949680204907406,26.38929019702652
2151.3927565509593,5596.902885317951,-22.97661080006028,17.528840197026522
2151.3927565509593,5820.9530873957,-21.326633309776923,-2.5505602791639537
2151.3927565509593,6045.003289473449,-19.896826077125073,15.66207151570784
2151.3927565509593,6269.053491551198,-17.024909131492162,16.566216387502713
2151.3927565509593,6493.1036936289465,-15.491876124289377,-0.5938361765998517
2151.3927565509593,6717.153895706696,-13.36177586408519,7.374568768455094
2151.3927565509593,6941.2040977844445,-11.381113509447712,13.630377881755585
2151.3927565509593,7165.254299862194,-9.370917020331808,2.3186830541693797
2151.3927565509593,7389.304501939942,-7.45097729219529,9.39319094890622
2151.3927565509593,7613.354704017692,-5.785519740070246,-2.448133612497287
2151.3927565509593,7837.40490609544,-4.114550579697239,23.675235756872087
2151.3927565509593,8061.45510817319,-2.7588291611778457,14.21504416528049
2151.3927565509593,8285.50531025094,-1.3225612091124233,11.21583305416938
2151.3927565509593,8509.555512328689,0.03342195685108358,11.402933054169377
2151.3927565509593,8733.605714406436,1.0779402497454638,-0.5718455172591916
2151.3927565509593,8957.655916484186,2.3657227865981905,-3.293633612497287
2151.3927565509593,9181.706118561935,3.4622562926232723,-1.53754194583062
2151.3927565509593,9405.756320639684,4.53340278172708,-4.6466002791639545
2151.3927565509593,9629.806522717432,5.630865073834439,-2.379908122301208
2151.3927565509593,9853.856724795181,6.601088040836962,7.329333054169379
2151.3927565509593,10077.90692687293,7.47285064994596,17.432304482740808
2264.457108304422,107.6729344131005,6.638725408381157,12.107683054169378
2264.457108304422,1227.9239448018454,1.2838782712054577,11.68651400655033
2264.457108304422,1451.9741468795944,0.02551694062210675,-1.1723336124972872
2264.457108304422,1676.0243489573436,-1.1265474641852837,0.9771389365223205
2264.457108304422,1900.0745510350926,-2.5276320276728135,-1.72586694583062
2264.457108304422,2124.1247531128415,-4.096045145780832,0.33416905416937986
2264.457108304422,2348.1749551905905,-5.634088734975531,0.6586663875027133
2264.457108304422,3020.3255614238374,-11.03536622984444,-2.95946694583062
2264.457108304422,3244.3757635015863,-13.569873616550037,0.3323687684550945
2264.457108304422,3468.4259655793353,-15.776930518168319,-2.4787469458306197
2264.457108304422,3692.4761676570843,-17.4265531294747,-2.186114314251673
2264.457108304422,3916.5263697348337,-19.71185074949888,8.11605123598756
2264.457108304422,4140.576571812582,-22.099291036623654,0.20695805416937985
2264.457108304422,4364.626773890332,-24.548664826957353,0.8226597208360465
2264.457108304422,4588.67697596808,-25.42475640971391,4.0462568636931895
2264.457108304422,4812.7271780458295,-26.76466257365624,1.6270330541693798
2264.457108304422,5036.777380123578,-27.610544949191652,8.984066387502711
2264.457108304422,5260.8275822013275,-26.93997454410594,2.092220010691119
2264.457108304422,5484.877784279076,-25.06396496616799,30.45049733988367
2264.457108304422,5708.927986356825,-23.688372225516684,-3.0091812315449054
2264.457108304422,5932.978188434574,-21.792273949373055,-1.3896044458306198
2264.457108304422,6157.028390512323,-19.061320910073345,7.350053054169379
2264.457108304422,6381.078592590072,-17.11372998902514,13.837171149407473
2264.457108304422,6605.128794667821,-15.014861710832129,-1.3407225013861757
2264.457108304422,6829.178996745571,-12.81889694199843,1.0716687684550938
2264.457108304422,7053.229198823319,-10.90404012755429,6.216761625597952
2264.457108304422,7277.279400901069,-8.83076221217677,4.481596690533016
2264.457108304422,7501.329602978817,-6.993901984011265,16.313596690533014
2264.457108304422,7725.379805056566,-5.363879660746322,8.516599720836048
2264.457108304422,7949.430007134315,-3.2663012195382772,9.975840197026523
2264.457108304422,8173.480209212064,-2.036604543992092,15.692526387502713
2264.457108304422,8397.530411289814,-0.6267836854395973,4.468699720836047
2264.457108304422,8621.580613367561,0.5867277813162384,3.70481305416938
2264.457108304422,8845.63081544531,1.6901898894087373,-0.48070812230120824
2264.457108304422,9069.68101752306,2.8271766531893,-6.6324336124972865
2264.457108304422,9293.73121960081,3.813082348283712,-1.749189168052843
2264.457108304422,9517.781421678557,4.959642855195677,-2.6902396731033478
2264.457108304422,9741.831623756307,5.938935847557426,-1.0579740886877633
2264.457108304422,9965.881825834056,6.897810569783491,2.6665413875027126
2264.457108304422,10189.932027911806,7.8432068085081195,32.74628305416938
2377.5214600578847,-4.352166625773975,6.998666623469812,10.67019305416938
2377.5214600578847,1339.94904584072,0.45509007950528824,0.10744214507847083
2377.5214600578847,1563.9992479184689,-0.6943593019914858,1.7650441652804907
2377.5214600578847,1788.0494499962178,-1.9496370855764051,0.7593271718164385
2377.5214600578847,2012.0996520739668,-3.4641716994477205,-0.3684981958306199
2377.5214600578847,2236.1498541517158,-4.7958531181873845,2.7451663875027132
2377.5214600578847,3132.350662462712,-12.760930289086426,-2.1566669458306205
2377.5214600578847,3356.400864540461,-15.22554503123659,-0.47862149128516585
2377.5214600578847,3580.4510666182096,-17.326967110345272,2.071219720836046
2377.5214600578847,3804.501268695959,-19.672219553733473,-1.7009081223012088
2377.5214600578847,4028.5514707737075,-21.867611085929788,-0.014641945830620173
2377.5214600578847,4252.601672851457,-24.414404315032968,1.4170638234001487
2377.5214600578847,4476.651874929205,-25.81992854230162,-1.5265169458306205
2377.5214600578847,4700.702077006955,-27.24696254169563,-2.9720269458306197
2377.5214600578847,4924.752279084704,-28.022114286873222,19.07172194305827
2377.5214600578847,5148.802481162453,-28.3251325220099,0.6633330541693799
2377.5214600578847,5372.852683240202,-27.05626440328791,13.185050701228205
2377.5214600578847,5596.902885317951,-25.495510766627596,17.804483054169385
2377.5214600578847,5820.9530873957,-23.31013059960469,17.32608305416938
2377.5214600578847,6045.003289473449,-20.592675996849557,-5.712216945830621
2377.5214600578847,6269.053491551198,-18.623226209562137,-0.8545669458306201
2377.5214600578847,6493.1036936289465,-16.3305981639672,8.37464214507847
2377.5214600578847,6717.153895706696,-14.539334356574464,-2.5610919458306203
2377.5214600578847,6941.2040977844445,-12.3715730261034,7.943983054169379
2377.5214600578847,7165.254299862194,-10.002482898452305,12.469149720836045
2377.5214600578847,7389.304501939942,-8.237704348603044,5.022641387502713
2377.5214600578847,7613.354704017692,-6.546557257101665,1.980516387502713
2377.5214600578847,7837.40490609544,-4.621507680484336,10.794805781442108
2377.5214600578847,8061.45510817319,-2.8781216343336924,23.081105276391597
2377.5214600578847,8285.50531025094,-1.5458577379851108,11.437279720836045
2377.5214600578847,8509.555512328689,-0.17877778985623216,2.23023305416938
2377.5214600578847,8733.605714406436,1.0278401697830526,-1.3417098029734775
2377.5214600578847,8957.655916484186,2.059421753814298,-4.66616694583062
2377.5214600578847,9181.706118561935,3.419134299816818,-1.3853169458306203
2377.5214600578847,9405.756320639684,4.361976371330939,1.6908123645142077
2377.5214600578847,9629.806522717432,5.264756947831991,4.354458054169379
2377.5214600578847,9853.856724795181,6.4583235617579255,16.433666387502715
2377.5214600578847,10077.90692687293,7.14890784233759,20.94399305416938
2490.5858118113474,-116.37726766464851,7.2319785156654905,1.3028330541693798
2490.5858118113474,1227.9239448018454,0.8387787739405873,22.15821305416938
2490.5858118113474,1451.9741468795944,-0.036872097073767963,8.42505180416938
2490.5858118113474,1676.0243489573436,-1.466800762120621,0.49571487235119793
2490.5858118113474,1900.0745510350926,-2.677988983448137,-3.45108694583062
2490.5858118113474,2124.1247531128415,-4.357356322539776,0.6489386097249353
2490.5858118113474,3468.4259655793353,-16.452500667628403,0.9167280541693799
2490.5858118113474,3692.4761676570843,-18.684778347267763,-0.23956694583062021
2490.5858118113474,3916.5263697348337,-21.378029483265706,0.9854921450784702
2490.5858118113474,4140.576571812582,-24.150679749947273,6.749033054169379
2490.5858118113474,4364.626773890332,-25.887361533435868,2.8490830541693795
2490.5858118113474,5260.8275822013275,-28.3251325220099,-3.547100279163954
2490.5858118113474,5484.877784279076,-27.531085412931,6.58113305416938
2490.5858118113474,5708.927986356825,-25.41336876719906,7.880291387502713
2490.5858118113474,5932.978188434574,-22.815504820923813,0.2349530541693797
2490.5858118113474,6157.028390512323,-20.544233965429033,0.49003305416937976
2490.5858118113474,6381.078592590072,-17.58281171869202,10.72253305416938
2490.5858118113474,6605.128794667821,-15.465537255556981,5.43253305416938
2490.5858118113474,7277.279400901069,-9.270086392152972,-3.7810169458306206
2490.5858118113474,7501.329602978817,-7.331365965985024,2.8286863875027133
2490.5858118113474,7725.379805056566,-5.7051058461418584,3.93295805416938
2490.5858118113474,7949.430007134315,-4.042937422184301,1.2749330541693795
2490.5858118113474,8173.480209212064,-2.277775462584486,6.34363305416938
2490.5858118113474,8397.530411289814,-1.097733560618812,0.7050719430582689
2490.5858118113474,8621.580613367561,0.39450603608891927,9.895366387502715
2490.5858118113474,8845.63081544531,1.4943188285431577,1.4604663875027126
2490.5858118113474,9069.68101752306,2.563757204511133,-3.729257854921529
2490.5858118113474,9293.73121960081,3.7321575208852797,-3.3024558347195088
2490.5858118113474,9517.781421678557,4.836460036108744,-3.1286240886877628
2490.5858118113474,9741.831623756307,5.961297645297483,17.106566387502713
2490.5858118113474,9965.881825834056,6.798544014395723,5.553540197026523
2490.5858118113474,10189.932027911806,7.478670373047467,35.59793305416938
2603.65016356481,-4.352166625773975,6.90284563476786,-0.572484592889444
2603.65016356481,1339.94904584072,0.354597578473793,-0.22862805694173144
2603.65016356481,1563.9992479184689,-0.8782555609835182,1.1818330541693798
2603.65016356481,1788.0494499962178,-2.1826755187138693,2.03574214507847
2603.65016356481,2012.0996520739668,-3.7481812047376977,1.61818305416938
2603.65016356481,3356.400864540461,-16.02704201941686,-7.721766945830621
2603.65016356481,3580.4510666182096,-17.843516429317845,0.5117063875027134
2603.65016356481,3804.501268695959,-20.691915335176393,-0.9428002791639535
2603.65016356481,4028.5514707737075,-23.247717751357225,-2.23536694583062
2603.65016356481,4252.601672851457,-25.890077958837306,7.997016387502714
2603.65016356481,5596.902885317951,-27.105942550735012,-1.6562225013861758
2603.65016356481,5820.9530873957,-25.116467761453645,5.598503642404673
2603.65016356481,6045.003289473449,-22.332185867775237,-1.8137419458306199
2603.65016356481,6269.053491551198,-19.55960747507687,-1.5019487640124383
2603.65016356481,6493.1036936289465,-17.605831499923113,-1.5306419458306206
2603.65016356481,7613.354704017692,-6.5948236451251585,-1.5990193267830015
2603.65016356481,7837.40490609544,-4.888830644615361,1.4892219430582683
2603.65016356481,8061.45510817319,-3.2407229060575267,-1.666430103725357
2603.65016356481,8285.50531025094,-1.6572046874993147,11.588675911312237
2603.65016356481,8509.555512328689,-0.48424879059085274,6.074290197026523
2603.65016356481,8733.605714406436,0.753883546789348,2.73012055416938
2603.65016356481,8957.655916484186,2.194186450941999,-1.3953669458306195
2603.65016356481,9181.706118561935,3.27070514473093,6.34293305416938
2603.65016356481,9853.856724795181,6.2570159244372,3.0493830541693803
2603.65016356481,10077.90692687293,7.065837169009687,-0.6046002791639538
2603.65016356481,10301.95712895068,7.9731040101560104,19.49140805416938
2716.714515318273,1451.9741468795944,-0.1768513349772746,12.069544818875265
2716.714515318273,1676.0243489573436,-1.692872269248384,0.5760875996239251
2716.714515318273,1900.0745510350926,-2.942816868231484,-0.3892002791639535
2716.714515318273,2124.1247531128415,-4.504897348584693,0.7724148723511983
2716.714515318273,3468.4259655793353,-17.35350581216791,-0.07926694583062055
2716.714515318273,3692.4761676570843,-19.726154949120396,-1.0778169458306202
2716.714515318273,3916.5263697348337,-22.194265070149633,-2.4238794458306203
2716.714515318273,4140.576571812582,-25.659495097035556,0.10039972083604691
2716.714515318273,4364.626773890332,-27.63001054106708,6.255833054169379
2716.714515318273,5708.927986356825,-27.00626720719159,1.0458518041693803
2716.714515318273,5932.978188434574,-24.139781059910906,-0.44453694583062014
2716.714515318273,6157.028390512323,-21.413661969972843,-1.9839419458306202
2716.714515318273,6381.078592590072,-18.84882894229487,38.00090448274081
2716.714515318273,7501.329602978817,-7.4499149225679755,-1.0957669458306203
2716.714515318273,7725.379805056566,-5.923776267732174,0.24190997724630314
2716.714515318273,7949.430007134315,-4.147174201226418,-1.3957002791639535
2716.714515318273,8173.480209212064,-2.3679930538189393,4.008091387502714
2716.714515318273,8397.530411289814,-1.0680805271175133,5.2147197208360465
2716.714515318273,8621.580613367561,0.038313285048150056,1.6564774986138244
2716.714515318273,8845.63081544531,1.5370941781595393,-0.63368694583062
2716.714515318273,9965.881825834056,6.91918285634387,10.21408305416938
2829.7788670717355,-4.352166625773975,6.948980200624601,6.3934616255979515
2829.7788670717355,1339.94904584072,0.30938768472350664,3.305460326896653
2829.7788670717355,1563.9992479184689,-0.9372691215365405,0.5106930541693796
2829.7788670717355,1788.0494499962178,-2.3173138648777574,-2.211919887007091
2829.7788670717355,2012.0996520739668,-3.804760595662544,1.1338830541693796
2829.7788670717355,3580.4510666182096,-18.354077859738407,-2.1142225013861755
2829.7788670717355,3804.501268695959,-21.197609946736996,-1.9546434164188553
2829.7788670717355,4028.5514707737075,-23.774062876790858,-2.2703033094669838
2829.7788670717355,4252.601672851457,-27.21576624441649,4.794318768455095
2829.7788670717355,5820.9530873957,-25.694246270270845,-0.6921113902750644
2829.7788670717355,6045.003289473449,-22.99403502415881,-3.684333612497287
2829.7788670717355,6269.053491551198,-19.972172406450014,1.4463421450784706
2829.7788670717355,7613.354704017692,-6.545794926335097,-2.348933612497287
2829.7788670717355,7837.40490609544,-5.152391831125235,3.6176801129929093
2829.7788670717355,8061.45510817319,-3.362611048874517,-1.7444044458306198
2829.7788670717355,8285.50531025094,-1.8837910100308868,3.5297518041693796
2829.7788670717355,8509.555512328689,-0.7228673312536488,19.190173054169378
2829.7788670717355,8733.605714406436,0.7131296924784882,-7.54651694583062
2829.7788670717355,10301.95712895068,8.161500007754292,-7.53766694583062
2942.843218825198,107.6729344131005,6.5848629512732675,6.4654930541693805
2942.843218825198,1227.9239448018454,0.9440067734851799,4.4811197208360465
2942.843218825198,1451.9741468795944,-0.29140969472027073,5.28947705416938
2942.843218825198,1676.0243489573436,-1.5980686020667394,-2.0282794458306204
2942.843218825198,1900.0745510350926,-3.0769844039996004,-0.21953599344966765
2942.843218825198,2124.1247531128415,-4.758533411683245,-1.7183985247779883
2942.843218825198,3468.4259655793353,-17.878865065108485,-3.0585169458306205
2942.843218825198,3692.4761676570843,-20.216208372881848,-3.8616336124972874
2942.843218825198,3916.5263697348337,-22.90546536832244,6.793385228082425
2942.843218825198,4140.576571812582,-25.38693014487179,9.45173305416938
2942.843218825198,4364.626773890332,-27.91539638357783,-2.8579169458306204
2942.843218825198,5708.927986356825,-27.417240474602472,-3.5600544458306196
2942.843218825198,5932.978188434574,-24.46177993590019,2.8674966905330157
2942.843218825198,6157.028390512323,-21.63435258828791,4.761655276391601
2942.843218825198,6381.078592590072,-19.58822963867859,-1.9406069458306203
2942.843218825198,7725.379805056566,-6.012100702292894,-1.9380752791639537
2942.843218825198,7949.430007134315,-4.227487136893679,0.4313544827408085
2942.843218825198,8173.480209212064,-2.5990323788931633,-1.1039336124972872
2942.843218825198,8397.530411289814,-0.9398962871059928,7.915420554169379
2942.843218825198,10189.932027911806,7.5601464964685485,6.10243305416938
3055.907570578661,-4.352166625773975,6.70807104448453,-0.80646694583062
3055.907570578661,1115.898843762971,1.3446484243644035,14.662705781442106
3055.907570578661,1339.94904584072,0.3177913551748526,3.2388663875027124
3055.907570578661,1563.9992479184689,-0.9785644380119202,0.2234359953458504
3055.907570578661,1788.0494499962178,-2.3686833687284774,0.2774497208360466
3055.907570578661,2012.0996520739668,-3.82775259053143,-2.6356098029734776
3055.907570578661,2236.1498541517158,-5.667067711489543,-1.1383669458306203
3055.907570578661,3580.4510666182096,-18.44172542231818,11.298288609724937
3055.907570578661,3804.501268695959,-20.96782676887,-2.6568544458306205
3055.907570578661,4028.5514707737075,-23.714384951735322,11.384537599623924
3055.907570578661,4252.601672851457,-27.049312362991017,-0.8884669458306202
3055.907570578661,5820.9530873957,-25.946170912640696,4.725968768455094
3055.907570578661,6045.003289473449,-23.101905207023872,-3.932681231544905
3055.907570578661,6269.053491551198,-20.592675996849557,-4.19126694583062
3055.907570578661,7837.40490609544,-5.062261879716412,-1.3550869458306205
3055.907570578661,8061.45510817319,-3.3806526037335067,-0.9494669458306203
3055.907570578661,8285.50531025094,-1.6850936021597462,41.511233054169374
3055.907570578661,8509.555512328689,-0.751380166690711,12.15988305416938
3168.9719223321235,-116.37726766464851,7.148907842337592,-6.18726694583062
3168.9719223321235,107.6729344131005,6.494750123670936,3.1668830541693795
3168.9719223321235,1003.8737427240965,2.0100661171748984,3.860063054169379
3168.9719223321235,1227.9239448018454,0.9870174605057113,0.9029014752220111
3168.9719223321235,1451.9741468795944,-0.23345060233115886,1.4358830541693801
3168.9719223321235,1676.0243489573436,-1.6368350973552594,-1.8908113902750645
3168.9719223321235,1900.0745510350926,-3.041938773570632,-1.1544002791639534
3168.9719223321235,2124.1247531128415,-4.7539356393724095,-0.9732069458306201
3168.9719223321235,2348.1749551905905,-6.4063221308376965,-0.8444002791639532
3168.9719223321235,3468.4259655793353,-17.169442943583196,-0.5950812315449058
3168.9719223321235,3692.4761676570843,-19.47296139342596,0.42483305416938055
3168.9719223321235,3916.5263697348337,-22.575431078232018,-0.9793794458306202
3168.9719223321235,4140.576571812582,-25.32660262793457,-3.149445517259191
3168.9719223321235,4364.626773890332,-28.29299635428974,-1.2522669458306204
3168.9719223321235,5708.927986356825,-26.938901333754263,-6.05410694583062
3168.9719223321235,5932.978188434574,-24.08110627885739,0.3041219430582685
3168.9719223321235,6157.028390512323,-21.51376907803383,-4.45129194583062
3168.9719223321235,6381.078592590072,-18.915506930219696,-5.238633612497286
3168.9719223321235,7949.430007134315,-4.2645478414555775,-0.23422250138617606
3168.9719223321235,8173.480209212064,-2.558024381937717,4.222683054169379
3168.9719223321235,8397.530411289814,-1.2515151791201728,7.738399720836045
3282.0362740855862,-4.352166625773975,6.912169677353813,2.171899720836047
3282.0362740855862,667.798439607473,3.7809594683711545,5.80673305416938
3282.0362740855862,891.848641685222,2.703655887967401,5.022303054169379
3282.0362740855862,1115.898843762971,1.5159908939311209,10.438703642404674
3282.0362740855862,1339.94904584072,0.3102230747843705,0.021706387502712882
3282.0362740855862,1563.9992479184689,-1.0076946574438286,13.95973305416938
3282.0362740855862,1788.0494499962178,-2.2323523192078296,-2.02975757083062
3282.0362740855862,2012.0996520739668,-3.8333283889599943,-0.01732027916395348
3282.0362740855862,2236.1498541517158,-5.451587448369394,2.698151235987562
3282.0362740855862,2460.2000562294647,-7.45083012357603,-0.5919969458306202
3282.0362740855862,3132.350662462712,-13.30350246304696,-2.9599169458306203
3282.0362740855862,3356.400864540461,-16.348600543130264,-0.6542169458306208
3282.0362740855862,3580.4510666182096,-18.31791316056109,-3.43681694583062
3282.0362740855862,3804.501268695959,-21.038816818967007,-3.1066069458306202
3282.0362740855862,4028.5514707737075,-23.969314430353904,-2.7152369458306205
3282.0362740855862,4252.601672851457,-26.853669547698114,-2.0054669458306202
3282.0362740855862,4476.651874929205,-28.6152408537864,1.1476330541693798
3282.0362740855862,5820.9530873957,-25.9269804857626,-3.783357854921529
3282.0362740855862,6045.003289473449,-22.64331556935384,1.171411625597951
3282.0362740855862,6269.053491551198,-20.196703925560048,-3.623783612497286
3282.0362740855862,6493.1036936289465,-17.464340733164992,1.9941330541693807
3282.0362740855862,7837.40490609544,-4.645657586082581,0.49457055416937945
3282.0362740855862,8061.45510817319,-3.2696365232367994,-3.049926945830621
3282.0362740855862,8285.50531025094,-1.8133226440054566,7.175342145078471
3395.100625839049,107.6729344131005,6.516154506106225,4.142455276391601
3395.100625839049,331.72313649084947,5.515280458126662,7.900360326896654
3395.100625839049,555.7733385685985,4.434338137281867,8.658333054169379
3395.100625839049,779.8235406463475,3.319857374483117,5.169429054169378
3395.100625839049,1003.8737427240965,2.110469904235486,10.628726387502711
3395.100625839049,1227.9239448018454,1.101667258403064,-0.321583612497287
3395.100625839049,1451.9741468795944,-0.22418905745051998,-0.33625027916395367
3395.100625839049,1676.0243489573436,-1.5386993464125,-1.0352002791639534
3395.100625839049,1900.0745510350926,-2.819706416061752,-1.04959194583062
3395.100625839049,2124.1247531128415,-4.443642870075657,-3.465591945830621
3395.100625839049,2348.1749551905905,-6.5245618412394775,0.8208616255979513
3395.100625839049,2572.2251572683394,-8.31804215297902,1.8181603268966526
3395.100625839049,2796.2753593460884,-10.10911089376056,-2.4911669458306203
3395.100625839049,3244.3757635015863,-14.156611949990108,2.8990330541693794
3395.100625839049,3468.4259655793353,-16.891970895876923,-1.1240780569417312
3395.100625839049,3692.4761676570843,-19.778312924681494,-2.4547669458306203
3395.100625839049,3916.5263697348337,-21.51909499185791,-3.3617502791639544
3395.100625839049,4140.576571812582,-24.203203694856086,11.058025361861686
3395.100625839049,4364.626773890332,-27.312873581810578,0.49268722083604644
3395.100625839049,5708.927986356825,-25.89866108266639,-1.5869883744020485
3395.100625839049,5932.978188434574,-23.8271729989274,-2.97736694583062
3395.100625839049,6157.028390512323,-21.222480252404555,-1.6990033094669839
3395.100625839049,6381.078592590072,-19.048605076237678,-4.135800279163954
3395.100625839049,6605.128794667821,-16.50901919923638,-4.746416945830621
3395.100625839049,7949.430007134315,-3.9185164043826255,1.957638317327275
3395.100625839049,8173.480209212064,-2.2104687456490884,-3.04391694583062
3395.100625839049,8397.530411289814,-0.9546802621669462,3.6078552763916014
3508.1649775925116,-4.352166625773975,6.903344551151356,12.15375180416938
3508.1649775925116,219.698035451975,5.95936008246988,8.59655123598756
3508.1649775925116,443.74823752972395,5.012903324904623,14.891044165280492
3508.1649775925116,667.798439607473,3.922134514117095,6.945640461576786
3508.1649775925116,891.848641685222,2.8274320303327323,7.28270805416938
3508.1649775925116,1115.898843762971,1.8782676179021904,3.540268768455095
3508.1649775925116,1339.94904584072,0.4734088123518591,0.859609977246303
3508.1649775925116,1563.9992479184689,-0.6625001686137191,-0.07806168267272522
3508.1649775925116,1788.0494499962178,-2.1458194391137853,-3.0715602791639536
3508.1649775925116,2012.0996520739668,-3.5315062060464038,-1.1158669458306203
3508.1649775925116,2236.1498541517158,-5.26746089182546,-1.2407169458306202
3508.1649775925116,2460.2000562294647,-7.42576050632743,-1.3807383744020483
3508.1649775925116,2684.2502583072137,-9.203879372029363,-2.9813169458306206
3508.1649775925116,2908.3004603849627,-11.053727953638896,-1.9368669458306202
3508.1649775925116,3132.350662462712,-13.13139170386999,-0.48877944583062005
3508.1649775925116,3580.4510666182096,-17.638811297674067,-5.651100279163955
3508.1649775925116,3804.501268695959,-20.309746964927168,-2.9090294458306207
3508.1649775925116,4028.5514707737075,-22.3277138753424,-2.098607686571361
3508.1649775925116,4252.601672851457,-24.861139039074928,-2.546203309466984
3508.1649775925116,4476.651874929205,-26.836181986400813,-5.5819669458306205
3508.1649775925116,5596.902885317951,-26.02572924195339,-4.033633612497287
3508.1649775925116,5820.9530873957,-24.701660732476725,-2.297475279163953
3508.1649775925116,6045.003289473449,-21.73211049952302,-2.881140630041146
3508.1649775925116,6269.053491551198,-19.33848177396456,-3.4936169458306203
3508.1649775925116,6493.1036936289465,-16.76290660861237,-4.639750279163954
3508.1649775925116,7837.40490609544,-4.488623944796944,1.271286900323226
3508.1649775925116,8061.45510817319,-3.0235203014648335,2.9672180541693796
3508.1649775925116,8285.50531025094,-1.4734633245735362,-1.3003269458306206
3508.1649775925116,8509.555512328689,-0.606863345357991,20.004783054169376
3508.1649775925116,9629.806522717432,5.641635871117879,-5.587266945830621
3508.1649775925116,9853.856724795181,6.357994485294249,1.447766387502713
3508.1649775925116,10077.90692687293,7.355751952782244,7.559333054169381
3621.2293293459743,107.6729344131005,6.55270537779364,8.760783054169378
3621.2293293459743,331.72313649084947,5.465220882514379,16.665217669553996
3621.2293293459743,555.7733385685985,4.619170469553811,1.1639792080155338
3621.2293293459743,779.8235406463475,3.5418373303191535,6.985168054169378
3621.2293293459743,1003.8737427240965,2.3901541609293737,3.555718768455095
3621.2293293459743,1227.9239448018454,1.2053172132248768,2.4846473398836655
3621.2293293459743,1451.9741468795944,-0.048735840805660444,1.007075911312237
3621.2293293459743,1676.0243489573436,-1.1734673304196268,-1.065663099676774
3621.2293293459743,1900.0745510350926,-2.573233854181612,-3.9327098029734775
3621.2293293459743,2124.1247531128415,-4.410162568473921,-2.991705407369082
3621.2293293459743,2348.1749551905905,-6.1436484794218655,-3.9822383744020486
3621.2293293459743,2572.2251572683394,-7.760521297210941,-3.64126694583062
3621.2293293459743,2796.2753593460884,-9.849875289382064,-1.1330143142516729
3621.2293293459743,3020.3255614238374,-11.779311278817259,-2.3569284842921587
3621.2293293459743,3244.3757635015863,-14.10024656229919,0.574361625597951
3621.2293293459743,3468.4259655793353,-15.881838114433174,-3.8543869458306204
3621.2293293459743,3916.5263697348337,-20.795874082734564,-1.2262981958306205
3621.2293293459743,4140.576571812582,-23.133176674371718,-1.30136694583062
3621.2293293459743,4364.626773890332,-25.451067203838775,-1.9811336124972871
3621.2293293459743,4588.67697596808,-27.141050127428137,-1.859100279163954
3621.2293293459743,4812.7271780458295,-28.181402589564204,-2.4614669458306206
3621.2293293459743,5036.777380123578,-27.679494681637564,3.19993305416938
3621.2293293459743,5260.8275822013275,-27.099787067622337,0.7407080541693796
3621.2293293459743,5484.877784279076,-26.16484135197219,-2.17781694583062
3621.2293293459743,5708.927986356825,-24.58096483733316,-0.5280022399482676
3621.2293293459743,5932.978188434574,-21.992383277533833,-2.0765502791639534
3621.2293293459743,6157.028390512323,-20.11842831111476,-4.4046502791639535
3621.2293293459743,6381.078592590072,-17.824171023537,-4.428500279163953
3621.2293293459743,6605.128794667821,-15.290399516649217,-2.98084194583062
3621.2293293459743,6829.178996745571,-13.25384183636013,3.0183330541693802
3621.2293293459743,7725.379805056566,-5.479445638705597,-1.6987955172591913
3621.2293293459743,7949.430007134315,-3.544619533429574,4.871199720836047
3621.2293293459743,8173.480209212064,-2.3569580107166415,11.25980805416938
3621.2293293459743,8397.530411289814,-0.8771570519377098,-3.809194723608398
3621.2293293459743,8621.580613367561,-0.03613648375502152,-7.80176694583062
3621.2293293459743,9741.831623756307,6.171079958019987,45.35283305416938
3734.293681099437,-4.352166625773975,7.015965846205589,27.17916941780574
3734.293681099437,219.698035451975,6.0997275766662415,17.152865312233896
3734.293681099437,443.74823752972395,5.139318614680233,0.025108054169379668
3734.293681099437,667.798439607473,4.001527162073171,5.805247339883664
3734.293681099437,891.848641685222,2.9984369595360763,0.5201593699588536
3734.293681099437,1115.898843762971,1.8188889579440946,-1.8511098029734774
3734.293681099437,1339.94904584072,0.6746032173701912,-0.721913612497287
3734.293681099437,1563.9992479184689,-0.6185577010722731,1.9839518041693798
3734.293681099437,1788.0494499962178,-1.7483326384563522,-1.7889169458306204
3734.293681099437,2012.0996520739668,-3.120029535081756,-3.3869760367397106
3734.293681099437,2236.1498541517158,-5.079000034794843,-0.0018502791639546008
3734.293681099437,2460.2000562294647,-6.657665783794986,-1.6594336124972868
3734.293681099437,2684.2502583072137,-8.404965430660157,-1.511120279163954
3734.293681099437,2908.3004603849627,-11.004211872384756,-1.3457002791639538
3734.293681099437,3132.350662462712,-12.622174269507225,-3.361781231544906
3734.293681099437,3356.400864540461,-14.772853106649475,-4.259109802973477
3734.293681099437,3580.4510666182096,-17.178908276151944,1.908666387502713
3734.293681099437,3804.501268695959,-18.882581924150823,-3.3873455172591918
3734.293681099437,4028.5514707737075,-20.960486699718004,-3.277355834719509
3734.293681099437,4252.601672851457,-22.916960240553184,-0.9693794458306203
3734.293681099437,4476.651874929205,-24.798132891145467,-2.461324088687763
3734.293681099437,4700.702077006955,-26.768708490765107,-1.160278056941731
3734.293681099437,4924.752279084704,-26.99692479813041,-1.60289819583062
3734.293681099437,5148.802481162453,-26.388849950958793,0.5113616255979514
3734.293681099437,5372.852683240202,-26.220388573892937,-3.88206694583062
3734.293681099437,5596.902885317951,-24.660983411950397,-1.6244058347195096
3734.293681099437,5820.9530873957,-22.57818507266312,-3.051800279163954
3734.293681099437,6045.003289473449,-20.496882643367208,-2.5700823304460054
3734.293681099437,6269.053491551198,-17.880207903587923,-1.4623955172591916
3734.293681099437,6493.1036936289465,-16.25478897319445,-1.8190780569417315
3734.293681099437,6717.153895706696,-13.603993538199639,-5.750316945830621
3734.293681099437,6941.2040977844445,-11.794681968361735,-1.4015669458306206
3734.293681099437,7165.254299862194,-10.0169995358974,29.21263305416938
3734.293681099437,7613.354704017692,-6.2668493353402965,-2.1085669458306207
3734.293681099437,7837.40490609544,-4.365391629250634,1.94037305416938
3734.293681099437,8061.45510817319,-2.922826477743778,0.19783305416937969
3734.293681099437,8285.50531025094,-1.4919623550187846,-0.31774472360839784
3734.293681099437,8509.555512328689,-0.12527377862035743,-3.977296945830621
3734.293681099437,8733.605714406436,1.0559229884741226,-3.3937869458306205
3734.293681099437,9629.806522717432,5.611800155430316,43.539966387502716
3734.293681099437,9853.856724795181,6.430432007724894,46.04713305416938
3847.3580328528997,-116.37726766464851,7.437932311336926,-1.328666945830621
3847.3580328528997,107.6729344131005,6.627748979968079,5.969289304169379
3847.3580328528997,331.72313649084947,5.7785996454619255,-0.5253578549215298
3847.3580328528997,555.7733385685985,4.747915349160698,-0.9975794458306202
3847.3580328528997,779.8235406463475,3.6303568228830287,3.2640038875027133
3847.3580328528997,1003.8737427240965,2.6383514109617976,-1.50366694583062
3847.3580328528997,1227.9239448018454,1.3802770453407418,3.091540197026523
3847.3580328528997,1451.9741468795944,0.13876923711416547,3.921524358517205
3847.3580328528997,1676.0243489573436,-0.9079630226413073,7.58092905416938
3847.3580328528997,1900.0745510350926,-2.265310838011795,1.829054793299815
3847.3580328528997,2124.1247531128415,-3.8227343057802043,-4.844976036739711
3847.3580328528997,2348.1749551905905,-5.363143777669916,-4.195752660116335
3847.3580328528997,2572.2251572683394,-7.505381230326093,-0.6634214912851658
3847.3580328528997,2796.2753593460884,-8.964814023974565,-2.2742502791639536
3847.3580328528997,3020.3255614238374,-11.00630960426594,-3.3596336124972868
3847.3580328528997,3244.3757635015863,-12.991848501455946,-6.152583612497286
3847.3580328528997,3468.4259655793353,-14.668685685216944,-1.3778551811247381
3847.3580328528997,3692.4761676570843,-17.305495802538736,-4.39564694583062
3847.3580328528997,3916.5263697348337,-19.204522532905056,-4.513300279163953
3847.3580328528997,4140.576571812582,-20.96504619078227,-3.2397669458306195
3847.3580328528997,4364.626773890332,-23.17729086951719,1.0060473398836651
3847.3580328528997,4588.67697596808,-23.76178909285703,-3.20361694583062
3847.3580328528997,4812.7271780458295,-26.070591138997777,0.76392305416938
3847.3580328528997,5036.777380123578,-25.688951023652088,-1.3797669458306199
3847.3580328528997,5260.8275822013275,-25.2700869175625,-2.311705407369081
3847.3580328528997,5484.877784279076,-24.887132160039386,-1.5889955172591919
3847.3580328528997,5708.927986356825,-21.663027647348585,-2.493633612497286
3847.3580328528997,5932.978188434574,-20.56943876366217,-4.999121491285166
3847.3580328528997,6157.028390512323,-18.479416545896527,5.934266387502713
3847.3580328528997,6381.078592590072,-17.033682675667368,-1.0284502791639534
3847.3580328528997,6605.128794667821,-14.530622319951382,-2.0210502791639535
3847.3580328528997,6829.178996745571,-12.171177903374279,0.5474694178057434
3847.3580328528997,7053.229198823319,-10.271833472028758,-0.026544723608397942
3847.3580328528997,7277.279400901069,-8.229232559403162,-5.519646945830621
3847.3580328528997,7725.379805056566,-4.933966197384848,-0.7897955172591918
3847.3580328528997,7949.430007134315,-3.5182049770843697,-1.3447269458306206
3847.3580328528997,8173.480209212064,-1.748058478300942,-1.7596669458306202
3847.3580328528997,8397.530411289814,-0.6840204122234299,-3.9246002791639536
3847.3580328528997,8621.580613367561,0.65799285785559,0.630143054169379
3847.3580328528997,8845.63081544531,1.7902241338326796,-7.922146945830619
3960.422384606362,-4.352166625773975,7.080277595714142,33.07073305416939
3960.422384606362,219.698035451975,6.289363714673054,8.240818239354565
3960.422384606362,443.74823752972395,5.428366319509986,5.87800805416938
3960.422384606362,667.798439607473,4.286893588340371,7.7463480541693785
3960.422384606362,891.848641685222,3.188014032367282,-0.02805641951483057
3960.422384606362,1115.898843762971,1.978860627442361,2.40994305416938
3960.422384606362,1339.94904584072,0.9275950999292301,-0.7881886849610548
3960.422384606362,1563.9992479184689,-0.13199880801025948,2.8295654071105565
3960.422384606362,1788.0494499962178,-1.4665179112613322,-2.33955583471951
3960.422384606362,2012.0996520739668,-2.871282550911831,-4.8298336124972865
3960.422384606362,2236.1498541517158,-4.41078645353278,0.5888271718164383
3960.422384606362,2460.2000562294647,-6.128919673208465,0.15864884364306384
3960.422384606362,2684.2502583072137,-7.795786174194913,-3.9656851276488023
3960.422384606362,2908.3004603849627,-9.472208271790134,-7.45356694583062
3960.422384606362,3132.350662462712,-11.39577135822037,-4.54546694583062
3960.422384606362,3356.400864540461,-13.842028475432123,-3.3808794458306197
3960.422384606362,3580.4510666182096,-15.383954924555347,-2.1412613902750643
3960.422384606362,3804.501268695959,-17.075983663729808,-3.5277812315449064
3960.422384606362,4028.5514707737075,-19.473302610345023,0.41909305416937953
3960.422384606362,4252.601672851457,-21.082459112145173,1.124542145078471
3960.422384606362,4476.651874929205,-22.199745082025938,-3.314466945830621
3960.422384606362,4700.702077006955,-24.121691054753665,-2.808044723608398
3960.422384606362,4924.752279084704,-24.125612850659447,-3.2178252791639537
3960.422384606362,5148.802481162453,-24.544743626831533,-6.40729194583062
3960.422384606362,5372.852683240202,-23.546130432095094,-3.7941356958306205
3960.422384606362,5596.902885317951,-22.913642592197704,-2.77311694583062
3960.422384606362,5820.9530873957,-20.161675025431947,-3.4061812315449056
3960.422384606362,6045.003289473449,-18.632217203366153,1.3204797208360466
3960.422384606362,6269.053491551198,-16.726095770921894,-4.628166945830619
3960.422384606362,6493.1036936289465,-14.866503782079821,-3.4379312315449053
3960.422384606362,6717.153895706696,-12.558875066099505,1.7404484387847636
3960.422384606362,6941.2040977844445,-10.728133366288557,-3.3935469458306207
3960.422384606362,7165.254299862194,-9.050550273549659,-5.277402660116335
3960.422384606362,7389.304501939942,-7.536294214882962,-1.3418469458306201
3960.422384606362,7613.354704017692,-5.442785639215148,-6.02736694583062
3960.422384606362,7837.40490609544,-4.31717834734151,0.2559830541693797
3960.422384606362,8061.45510817319,-2.519869563220377,-2.3712669458306195
3960.422384606362,8285.50531025094,-1.0722260524171439,-2.2627044458306202
3960.422384606362,8509.555512328689,0.4178117571845838,-1.2009136124972868
3960.422384606362,8733.605714406436,1.414515257208585,-3.0458526601163345
3960.422384606362,8957.655916484186,2.6105330036166925,-2.9667669458306207
3960.422384606362,9181.706118561935,3.610288353881985,-2.333283612497286
3960.422384606362,9405.756320639684,4.869887457012723,9.66043305416938
3960.422384606362,9629.806522717432,5.581095825849368,-6.8867002791639536
3960.422384606362,9853.856724795181,6.6868882190828325,72.03458305416937
4073.4867363598246,-116.37726766464851,7.722045683343604,7.917283054169379
4073.4867363598246,107.6729344131005,6.9033361855905655,15.841611315038946
4073.4867363598246,331.72313649084947,5.856487714814959,4.137109977246303
4073.4867363598246,555.7733385685985,4.889866199460276,3.0493219430582688
4073.4867363598246,779.8235406463475,3.982625603383557,6.128103642404674
4073.4867363598246,1003.8737427240965,2.940809504751793,1.625971515707841
4073.4867363598246,1227.9239448018454,1.797462753495396,0.94108305416938
4073.4867363598246,1451.9741468795944,0.43285028831389405,-0.37349421855789283
4073.4867363598246,1676.0243489573436,-0.597961947157857,1.1624913875027125
4073.4867363598246,1900.0745510350926,-1.8703844160367356,-1.267513612497287
4073.4867363598246,2124.1247531128415,-3.5575466504910507,-0.2747969458306202
4073.4867363598246,2348.1749551905905,-5.038478525293629,-2.500012400376075
4073.4867363598246,2572.2251572683394,-6.6107624463214165,-2.6165907553544296
4073.4867363598246,2796.2753593460884,-8.3089795448208,-3.557166945830621
4073.4867363598246,3020.3255614238374,-10.25718365352658,-0.6042769458306202
4073.4867363598246,3244.3757635015863,-12.129042651283854,-4.23404194583062
4073.4867363598246,3468.4259655793353,-13.573698345312428,-2.5203269458306203
4073.4867363598246,3692.4761676570843,-15.617764657422038,-3.47060694583062
4073.4867363598246,3916.5263697348337,-17.534133629578477,-2.2305169458306207
4073.4867363598246,4140.576571812582,-19.657280016695577,-2.6678526601163344
4073.4867363598246,4364.626773890332,-20.548250520678806,-3.5423891680528428
4073.4867363598246,4588.67697596808,-21.556754232779074,-0.8198845928894443
4073.4867363598246,4812.7271780458295,-22.39308479083172,8.409261625597948
4073.4867363598246,5036.777380123578,-21.953192346966507,-5.98136694583062
4073.4867363598246,5260.8275822013275,-22.47875620484922,-2.8534936124972865
4073.4867363598246,5484.877784279076,-21.5678195193356,-2.25986694583062
4073.4867363598246,5708.927986356825,-20.42963322551042,-2.6465669458306205
4073.4867363598246,5932.978188434574,-18.63947516453966,-4.26848694583062
4073.4867363598246,6157.028390512323,-16.927532709247895,-3.1565669458306203
4073.4867363598246,6381.078592590072,-15.060127522191616,-3.28014194583062
4073.4867363598246,6605.128794667821,-13.503724541689097,-4.8285419458306205
4073.4867363598246,6829.178996745571,-11.563290598256714,-0.9044669458306202
4073.4867363598246,7053.229198823319,-9.703983858381207,-2.952576036739711
4073.4867363598246,7277.279400901069,-7.869224311251095,-0.6441812315449059
4073.4867363598246,7501.329602978817,-6.03273884890779,0.19519972083604684
4073.4867363598246,7725.379805056566,-4.168098040693298,-3.5086002791639532
4073.4867363598246,7949.430007134315,-2.9991304764434603,11.183933054169382
4073.4867363598246,8173.480209212064,-1.3262548335757613,-1.6571336124972873
4073.4867363598246,8397.530411289814,-0.2708534949368134,-3.1386198870070907
4073.4867363598246,8621.580613367561,0.8917507422658942,4.328993923734597
4073.4867363598246,8845.63081544531,1.9312556572980046,-0.3615836124972868
4073.4867363598246,9069.68101752306,3.173009297379707,-3.962022828183562
4073.4867363598246,9293.73121960081,4.230291329892129,10.648840197026521
4073.4867363598246,9517.781421678557,5.274892926778627,6.845308054169379
4073.4867363598246,9741.831623756307,6.430432007724894,-3.84656694583062
4073.4867363598246,9965.881825834056,7.437932311336926,7.08263305416938
4186.551088113288,-4.352166625773975,7.276488847779483,19.65711638750271
4186.551088113288,219.698035451975,6.481945622234491,25.03955305416938
4186.551088113288,443.74823752972395,5.327086474682577,5.60473305416938
4186.551088113288,667.798439607473,4.516146350861531,4.18531305416938
4186.551088113288,891.848641685222,3.50562921782,19.451518768455095
4186.551088113288,1115.898843762971,2.4440254845806297,1.1192230541693802
4186.551088113288,1339.94904584072,1.4182014199504842,-2.280824088687763
4186.551088113288,1563.9992479184689,0.07244587158893367,0.7556603268966526
4186.551088113288,1788.0494499962178,-1.0364879741614668,-1.08384694583062
4186.551088113288,2012.0996520739668,-2.279943873862251,-4.87057944583062
4186.551088113288,2236.1498541517158,-3.7531772721377794,-0.2348836124972872
4186.551088113288,2460.2000562294647,-5.417363574843722,10.276121943058268
4186.551088113288,2684.2502583072137,-7.300929507230423,-0.6884669458306204
4186.551088113288,2908.3004603849627,-8.619398317486231,0.09069733988366512
4186.551088113288,3132.350662462712,-10.292449940782427,-2.4017419458306204
4186.551088113288,3356.400864540461,-12.327709295618083,0.3211561310924559
4186.551088113288,3580.4510666182096,-14.057201245000503,-1.65969694583062
4186.551088113288,3804.501268695959,-15.3598025396509,-2.0762955172591915
4186.551088113288,4028.5514707737075,-17.505536239343424,1.1369530541693793
4186.551088113288,4252.601672851457,-18.80754675101401,-3.9270526601163342
4186.551088113288,4476.651874929205,-20.544907174385674,0.38089305416938
4186.551088113288,4700.702077006955,-21.347792807059502,-2.77337694583062
4186.551088113288,4924.752279084704,-21.409667262284913,-4.35666694583062
4186.551088113288,5148.802481162453,-21.205151518416397,-3.0502942185578927
4186.551088113288,5372.852683240202,-20.64059217965934,-2.913829445830621
4186.551088113288,5596.902885317951,-19.556393985260698,-2.3131469458306206
4186.551088113288,5820.9530873957,-18.36223854032374,-3.6851069458306207
4186.551088113288,6045.003289473449,-16.72726052594617,0.05824019702652272
4186.551088113288,6269.053491551198,-15.466604599447177,-1.866522501386176
4186.551088113288,6493.1036936289465,-13.498290996408796,-2.9718098029734774
4186.551088113288,6717.153895706696,-11.593817099985603,-1.5355492987717967
4186.551088113288,6941.2040977844445,-9.791581090309329,-3.1538419458306204
4186.551088113288,7165.254299862194,-8.082020262695586,6.44014305416938
4186.551088113288,7389.304501939942,-6.589113270722228,1.716102284938611
4186.551088113288,7837.40490609544,-3.3766817398257394,-0.29966694583062026
4186.551088113288,8061.45510817319,-1.8457788917958862,2.5659997208360465
4186.551088113288,8285.50531025094,-0.48050280855466093,5.718004482740809
4186.551088113288,8509.555512328689,0.4720986254994655,-4.5745294458306205
4186.551088113288,8733.605714406436,1.6218587248954586,-3.9867257693600324
4186.551088113288,8957.655916484186,2.814731417721312,-0.03628194583062028
4186.551088113288,9181.706118561935,3.776013239306938,12.185518768455095
4186.551088113288,9405.756320639684,4.981961901156987,15.370685054169378
4186.551088113288,9629.806522717432,5.7751681825454595,1.7085080541693793
4186.551088113288,10077.90692687293,7.6820908337993625,38.90933305416938
4299.61543986675,-116.37726766464851,7.942872917679116,-2.7652044458306198
4299.61543986675,779.8235406463475,4.0706062416774635,4.7647330541693815
4299.61543986675,1003.8737427240965,3.11369222044176,2.6951148723511977
4299.61543986675,1227.9239448018454,2.0504692318611397,2.4282330541693797
4299.61543986675,1451.9741468795944,0.9360212147414814,-2.501202239948267
4299.61543986675,1676.0243489573436,-0.08591154517553298,0.4346663875027131
4299.61543986675,1900.0745510350926,-1.442501195445125,0.6130330541693796
4299.61543986675,2124.1247531128415,-2.4187057432420027,-0.24331694583062058
4299.61543986675,2348.1749551905905,-4.4420593584152135,0.07258305416937993
4299.61543986675,2572.2251572683394,-5.956672295719402,-1.466116945830621
4299.61543986675,2796.2753593460884,-8.054591692281953,3.52453305416938
4299.61543986675,3020.3255614238374,-9.356710054854615,-2.0656955172591918
4299.61543986675,3244.3757635015863,-10.723547460562568,-3.012538374402048
4299.61543986675,3468.4259655793353,-12.457229774536414,-2.085178056941731
4299.61543986675,3692.4761676570843,-14.021222431140314,-4.407448764012438
4299.61543986675,3916.5263697348337,-15.776809596962686,-1.7005515612152355
4299.61543986675,4140.576571812582,-17.242276137217083,-5.13293694583062
4299.61543986675,4364.626773890332,-18.624219679646494,-1.5695069458306201
4299.61543986675,4588.67697596808,-18.746173168805807,-3.1283169458306195
4299.61543986675,4812.7271780458295,-19.576283161441633,-1.8854098029734772
4299.61543986675,5036.777380123578,-20.02270745112025,-0.43241694583062024
4299.61543986675,5260.8275822013275,-19.543510763118036,-2.3274955172591913
4299.61543986675,5484.877784279076,-19.019349614001598,-2.3939336124972868
4299.61543986675,5708.927986356825,-17.92199546580995,-3.8238240886877635
4299.61543986675,5932.978188434574,-16.670159066843663,-4.96386694583062
4299.61543986675,6157.028390512323,-15.659244308290546,0.1079663875027131
4299.61543986675,6381.078592590072,-13.741715572119608,-3.186600279163954
4299.61543986675,6605.128794667821,-11.86965637514189,-2.762433612497287
4299.61543986675,6829.178996745571,-10.221027269656934,-1.7702119458306202
4299.61543986675,7053.229198823319,-8.828820413916816,3.8427930541693796
4299.61543986675,7277.279400901069,-6.9492584545744425,1.90023305416938
4299.61543986675,7501.329602978817,-4.856127289204634,-4.06896694583062
4299.61543986675,7725.379805056566,-3.221886069466864,-3.03941694583062
4299.61543986675,7949.430007134315,-2.1801687887318124,-1.9092169458306198
4299.61543986675,8173.480209212064,-0.7888189366330022,-5.879366945830621
4299.61543986675,8397.530411289814,0.22590046073303244,-2.7346269458306196
4299.61543986675,8621.580613367561,1.2693872745972337,-3.631651561215236
4299.61543986675,8845.63081544531,2.2752388660510516,-2.078985127648802
4299.61543986675,9069.68101752306,3.2657324205641265,-3.9608669458306203
4299.61543986675,9293.73121960081,4.4869749213849754,-6.45552694583062
4299.61543986675,9517.781421678557,5.533577238542063,16.19469601713234
4299.61543986675,9965.881825834056,7.2319785156654905,26.416333054169378
4412.679791620213,-4.352166625773975,7.722045683343604,20.97298305416938
4412.679791620213,1115.898843762971,2.775793573289277,0.9793797208360465
4412.679791620213,1339.94904584072,1.7743970209830924,9.084356131092456
4412.679791620213,1563.9992479184689,0.5620220396419654,-1.0370393596237237
4412.679791620213,1788.0494499962178,-0.5050822091280466,-1.701876036739711
4412.679791620213,2012.0996520739668,-1.7765878091627634,7.200691387502714
4412.679791620213,2236.1498541517158,-3.14193257363545,0.8792044827408086
4412.679791620213,3132.350662462712,-9.57043988619921,-0.016333612497287042
4412.679791620213,3356.400864540461,-10.79582037478117,1.1604616255979512
4412.679791620213,3580.4510666182096,-12.770950241040373,-3.4434487640124387
4412.679791620213,3804.501268695959,-14.278801956529843,-2.466203309466984
4412.679791620213,4028.5514707737075,-15.418057604771022,-2.875395517259192
4412.679791620213,4252.601672851457,-16.122122092772855,-3.6108044458306203
4412.679791620213,4476.651874929205,-17.557023376687333,-0.014713099676774331
4412.679791620213,4700.702077006955,-18.564363592040127,-4.3917669458306205
4412.679791620213,5148.802481162453,-18.490152243716,-4.12898694583062
4412.679791620213,5372.852683240202,-18.05639855974337,-5.75101694583062
4412.679791620213,5596.902885317951,-17.140376214627718,-4.296152660116335
4412.679791620213,5820.9530873957,-16.565871892431154,-1.6540740886877632
4412.679791620213,6045.003289473449,-14.62762858882989,-0.9993774721464096
4412.679791620213,6269.053491551198,-13.419998392634952,-2.1573836124972874
4412.679791620213,6493.1036936289465,-11.960411180270558,-1.92588694583062
4412.679791620213,6717.153895706696,-10.31455130824273,3.590817669553995
4412.679791620213,6941.2040977844445,-8.76581081261864,1.4829984387847643
4412.679791620213,7165.254299862194,-7.080487133488815,-2.0829002791639537
4412.679791620213,7389.304501939942,-5.630363878855567,-3.56456694583062
4412.679791620213,7613.354704017692,-4.377439543563025,-7.63269194583062
4412.679791620213,7837.40490609544,-2.5303573196234774,-3.05629694583062
4412.679791620213,8061.45510817319,-1.4254223441887788,-4.552000279163955
4412.679791620213,8285.50531025094,-0.1353133105045751,3.386751235987561
4412.679791620213,8509.555512328689,0.9759638266482598,8.00036638750271
4412.679791620213,8733.605714406436,2.130817573390054,-8.235341945830621
4412.679791620213,8957.655916484186,3.1766020299148954,-1.0392955172591922
4412.679791620213,9405.756320639684,5.21345424440536,3.048783054169379
4412.679791620213,9629.806522717432,5.885814574828885,-0.88666694583062
4412.679791620213,9853.856724795181,6.856064245433349,-8.64526694583062
4525.744143373676,-116.37726766464851,8.161500007754292,4.162833054169379
4525.744143373676,1227.9239448018454,2.477299327242131,9.034864633116747
4525.744143373676,1451.9741468795944,1.4408237449102421,4.41723305416938
4525.744143373676,1676.0243489573436,0.22267372729862006,4.01670805416938
4525.744143373676,1900.0745510350926,-0.7813223759353991,-1.4542836124972869
4525.744143373676,2124.1247531128415,-2.035232392668318,3.224810831947157
4525.744143373676,2348.1749551905905,-3.5829190117284626,-6.286233612497287
4525.744143373676,3244.3757635015863,-9.83488493585037,-1.37706694583062
4525.744143373676,3468.4259655793353,-11.125901328454738,-1.2302669458306204
4525.744143373676,3692.4761676570843,-12.846202145772507,-3.23194194583062
4525.744143373676,3916.5263697348337,-13.563105701211784,-2.6637294458306204
4525.744143373676,4140.576571812582,-15.110839371158074,-5.241566945830621
4525.744143373676,4364.626773890332,-16.510671815300157,0.04833305416937961
4525.744143373676,4588.67697596808,-17.95353117041788,1.4011997208360463
4525.744143373676,4812.7271780458295,-18.554082651205924,-5.16136694583062
4525.744143373676,5260.8275822013275,-17.530932811228997,-0.9267502791639531
4525.744143373676,5484.877784279076,-16.856972408641084,-2.8260558347195093
4525.744143373676,5708.927986356825,-15.638843852857919,-0.9584812315449057
4525.744143373676,5932.978188434574,-14.616629165684994,1.5492863875027132
4525.744143373676,6157.028390512323,-13.474863075086821,-1.4186069458306203
4525.744143373676,6381.078592590072,-11.584624497611063,-3.2754469458306206
4525.744143373676,6605.128794667821,-10.860467613969963,0.09247055416938021
4525.744143373676,6829.178996745571,-9.146026353101293,10.418369417805742
4525.744143373676,7053.229198823319,-7.565600584772227,1.6726663875027137
4525.744143373676,7277.279400901069,-5.863901935189969,4.67580905416938
4525.744143373676,7501.329602978817,-4.28712598144661,1.5429530541693794
4525.744143373676,7725.379805056566,-2.455141270096669,-1.6569669458306198
4525.744143373676,7949.430007134315,-1.6603169476163666,-1.221412400376075
4525.744143373676,8173.480209212064,-0.4400873411590216,5.817068768455094
4525.744143373676,8397.530411289814,0.7403366025570076,-6.546716945830619
4525.744143373676,8621.580613367561,1.6584745629752358,-4.374955834719509
4525.744143373676,8845.63081544531,2.728560184644742,-1.3771869458306212
4525.744143373676,9069.68101752306,3.7567020474637896,3.785083054169379
4525.744143373676,9517.781421678557,5.73114301818055,14.01073305416938
4525.744143373676,9965.881825834056,7.762739500018968,-6.85776694583062
4638.8084951271385,-4.352166625773975,8.161500007754292,25.36693305416938
4638.8084951271385,1115.898843762971,3.0467540148581085,6.963999720836047
4638.8084951271385,1339.94904584072,2.1525584003800935,-1.3278942185578928
4638.8084951271385,1563.9992479184689,1.1469219687847119,9.411993054169379
4638.8084951271385,1788.0494499962178,-0.1458368513343441,2.35288305416938
4638.8084951271385,2012.0996520739668,-0.9317812072191494,3.0442730541693797
4638.8084951271385,3356.400864540461,-9.719648008990275,-2.3738487640124384
4638.8084951271385,3580.4510666182096,-11.045596884446505,-1.9202526601163343
4638.8084951271385,3804.501268695959,-12.202832341840084,-3.850543868907543
4638.8084951271385,4028.5514707737075,-13.621578405891858,-0.9253383744020488
4638.8084951271385,4252.601672851457,-14.763538141573463,2.57940805416938
4638.8084951271385,5372.852683240202,-15.735606101185713,-2.523822501386176
4638.8084951271385,5596.902885317951,-14.97536011984743,-4.34513617659985
4638.8084951271385,5820.9530873957,-14.610938696792074,-3.3614455172591917
4638.8084951271385,6045.003289473449,-12.787995646392345,-0.20819002275369727
4638.8084951271385,6269.053491551198,-11.732772876786354,-0.8823752791639534
4638.8084951271385,6493.1036936289465,-10.624203171245357,0.9503080541693794
4638.8084951271385,6941.2040977844445,-7.967271258721347,-8.02106694583062
4638.8084951271385,7165.254299862194,-6.476926449736137,-2.34351694583062
4638.8084951271385,7389.304501939942,-4.614672797723004,3.397116387502714
4638.8084951271385,7613.354704017692,-2.955386177378211,6.902916387502713
4638.8084951271385,7837.40490609544,-1.841880938381155,5.2635116255979515
4638.8084951271385,8061.45510817319,-0.7077304961254417,1.5396512359875616
4638.8084951271385,8285.50531025094,0.4718288055221244,17.619299720836047
4638.8084951271385,8509.555512328689,1.5233668934512044,-5.2941669458306215
4638.8084951271385,8733.605714406436,2.412660101756191,2.8315187684550933
4638.8084951271385,8957.655916484186,3.2408687997301175,3.7674830541693796
4638.8084951271385,9181.706118561935,4.356025173686779,3.9416330541693796
4638.8084951271385,9405.756320639684,5.5291147464315635,1.6668330541693797
4638.8084951271385,9629.806522717432,6.344280374778405,-4.48426694583062
4638.8084951271385,9853.856724795181,7.190443179001541,-6.03476694583062
4638.8084951271385,10077.90692687293,8.220727949345108,11.06508305416938
4751.872846880601,-116.37726766464851,8.220727949345108,-2.33881694583062
4751.872846880601,1227.9239448018454,2.986295123698816,-0.2240234675697506
4751.872846880601,1451.9741468795944,1.7930160543892453,-1.8408447236083978
4751.872846880601,1676.0243489573436,0.8103295203628738,1.9914901970265226
4751.872846880601,1900.0745510350926,-0.38934891739222993,2.0430130541693794
4751.872846880601,3468.4259655793353,-9.595992091799333,27.236766387502716
4751.872846880601,3692.4761676570843,-10.758144616833954,6.5294730541693795
4751.872846880601,3916.5263697348337,-12.063506121311473,-1.98247694583062
4751.872846880601,4140.576571812582,-12.689252697190367,-0.8028169458306204
4751.872846880601,5484.877784279076,-14.853497664013215,-3.1860780569417315
4751.872846880601,5708.927986356825,-13.111890189688786,-3.4642002791639537
4751.872846880601,5932.978188434574,-12.887996438677654,-1.066583612497287
4751.872846880601,6157.028390512323,-11.793816051432593,-1.5640836124972868
4751.872846880601,6381.078592590072,-10.523846027050508,-2.903100279163953
4751.872846880601,7501.329602978817,-3.3470173800928835,1.8012330541693797
4751.872846880601,7725.379805056566,-2.225064731488428,2.3769830541693793
4751.872846880601,7949.430007134315,-0.9110009821417716,2.665191387502713
4751.872846880601,8173.480209212064,0.2854961439772553,-6.9214919458306206
4751.872846880601,8397.530411289814,1.0938937166756642,-6.505691945830621
4751.872846880601,9517.781421678557,6.203679233419125,7.050945554169379
4751.872846880601,9965.881825834056,7.802973154263544,16.128633054169377
4864.937198634064,-4.352166625773975,8.358093074384033,11.39643305416938
4864.937198634064,1115.898843762971,3.645702669083234,-0.5569054073690818
4864.937198634064,1339.94904584072,2.6146369205153914,3.5680603268966524
4864.937198634064,1563.9992479184689,1.599845735749951,-2.93706694583062
4864.937198634064,1788.0494499962178,0.6049895249232735,-0.2272396731033475
4864.937198634064,2012.0996520739668,-0.41428885182126796,-0.9689124003760746
4864.937198634064,3580.4510666182096,-9.647427133306337,-1.1947455172591919
4864.937198634064,3804.501268695959,-10.34007169854122,-5.71856694583062
4864.937198634064,4028.5514707737075,-11.540360506139583,-3.8349336124972866
4864.937198634064,4252.601672851457,-13.071666433145511,-3.496924088687763
4864.937198634064,5372.852683240202,-13.25384183636013,-8.28821694583062
4864.937198634064,5596.902885317951,-13.194186822004847,-2.52486694583062
4864.937198634064,5820.9530873957,-12.469597245116226,-3.5927760367397115
4864.937198634064,6045.003289473449,-11.563777145196996,-3.0774963575953262
4864.937198634064,6269.053491551198,-10.207871208087347,-0.22509635759532579
4864.937198634064,7613.354704017692,-2.4491652687370324,0.5417580541693796
4864.937198634064,7837.40490609544,-1.0918361088560053,-5.28956694583062
4864.937198634064,8061.45510817319,-0.2569910916849137,-6.259725769360032
4864.937198634064,8285.50531025094,1.0537678620671902,-0.26007805694173236
4864.937198634064,8509.555512328689,1.706073947165399,-5.31336694583062
4864.937198634064,9629.806522717432,6.680835983253778,8.962847339883666
4864.937198634064,9853.856724795181,7.38320068715267,-1.4370336124972871
4864.937198634064,10077.90692687293,8.338293793026658,22.16983305416938
4978.001550387527,-116.37726766464851,8.629013017952431,2.65028305416938
4978.001550387527,1227.9239448018454,3.4832542902941315,10.868617669553995
4978.001550387527,1451.9741468795944,2.3205567464799954,-0.10631694583061994
4978.001550387527,1676.0243489573436,1.3876464168065912,0.74168305416938
4978.001550387527,1900.0745510350926,0.29875560983437843,0.0009785087148343828
4978.001550387527,3468.4259655793353,-7.728215552491498,-3.846926945830621
4978.001550387527,3692.4761676570843,-8.772052161783456,-3.097400279163954
4978.001550387527,3916.5263697348337,-10.055303343721146,-3.5709969458306197
4978.001550387527,4140.576571812582,-11.135504719831053,-1.1797598029734773
4978.001550387527,5484.877784279076,-12.722180848273386,-4.13574694583062
4978.001550387527,5708.927986356825,-12.178950497048103,0.25648305416937944
4978.001550387527,5932.978188434574,-11.202267923895416,-3.79761694583062
4978.001550387527,6157.028390512323,-9.628954314670043,-1.8731098029734774
4978.001550387527,7501.329602978817,-2.7345446226328125,-4.86061694583062
4978.001550387527,7725.379805056566,-1.3072936287743846,-1.3901383744020486
4978.001550387527,7949.430007134315,-0.15797922512949097,18.064647339883667
4978.001550387527,8173.480209212064,0.6966699204947646,-7.49718694583062
4978.001550387527,8397.530411289814,1.4946370055290457,-6.28226694583062
4978.001550387527,9741.831623756307,7.273236328037742,-0.0235669458306198
5091.065902140989,-4.352166625773975,8.744837310231262,3.52078305416938
5091.065902140989,1115.898843762971,4.130893516976932,4.717925911312237
5091.065902140989,1339.94904584072,3.2260225391305237,3.4743603268966523
5091.065902140989,1563.9992479184689,2.2429051060039193,-0.45181988700709075
5091.065902140989,1788.0494499962178,1.494425112315323,-1.4525002791639536
5091.065902140989,2012.0996520739668,0.26958769047655645,-2.2182438689075434
5091.065902140989,3580.4510666182096,-7.857679210218599,-2.9499963575953263
5091.065902140989,3804.501268695959,-8.998629695703396,3.8683630541693788
5091.065902140989,4028.5514707737075,-9.454117358652603,-3.6815361765998507
5091.065902140989,5596.902885317951,-10.62550244362812,-3.362181231544906
5091.065902140989,5820.9530873957,-10.562137081668684,-2.7125294458306204
5091.065902140989,6045.003289473449,-9.206263157135144,-3.9057383744020484
5091.065902140989,6269.053491551198,-8.526104659752976,2.7573044827408077
5091.065902140989,7613.354704017692,-1.5376529556505572,-2.487881231544906
5091.065902140989,7837.40490609544,-0.3787238371342266,0.01272680416937999
5091.065902140989,8061.45510817319,0.4378992251330183,-3.08946694583062
5091.065902140989,8285.50531025094,1.5997187852101389,-7.20866694583062
5091.065902140989,9629.806522717432,7.262852493871755,2.4242330541693793
5204.130253894452,-116.37726766464851,9.109011055669532,0.7497130541693803
5204.130253894452,107.6729344131005,8.338402704508912,3.2033830541693797
5204.130253894452,779.8235406463475,5.863753683381339,-4.75556694583062
5204.130253894452,1003.8737427240965,4.952209520913197,9.54888305416938
5204.130253894452,1227.9239448018454,3.877147181604967,1.8814330541693796
5204.130253894452,1451.9741468795944,3.030700269089019,-3.3747669458306206
5204.130253894452,1676.0243489573436,1.7672828995817689,-4.2071336124972865
5204.130253894452,1900.0745510350926,0.9852248490798458,4.4686163875027125
5204.130253894452,2124.1247531128415,0.4380118419184473,4.43072055416938
5204.130253894452,3468.4259655793353,-6.631132436172596,3.911666387502713
5204.130253894452,3692.4761676570843,-7.471482000936305,0.509486900323226
5204.130253894452,3916.5263697348337,-8.240294828979783,1.2998698962746427
5204.130253894452,4140.576571812582,-8.993489134859885,-0.01663569583062041
5204.130253894452,5484.877784279076,-9.799704044668024,-2.7357869458306197
5204.130253894452,5708.927986356825,-9.476786760446158,-5.429391945830621
5204.130253894452,5932.978188434574,-9.429919020263265,-3.4989669458306203
5204.130253894452,6157.028390512323,-8.223254863605016,4.10318305416938
5204.130253894452,7725.379805056566,-0.5233449143540886,-2.7057383744020496
5204.130253894452,7949.430007134315,0.404324857759899,3.2335080541693797
5204.130253894452,8173.480209212064,1.2947203333522392,-5.579700279163954
5204.130253894452,9965.881825834056,8.318930157598308,2.729233054169379
5317.194605647915,219.698035451975,8.095041291218026,19.59999972083605
5317.194605647915,443.74823752972395,7.303896552031123,0.4427830541693798
5317.194605647915,667.798439607473,6.644522568279445,-5.95701694583062
5317.194605647915,891.848641685222,5.547182415670446,4.955069417805743
5317.194605647915,1115.898843762971,4.7440125860802045,3.579690197026522
5317.194605647915,1339.94904584072,3.811917700104211,-1.1102963575953262
5317.194605647915,1563.9992479184689,2.7788261002543178,2.85413305416938
5317.194605647915,1788.0494499962178,1.8921061773674168,1.5018274986138245
5317.194605647915,2012.0996520739668,0.9467805315333161,-1.4241069458306204
5317.194605647915,2236.1498541517158,0.2497229977599821,0.10495305416938025
5317.194605647915,3356.400864540461,-5.155444353112663,0.8474997208360467
5317.194605647915,3580.4510666182096,-6.001336546603537,-0.6485198870070907
5317.194605647915,3804.501268695959,-7.036584769647998,2.823621943058269
5317.194605647915,4028.5514707737075,-7.954439658160037,0.7921163875027132
5317.194605647915,4252.601672851457,-8.720569574499766,0.7370759113122369
5317.194605647915,5372.852683240202,-8.698153315263017,-7.024633612497287
5317.194605647915,5596.902885317951,-8.990715242228017,-0.6532269458306204
5317.194605647915,5820.9530873957,-8.511118577864497,13.641060326896651
5317.194605647915,6045.003289473449,-7.816107497170125,-3.96241694583062
5317.194605647915,6269.053491551198,-6.724370497711996,3.619371943058268
5317.194605647915,7613.354704017692,-0.5008351328702657,-2.466809802973477
5317.194605647915,7837.40490609544,0.21133154997069734,-0.7436280569417318
5317.194605647915,8061.45510817319,1.3782132500069546,-2.116603309466984
5317.194605647915,8285.50531025094,1.9942508042226181,-4.50811694583062
5317.194605647915,9629.806522717432,7.654836205459048,0.8299330541693793
5430.258957401377,-116.37726766464851,9.489388131997051,0.7127330541693793
5430.258957401377,107.6729344131005,8.744837310231262,-5.38421694583062
5430.258957401377,331.72313649084947,7.831524148183187,5.6942901970265245
5430.258957401377,555.7733385685985,6.975067688081032,-3.37626694583062
5430.258957401377,779.8235406463475,6.276872821528114,6.956810831947157
5430.258957401377,1003.8737427240965,5.363357154993625,4.017578508714834
5430.258957401377,1227.9239448018454,4.508897237733123,4.351133054169379
5430.258957401377,1451.9741468795944,3.6767664418865027,-1.2866869458306205
5430.258957401377,1676.0243489573436,2.9638210091846116,3.4521792080155334
5430.258957401377,1900.0745510350926,1.7808775424861816,-0.09767944583061994
5430.258957401377,2124.1247531128415,0.8198877664838158,-0.7660511563569361
5430.258957401377,2348.1749551905905,0.11357976581205935,2.07793305416938
5430.258957401377,3244.3757635015863,-3.8567730311145354,-1.7908169458306202
5430.258957401377,3468.4259655793353,-4.903675205025341,-1.3673502791639536
5430.258957401377,3692.4761676570843,-5.699770164897358,-4.757021491285165
5430.258957401377,3916.5263697348337,-6.740087016379093,-0.9755900227536972
5430.258957401377,4140.576571812582,-7.65116254578066,-3.089389168052842
5430.258957401377,4364.626773890332,-7.710189454901891,0.03703305416937987
5430.258957401377,5260.8275822013275,-7.708439854355238,-2.466800279163954
5430.258957401377,5484.877784279076,-8.190932384794083,-3.63716694583062
5430.258957401377,5708.927986356825,-7.557207198078981,-2.39088694583062
5430.258957401377,5932.978188434574,-7.407797930436444,-3.361400279163954
5430.258957401377,6157.028390512323,-5.96442597569209,-2.964233612497287
5430.258957401377,6381.078592590072,-5.895811007797804,4.73013305416938
5430.258957401377,7725.379805056566,0.3246609354591393,4.33783305416938
5430.258957401377,7949.430007134315,1.2846933982220146,-1.1085419458306205
5430.258957401377,8173.480209212064,2.140488018940666,-1.0693669458306205
5430.258957401377,9741.831623756307,8.259796541069163,-2.3899669458306203
5543.32330915484,-4.352166625773975,9.403328101321787,-3.8710669458306204
5543.32330915484,219.698035451975,8.474538852457908,-0.11184194583062013
5543.32330915484,443.74823752972395,7.823046270926319,-1.0311502791639529
5543.32330915484,667.798439607473,6.955834171530444,-0.7783438689075429
5543.32330915484,891.848641685222,6.034283602524636,1.3499646331167483
5543.32330915484,1115.898843762971,5.32652160994556,1.6925176695539963
5543.32330915484,1339.94904584072,4.307710573594892,2.38662055416938
5543.32330915484,1563.9992479184689,3.544212130946767,-0.6197955172591912
5543.32330915484,1788.0494499962178,2.5316428498099315,-0.8920305821942567
5543.32330915484,2012.0996520739668,1.6965564550642789,-0.31655861249728695
5543.32330915484,2236.1498541517158,0.658113360266566,-0.28775027916395324
5543.32330915484,2460.2000562294647,0.07576282264499051,3.297171515707841
5543.32330915484,2684.2502583072137,-0.6360109960885009,7.236399720836046
5543.32330915484,2908.3004603849627,-2.007378662021374,-1.1982336124972868
5543.32330915484,3132.350662462712,-2.4483888212095817,3.907333054169379
5543.32330915484,3356.400864540461,-3.834963978237724,3.2600330541693796
5543.32330915484,3580.4510666182096,-4.5680812527460635,1.9037997208360466
5543.32330915484,3804.501268695959,-5.36352089721905,-0.14658361249728694
5543.32330915484,4028.5514707737075,-5.955507060174553,-2.554483612497287
5543.32330915484,4252.601672851457,-6.670544165162267,-1.5598769458306205
5543.32330915484,4476.651874929205,-7.1846470770185755,-1.4505169458306204
5543.32330915484,5148.802481162453,-7.450527867725667,3.7323997208360473
5543.32330915484,5372.852683240202,-7.379257598652992,-1.7377883744020488
5543.32330915484,5596.902885317951,-7.263346237048513,-1.2645669458306206
5543.32330915484,5820.9530873957,-6.63064577386935,-1.4925836124972867
5543.32330915484,6045.003289473449,-5.495321573403665,2.541095554169379
5543.32330915484,6269.053491551198,-5.1280086155425915,0.7009634889519888
5543.32330915484,7389.304501939942,-0.14979091718589435,-5.86301694583062
5543.32330915484,7613.354704017692,0.33122311731164344,7.189438936522322
5543.32330915484,7837.40490609544,1.234127464696642,-0.9530492987717966
5543.32330915484,8061.45510817319,1.9434084559792624,1.9619565835811443
5543.32330915484,8285.50531025094,2.9706160003438904,-6.3742869458306215
5543.32330915484,9629.806522717432,7.869585592951721,9.893999720836048
5543.32330915484,9853.856724795181,8.591169021625092,4.821033054169378
5656.387660908303,-116.37726766464851,9.841196823829776,0.38173305416937975
5656.387660908303,107.6729344131005,9.118243819561545,15.906018768455096
5656.387660908303,331.72313649084947,8.284282009384905,2.4875330541693796
5656.387660908303,555.7733385685985,7.540591362617732,1.3251859953458502
5656.387660908303,779.8235406463475,6.799031860796593,-1.7375447236083978
5656.387660908303,1003.8737427240965,5.9741999960045895,3.21112105416938
5656.387660908303,1227.9239448018454,5.107789823788923,2.2789512359875617
5656.387660908303,1451.9741468795944,4.283880528797946,3.1667858843580587
5656.387660908303,1676.0243489573436,3.196236265756952,6.245577498613824
5656.387660908303,1900.0745510350926,2.515065555879068,-1.4754269458306208
5656.387660908303,2124.1247531128415,1.6199840430239096,0.23017920801553338
5656.387660908303,2348.1749551905905,0.834131624499808,2.8058830541693798
5656.387660908303,2572.2251572683394,-0.18136990030654448,2.7174484387847646
5656.387660908303,2796.2753593460884,-0.7523540174179307,-4.19631694583062
5656.387660908303,3020.3255614238374,-1.613357275683427,0.5274455541693799
5656.387660908303,3244.3757635015863,-2.5047591002891676,2.7697113150389447
5656.387660908303,3468.4259655793353,-3.2908947010403176,-1.6927319458306205
5656.387660908303,3692.4761676570843,-3.8822212783351726,-0.4027845928894438
5656.387660908303,3916.5263697348337,-4.815050567568505,-0.563874088687763
5656.387660908303,4140.576571812582,-5.6107576642386645,1.1470878928790569
5656.387660908303,4364.626773890332,-6.165268031924413,0.8696663875027131
5656.387660908303,4588.67697596808,-6.184411871118976,0.8198785087148341
5656.387660908303,5036.777380123578,-5.770943467661979,-0.9479919458306203
5656.387660908303,5260.8275822013275,-6.390437492717089,-0.9751719458306202
5656.387660908303,5708.927986356825,-6.085993972733986,-0.32140694583062024
5656.387660908303,5932.978188434574,-5.060214879947039,5.106459369958853
5656.387660908303,6157.028390512323,-5.004344880502623,-2.450624088687763
5656.387660908303,6381.078592590072,-3.732662331399463,10.51807705416938
5656.387660908303,6605.128794667821,-2.6560482764484457,0.03613305416937962
5656.387660908303,6829.178996745571,-1.665076526999431,-4.65346694583062
5656.387660908303,7277.279400901069,-0.09296370047045763,-9.06226694583062
5656.387660908303,7501.329602978817,0.4240805615746538,-4.599833612497287
5656.387660908303,7725.379805056566,0.9117661805002135,-1.7972919458306202
5656.387660908303,7949.430007134315,1.9273220051870252,-1.4299558347195094
5656.387660908303,8173.480209212064,2.824659419512897,-0.9320369458306199
5656.387660908303,8397.530411289814,3.634884756564482,-1.7840669458306202
5656.387660908303,8621.580613367561,4.731060827104676,-8.28436694583062
5656.387660908303,9741.831623756307,8.629911125829636,2.51083305416938
5769.452012661765,-4.352166625773975,9.581594897095444,12.46939555416938
5769.452012661765,219.698035451975,8.935088942060265,-4.820500279163954
5769.452012661765,443.74823752972395,8.161189567625835,-0.1825746381383126
5769.452012661765,667.798439607473,7.505245450695409,3.9608080541693798
5769.452012661765,891.848641685222,6.674247835575026,1.8724571921004145
5769.452012661765,1115.898843762971,5.929233732841304,0.5547143041693798
5769.452012661765,1339.94904584072,5.00734708328676,5.958906131092457
5769.452012661765,1563.9992479184689,4.116980298939901,0.07068568574832715
5769.452012661765,1788.0494499962178,3.477932971402619,1.6056963875027133
5769.452012661765,2012.0996520739668,2.7973801507018226,1.1286792080155335
5769.452012661765,2236.1498541517158,1.7626709832240692,2.2052895759085103
5769.452012661765,2460.2000562294647,0.6851545592885747,-2.19890694583062
5769.452012661765,2684.2502583072137,0.21751654927539968,1.7311869003232256
5769.452012661765,2908.3004603849627,-0.7806070494901114,-4.822400279163953
5769.452012661765,3132.350662462712,-1.6306669015047053,-0.9870669458306203
5769.452012661765,3356.400864540461,-2.2607438358286416,2.87425805416938
5769.452012661765,3580.4510666182096,-2.7797079786511483,2.9297205541693803
5769.452012661765,3804.501268695959,-3.6844310495023413,-3.393326945830621
5769.452012661765,4028.5514707737075,-4.416971239844199,-2.6485113902750643
5769.452012661765,4252.601672851457,-5.0164165590639165,1.5216875996239252
5769.452012661765,4476.651874929205,-5.275478179398403,-0.7705794458306201
5769.452012661765,4700.702077006955,-5.501251647949283,-6.156833612497287
5769.452012661765,4924.752279084704,-5.59829399073854,-4.820555834719509
5769.452012661765,5148.802481162453,-5.891490763193679,8.85074416528049
5769.452012661765,5372.852683240202,-6.350533012638737,-3.5453669458306205
5769.452012661765,5596.902885317951,-5.489060380636537,-4.26841694583062
5769.452012661765,5820.9530873957,-4.516923107479836,-0.8506294458306201
5769.452012661765,6045.003289473449,-4.09727487788219,-2.527283612497287
5769.452012661765,6269.053491551198,-3.5859963664582533,-0.8579305821942566
5769.452012661765,6493.1036936289465,-2.8337590735426597,1.416748438784764
5769.452012661765,6717.153895706696,-1.6282985895172624,2.987245554169379
5769.452012661765,6941.2040977844445,-0.8771133563116882,-1.3519002791639536
5769.452012661765,7165.254299862194,-0.30157563120525915,-1.748133612497287
5769.452012661765,7389.304501939942,0.2705384784155459,4.728744165280491
5769.452012661765,7613.354704017692,0.9907909521224542,2.64348305416938
5769.452012661765,7837.40490609544,2.0724942296951627,0.17811705416938048
5769.452012661765,8061.45510817319,3.066242900468455,-3.21836694583062
5769.452012661765,8285.50531025094,3.7426391060417754,-5.992736176599849
5769.452012661765,8509.555512328689,4.51927192864084,-4.456875279163953
5769.452012661765,9629.806522717432,8.181114898018354,28.89688305416938
5882.516364415228,-116.37726766464851,10.35256281313095,13.64047055416938
5882.516364415228,107.6729344131005,9.590824368178904,13.024383054169379
5882.516364415228,331.72313649084947,8.693046923995,-4.440983612497288
5882.516364415228,555.7733385685985,8.023265119303339,3.37813305416938
5882.516364415228,779.8235406463475,7.26941028161213,-0.8968746381383124
5882.516364415228,1003.8737427240965,6.395218589896977,0.9894430541693797
5882.516364415228,1227.9239448018454,5.551554212381543,8.15258305416938
5882.516364415228,1451.9741468795944,4.771290463704703,5.077909524757615
5882.516364415228,1676.0243489573436,3.937587967279491,0.78989555416938
5882.516364415228,1900.0745510350926,3.311746455538885,4.851151235987562
5882.516364415228,2124.1247531128415,2.379328125101394,2.7924777910114855
5882.516364415228,2348.1749551905905,1.9270386493642517,5.361610831947157
5882.516364415228,2572.2251572683394,0.8221813211552119,-0.030466945830620373
5882.516364415228,2796.2753593460884,0.1063097543437211,5.867754482740809
5882.516364415228,3020.3255614238374,-0.6362957223690748,3.655149720836047
5882.516364415228,3244.3757635015863,-1.308773212451932,-0.26213617659985133
5882.516364415228,3468.4259655793353,-2.069185526786489,-0.9860336124972869
5882.516364415228,3692.4761676570843,-2.3600792883769666,0.09514972083604624
5882.516364415228,3916.5263697348337,-3.2882118097925965,-2.487000279163954
5882.516364415228,4140.576571812582,-3.8561800597500997,-3.3895891680528427
5882.516364415228,4364.626773890332,-4.249486807859186,-2.34796694583062
5882.516364415228,4588.67697596808,-4.206835388796471,-1.8766069458306198
5882.516364415228,4812.7271780458295,-4.625996676815959,-2.530338374402049
5882.516364415228,5036.777380123578,-5.011265041293337,-3.8974240886877634
5882.516364415228,5260.8275822013275,-4.477323876395751,4.116808054169379
5882.516364415228,5484.877784279076,-4.3276094714638464,-0.7474169458306202
5882.516364415228,5708.927986356825,-4.356248869633245,-0.5158214912851663
5882.516364415228,5932.978188434574,-3.8541333299681746,-0.7352469458306203
5882.516364415228,6157.028390512323,-2.820729495489268,1.9389774986138244
5882.516364415228,6381.078592590072,-2.5078359032181012,6.414040197026523
5882.516364415228,6605.128794667821,-1.726476750996764,8.027141387502715
5882.516364415228,6829.178996745571,-1.1309094129222004,5.1935830541693795
5882.516364415228,7053.229198823319,-0.28502060062305234,0.2472330541693791
5882.516364415228,7277.279400901069,0.4547721529201412,4.895114872351198
5882.516364415228,7501.329602978817,1.1373563462716774,-1.156355834719509
5882.516364415228,7725.379805056566,2.020170352740928,-4.964506945830619
5882.516364415228,7949.430007134315,2.506067344485107,31.58559305416938
5882.516364415228,8173.480209212064,3.492113527040596,-3.9077669458306206
5882.516364415228,8397.530411289814,4.410083537799941,0.3248913875027119
5882.516364415228,8621.580613367561,5.151029618947051,-4.03516694583062
5882.516364415228,8845.63081544531,6.094401009923027,-2.28749194583062
5882.516364415228,9741.831623756307,9.18975071955608,10.662158054169382
5995.580716168691,-228.402368703523,10.5662320622646,1.7233330541693803
5995.580716168691,-4.352166625773975,10.145723764365224,3.4408330541693797
5995.580716168691,219.698035451975,9.342157455561889,-3.6193669458306204
5995.580716168691,443.74823752972395,8.566593592752405,0.6486705541693796
5995.580716168691,667.798439607473,7.93592095093249,6.674283054169379
5995.580716168691,891.848641685222,7.141578961978692,6.380217264695695
5995.580716168691,1115.898843762971,6.410183140198485,3.1985694178057433
5995.580716168691,1339.94904584072,5.687516370250292,3.8822239632602886
5995.580716168691,1563.9992479184689,4.81531369162865,0.26611638750271344
5995.580716168691,1788.0494499962178,4.04810363431437,2.5681997208360463
5995.580716168691,2012.0996520739668,3.2733380926861173,5.158410831947157
5995.580716168691,2236.1498541517158,2.5534417706599823,4.407270554169379
5995.580716168691,2460.2000562294647,1.8494510823209698,6.20299305416938
5995.580716168691,2684.2502583072137,0.87598402386468,5.658566387502714
5995.580716168691,2908.3004603849627,0.42102209303874305,1.9192473398836658
5995.580716168691,3132.350662462712,-0.6386955704609464,3.1428830541693795
5995.580716168691,3356.400864540461,-0.9692181920118591,-2.8106002791639537
5995.580716168691,3580.4510666182096,-1.4860228015653856,1.8862801129929092
5995.580716168691,3804.501268695959,-2.191361741415704,-1.812974088687763
5995.580716168691,4028.5514707737075,-2.719426004275931,-3.6204419458306205
5995.580716168691,4252.601672851457,-3.2873663929627215,-0.9849419458306202
5995.580716168691,4476.651874929205,-3.886956709783537,-2.268443416418856
5995.580716168691,4700.702077006955,-3.6632839406709365,1.132555276391602
5995.580716168691,4924.752279084704,-3.9371101377714095,-3.670583612497287
5995.580716168691,5148.802481162453,-3.7410327834145947,-4.218600279163953
5995.580716168691,5372.852683240202,-3.976088064788109,-2.353333612497287
5995.580716168691,5596.902885317951,-3.5333215409123775,-2.4275836124972865
5995.580716168691,5820.9530873957,-3.060909272915983,4.914908054169379
5995.580716168691,6045.003289473449,-2.170250531567028,-6.00976694583062
5995.580716168691,6269.053491551198,-2.0023415307422154,-2.5010669458306203
5995.580716168691,6493.1036936289465,-1.3724899524093714,0.13716876845509382
5995.580716168691,6717.153895706696,-0.8233614175941163,-1.8371812315449059
5995.580716168691,6941.2040977844445,-0.11470404332619044,1.46199555416938
5995.580716168691,7165.254299862194,0.6776011113875813,-0.8445098029734773
5995.580716168691,7389.304501939942,1.427443536404422,-5.96316694583062
5995.580716168691,7613.354704017692,1.7783346735067895,-2.4052669458306206
5995.580716168691,7837.40490609544,2.8264292451414277,-2.51206694583062
5995.580716168691,8061.45510817319,3.7081872056490623,0.23351305416937967
5995.580716168691,8285.50531025094,4.308546643735726,6.264293054169379
5995.580716168691,8509.555512328689,5.221689034389238,-0.7007900227536972
5995.580716168691,8733.605714406436,6.089737115544616,2.607033054169379
5995.580716168691,8957.655916484186,6.77085822355165,9.450899720836047
5995.580716168691,9405.756320639684,8.161500007754288,22.71471305416938
5995.580716168691,9629.806522717432,8.783146038365139,25.73533305416938
6108.645067922153,-116.37726766464851,10.450346032928438,-6.532933612497286
6108.645067922153,107.6729344131005,9.942966610074883,2.6797108319471588
6108.645067922153,331.72313649084947,9.067629534446159,11.207133054169379
6108.645067922153,555.7733385685985,8.534968237855548,2.810204482740808
6108.645067922153,779.8235406463475,7.613933683913909,2.5615997208360457
6108.645067922153,1003.8737427240965,7.00319529551335,8.943118768455097
6108.645067922153,1227.9239448018454,6.367599719049997,6.614661054169379
6108.645067922153,1451.9741468795944,5.688911932008519,1.8193597208360464
6108.645067922153,1676.0243489573436,4.897519637166932,-0.041146945830620396
6108.645067922153,1900.0745510350926,3.7863100721645546,5.331127498613824
6108.645067922153,2124.1247531128415,3.2374878888736345,-2.3593375340659146
6108.645067922153,2348.1749551905905,2.5282232800490143,2.471547339883666
6108.645067922153,2572.2251572683394,1.792657338779002,3.194486387502713
6108.645067922153,2796.2753593460884,0.902489147248726,-0.5337447236083981
6108.645067922153,3020.3255614238374,0.5360436109132992,5.77313305416938
6108.645067922153,3244.3757635015863,-0.0387305325687292,1.2074530541693798
6108.645067922153,3468.4259655793353,-0.8367519669313458,-0.97223694583062
6108.645067922153,3692.4761676570843,-1.6062752743360007,0.5103330541693798
6108.645067922153,3916.5263697348337,-1.8562823282061935,-1.2447438689075434
6108.645067922153,4140.576571812582,-2.03090444755121,-1.200185127648802
6108.645067922153,4364.626773890332,-2.6699541928763395,-4.67741694583062
6108.645067922153,4588.67697596808,-3.066637028978481,2.1899768041693797
6108.645067922153,4812.7271780458295,-3.0902749197985417,-1.4260002791639537
6108.645067922153,5036.777380123578,-2.6811867337156174,-0.5984883744020485
6108.645067922153,5260.8275822013275,-3.0206399722221473,-3.4101669458306203
6108.645067922153,5484.877784279076,-2.6084804220258104,-3.0424002791639535
6108.645067922153,5708.927986356825,-2.332758944164065,-7.11716694583062
6108.645067922153,5932.978188434574,-2.2404555359782248,-2.0158891680528424
6108.645067922153,6157.028390512323,-1.5854345641870702,5.517924358517207
6108.645067922153,6381.078592590072,-1.1582688473264293,-2.52386694583062
6108.645067922153,6605.128794667821,-0.6552022679431886,-1.4209669458306202
6108.645067922153,6829.178996745571,-0.06077253466179307,1.3392130541693803
6108.645067922153,7053.229198823319,0.4800744774914478,-6.04826694583062
6108.645067922153,7277.279400901069,1.2323964894924497,-1.0848769458306209
6108.645067922153,7501.329602978817,1.914229226855509,-2.510311390275065
6108.645067922153,7725.379805056566,2.920723098001135,2.9421552763916026
6108.645067922153,7949.430007134315,3.5358614574374765,-1.1090002791639533
6108.645067922153,8173.480209212064,4.41051356745237,-0.19268361249728785
6108.645067922153,8397.530411289814,5.093809188390013,-5.67695444583062
6108.645067922153,8621.580613367561,5.921797486885738,-0.9680336124972868
6108.645067922153,8845.63081544531,6.835024708463175,-6.31946694583062
6108.645067922153,9069.68101752306,7.328694312040508,2.674369417805743
6108.645067922153,9517.781421678557,8.83992606988361,3.80268305416938
6221.709419675616,-4.352166625773975,10.452275471167136,2.8074830541693805
6221.709419675616,219.698035451975,9.58361285633851,1.2169130541693796
6221.709419675616,443.74823752972395,9.086443204430198,0.23543305416938054
6221.709419675616,891.848641685222,7.543851271784332,0.19733305416937963
6221.709419675616,1115.898843762971,7.099242696545288,4.917083054169379
6221.709419675616,1339.94904584072,6.258598372797425,5.918943054169378
6221.709419675616,1563.9992479184689,5.652441065161412,13.83585805416938
6221.709419675616,1788.0494499962178,4.920684443272804,1.00588305416938
6221.709419675616,2012.0996520739668,4.105689524481859,-0.10404819583061997
6221.709419675616,2236.1498541517158,3.4626994001259077,-0.320559802973477
6221.709419675616,2460.2000562294647,2.6641342220501896,13.886009244645571
6221.709419675616,2684.2502583072137,1.9777720093842714,7.566570554169379
6221.709419675616,2908.3004603849627,1.2114315196129475,4.856647339883665
6221.709419675616,3132.350662462712,0.5187454383619283,8.656458054169379
6221.709419675616,3356.400864540461,-0.12548533406305815,5.10603305416938
6221.709419675616,3580.4510666182096,-0.5162567161342665,0.06070527639160211
6221.709419675616,3804.501268695959,-1.0497234709754533,4.183733054169379
6221.709419675616,4028.5514707737075,-1.4696428137235096,-0.6367955172591919
6221.709419675616,4252.601672851457,-1.7268955569825621,-3.2431069458306205
6221.709419675616,4476.651874929205,-1.8896087024618202,-2.2875002791639534
6221.709419675616,4700.702077006955,-1.7851789779613287,-5.93441694583062
6221.709419675616,4924.752279084704,-1.9864708390161674,-6.15432694583062
6221.709419675616,5148.802481162453,-2.3976156123458563,-4.657725279163953
6221.709419675616,5372.852683240202,-2.003325185324829,-0.5869669458306198
6221.709419675616,5596.902885317951,-1.7265459674117778,-1.9392752791639536
6221.709419675616,5820.9530873957,-1.705385021496866,-4.61311694583062
6221.709419675616,6045.003289473449,-1.3086638424173,5.347776804169379
6221.709419675616,6269.053491551198,-0.7166224241360661,1.7791095247576143
6221.709419675616,6493.1036936289465,-0.4154769213475268,-1.6204702791639534
6221.709419675616,6717.153895706696,0.13971553510583043,-4.087994218557894
6221.709419675616,6941.2040977844445,1.2284327780641762,-6.790983612497288
6221.709419675616,7165.254299862194,1.4699660782369748,-3.8323447236083976
6221.709419675616,7389.304501939942,2.1880389789902526,-1.8589438689075435
6221.709419675616,7613.354704017692,3.0411857618265814,-0.5008002791639529
6221.709419675616,7837.40490609544,3.539376919466191,-2.3314669458306203
6221.709419675616,8061.45510817319,4.238957923286312,-1.3823794458306207
6221.709419675616,8285.50531025094,4.806996684459756,-5.302933612497287
6221.709419675616,8509.555512328689,5.924750051953686,-3.12681694583062
6221.709419675616,8733.605714406436,6.470231525107689,-3.1781058347195086
6221.709419675616,8957.655916484186,7.182961833644743,0.8764163875027133
6221.709419675616,9181.706118561935,7.958152404317396,7.5263683482870265
6334.773771429079,-116.37726766464851,10.971735171822877,10.357713054169384
6334.773771429079,107.6729344131005,10.29569025988209,-1.93086694583062
6334.773771429079,1003.8737427240965,7.688448209711744,22.404211625597952
6334.773771429079,1227.9239448018454,6.91778437726622,5.299562220836046
6334.773771429079,1451.9741468795944,6.358392639632972,-1.6787669458306198
6334.773771429079,1676.0243489573436,5.539397314678467,-0.7563269458306202
6334.773771429079,1900.0745510350926,4.822814202572255,2.6266830541693795
6334.773771429079,2124.1247531128415,4.229899130150181,6.632797760051733
6334.773771429079,2348.1749551905905,3.2323874083109168,3.5275997208360472
6334.773771429079,2572.2251572683394,2.568955696424625,14.029309524757615
6334.773771429079,2796.2753593460884,1.844059781917271,5.33239555416938
6334.773771429079,3020.3255614238374,1.4654602873095874,0.5261099772463032
6334.773771429079,3244.3757635015863,0.7152848582995284,3.0690530541693803
6334.773771429079,3468.4259655793353,0.20942870449584072,-2.407146945830621
6334.773771429079,3692.4761676570843,-0.14831156363703404,5.762474230639968
6334.773771429079,3916.5263697348337,-0.4923247487332663,-2.7545269458306203
6334.773771429079,4140.576571812582,-0.92019512817629,-1.6341969458306203
6334.773771429079,4364.626773890332,-0.8623883996432007,4.19637305416938
6334.773771429079,4588.67697596808,-1.0877912371348537,-0.513681231544906
6334.773771429079,4812.7271780458295,-1.2733901393094604,-6.851981231544906
6334.773771429079,5036.777380123578,-1.8472189216340322,-3.6326719458306203
6334.773771429079,5260.8275822013275,-1.5149484632970605,-5.27176694583062
6334.773771429079,5484.877784279076,-1.2703394481565242,3.1210441652804923
6334.773771429079,5708.927986356825,-1.071358699309541,-6.642433612497286
6334.773771429079,5932.978188434574,-0.7027294902061905,-1.3402578549215292
6334.773771429079,6157.028390512323,-0.502990046336516,-1.4118863902750642
6334.773771429079,6381.078592590072,0.052243743239839734,-1.1337033094669842
6334.773771429079,6605.128794667821,0.5125213793452379,-2.43696694583062
6334.773771429079,6829.178996745571,0.9917611602030306,0.74613305416938
6334.773771429079,7053.229198823319,1.7050126407799049,-2.4728836124972866
6334.773771429079,7277.279400901069,2.147592303820442,-3.828633612497287
6334.773771429079,7501.329602978817,2.8457935434118333,-1.7924231958306203
6334.773771429079,7725.379805056566,3.8390686165332144,6.464890948906222
6334.773771429079,7949.430007134315,4.473261201033699,-2.04120444583062
6334.773771429079,8173.480209212064,4.97334132717285,-6.65554194583062
6334.773771429079,8397.530411289814,5.695137128233933,-6.018224088687762
6334.773771429079,8621.580613367561,6.515441301921993,-5.360550279163953
6334.773771429079,8845.63081544531,7.116158746424437,-2.7333900227536967
6334.773771429079,9069.68101752306,7.899965467388981,-0.6198002791639532
6334.773771429079,9293.73121960081,8.540512000692278,4.637747339883667
6334.773771429079,9517.781421678557,9.236308765957814,-7.85656694583062
6447.8381231825415,-4.352166625773975,10.926056404116405,-0.8642169458306208
6447.8381231825415,1115.898843762971,7.548606207162654,10.28600696721286
6447.8381231825415,1339.94904584072,6.951064211255853,-3.564112400376075
6447.8381231825415,1563.9992479184689,6.31668164318233,-0.16886694583062012
6447.8381231825415,1788.0494499962178,5.709598615937296,1.3321407464770725
6447.8381231825415,2012.0996520739668,4.935846714903278,3.2735330541693792
6447.8381231825415,2236.1498541517158,4.118760514096687,2.85603305416938
6447.8381231825415,2460.2000562294647,3.2905960413981403,-2.8460669458306196
6447.8381231825415,2684.2502583072137,2.6383514109617976,27.52383305416938
6447.8381231825415,3132.350662462712,1.4985888226641166,5.289079208015532
6447.8381231825415,3356.400864540461,1.1908229031165576,7.6000663875027135
6447.8381231825415,3580.4510666182096,0.6231545858584315,0.7212052763916018
6447.8381231825415,3804.501268695959,0.31224554549229044,-1.8361419458306207
6447.8381231825415,4028.5514707737075,-0.08012550075749246,-3.8335942185578933
6447.8381231825415,4252.601672851457,-0.6181860517160895,-3.9009845928894435
6447.8381231825415,4476.651874929205,-0.9349200848447777,-2.9754669458306204
6447.8381231825415,4700.702077006955,-1.3857553399435723,-1.246866945830621
6447.8381231825415,4924.752279084704,-0.941343054681787,-1.9469669458306202
6447.8381231825415,5148.802481162453,-0.6677284957817282,0.6246797208360465
6447.8381231825415,5372.852683240202,-0.9469111035408033,-1.0980136124972868
6447.8381231825415,5596.902885317951,-0.6561815316233522,-4.582102239948267
6447.8381231825415,5820.9530873957,-0.39831145992527095,-0.7027375340659143
6447.8381231825415,6045.003289473449,-0.1054220358549752,-0.879588374402049
6447.8381231825415,6269.053491551198,0.27701032992003355,0.11435180416937968
6447.8381231825415,6493.1036936289465,0.8835080489212199,16.80609555416938
6447.8381231825415,6717.153895706696,1.47680536717896,6.819983054169381
6447.8381231825415,6941.2040977844445,2.0324606061398747,-6.74601694583062
6447.8381231825415,7165.254299862194,2.383573954795498,-6.95786694583062
6447.8381231825415,7389.304501939942,3.1999557377710337,-4.835786945830621
6447.8381231825415,7613.354704017692,3.9024621709626257,3.6857212894634976
6447.8381231825415,7837.40490609544,4.358669028242011,-1.5037746381383128
6447.8381231825415,8061.45510817319,5.199641672779625,3.277475911312236
6447.8381231825415,8285.50531025094,5.979191812074207,1.7935205541693793
6447.8381231825415,8509.555512328689,6.192548274659201,-5.110466945830621
6447.8381231825415,8733.605714406436,7.292622801883846,-5.40791694583062
6447.8381231825415,8957.655916484186,7.682064232832008,-4.763166945830621
6447.8381231825415,9181.706118561935,8.439215067892254,0.8281663875027131
6447.8381231825415,9405.756320639684,9.253330971638178,3.3660080541693804
6447.8381231825415,9629.806522717432,9.967472077860387,14.992599720836047
6560.902474936004,-116.37726766464851,11.295023530726528,-6.87671694583062
6560.902474936004,1003.8737427240965,8.003087464114879,2.109933054169379
6560.902474936004,1227.9239448018454,7.664389326553896,11.055867669553997
6560.902474936004,1451.9741468795944,6.915358239104467,0.6933774986138243
6560.902474936004,1676.0243489573436,6.269627364883943,0.3755187684550939
6560.902474936004,1900.0745510350926,5.638345014665416,12.577277498613823
6560.902474936004,2124.1247531128415,4.7774473252635286,13.577066387502711
6560.902474936004,2796.2753593460884,2.6383514109617976,-3.9421669458306194
6560.902474936004,3244.3757635015863,1.746643852631723,8.208033054169379
6560.902474936004,3468.4259655793353,1.7356117532464965,-2.970624088687763
6560.902474936004,3692.4761676570843,1.2087683163363083,-0.3714558347195093
6560.902474936004,3916.5263697348337,0.6452593365832044,3.137738936522321
6560.902474936004,4140.576571812582,-0.20661813390133615,1.6304330541693801
6560.902474936004,5036.777380123578,-0.6649143603550448,-5.37946694583062
6560.902474936004,5260.8275822013275,-0.11436387163208786,-2.487478710536503
6560.902474936004,5484.877784279076,0.09908957760738461,-1.418778056941731
6560.902474936004,5708.927986356825,0.23369802901734402,-4.058259802973477
6560.902474936004,5932.978188434574,0.5147898063344006,1.3347287063432924
6560.902474936004,6157.028390512323,0.8656314876060603,-0.7131169458306199
6560.902474936004,6381.078592590072,1.3024308381883438,1.3612497208360468
6560.902474936004,6605.128794667821,1.494354368855647,-0.0412002791639523
6560.902474936004,6829.178996745571,1.9684587585075681,-3.5144669458306197
6560.902474936004,7053.229198823319,2.280513948512551,-5.10876694583062
6560.902474936004,7277.279400901069,3.340323283066159,-1.8948669458306195
6560.902474936004,7501.329602978817,3.997588379714216,0.151299720836047
6560.902474936004,7725.379805056566,4.651882906328241,-0.5495280569417313
6560.902474936004,7949.430007134315,5.149122367942636,-1.688212400376075
6560.902474936004,8173.480209212064,5.819281057625544,-5.89872694583062
6560.902474936004,8397.530411289814,6.735748628606062,-3.334620791984466
6560.902474936004,8621.580613367561,7.1896711551390355,-4.530436945830621
6560.902474936004,8845.63081544531,7.7852049468697695,-0.5489669458306204
6560.902474936004,9069.68101752306,8.498937333526477,0.5690687684550939
6560.902474936004,9293.73121960081,8.897521366328954,28.04989972083605
6560.902474936004,9517.781421678557,9.642122607472276,8.12003305416938
6673.966826689467,1115.898843762971,8.11813759263512,-1.7948578549215293
6673.966826689467,1339.94904584072,7.592672787920044,4.557970554169379
6673.966826689467,1563.9992479184689,6.85816541559923,1.3093580541693794
6673.966826689467,1788.0494499962178,6.301517173615205,8.348716387502712
6673.966826689467,2012.0996520739668,5.417230812603221,-0.2274169458306199
6673.966826689467,2236.1498541517158,4.731035213126978,-3.84931694583062
6673.966826689467,3132.350662462712,2.485715949642541,-5.39816694583062
6673.966826689467,3356.400864540461,2.378808711253832,-1.1821598029734777
6673.966826689467,3580.4510666182096,1.5472842634330863,0.8291330541693798
6673.966826689467,3804.501268695959,1.1571666006773453,-3.8820746381383127
6673.966826689467,4028.5514707737075,1.271949115685665,-4.940224088687763
6673.966826689467,5148.802481162453,-0.20661813390133615,-6.99016694583062
6673.966826689467,5372.852683240202,0.5207936002382793,-1.3572763208306202
6673.966826689467,5596.902885317951,0.8977035176792657,-0.9674669458306201
6673.966826689467,5820.9530873957,0.9677349195361329,-4.841006945830619
6673.966826689467,6045.003289473449,1.3284556852364542,-1.6698447236083984
6673.966826689467,6269.053491551198,1.4770168197802198,4.78780180416938
6673.966826689467,6493.1036936289465,1.547284010559107,1.0260663875027127
6673.966826689467,7165.254299862194,3.257444546952789,-6.151500279163954
6673.966826689467,7389.304501939942,4.054124952047939,-3.0431977150613894
6673.966826689467,7613.354704017692,4.645943262691765,-5.11422944583062
6673.966826689467,7837.40490609544,5.117155570268649,-0.28589852477798877
6673.966826689467,8061.45510817319,5.844706325508914,9.996864633116747
6673.966826689467,8285.50531025094,6.430136398961074,12.908199720836045
6673.966826689467,8509.555512328689,7.01136438749367,8.00331162559795
6673.966826689467,8733.605714406436,7.702298339786874,-6.66631694583062
6673.966826689467,8957.655916484186,8.245134028539933,-1.02306694583062
6673.966826689467,9181.706118561935,9.057306871440659,2.38602055416938
6673.966826689467,9405.756320639684,9.805075573687457,-6.72786694583062
6787.03117844293,-116.37726766464851,11.757761417556841,2.938033054169379
6787.03117844293,1227.9239448018454,8.23951549373712,10.822525361861686
6787.03117844293,1451.9741468795944,7.457779846663873,13.839393054169381
6787.03117844293,1676.0243489573436,7.176474722650578,0.056566387502713
6787.03117844293,1900.0745510350926,6.425886570689917,7.774115662865031
6787.03117844293,3468.4259655793353,2.667974217961804,-1.4266794458306202
6787.03117844293,3692.4761676570843,2.150597302573057,-5.94126694583062
6787.03117844293,3916.5263697348337,1.644314907425185,-0.02018233044600465
6787.03117844293,4140.576571812582,1.4153913156433253,-0.19877805694173192
6787.03117844293,5260.8275822013275,0.6852446527169161,-2.823833612497287
6787.03117844293,5484.877784279076,1.070689976311666,-2.4146169458306206
6787.03117844293,5708.927986356825,1.3476515811204572,-3.68356694583062
6787.03117844293,5932.978188434574,1.6321983558200923,-4.83050694583062
6787.03117844293,6157.028390512323,2.1183141923383,-1.9717851276488019
6787.03117844293,6381.078592590072,1.8464659605788878,5.302733054169379
6787.03117844293,7501.329602978817,4.657052206438367,-1.6402098029734773
6787.03117844293,7725.379805056566,5.244271550773464,-5.169582330446004
6787.03117844293,7949.430007134315,6.181139973005615,-3.80104194583062
6787.03117844293,8173.480209212064,6.171079958019987,-4.61996694583062
6787.03117844293,8397.530411289814,7.255435469467477,2.6800616255979515
6787.03117844293,8621.580613367561,7.802973154263544,17.765266387502717
6787.03117844293,9069.68101752306,8.792723220398607,-8.621866945830622
6787.03117844293,9293.73121960081,9.655891584749057,2.53351305416938
6787.03117844293,9517.781421678557,10.201043875596,-3.644766945830619
6900.095530196392,-4.352166625773975,11.839842541891823,-1.5513069458306201
6900.095530196392,1115.898843762971,8.804315938281396,1.2179616255979515
6900.095530196392,1339.94904584072,8.255118098209742,-2.6108269458306212
6900.095530196392,1563.9992479184689,7.6181195760171745,1.7741997208360458
6900.095530196392,1788.0494499962178,6.798890911232729,2.32943305416938
6900.095530196392,3356.400864540461,3.2921477407101305,1.305854482740808
6900.095530196392,3580.4510666182096,3.051801607886035,-3.848297715061389
6900.095530196392,3804.501268695959,2.5509622405684937,-3.33241694583062
6900.095530196392,4028.5514707737075,2.347493161006736,-3.195133612497287
6900.095530196392,5372.852683240202,1.4835563112855181,-5.90985694583062
6900.095530196392,5596.902885317951,1.9214965167137044,-5.670925769360032
6900.095530196392,5820.9530873957,2.1674724386947637,-4.866100279163954
6900.095530196392,6045.003289473449,2.095366525558144,6.1357080541693785
6900.095530196392,6269.053491551198,2.4448763305993757,-3.430400279163953
6900.095530196392,7389.304501939942,4.90058987940629,-6.47006694583062
6900.095530196392,7613.354704017692,5.44836110156217,-4.9575955172591915
6900.095530196392,7837.40490609544,6.002491221818095,-4.670141945830619
6900.095530196392,8285.50531025094,7.310610469131576,-3.347105407369082
6900.095530196392,8509.555512328689,7.762739500018965,-2.4059669458306203
6900.095530196392,9181.706118561935,9.49553073697958,-2.8601669458306205
6900.095530196392,9405.756320639684,10.194690677029511,11.031104482740806
7013.159881949855,-116.37726766464851,12.214090751275199,-0.9086669458306202
7013.159881949855,1227.9239448018454,8.87940384282391,17.60964905416938
7013.159881949855,1451.9741468795944,8.33851161599117,8.39173305416938
7013.159881949855,1676.0243489573436,7.600093941860088,-1.0530502791639533
7013.159881949855,1900.0745510350926,7.050074275994949,7.971175911312238
7013.159881949855,3468.4259655793353,3.5418275264515455,-0.28038694583062
7013.159881949855,3692.4761676570843,3.2774360571841106,-5.02876694583062
7013.159881949855,3916.5263697348337,3.1607633631992664,-2.67750694583062
7013.159881949855,4140.576571812582,2.7634508557345594,-1.8650002791639537
7013.159881949855,5484.877784279076,2.090518818533919,-6.07311694583062
7013.159881949855,5708.927986356825,2.5401694625838993,-4.238255834719509
7013.159881949855,6157.028390512323,3.0621607274804634,-1.7357113902750643
7013.159881949855,7501.329602978817,5.52148631947894,-6.414933612497287
7013.159881949855,7725.379805056566,6.222240927778318,-4.56916694583062
7013.159881949855,7949.430007134315,6.532390084842724,-4.65264694583062
7013.159881949855,8173.480209212064,7.306841687156838,-5.75901694583062
7013.159881949855,8397.530411289814,7.9151513849110255,-4.176406945830621
7013.159881949855,9293.73121960081,10.109889708796102,18.662799720836045
7013.159881949855,9517.781421678557,10.815264707207426,9.63221638750271
7013.159881949855,9741.831623756307,11.250267512501209,8.456299720836045
7126.224233703318,-4.352166625773975,12.263872803362672,-0.15736694583062025
7126.224233703318,1115.898843762971,9.353012804434771,0.65515805416938
7126.224233703318,1339.94904584072,8.85593508533813,0.9472945926309185
7126.224233703318,1563.9992479184689,8.15669725414093,9.167986900323225
7126.224233703318,1788.0494499962178,7.73726362153799,-0.06873617659985119
7126.224233703318,2012.0996520739668,7.374061151611525,26.196251235987564
7126.224233703318,3356.400864540461,4.423883896532351,-0.07682694583062026
7126.224233703318,3580.4510666182096,4.0209543364533324,-2.8458586124972864
7126.224233703318,3804.501268695959,3.7540067784740834,16.83291083194716
7126.224233703318,4028.5514707737075,3.388400945548315,3.0702030541693803
7126.224233703318,5596.902885317951,2.723991317889601,1.6930830541693795
7126.224233703318,5820.9530873957,3.264452898273418,-7.51815444583062
7126.224233703318,6045.003289473449,3.4379280383227315,-2.1193526601163346
7126.224233703318,6269.053491551198,3.546527932372399,-2.1182869458306204
7126.224233703318,7613.354704017692,6.199195392996221,-3.190714314251673
7126.224233703318,7837.40490609544,6.883859114557535,0.42880448274080835
7126.224233703318,8061.45510817319,7.619945500936842,-7.373816945830621
7126.224233703318,8285.50531025094,8.127101980467978,-4.835324088687763
7126.224233703318,9405.756320639684,10.801725644742934,35.525347339883666
7126.224233703318,9629.806522717432,11.43781046093407,9.239794592630917
7126.224233703318,9853.856724795181,11.801370351308064,21.02083305416938
7239.28858545678,1003.8737427240965,10.145210371800314,3.85491305416938
7239.28858545678,1227.9239448018454,9.573622980247533,-0.12096694583062047
7239.28858545678,1451.9741468795944,9.009824810304037,-3.05744194583062
7239.28858545678,1676.0243489573436,8.494261501553952,19.692233054169378
7239.28858545678,1900.0745510350926,7.913855028888054,-1.3737740886877627
7239.28858545678,2124.1247531128415,7.519408434758008,3.67383305416938
7239.28858545678,3244.3757635015863,5.061740840443807,-3.4639569458306196
7239.28858545678,3468.4259655793353,4.695216831200241,-4.01891069583062
7239.28858545678,3692.4761676570843,4.095928460742924,-4.952678056941732
7239.28858545678,3916.5263697348337,3.9258343649379546,0.20870448274080822
7239.28858545678,4140.576571812582,4.022451969258248,3.9614330541693814
7239.28858545678,5484.877784279076,3.382649479680139,-5.466836945830621
7239.28858545678,5708.927986356825,3.7975954812471078,-0.8396140046541498
7239.28858545678,6157.028390512323,4.11522050565785,-0.7571336124972871
7239.28858545678,7501.329602978817,6.3658921852059835,-6.62021694583062
7239.28858545678,7725.379805056566,6.897068993305619,-6.529300279163954
7239.28858545678,7949.430007134315,7.802973154263544,-6.349066945830621
7239.28858545678,8173.480209212064,8.173679505064078,3.9791663875027137
7239.28858545678,8397.530411289814,8.18782353735021,-7.340933612497287
7239.28858545678,9517.781421678557,11.211868846750807,15.297933054169379
7239.28858545678,9741.831623756307,11.842377306062271,5.19240305416938
7352.352937210243,-4.352166625773975,12.618782360817448,-2.8319002791639534
7352.352937210243,219.698035451975,12.40110352031026,2.00323305416938
7352.352937210243,891.848641685222,10.609228229649084,-3.2913869458306206
7352.352937210243,1115.898843762971,9.979919012301558,2.947193054169379
7352.352937210243,1339.94904584072,9.573960761294325,-3.71876694583062
7352.352937210243,1563.9992479184689,9.086443204430198,-0.4627669458306194
7352.352937210243,1788.0494499962178,8.534689842308119,2.411610831947157
7352.352937210243,2012.0996520739668,7.892777789001752,7.054906387502714
7352.352937210243,2236.1498541517158,7.762739500018965,8.01298305416938
7352.352937210243,3132.350662462712,5.719214568977972,8.954055276391601
7352.352937210243,3356.400864540461,5.3431712752428435,6.872094592630917
7352.352937210243,3580.4510666182096,4.87708001522693,11.064813054169377
7352.352937210243,3804.501268695959,4.489824472481779,-4.308466945830621
7352.352937210243,4028.5514707737075,4.673755373245892,-1.18330694583062
7352.352937210243,4252.601672851457,4.122545031260524,-2.4319169458306202
7352.352937210243,5372.852683240202,4.32424725721347,-7.908600279163953
7352.352937210243,5596.902885317951,4.053248251541693,-2.4189859934496676
7352.352937210243,5820.9530873957,4.273590462608206,-0.9135624003760747
7352.352937210243,6045.003289473449,4.807800100555014,-3.1803669458306203
7352.352937210243,6269.053491551198,4.7613632139967965,-5.33987694583062
7352.352937210243,7613.354704017692,7.253796217068356,-4.849666945830621
7352.352937210243,7837.40490609544,7.402838054252551,-3.4487002791639534
7352.352937210243,8061.45510817319,8.336251673554498,-0.7949558347195089
7352.352937210243,8285.50531025094,8.795915614409763,4.53763305416938
7352.352937210243,9629.806522717432,11.784823207741574,39.24408305416939
7352.352937210243,9853.856724795181,12.384969794275772,11.475583054169377
7465.417288963706,-116.37726766464851,13.068275474034554,2.28743305416938
7465.417288963706,107.6729344131005,12.64619197316776,-4.84241694583062
7465.417288963706,331.72313649084947,12.167036450754328,0.7073830541693789
7465.417288963706,555.7733385685985,11.672135984945164,59.65873305416938
7465.417288963706,779.8235406463475,11.261791167644148,-4.82081694583062
7465.417288963706,1003.8737427240965,10.786880420031968,15.519020554169382
7465.417288963706,1227.9239448018454,10.103392199680682,0.6816247208360462
7465.417288963706,1451.9741468795944,9.663849651859696,-3.1120069458306197
7465.417288963706,1676.0243489573436,9.093351133087216,-0.8654269458306203
7465.417288963706,1900.0745510350926,8.652801552777106,1.97381430416938
7465.417288963706,2124.1247531128415,8.261153730564589,-0.4902214912851658
7465.417288963706,2348.1749551905905,7.64162261988963,-8.77356694583062
7465.417288963706,3020.3255614238374,6.277737049889644,-3.2655419458306203
7465.417288963706,3244.3757635015863,5.901369000017083,-1.0841669458306202
7465.417288963706,3468.4259655793353,5.664241077435545,3.736633054169381
7465.417288963706,3692.4761676570843,5.223141038174841,-0.5984140046541497
7465.417288963706,3916.5263697348337,4.933962808049879,-5.38576694583062
7465.417288963706,4140.576571812582,4.569483818188823,-6.322611390275065
7465.417288963706,4364.626773890332,5.145542036882187,-4.10076694583062
7465.417288963706,5484.877784279076,4.598775759852906,1.3680230541693787
7465.417288963706,5708.927986356825,4.510487122590908,-1.1092919458306199
7465.417288963706,5932.978188434574,4.935833202453818,-2.9575669458306195
7465.417288963706,6157.028390512323,5.023731501124157,4.005570554169379
7465.417288963706,7501.329602978817,7.190443179001541,-6.7690669458306205
7465.417288963706,7725.379805056566,7.758381936937296,-1.1449202791639541
7465.417288963706,7949.430007134315,8.043044124572651,-6.84696694583062
7465.417288963706,8173.480209212064,8.687374218030447,-6.85811694583062
7465.417288963706,8397.530411289814,9.105256874414234,-7.87721694583062
7465.417288963706,9741.831623756307,12.34340320280265,3.3349407464770726
7465.417288963706,9965.881825834056,12.858671720403269,6.131933054169381
7578.481640717168,219.698035451975,12.590408857085768,-4.690366945830621
7578.481640717168,443.74823752972395,12.105729276167407,5.349991387502713
7578.481640717168,667.798439607473,11.723523348483798,18.244173054169377
7578.481640717168,891.848641685222,11.16652580975118,5.386799720836046
7578.481640717168,1115.898843762971,10.697094777196547,13.78192680416938
7578.481640717168,1339.94904584072,9.977486197427591,-3.2851669458306203
7578.481640717168,1563.9992479184689,9.687342037976672,5.423183054169381
7578.481640717168,1788.0494499962178,9.154741710710717,0.5882663875027125
7578.481640717168,2012.0996520739668,8.741110405359501,13.632886387502712
7578.481640717168,2236.1498541517158,8.31180801873367,3.942183054169379
7578.481640717168,2460.2000562294647,7.8828753579536235,4.338383054169379
7578.481640717168,2684.2502583072137,7.53535092316284,7.264233054169379
7578.481640717168,2908.3004603849627,7.084796917921863,-3.6223669458306205
7578.481640717168,3132.350662462712,6.523747437612337,-0.43813569583062006
7578.481640717168,3356.400864540461,6.136492357988602,-1.4506919458306204
7578.481640717168,3580.4510666182096,6.068718984119087,3.63822680416938
7578.481640717168,3804.501268695959,5.829526345909269,-1.9947919458306203
7578.481640717168,4028.5514707737075,5.445335994438648,4.3808694178057435
7578.481640717168,4252.601672851457,5.280147716228719,-4.172288374402049
7578.481640717168,5148.802481162453,5.3721586436429,-6.63196694583062
7578.481640717168,5372.852683240202,5.053183347270399,4.516696690533016
7578.481640717168,5596.902885317951,5.235317655207496,-3.3491981958306196
7578.481640717168,5820.9530873957,5.292569130697706,-5.460608612497286
7578.481640717168,6045.003289473449,5.465743721834929,-0.36826694583062
7578.481640717168,6269.053491551198,5.714913572358069,-0.9481225013861757
7578.481640717168,7613.354704017692,7.899663209915165,-4.2098752791639535
7578.481640717168,7837.40490609544,8.383762288497442,1.7397108319471566
7578.481640717168,8061.45510817319,8.819871894070426,-6.372266945830621
7578.481640717168,8285.50531025094,9.458502935005047,-7.087966945830621
7578.481640717168,9629.806522717432,12.213585052762031,2.3623130541693795
7578.481640717168,9853.856724795181,12.776443898075128,13.436105781442107
7691.545992470631,107.6729344131005,13.156732046673806,0.6484080541693804
7691.545992470631,331.72313649084947,12.695959414238454,6.843249720836046
7691.545992470631,555.7733385685985,12.082147865116632,19.47673305416938
7691.545992470631,779.8235406463475,11.541431017774554,26.644661625597955
7691.545992470631,1003.8737427240965,11.195359496551406,0.340598271560684
7691.545992470631,1227.9239448018454,10.672846153587365,-1.9341869458306202
7691.545992470631,1451.9741468795944,10.194873842210184,-5.039109802973478
7691.545992470631,1676.0243489573436,9.846989322533606,-1.7368780569417315
7691.545992470631,1900.0745510350926,9.281562155039156,2.012153887502713
7691.545992470631,2124.1247531128415,8.874016183707148,0.3786630541693796
7691.545992470631,2348.1749551905905,8.328151235915485,0.8125765324302492
7691.545992470631,2572.2251572683394,8.118840446208269,-1.23309694583062
7691.545992470631,2796.2753593460884,7.686103410069991,-2.2761558347195088
7691.545992470631,3020.3255614238374,7.102912512207986,12.48945180416938
7691.545992470631,3244.3757635015863,6.748034562411939,-0.27884194583061994
7691.545992470631,3468.4259655793353,6.413415827623274,-4.884204445830621
7691.545992470631,3692.4761676570843,6.258408507532123,5.307266387502714
7691.545992470631,3916.5263697348337,5.896631070861082,12.18110805416938
7691.545992470631,4140.576571812582,5.884671852910363,-5.250376945830619
7691.545992470631,4364.626773890332,5.746442494845776,-1.395113099676774
7691.545992470631,4588.67697596808,5.740433722570765,1.780845554169379
7691.545992470631,4812.7271780458295,5.896845020552658,-0.13231694583062015
7691.545992470631,5036.777380123578,5.797214227634659,-5.287800279163953
7691.545992470631,5260.8275822013275,5.425347502302581,-6.80908694583062
7691.545992470631,5484.877784279076,5.502779591774662,-1.982531231544906
7691.545992470631,5708.927986356825,5.5276158803443325,-2.9180336124972865
7691.545992470631,5932.978188434574,5.730253578130483,-4.548333612497287
7691.545992470631,6157.028390512323,6.194877036247365,1.3799230541693805
7691.545992470631,6381.078592590072,6.302935022978178,-4.01743694583062
7691.545992470631,7501.329602978817,8.169058050020901,-4.220589168052843
7691.545992470631,7725.379805056566,8.66821985396351,-5.29436694583062
7691.545992470631,7949.430007134315,9.048815864462117,-5.03366694583062
7691.545992470631,8173.480209212064,9.605652651818408,7.919033054169381
7691.545992470631,8397.530411289814,9.84932616397457,-5.587816945830619
7691.545992470631,9741.831623756307,12.86176497691967,21.01603305416938
7691.545992470631,9965.881825834056,13.257282811167654,15.042304482740809
7804.610344224094,-4.352166625773975,13.557157740279305,-2.12841694583062
7804.610344224094,219.698035451975,13.26641382316323,2.9411694178057433
7804.610344224094,443.74823752972395,12.620358942870054,29.694025911312234
7804.610344224094,667.798439607473,12.226444380457902,5.287693054169379
7804.610344224094,891.848641685222,11.671271861960273,16.143721943058267
7804.610344224094,1115.898843762971,11.218047574202046,1.90852805416938
7804.610344224094,1339.94904584072,10.737869553709515,0.5041715157078414
7804.610344224094,1563.9992479184689,10.477389892058698,16.480633054169378
7804.610344224094,1788.0494499962178,9.89247404534273,12.528576804169381
7804.610344224094,2012.0996520739668,9.33655169828519,10.426790197026522
7804.610344224094,2236.1498541517158,8.853726148448953,7.548189304169379
7804.610344224094,2460.2000562294647,8.51269613424548,-0.24306694583061994
7804.610344224094,2684.2502583072137,8.05662507176833,1.3597130541693803
7804.610344224094,2908.3004603849627,7.821055744760502,-0.30349694583062037
7804.610344224094,3132.350662462712,7.441996199423734,3.7087330541693797
7804.610344224094,3356.400864540461,7.173423097951587,-3.353830582194257
7804.610344224094,3580.4510666182096,6.948053456532847,8.769517264695695
7804.610344224094,3804.501268695959,6.50759738371762,3.248451235987561
7804.610344224094,4028.5514707737075,6.332816170727515,1.4278886097249357
7804.610344224094,4252.601672851457,6.374616411872068,-2.68996694583062
7804.610344224094,4476.651874929205,6.0415554344942395,-0.9200169458306204
7804.610344224094,4700.702077006955,6.140835038803126,-0.7822305821942563
7804.610344224094,4924.752279084704,5.940165087646542,-4.020891945830621
7804.610344224094,5148.802481162453,5.928243517522659,7.45788599534585
7804.610344224094,5372.852683240202,6.051974772058015,-5.561224088687764
7804.610344224094,5596.902885317951,5.8192474367626525,-4.731995517259191
7804.610344224094,5820.9530873957,6.1256580173849855,13.966453054169381
7804.610344224094,6045.003289473449,6.4562489978148445,-2.649913099676774
7804.610344224094,6269.053491551198,6.553899953456818,1.3895130541693803
7804.610344224094,6493.1036936289465,6.869060829002063,-1.7298919458306203
7804.610344224094,6717.153895706696,7.5805155273238185,-3.00091694583062
7804.610344224094,6941.2040977844445,7.90316389573937,-2.7512169458306195
7804.610344224094,7165.254299862194,8.171307452886325,-3.46764194583062
7804.610344224094,7389.304501939942,8.486914416975956,-3.0314669458306205
7804.610344224094,7613.354704017692,8.676489513359218,0.08157055416937942
7804.610344224094,7837.40490609544,9.12406519893483,-6.558666945830621
7804.610344224094,8061.45510817319,9.49553073697958,-5.74676694583062
7804.610344224094,8285.50531025094,10.002507516530292,-6.910281231544905
7804.610344224094,8509.555512328689,10.472896902963985,37.440933054169385
7804.610344224094,9629.806522717432,12.810901712899085,5.651444165280491
7804.610344224094,9853.856724795181,13.246917644202808,18.25245613109246
7917.674695977556,107.6729344131005,13.453791795946701,2.7006247208360463
7917.674695977556,331.72313649084947,13.082410169237079,2.2751530541693796
7917.674695977556,555.7733385685985,12.709461752262612,3.335718768455092
7917.674695977556,779.8235406463475,12.34350789858018,10.710291387502714
7917.674695977556,1003.8737427240965,11.737978789847228,11.050866387502714
7917.674695977556,1227.9239448018454,11.420433539971448,22.665501235987563
7917.674695977556,1451.9741468795944,10.871527492391294,20.41815305416938
7917.674695977556,1676.0243489573436,10.328081062465715,0.7409694178057437
7917.674695977556,1900.0745510350926,10.078651452474563,0.7896705541693795
7917.674695977556,2124.1247531128415,9.666420250243648,34.76636638750271
7917.674695977556,2348.1749551905905,9.295397404105055,4.84615305416938
7917.674695977556,2572.2251572683394,8.661990158995057,-1.4606544458306203
7917.674695977556,2796.2753593460884,8.454534751339162,-1.4532269458306202
7917.674695977556,3020.3255614238374,8.155713243489021,-2.5606240886877627
7917.674695977556,3244.3757635015863,7.64101300599947,-0.9785113902750643
7917.674695977556,3468.4259655793353,7.363659261917452,1.4891108319471575
7917.674695977556,3692.4761676570843,7.293375210955841,-5.595350279163953
7917.674695977556,3916.5263697348337,7.024301832345736,25.546433054169377
7917.674695977556,4140.576571812582,6.708510977296954,11.863443580485168
7917.674695977556,4364.626773890332,6.599650672708386,0.8616395057822828
7917.674695977556,4588.67697596808,6.533459236744091,10.00383305416938
7917.674695977556,4812.7271780458295,6.501033891408264,-2.9387336124972867
7917.674695977556,5036.777380123578,6.399692493036935,-2.0950624003760745
7917.674695977556,5260.8275822013275,6.569947337116019,-3.30446694583062
7917.674695977556,5484.877784279076,6.644234956942556,-1.7278169458306203
7917.674695977556,5708.927986356825,6.678717639441377,-4.419766945830621
7917.674695977556,5932.978188434574,6.9769110594086925,-0.8576169458306208
7917.674695977556,6157.028390512323,7.118509572168789,3.844990197026522
7917.674695977556,6381.078592590072,7.383068830934367,-6.869300279163953
7917.674695977556,6605.128794667821,7.612884835907999,8.049173054169382
7917.674695977556,6829.178996745571,7.951892128037469,-4.47964194583062
7917.674695977556,7053.229198823319,8.19966351368832,10.282041387502714
7917.674695977556,7277.279400901069,8.752314583847035,-1.2190669458306203
7917.674695977556,7501.329602978817,8.955016757299394,-2.098331651712973
7917.674695977556,7725.379805056566,9.678545580132532,-7.69466694583062
7917.674695977556,7949.430007134315,9.840316055901681,-4.639016945830621
7917.674695977556,8173.480209212064,10.210164964490113,-4.33550444583062
7917.674695977556,8397.530411289814,10.357220675665895,-7.97426694583062
7917.674695977556,8621.580613367561,11.111202986784079,-0.4839469458306203
7917.674695977556,8845.63081544531,11.607170718187083,-5.04436694583062
7917.674695977556,9517.781421678557,12.990213933274564,2.02211305416938
7917.674695977556,9741.831623756307,13.221552054364171,8.685963054169381
7917.674695977556,9965.881825834056,13.809491850893247,2.3413130541693796
8030.739047731018,219.698035451975,13.622700082583714,0.7386591411259014
8030.739047731018,443.74823752972395,13.13687438195665,0.9737263875027125
8030.739047731018,667.798439607473,12.802977948966548,11.244728054169379
8030.739047731018,891.848641685222,12.294746764169423,6.313253054169379
8030.739047731018,1115.898843762971,11.840648061533939,15.671579720836045
8030.739047731018,1339.94904584072,11.414861099394166,24.067083054169377
8030.739047731018,1563.9992479184689,11.009801458730777,17.081917669553995
8030.739047731018,1788.0494499962178,10.514997017501777,12.577369417805745
8030.739047731018,2012.0996520739668,10.002777690706857,-0.6538113902750645
8030.739047731018,2236.1498541517158,9.71422677551152,3.97013305416938
8030.739047731018,2460.2000562294647,9.353373623540143,16.917283054169378
8030.739047731018,2684.2502583072137,9.010391179154011,1.2650120015378008
8030.739047731018,2908.3004603849627,8.791070009883244,14.850355276391603
8030.739047731018,3132.350662462712,8.235816014284994,2.3732603268966526
8030.739047731018,3356.400864540461,8.081514893703119,0.7613430541693802
8030.739047731018,3580.4510666182096,7.772005062216102,5.5707759113122375
8030.739047731018,3804.501268695959,7.648191521969773,3.372596690533016
8030.739047731018,4028.5514707737075,7.256727749060961,3.4106176695539947
8030.739047731018,4252.601672851457,7.167327532904417,3.2081099772463038
8030.739047731018,4476.651874929205,6.943147006901932,0.6011966905330154
8030.739047731018,4700.702077006955,6.7733862923319625,6.102526387502712
8030.739047731018,4924.752279084704,6.932962672924342,-0.581474088687763
8030.739047731018,5148.802481162453,6.826330634690518,12.653096212064117
8030.739047731018,5372.852683240202,6.986884845259592,-0.010739673103347981
8030.739047731018,5596.902885317951,7.0670194889672,2.237686387502712
8030.739047731018,5820.9530873957,7.285376541211139,2.1989441652804906
8030.739047731018,6045.003289473449,7.2719572830210595,1.144916387502713
8030.739047731018,6269.053491551198,7.713648680861094,-2.0993069458306204
8030.739047731018,6493.1036936289465,7.798529189077186,3.459910326896652
8030.739047731018,6717.153895706696,8.066686099295453,-0.39930444583061986
8030.739047731018,6941.2040977844445,8.510634081332384,0.33890180416937943
8030.739047731018,7165.254299862194,8.853841605480243,1.3418116255979515
8030.739047731018,7389.304501939942,9.033281558373492,1.5749630541693795
8030.739047731018,7613.354704017692,9.502718848195801,-1.3170780569417313
8030.739047731018,7837.40490609544,9.943104345587463,-1.464157854921529
8030.739047731018,8061.45510817319,10.206094021562011,-6.9375419458306204
8030.739047731018,8285.50531025094,10.70965727179957,-4.680121491285165
8030.739047731018,8509.555512328689,11.009781922622434,-7.2538419458306205
8030.739047731018,8733.605714406436,11.65309568471063,1.427733054169379
8030.739047731018,8957.655916484186,11.992351129204005,-2.0448469458306198
8030.739047731018,9181.706118561935,12.364717283059003,0.8194997208360464
8030.739047731018,9405.756320639684,12.889222122252177,-5.71956694583062
8030.739047731018,9629.806522717432,13.353694470600484,10.74000448274081
8030.739047731018,9853.856724795181,13.95467721690827,5.61140805416938
8143.803399484481,107.6729344131005,14.043125580556087,10.00263930416938
8143.803399484481,331.72313649084947,13.489460732855258,6.27519305416938
8143.803399484481,555.7733385685985,12.949055506708847,-6.22706694583062
8143.803399484481,779.8235406463475,12.777981884045696,3.424283054169379
8143.803399484481,1003.8737427240965,12.175155646518535,3.9392108319471566
8143.803399484481,1227.9239448018454,11.93408991744844,10.007766387502713
8143.803399484481,1451.9741468795944,11.539067253290431,25.897283054169378
8143.803399484481,1676.0243489573436,10.981359197712257,23.362017264695695
8143.803399484481,1900.0745510350926,10.553830742644372,-2.2199002791639537
8143.803399484481,2124.1247531128415,10.26504669764077,9.503053054169381
8143.803399484481,2348.1749551905905,9.829986890660999,-1.861773612497287
8143.803399484481,2572.2251572683394,9.62508686655572,13.826244818875262
8143.803399484481,2796.2753593460884,9.280118162725318,-0.2667169458306202
8143.803399484481,3020.3255614238374,8.816111909403281,37.14729972083605
8143.803399484481,3244.3757635015863,8.523333757575294,3.8017330541693797
8143.803399484481,3468.4259655793353,8.150400381790636,-0.34436694583062
8143.803399484481,3692.4761676570843,8.305853564088933,-1.3347002791639537
8143.803399484481,3916.5263697348337,7.9521302662410385,-3.15344194583062
8143.803399484481,4140.576571812582,7.586805031697229,6.898033054169378
8143.803399484481,4364.626773890332,7.521192858940685,7.11334214507847
8143.803399484481,4588.67697596808,7.489941233485624,20.238468348287025
8143.803399484481,4812.7271780458295,7.19776775926659,3.58591430416938
8143.803399484481,5036.777380123578,7.2001585353040305,2.5163080541693787
8143.803399484481,5260.8275822013275,7.360622068906849,-2.3772598029734775
8143.803399484481,5484.877784279076,7.551244600085873,3.0110247208360454
8143.803399484481,5708.927986356825,7.5707633541888715,3.075133054169381
8143.803399484481,5932.978188434574,7.751361941775902,-2.613996357595326
8143.803399484481,6157.028390512323,8.13152505216568,1.4187330541693801
8143.803399484481,6381.078592590072,8.106291417254184,-0.7602919458306205
8143.803399484481,6605.128794667821,8.258427974608601,8.014519417805744
8143.803399484481,6829.178996745571,8.568972900504637,9.770271515707842
8143.803399484481,7053.229198823319,8.998868292723973,4.80403305416938
8143.803399484481,7277.279400901069,9.253636200955878,-2.323066945830621
8143.803399484481,7501.329602978817,9.701529417088523,8.439188609724935
8143.803399484481,7725.379805056566,9.840967937872392,-2.6014919458306203
8143.803399484481,7949.430007134315,10.395628407796355,1.461655276391602
8143.803399484481,8173.480209212064,10.86389678781842,-0.7227026601163349
8143.803399484481,8397.530411289814,11.157914589849218,-7.66286694583062
8143.803399484481,8621.580613367561,11.729759384387506,-7.17564694583062
8143.803399484481,8845.63081544531,12.011915637807352,-0.24511694583062005
8143.803399484481,9069.68101752306,12.405808812086269,0.3682239632602895
8143.803399484481,9293.73121960081,12.76828280390168,1.1999930541693797
8143.803399484481,9517.781421678557,13.355784409372882,9.98668305416938
8143.803399484481,9741.831623756307,13.744927516667865,-1.8390336124972875
8143.803399484481,9965.881825834056,14.18542287416716,7.783947339883666
8256.867751237944,-4.352166625773975,14.349240117367417,-4.41226694583062
8256.867751237944,219.698035451975,14.167889224357777,0.2899901970265226
8256.867751237944,443.74823752972395,13.686887532136764,7.457811625597949
8256.867751237944,667.798439607473,13.224087618252124,0.30497305416937903
8256.867751237944,891.848641685222,12.875316014671451,8.620421943058268
8256.867751237944,1115.898843762971,12.170874318788591,30.73277055416938
8256.867751237944,1339.94904584072,11.981858987883353,16.67101305416938
8256.867751237944,1563.9992479184689,11.742973887107283,41.45288305416938
8256.867751237944,1788.0494499962178,11.09359815661003,14.951893054169378
8256.867751237944,2012.0996520739668,10.72686333941938,14.200203054169378
8256.867751237944,2236.1498541517158,10.551179041505463,3.5575730541693793
8256.867751237944,2460.2000562294647,10.032678732473059,5.000460831947157
8256.867751237944,2684.2502583072137,9.689623260132672,15.778525361861691
8256.867751237944,2908.3004603849627,9.52503857489664,14.347404929169379
8256.867751237944,3132.350662462712,9.208540046857424,12.716347339883665
8256.867751237944,3356.400864540461,8.614874384849518,22.64645805416938
8256.867751237944,3580.4510666182096,8.660592079212977,14.78099187769879
8256.867751237944,3804.501268695959,8.327621726052158,15.59906638750271
8256.867751237944,4028.5514707737075,8.194705658496316,3.748795554169379
8256.867751237944,4252.601672851457,8.336993400539585,19.211249720836047
8256.867751237944,4476.651874929205,7.835570269812666,13.498199720836046
8256.867751237944,4700.702077006955,7.940858433872267,-1.7287851276488018
8256.867751237944,4924.752279084704,7.962681023774652,3.9103080541693798
8256.867751237944,5148.802481162453,7.806980245016516,6.727718768455093
8256.867751237944,5372.852683240202,7.835834379942469,-3.1857794458306197
8256.867751237944,5596.902885317951,7.842169547832727,8.849766387502715
8256.867751237944,5820.9530873957,8.034786879987431,6.017133054169379
8256.867751237944,6045.003289473449,8.241140459719777,2.5037330541693796
8256.867751237944,6269.053491551198,8.399244241302638,-0.09319771506138935
8256.867751237944,6493.1036936289465,8.782110673120613,9.68053930416938
8256.867751237944,6717.153895706696,8.897252549947957,-0.014726945830620864
8256.867751237944,6941.2040977844445,9.269592852406639,0.21814972083604656
8256.867751237944,7165.254299862194,9.521419656892691,-0.7189749458306202
8256.867751237944,7389.304501939942,9.930681130838428,0.22189972083604687
8256.867751237944,7613.354704017692,9.994000018631528,-0.2776169458306208
8256.867751237944,7837.40490609544,10.490784908852499,-3.0999526601163345
8256.867751237944,8061.45510817319,11.065819423714144,-5.615533612497286
8256.867751237944,8285.50531025094,11.277392273200043,-3.2973869458306204
8256.867751237944,8509.555512328689,11.724225406278228,-6.11314194583062
8256.867751237944,8733.605714406436,12.029086450963323,-6.2910438689075425
8256.867751237944,8957.655916484186,12.530135105801701,0.40619305416937973
8256.867751237944,9181.706118561935,12.858539727983755,-2.2087169458306204
8256.867751237944,9405.756320639684,13.282849518306637,-0.8588069458306208
8256.867751237944,9629.806522717432,13.758764860612875,9.55237305416938
8256.867751237944,10077.90692687293,14.622256925676561,3.2402330541693796
8369.932102991406,107.6729344131005,14.499285234021915,4.16313305416938
8369.932102991406,331.72313649084947,14.115003732740552,11.738750445473727
8369.932102991406,555.7733385685985,13.607561314781904,5.501513054169378
8369.932102991406,779.8235406463475,13.258326736219605,5.208662465934085
8369.932102991406,1003.8737427240965,12.957608502727616,-3.707191945830621
8369.932102991406,1227.9239448018454,12.424194144919674,14.030333054169379
8369.932102991406,1451.9741468795944,12.024680137658533,30.810209244645574
8369.932102991406,1676.0243489573436,11.664972544352292,21.09279305416938
8369.932102991406,1900.0745510350926,11.29669063992806,31.412890197026524
8369.932102991406,2124.1247531128415,11.057270263925663,26.17823675787308
8369.932102991406,2348.1749551905905,10.30649953318984,16.699988609724937
8369.932102991406,2572.2251572683394,9.931603249449559,-4.193866945830621
8369.932102991406,2796.2753593460884,9.568983305626748,8.90103305416938
8369.932102991406,3020.3255614238374,9.606878835562302,11.038413054169379
8369.932102991406,3244.3757635015863,9.415211538141081,11.095118768455094
8369.932102991406,3468.4259655793353,9.048034786063678,11.007044165280494
8369.932102991406,3692.4761676570843,8.871270783714408,13.007321943058267
8369.932102991406,3916.5263697348337,8.698091619443863,19.821633054169382
8369.932102991406,4140.576571812582,8.782813801748377,-0.17323058219425633
8369.932102991406,4364.626773890332,8.317792852613355,12.44294305416938
8369.932102991406,4588.67697596808,8.207329251592702,-6.98212694583062
8369.932102991406,4812.7271780458295,8.278923843976377,-2.7579836124972865
8369.932102991406,5036.777380123578,8.240070688759017,51.99549305416938
8369.932102991406,5260.8275822013275,8.269757881794977,11.385483054169379
8369.932102991406,5484.877784279076,8.472617164624715,22.661833054169378
8369.932102991406,5708.927986356825,8.563673011920311,14.287721943058266
8369.932102991406,5932.978188434574,8.65531677213213,10.537648843643064
8369.932102991406,6157.028390512323,8.858947387355931,11.669390197026525
8369.932102991406,6381.078592590072,9.053997647759404,1.9622330541693802
8369.932102991406,6605.128794667821,9.275937314970239,0.7139875996239259
8369.932102991406,6829.178996745571,9.49553073697958,3.2801330541693803
8369.932102991406,7053.229198823319,9.62051409154674,7.10903305416938
8369.932102991406,7277.279400901069,9.938061030849138,4.421823054169378
8369.932102991406,7501.329602978817,10.321970917111193,14.65683305416938
8369.932102991406,7725.379805056566,10.700573752611506,14.67048305416938
8369.932102991406,7949.430007134315,11.035939370339305,-1.3745823304460059
8369.932102991406,8173.480209212064,11.475749576444612,-5.706095517259191
8369.932102991406,8397.530411289814,11.868506308276217,-1.9833336124972871
8369.932102991406,8621.580613367561,12.18154963098213,2.6662022849386102
8369.932102991406,8845.63081544531,12.56991055065759,4.190349720836045
8369.932102991406,9069.68101752306,12.956857418257114,3.27324214507847
8369.932102991406,9293.73121960081,13.524431846022136,-0.37156694583062
8369.932102991406,9517.781421678557,13.858552061979637,10.73023305416938
8369.932102991406,9741.831623756307,14.38347040646319,19.610983054169377
8369.932102991406,9965.881825834056,14.635885910779823,15.68859305416938
8482.996454744869,219.698035451975,14.48570602886782,1.9011830541693797
8482.996454744869,667.798439607473,13.491384740967787,1.7637603268966522
8482.996454744869,891.848641685222,13.209362111569556,-3.132581231544905
8482.996454744869,1115.898843762971,12.993374548221645,-4.921483612497287
8482.996454744869,1339.94904584072,12.338788545056941,3.57758305416938
8482.996454744869,1563.9992479184689,12.08759844796501,5.94413305416938
8482.996454744869,1788.0494499962178,11.833443975871024,30.392933054169376
8482.996454744869,2012.0996520739668,11.560237778594349,24.133593660229984
8482.996454744869,2236.1498541517158,11.00344859704225,2.9228130541693793
8482.996454744869,2460.2000562294647,10.875182116875688,-8.23676694583062
8482.996454744869,2908.3004603849627,10.074750744511716,-7.94006694583062
8482.996454744869,3132.350662462712,9.832678381100889,12.979628706343288
8482.996454744869,3356.400864540461,9.708623178958266,11.440545554169379
8482.996454744869,3580.4510666182096,9.541238978445072,1.1928997208360475
8482.996454744869,3804.501268695959,9.209280642214159,5.612018768455093
8482.996454744869,4028.5514707737075,8.95801704904612,10.583033054169379
8482.996454744869,4252.601672851457,8.795501170771237,0.3684997208360463
8482.996454744869,4476.651874929205,8.744837310231265,-7.12716694583062
8482.996454744869,4924.752279084704,8.552203035509308,-4.85306694583062
8482.996454744869,5148.802481162453,8.874586954340236,-6.333681231544906
8482.996454744869,5372.852683240202,8.867607386100522,9.979741387502715
8482.996454744869,5596.902885317951,8.972801702419153,-2.0578336124972867
8482.996454744869,5820.9530873957,9.314816231700767,2.772144165280491
8482.996454744869,6045.003289473449,9.251263386697037,9.42773305416938
8482.996454744869,6269.053491551198,9.282429201901998,14.675669417805745
8482.996454744869,6493.1036936289465,9.523684287784675,14.068823054169382
8482.996454744869,6717.153895706696,9.70823968230232,-2.296552660116334
8482.996454744869,6941.2040977844445,9.99492315235753,2.1647930541693796
8482.996454744869,7165.254299862194,10.15865360831668,6.2028030541693795
8482.996454744869,7389.304501939942,10.52201638182928,11.304293054169381
8482.996454744869,7613.354704017692,10.942399055191396,13.053799720836045
8482.996454744869,7837.40490609544,11.171750618290664,-3.3168669458306206
8482.996454744869,8061.45510817319,11.502250336633564,-2.4610469458306197
8482.996454744869,8285.50531025094,12.06516947280707,-1.0963526601163343
8482.996454744869,8509.555512328689,12.35172679380994,-6.4808558347195095
8482.996454744869,8733.605714406436,12.585369894158966,-1.0707502791639534
8482.996454744869,8957.655916484186,12.953373330638879,4.612094592630917
8482.996454744869,9181.706118561935,13.46813052863046,3.8319219430582674
8482.996454744869,9405.756320639684,13.881297335799927,14.068775911312235
8482.996454744869,9629.806522717432,14.385742711821209,4.964266387502712
8482.996454744869,9853.856724795181,14.662891422278722,-5.48076694583062
8482.996454744869,10077.90692687293,15.079934364807203,3.2350080541693784
8596.060806498332,107.6729344131005,14.929798012992212,-3.33472694583062
8596.060806498332,331.72313649084947,14.403775473794298,-5.378033612497287
8596.060806498332,1003.8737427240965,13.3249455324118,0.8113785087148351
8596.060806498332,1227.9239448018454,13.180401148243343,5.63109305416938
8596.060806498332,1451.9741468795944,12.478328738684924,29.005933054169383
8596.060806498332,1676.0243489573436,12.369202879368475,5.775783054169379
8596.060806498332,1900.0745510350926,11.981843029339409,-0.4862558347195092
8596.060806498332,2124.1247531128415,11.416636704501256,9.272089304169379
8596.060806498332,3244.3757635015863,10.136727150099473,14.65846941780574
8596.060806498332,3468.4259655793353,9.751030785192398,8.296783054169378
8596.060806498332,3692.4761676570843,9.750435384233436,-7.90034194583062
8596.060806498332,3916.5263697348337,9.546558052179872,6.48933305416938
8596.060806498332,4140.576571812582,9.198603279004134,12.642105781442108
8596.060806498332,5036.777380123578,8.783146038365139,-8.01606694583062
8596.060806498332,5260.8275822013275,9.178638505087648,-4.79714194583062
8596.060806498332,5484.877784279076,9.253249841310167,34.23888957590851
8596.060806498332,5708.927986356825,9.432850469200767,7.013761625597952
8596.060806498332,5932.978188434574,9.650399422934065,20.836825361861692
8596.060806498332,6157.028390512323,9.750612456315336,10.620153054169378
8596.060806498332,6381.078592590072,9.753716544597811,1.442374720836046
8596.060806498332,6605.128794667821,9.876036508955451,-3.1850669458306196
8596.060806498332,6829.178996745571,10.027017571912571,-2.9375002791639537
8596.060806498332,7053.229198823319,10.330179275941044,-1.26201694583062
8596.060806498332,7277.279400901069,10.767170775760157,3.4191092446455698
8596.060806498332,7501.329602978817,11.049055246514849,4.598916387502713
8596.060806498332,7725.379805056566,11.268526943540254,-5.817952660116335
8596.060806498332,7949.430007134315,11.750719681530374,-5.01751694583062
8596.060806498332,8173.480209212064,12.052333998928585,-6.02772694583062
8596.060806498332,8397.530411289814,12.418901954762086,-4.710319887007091
8596.060806498332,8621.580613367561,12.90336818127411,2.7035580541693793
8596.060806498332,8845.63081544531,13.274393095228797,-2.0345502791639536
8596.060806498332,9069.68101752306,13.607818695801793,9.776483054169379
8596.060806498332,9293.73121960081,13.900902914751436,5.814716387502711
8596.060806498332,9517.781421678557,14.262417708487405,37.374104482740805
8596.060806498332,9741.831623756307,14.73028873759228,15.719333054169379
8596.060806498332,9965.881825834056,15.030696109481406,6.362933054169379
8596.060806498332,10189.932027911806,15.384708050653035,16.61148305416938
8709.125158251794,-4.352166625773975,15.476726287204032,-0.040966945830620105
8709.125158251794,219.698035451975,14.973047475109635,0.6211330541693805
8709.125158251794,1115.898843762971,13.516512309250173,-2.1137610634776793
8709.125158251794,1339.94904584072,13.142063221769126,-3.160141945830621
8709.125158251794,1563.9992479184689,12.555264475999351,0.3019330541693801
8709.125158251794,1788.0494499962178,12.465023040127766,16.179951235987563
8709.125158251794,2012.0996520739668,11.95248133703916,25.359569417805748
8709.125158251794,3132.350662462712,10.807058413244944,-7.39296694583062
8709.125158251794,3356.400864540461,10.57472984231204,25.628603054169385
8709.125158251794,3580.4510666182096,10.234821523311744,30.270644165280487
8709.125158251794,3804.501268695959,9.948893112333751,5.18783305416938
8709.125158251794,4028.5514707737075,9.877935937992914,4.9058057814421066
8709.125158251794,5148.802481162453,9.347761457200065,0.4086580541693796
8709.125158251794,5372.852683240202,9.591408092462666,7.36831566286503
8709.125158251794,5596.902885317951,9.814786754195861,22.49935305416938
8709.125158251794,5820.9530873957,9.57617129231201,30.481475911312234
8709.125158251794,6045.003289473449,9.919686791350522,7.802378054169379
8709.125158251794,6269.053491551198,10.202290011442564,-0.6627207919844669
8709.125158251794,6493.1036936289465,10.024687366741096,-4.0345269458306205
8709.125158251794,6941.2040977844445,10.392218791504991,-8.47946694583062
8709.125158251794,7165.254299862194,10.928901241954168,-5.01470694583062
8709.125158251794,7389.304501939942,11.23018516996094,12.794488609724933
8709.125158251794,7613.354704017692,11.60553938756657,6.841095554169379
8709.125158251794,7837.40490609544,11.952440913305505,-4.40804194583062
8709.125158251794,8061.45510817319,12.203934575143224,-3.8218469458306203
8709.125158251794,8285.50531025094,12.499906397427278,8.107013054169379
8709.125158251794,8509.555512328689,12.85842670006919,-4.65526694583062
8709.125158251794,8733.605714406436,13.17598897049677,4.541816387502712
8709.125158251794,8957.655916484186,13.44937679762647,2.16393305416938
8709.125158251794,9181.706118561935,13.898359378015824,1.8048330541693796
8709.125158251794,9405.756320639684,14.348599017042455,-2.507466945830621
8709.125158251794,9629.806522717432,14.824822773486375,6.086783054169378
8709.125158251794,9853.856724795181,15.032871382630221,11.893058054169376
8709.125158251794,10077.90692687293,15.45007047814235,9.444653054169379
8822.189510005257,107.6729344131005,15.427953066870199,3.9939253618616872
8822.189510005257,1003.8737427240965,13.905612009236904,4.841258054169379
8822.189510005257,1227.9239448018454,13.631592348140765,-4.480985127648801
8822.189510005257,1451.9741468795944,13.380103401315392,22.57770578144211
8822.189510005257,1676.0243489573436,12.791040731084797,16.657524720836047
8822.189510005257,1900.0745510350926,12.613763306688197,-1.5747195774095675
8822.189510005257,2124.1247531128415,12.214090751275199,0.12043305416938033
8822.189510005257,3244.3757635015863,10.902896844925506,23.77673876845509
8822.189510005257,3468.4259655793353,10.594898910797017,24.826047339883665
8822.189510005257,3692.4761676570843,10.60037205314437,39.89923305416938
8822.189510005257,3916.5263697348337,10.398031965298873,2.75013305416938
8822.189510005257,5260.8275822013275,10.021659900275164,-4.389694218557893
8822.189510005257,5484.877784279076,9.91974209395401,11.459433054169379
8822.189510005257,5708.927986356825,10.23539072257318,12.756547339883667
8822.189510005257,5932.978188434574,10.281611962033093,8.94271566286503
8822.189510005257,6157.028390512323,10.393956764227292,-5.372616945830619
8822.189510005257,7277.279400901069,11.27827104464634,-7.8121669458306195
8822.189510005257,7501.329602978817,11.816309068073044,13.888692313428637
8822.189510005257,7725.379805056566,11.924752812331235,-3.421848195830621
8822.189510005257,7949.430007134315,12.437145002643717,-5.9267502791639535
8822.189510005257,8173.480209212064,12.760146219754898,-6.72884194583062
8822.189510005257,8397.530411289814,13.086465787718637,-3.65354194583062
8822.189510005257,8621.580613367561,13.142267349420266,-2.1524169458306206
8822.189510005257,9069.68101752306,13.835226666569225,-7.330016945830621
8822.189510005257,9517.781421678557,14.717208291489374,-7.262566945830621
8822.189510005257,9741.831623756307,15.189375342264718,11.92678305416938
8822.189510005257,9965.881825834056,15.449823714145442,-6.4680169458306205
8822.189510005257,10189.932027911806,15.886841215439834,24.049388609724936
8935.25386175872,-4.352166625773975,15.821740123412923,-3.76036694583062
8935.25386175872,1115.898843762971,13.986280858701614,-4.68068694583062
8935.25386175872,1339.94904584072,13.567913277149081,23.629553054169385
8935.25386175872,1563.9992479184689,13.412328335630548,26.51435805416938
8935.25386175872,1788.0494499962178,13.039640780944234,18.975199720836045
8935.25386175872,3356.400864540461,11.103190334256562,29.525073594709916
8935.25386175872,3580.4510666182096,10.844419990400032,33.27584416528048
8935.25386175872,3804.501268695959,10.748028604948562,12.671783054169378
8935.25386175872,4028.5514707737075,10.630464137845562,8.31731083194716
8935.25386175872,5372.852683240202,10.393178087055006,19.223949720836046
8935.25386175872,5596.902885317951,10.463358329808754,32.251480673217
8935.25386175872,5820.9530873957,10.656545703726776,26.33139231342864
8935.25386175872,6045.003289473449,10.78498341240182,-6.15636694583062
8935.25386175872,7389.304501939942,11.990519423234119,-2.04024589319904
8935.25386175872,7613.354704017692,12.165296648622276,5.006101475222011
8935.25386175872,7837.40490609544,12.421181758226352,-4.227886945830621
8935.25386175872,8061.45510817319,12.845117716103793,1.18827680416938
8935.25386175872,8285.50531025094,13.061479989637565,5.68093305416938
8935.25386175872,8509.555512328689,13.225747083647933,-5.999866945830621
8935.25386175872,9629.806522717432,15.167178624872795,15.026975911312235
8935.25386175872,9853.856724795181,15.58953715345864,10.229970554169379
8935.25386175872,10077.90692687293,15.95976206746721,11.222763823400149
9048.318213512182,107.6729344131005,15.858238661242043,-2.093433612497287
9048.318213512182,1003.8737427240965,14.367369993439846,-3.3987336124972862
9048.318213512182,1227.9239448018454,14.245722576152898,6.55148305416938
9048.318213512182,1451.9741468795944,13.823177409530537,19.17326941780574
9048.318213512182,1676.0243489573436,13.378686903534886,20.28549019702652
9048.318213512182,1900.0745510350926,13.183998263443742,22.14777019702652
9048.318213512182,3244.3757635015863,11.570485806292574,19.157518768455095
9048.318213512182,3468.4259655793353,11.547492690267108,22.999596690533018
9048.318213512182,3692.4761676570843,11.226501935375119,16.311055276391603
9048.318213512182,3916.5263697348337,11.040484598255436,3.605056863693189
9048.318213512182,5260.8275822013275,10.770649120358343,-4.779316945830621
9048.318213512182,5484.877784279076,10.828653976539963,27.52604019702653
9048.318213512182,5708.927986356825,10.928692231715345,10.858145957395188
9048.318213512182,5932.978188434574,10.936308797803806,-3.8062240886877627
9048.318213512182,6157.028390512323,11.311639712267718,-3.31916694583062
9048.318213512182,7501.329602978817,12.340229140560863,-3.9762936124972867
9048.318213512182,7725.379805056566,12.51548661046931,-3.2575669458306207
9048.318213512182,7949.430007134315,12.954006687836664,-7.0474564195148295
9048.318213512182,8173.480209212064,13.278937332902766,21.20944972083605
9048.318213512182,9741.831623756307,15.597353135702585,21.11136382340015
9048.318213512182,9965.881825834056,16.05135016456999,4.15771305416938
9048.318213512182,10189.932027911806,16.291696448998962,10.19998305416938
9161.382565265645,1115.898843762971,14.490920382432137,1.3906057814421062
9161.382565265645,1339.94904584072,14.21879987225316,-3.644639673103347
9161.382565265645,1563.9992479184689,13.88238149151654,10.895033054169378
9161.382565265645,1788.0494499962178,13.58425406428422,14.341214872351197
9161.382565265645,2012.0996520739668,13.622160965439154,-7.42476694583062
9161.382565265645,3132.350662462712,12.137889235564614,8.28809305416938
9161.382565265645,3356.400864540461,11.815400725966189,38.19629305416937
9161.382565265645,3580.4510666182096,11.661146784790008,29.340416387502714
9161.382565265645,3804.501268695959,11.467659678415872,20.006043768455097
9161.382565265645,4028.5514707737075,11.375647903478587,-5.84161694583062
9161.382565265645,5372.852683240202,11.464149174047666,5.478196690533015
9161.382565265645,5596.902885317951,11.250093856912333,9.655344165280491
9161.382565265645,5820.9530873957,11.161806979467407,-5.3075669458306205
9161.382565265645,6045.003289473449,11.285706291643441,4.279949720836046
9161.382565265645,7389.304501939942,12.519155839467956,21.241783054169378
9161.382565265645,7613.354704017692,12.898863318769664,-6.225566945830621
9161.382565265645,7837.40490609544,13.148252856766236,-3.9367419458306205
9161.382565265645,8061.45510817319,13.425938372206982,-1.9082526601163348
9161.382565265645,9629.806522717432,15.770374945976757,13.49863305416938
9161.382565265645,9853.856724795181,15.997541032302319,31.87390578144211
9161.382565265645,10077.90692687293,16.298697686744557,23.102505781442105
9274.446917019108,-116.37726766464851,16.789392701951968,-0.9368669458306202
9274.446917019108,1003.8737427240965,14.802779179398252,-1.9826002791639532
9274.446917019108,1227.9239448018454,14.513272088589453,4.878433054169379
9274.446917019108,1451.9741468795944,14.392256087260483,1.5318580541693796
9274.446917019108,1676.0243489573436,14.186611294634332,2.925063054169379
9274.446917019108,1900.0745510350926,13.736013896467494,26.660133054169386
9274.446917019108,3244.3757635015863,12.238736282448285,5.055348438784764
9274.446917019108,3468.4259655793353,12.172875292316327,33.06686162559796
9274.446917019108,3692.4761676570843,12.004211451148048,16.128113054169383
9274.446917019108,3916.5263697348337,12.01470368275792,5.417523054169379
9274.446917019108,5260.8275822013275,11.485087334425517,14.980090197026525
9274.446917019108,5484.877784279076,11.576737275975425,-5.516844723608398
9274.446917019108,5708.927986356825,11.48222209269346,11.764393054169378
9274.446917019108,5932.978188434574,11.892742512146189,1.054547339883666
9274.446917019108,7501.329602978817,13.060491990482364,-6.72357805694173
9274.446917019108,7725.379805056566,13.391332820445818,10.11563305416938
9274.446917019108,7949.430007134315,13.630434797161712,-4.7751106958306195
9274.446917019108,8173.480209212064,13.783155360704411,-5.831100279163954
9274.446917019108,9741.831623756307,16.08263012177459,8.440038936522322
9274.446917019108,9965.881825834056,16.4160890702434,27.358355276391606
9274.446917019108,10189.932027911806,16.578106553855232,41.51013305416937
9387.51126877257,-4.352166625773975,16.578106553855232,-1.2618669458306204
9387.51126877257,1339.94904584072,14.631394706627328,-1.6658169458306193
9387.51126877257,1563.9992479184689,14.398263659025233,-4.74710694583062
9387.51126877257,1788.0494499962178,14.243090533485647,-5.0635515612152355
9387.51126877257,2012.0996520739668,13.908947061409885,-3.4715098029734777
9387.51126877257,2908.3004603849627,13.068275474034554,-7.90376694583062
9387.51126877257,3132.350662462712,12.748720283786037,-3.0939145648782396
9387.51126877257,3356.400864540461,12.608389998598419,11.242623530359856
9387.51126877257,3580.4510666182096,12.389614145880266,49.77632448274081
9387.51126877257,3804.501268695959,12.306968184771318,3.5327966905330155
9387.51126877257,5148.802481162453,12.021519000422993,-4.660652660116334
9387.51126877257,5372.852683240202,12.067110741644436,0.4195330541693799
9387.51126877257,5596.902885317951,12.146032319784464,3.7133473398836654
9387.51126877257,5820.9530873957,12.214090751275199,-5.812533612497287
9387.51126877257,6045.003289473449,12.25544404394906,-6.566100279163953
9387.51126877257,7613.354704017692,13.431503536655466,-3.9224069458306206
9387.51126877257,7837.40490609544,13.73236100516638,-4.148939673103348
9387.51126877257,8061.45510817319,14.066722528245057,-2.9636113902750654
9387.51126877257,9629.806522717432,16.261876307402442,22.52539972083605
9387.51126877257,9853.856724795181,16.424533445378714,15.22084416528049
9387.51126877257,10077.90692687293,16.8511945028879,20.319233054169377
9500.575620526033,1451.9741468795944,14.833119513432905,-2.1430269458306204
9500.575620526033,1676.0243489573436,14.555861979474567,-4.708309802973477
9500.575620526033,1900.0745510350926,14.247517131664647,-1.814805407369082
9500.575620526033,2124.1247531128415,14.266708580851292,1.0724830541693793
9500.575620526033,2348.1749551905905,14.017533290490789,1.3184630541693791
9500.575620526033,2572.2251572683394,13.802254028187027,-4.8683336124972865
9500.575620526033,2796.2753593460884,13.458925130717253,-4.496058612497286
9500.575620526033,3020.3255614238374,13.171497618958085,3.3235375996239256
9500.575620526033,3244.3757635015863,12.914555862507923,1.81198305416938
9500.575620526033,3468.4259655793353,12.813688881893448,5.0646969430582685
9500.575620526033,3692.4761676570843,12.736155933989828,2.2923557814421076
9500.575620526033,3916.5263697348337,12.524509987903755,-7.29116694583062
9500.575620526033,4140.576571812582,12.493755499808161,-7.83816694583062
9500.575620526033,5036.777380123578,12.37523354601373,7.24833305416938
9500.575620526033,5260.8275822013275,12.097133527818844,-0.24025266011633434
9500.575620526033,5484.877784279076,12.253176959915773,18.87117055416938
9500.575620526033,5708.927986356825,12.411045482109996,-6.900633612497288
9500.575620526033,5932.978188434574,12.492433994284626,-2.7310836124972866
9500.575620526033,6157.028390512323,12.554215396511887,-6.80961694583062
9500.575620526033,7501.329602978817,13.678679192952991,4.707458054169379
9500.575620526033,7725.379805056566,13.903085138849718,1.9608401970265217
9500.575620526033,7949.430007134315,14.183450954438772,-3.1093969458306203
9500.575620526033,8173.480209212064,14.421759680738289,-2.9411002791639533
9500.575620526033,9517.781421678557,16.288523751524718,33.97828305416938
9500.575620526033,9741.831623756307,16.473982401155215,15.668671515707839
9500.575620526033,9965.881825834056,16.943397012321196,21.65588305416938
9613.639972279496,1563.9992479184689,14.911263783813158,-2.8891169458306196
9613.639972279496,1788.0494499962178,14.68146910855673,0.8979130541693795
9613.639972279496,2012.0996520739668,14.501118471887628,-2.418688374402049
9613.639972279496,2236.1498541517158,14.226218666868299,-1.4180169458306204
9613.639972279496,2460.2000562294647,13.986389782710207,0.848344165280491
9613.639972279496,2684.2502583072137,13.660020250497832,3.0451997208360466
9613.639972279496,2908.3004603849627,13.516703284862366,-0.1844169458306205
9613.639972279496,3132.350662462712,13.258665657140241,-1.4399434164188554
9613.639972279496,3356.400864540461,13.121695475123932,5.572310326896652
9613.639972279496,3580.4510666182096,12.99782712301625,8.165721289463496
9613.639972279496,3804.501268695959,12.879676122389501,5.013197760051733
9613.639972279496,4028.5514707737075,12.968987061885718,-4.397281231544905
9613.639972279496,4252.601672851457,12.993841929286088,20.02560805416938
9613.639972279496,4924.752279084704,12.746717218356004,3.2738930541693803
9613.639972279496,5148.802481162453,12.672172808872416,-5.465116945830619
9613.639972279496,5372.852683240202,12.646143932417921,-5.019966945830621
9613.639972279496,5596.902885317951,12.790529712572809,-3.3208419458306198
9613.639972279496,5820.9530873957,12.814234458520527,-0.8112669458306208
9613.639972279496,6045.003289473449,12.586018964094945,-6.16506694583062
9613.639972279496,6269.053491551198,13.052555804662525,1.28203305416938
9613.639972279496,7389.304501939942,13.890464280493362,-6.196216945830621
9613.639972279496,7613.354704017692,14.017402199131107,-3.6385336124972874
9613.639972279496,7837.40490609544,14.287843910786092,1.3494219430582688
9613.639972279496,8061.45510817319,14.802779179398255,-4.30246694583062
9613.639972279496,8285.50531025094,15.053249014917654,5.8666330541693785
9613.639972279496,9405.756320639684,16.351977154439453,-4.968266945830621
9613.639972279496,9629.806522717432,16.594644146072905,8.333866387502713
9613.639972279496,9853.856724795181,16.973808680921138,5.52763305416938
9613.639972279496,10077.90692687293,17.120994271466486,31.11679305416938
9726.704324032959,1451.9741468795944,15.316052889995277,-2.43748694583062
9726.704324032959,1676.0243489573436,14.99973282499918,5.210108054169379
9726.704324032959,1900.0745510350926,14.835588589042292,-4.8588447236083985
9726.704324032959,2124.1247531128415,14.492139835103343,5.476799720836046
9726.704324032959,2348.1749551905905,14.414740815209345,2.171033054169379
9726.704324032959,2572.2251572683394,13.961674501946478,-6.39756694583062
9726.704324032959,3020.3255614238374,13.593325381552106,-4.10316694583062
9726.704324032959,3244.3757635015863,13.420341412118614,2.304675911312237
9726.704324032959,3468.4259655793353,13.277355117074796,2.2880530541693798
9726.704324032959,3692.4761676570843,13.234827942034956,5.296788609724934
9726.704324032959,3916.5263697348337,13.227665564212549,-0.44918694583062047
9726.704324032959,4140.576571812582,13.174844659714061,-2.39079194583062
9726.704324032959,4364.626773890332,13.18259440569125,-2.80409194583062
9726.704324032959,4588.67697596808,13.269754876059865,6.960866387502713
9726.704324032959,4812.7271780458295,13.122528136113772,8.46038305416938
9726.704324032959,5036.777380123578,12.818516383212781,19.821916387502714
9726.704324032959,5260.8275822013275,12.992960449234486,15.043833054169378
9726.704324032959,5484.877784279076,13.058503367738636,-2.6243033094669843
9726.704324032959,5708.927986356825,13.280421538673096,-4.42072694583062
9726.704324032959,5932.978188434574,13.153088271245167,-3.7521002791639537
9726.704324032959,6157.028390512323,13.31427080889037,-5.10416694583062
9726.704324032959,6381.078592590072,13.496844844151104,-7.198033612497287
9726.704324032959,7277.279400901069,14.228009296793351,-4.17802694583062
9726.704324032959,7501.329602978817,14.283860152580552,-2.5304294458306202
9726.704324032959,7725.379805056566,14.462709794174073,-3.6952002791639535
9726.704324032959,7949.430007134315,14.647176887797684,-2.1949977150613886
9726.704324032959,8173.480209212064,15.05303083033811,6.679163054169379
9726.704324032959,9069.68101752306,16.23804910583969,-6.59811694583062
9726.704324032959,9293.73121960081,16.43825857042182,21.909640197026523
9726.704324032959,9517.781421678557,16.70251581801199,6.90937055416938
9726.704324032959,9741.831623756307,17.08410644318313,2.5442330541693794
9726.704324032959,9965.881825834056,17.203567019748967,14.076573054169378
9839.768675786421,2012.0996520739668,14.775802778428682,0.2495663875027129
9839.768675786421,2460.2000562294647,14.362946803878273,-4.91069194583062
9839.768675786421,3356.400864540461,13.73615786122313,-2.9657669458306195
9839.768675786421,3580.4510666182096,13.557283617844723,74.85855805416938
9839.768675786421,4028.5514707737075,13.395134240250922,1.2809901970265234
9839.768675786421,4252.601672851457,13.39922462190178,11.552062465934085
9839.768675786421,4476.651874929205,13.506830474479367,-5.213189168052842
9839.768675786421,4700.702077006955,13.31966411007731,-0.0522780569417312
9839.768675786421,4924.752279084704,13.285048666912775,5.853519720836047
9839.768675786421,5148.802481162453,13.356692262602488,10.36101638750271
9839.768675786421,5372.852683240202,13.288134771114853,-1.474883612497287
9839.768675786421,5596.902885317951,13.43552201560731,-2.4455269458306197
9839.768675786421,5820.9530873957,13.407437884003985,8.792645554169379
9839.768675786421,6045.003289473449,13.559379899202192,10.455963823400149
9839.768675786421,6269.053491551198,13.660819792495097,8.374447868984195
9839.768675786421,6493.1036936289465,13.926287885726438,15.88853305416938
9839.768675786421,6717.153895706696,14.083478061853562,1.7780080541693803
9839.768675786421,6941.2040977844445,14.215664200098878,11.521633054169378
9839.768675786421,7165.254299862194,14.38137972700904,1.8975683482870267
9839.768675786421,7389.304501939942,14.564335709896682,-1.6424669458306205
9839.768675786421,7613.354704017692,14.757672904389986,-3.72506694583062
9839.768675786421,7837.40490609544,14.926760665772958,-0.8898883744020486
9839.768675786421,8061.45510817319,15.124965057126209,-4.74874694583062
9839.768675786421,8285.50531025094,15.403759887851637,-2.91352944583062
9839.768675786421,9181.706118561935,16.477876129261396,11.83093305416938
9839.768675786421,9405.756320639684,16.72726863610208,3.39420805416938
9839.768675786421,9629.806522717432,17.044102362509154,7.718011625597951
9839.768675786421,9853.856724795181,17.281858976945497,5.364469417805743
9839.768675786421,10077.90692687293,17.650217161862223,1.9581330541693802
9952.833027539884,4140.576571812582,13.875826393669039,7.07533305416938
9952.833027539884,4364.626773890332,13.669590724440205,1.150868348287027
9952.833027539884,4588.67697596808,13.636821118305855,16.33176382340015
9952.833027539884,4812.7271780458295,13.529771020076009,4.39764905416938
9952.833027539884,5036.777380123578,13.47538496666207,26.660287599623928
9952.833027539884,5260.8275822013275,13.622077934966123,-2.6135919458306196
9952.833027539884,5484.877784279076,13.541524548663972,1.86847305416938
9952.833027539884,5708.927986356825,13.573921677906414,0.3629830541693799
9952.833027539884,5932.978188434574,13.639662920424147,-2.23186694583062
9952.833027539884,6157.028390512323,13.889272499990277,10.202803642404675
9952.833027539884,6381.078592590072,14.010437338938905,6.982517669553996
9952.833027539884,6605.128794667821,14.083061625939639,1.7325638234001492
9952.833027539884,6829.178996745571,14.349136039706352,-0.6393240886877631
9952.833027539884,7053.229198823319,14.456116726769427,4.3336239632602895
9952.833027539884,7277.279400901069,14.665399747453524,0.48681972083604663
9952.833027539884,7501.329602978817,14.878586412932943,-1.0289069458306201
9952.833027539884,7725.379805056566,15.138971099986744,2.0581561310924568
9952.833027539884,7949.430007134315,15.30100388998026,-6.235933612497287
9952.833027539884,8173.480209212064,15.546726843347466,2.632355781442107
9952.833027539884,8397.530411289814,15.79629917379562,-1.950652660116335
9952.833027539884,8621.580613367561,16.097614736324182,0.5485730541693797
9952.833027539884,8845.63081544531,16.441193425196158,19.125769417805746
9952.833027539884,9069.68101752306,16.452782626114193,-6.73986694583062
9952.833027539884,9293.73121960081,16.96028603342841,21.331533054169377
9952.833027539884,9517.781421678557,17.088110394658298,5.123466387502713
9952.833027539884,9741.831623756307,17.411399913736172,-9.05236694583062
9952.833027539884,9965.881825834056,17.60259498886714,-2.19916694583062
10065.897379293347,4028.5514707737075,14.156277971176047,23.755533054169376
10065.897379293347,4252.601672851457,14.140645186006742,0.9920108319471576
10065.897379293347,4476.651874929205,13.839386997169264,2.896988609724935
10065.897379293347,4700.702077006955,13.993239793907506,5.529253054169381
10065.897379293347,4924.752279084704,13.70771640042513,-0.07821694583061989
10065.897379293347,5148.802481162453,13.65067944376781,-5.02776694583062
10065.897379293347,5820.9530873957,13.792854423881499,-2.4934669458306207
10065.897379293347,6045.003289473449,14.003301763344156,5.63483305416938
10065.897379293347,6269.053491551198,14.317696321044993,31.51780638750272
10065.897379293347,6493.1036936289465,14.333179849130671,16.86876162559795
10065.897379293347,6717.153895706696,14.532891137416673,8.890646387502715
10065.897379293347,6941.2040977844445,14.736967353202813,1.44102680416938
10065.897379293347,7165.254299862194,14.791023737757886,19.839818768455093
10065.897379293347,7389.304501939942,14.942019928291344,8.680468768455093
10065.897379293347,7613.354704017692,15.169178737629062,25.770196690533012
10065.897379293347,7837.40490609544,15.43704964981916,10.416308054169379
10065.897379293347,8061.45510817319,15.639755647553462,9.05604805416938
10065.897379293347,8285.50531025094,15.857054485926007,2.629970554169379
10065.897379293347,8509.555512328689,16.23593759558107,6.240154482740809
10065.897379293347,8733.605714406436,16.41628776442601,4.4232187684550945
10065.897379293347,8957.655916484186,16.743109870327576,-4.365403309466983
10065.897379293347,9181.706118561935,16.976403912961416,16.060488609724935
10065.897379293347,9405.756320639684,17.331039363858313,22.77873305416938
10065.897379293347,9629.806522717432,17.387305941682,39.13550805416938
10178.96173104681,4140.576571812582,14.403666180294076,-1.6013419458306197
10178.96173104681,4364.626773890332,14.325869547444874,41.09332396326029
10178.96173104681,4588.67697596808,14.251322457161951,30.630756131092458
10178.96173104681,6157.028390512323,14.513283294507925,9.70120805416938
10178.96173104681,6381.078592590072,14.525046200654081,17.09783305416938
10178.96173104681,6605.128794667821,14.613070605335162,25.34614972083605
10178.96173104681,6829.178996745571,14.863039476591004,16.403016387502714
10178.96173104681,7053.229198823319,14.953508457465036,1.0803044827408084
10178.96173104681,7277.279400901069,15.146356917469577,4.99000805416938
10178.96173104681,7501.329602978817,15.239464841117131,11.04408305416938
10178.96173104681,7725.379805056566,15.418890401265006,7.26995305416938
10178.96173104681,7949.430007134315,15.721328264074897,23.037920554169382
10178.96173104681,8173.480209212064,15.993006753528457,18.32328305416938
10178.96173104681,8397.530411289814,16.22166152179737,5.67164214507847
10178.96173104681,8621.580613367561,16.522829079996946,11.87310305416938
10178.96173104681,8845.63081544531,16.8055886362189,1.4003608319471579
10178.96173104681,9069.68101752306,17.055163382907203,12.628763823400147
10178.96173104681,9293.73121960081,17.367718714589575,0.5427130541693795
10292.026082800272,3132.350662462712,15.362591486310684,2.973366387502713
10292.026082800272,4028.5514707737075,14.754335796555047,12.364244165280489
10292.026082800272,4252.601672851457,14.664558286474263,11.237075911312235
10292.026082800272,4476.651874929205,14.673007597871004,20.691670554169377
10292.026082800272,6269.053491551198,14.780342302833828,38.18442536186169
10292.026082800272,6493.1036936289465,14.959171359438407,14.480116387502711
10292.026082800272,6717.153895706696,15.045167538982572,7.029375911312236
10292.026082800272,6941.2040977844445,15.252468382909205,-3.025500279163954
10292.026082800272,7165.254299862194,15.212924896984426,27.085299720836048
10292.026082800272,7389.304501939942,15.318794057930369,31.817533054169377
10292.026082800272,8061.45510817319,15.931452493760688,29.04848305416938
10292.026082800272,8509.555512328689,16.59829836778204,9.27452396326029
10292.026082800272,8733.605714406436,16.921762840220268,17.86569555416938
10292.026082800272,8957.655916484186,17.084284605655277,1.1948455541693799
10292.026082800272,9181.706118561935,17.397652415775166,2.3506997208360465
10292.026082800272,9405.756320639684,17.758368451943625,5.324293054169379
10405.090434553735,3020.3255614238374,15.630017180590734,15.627333054169378
10405.090434553735,3244.3757635015863,15.424227407035445,7.32623305416938
10405.090434553735,3916.5263697348337,15.010465161010753,3.2285330541693797
10405.090434553735,4140.576571812582,15.070651358854883,-1.370033612497287
10405.090434553735,4364.626773890332,14.929797953634942,13.48269305416938
10405.090434553735,6381.078592590072,15.282939271361832,9.52033305416938
10405.090434553735,6605.128794667821,15.454222474305729,6.586799720836047
10405.090434553735,6829.178996745571,15.292399421590105,94.11063305416938
10405.090434553735,8397.530411289814,16.812471547328876,19.6389552763916
10405.090434553735,8621.580613367561,16.99489775603356,34.150033054169384
10405.090434553735,8845.63081544531,17.287102868841732,2.98283305416938
10405.090434553735,9069.68101752306,17.52852618987198,1.5463030541693796
10405.090434553735,9293.73121960081,17.76305810769189,4.753021943058268
10405.090434553735,9517.781421678557,18.003162669919387,-3.1284669458306205
10518.154786307197,2908.3004603849627,15.685706448319692,-2.59746694583062
10518.154786307197,3132.350662462712,15.822842693956868,4.823663054169379
10518.154786307197,4028.5514707737075,15.36004101305874,11.397299720836045
10518.154786307197,4252.601672851457,15.321494152976522,3.9222518041693797
10518.154786307197,4476.651874929205,15.100398847199706,-4.709355834719509
10518.154786307197,6269.053491551198,15.385747029640656,7.230444165280492
10518.154786307197,6493.1036936289465,15.569300305174579,10.193666387502711
10518.154786307197,6717.153895706696,15.846206150888667,0.9420830541693801
10518.154786307197,8285.50531025094,16.957331782842754,-3.57156694583062
10518.154786307197,8509.555512328689,17.188869111983266,33.77281305416939
10518.154786307197,8733.605714406436,17.33891955297734,5.686653054169379
10518.154786307197,8957.655916484186,17.74452255242547,20.913966387502715
10518.154786307197,9181.706118561935,17.817825633127462,13.67284305416938
10631.21913806066,107.6729344131005,19.10150364711319,4.045433054169379
10631.21913806066,3020.3255614238374,16.059658262611343,2.85073305416938
10631.21913806066,3916.5263697348337,15.655769320985707,5.644033054169379
10631.21913806066,4140.576571812582,15.602873483724828,7.65003305416938
10631.21913806066,4364.626773890332,15.580757238856032,6.36723305416938
10631.21913806066,6381.078592590072,15.840218240870119,30.61079305416938
10631.21913806066,6605.128794667821,15.778986682669336,1.58703305416938
10631.21913806066,8397.530411289814,17.29032694100072,5.415233054169379
10631.21913806066,8621.580613367561,17.516930371937985,18.853508054169378
10631.21913806066,8845.63081544531,17.82968867832162,10.647133054169378
10631.21913806066,9069.68101752306,17.86268624435179,-2.09746694583062
10744.283489814123,-452.452570781272,19.948870599351523,1.8076330541693795
10744.283489814123,-4.352166625773975,19.384996940108913,-3.87934194583062
10744.283489814123,219.698035451975,19.0023228554976,8.519133054169378
10744.283489814123,2236.1498541517158,17.145128405909354,5.921461625597951
10744.283489814123,3132.350662462712,16.072493283098087,-3.3888669458306193
10744.283489814123,4028.5514707737075,15.868158638862521,4.99880805416938
10744.283489814123,4252.601672851457,15.807590263919858,10.72856162559795
10744.283489814123,4476.651874929205,15.685400616280312,5.825521943058269
10744.283489814123,6269.053491551198,15.923216678602476,-2.29302694583062
10744.283489814123,6493.1036936289465,16.120896019279535,7.286296690533016
10744.283489814123,6717.153895706696,16.272209955386373,-1.9216794458306201
10744.283489814123,8285.50531025094,17.56645487351514,7.148233054169381
10744.283489814123,8509.555512328689,17.753198298375676,20.771287599623925
10744.283489814123,8733.605714406436,17.829604479715577,9.350183054169378
10744.283489814123,8957.655916484186,17.928316687432766,60.32977305416938
10857.347841567585,-564.4776718201465,20.148513364548297,-4.29618694583062
10857.347841567585,-340.42746974239753,19.88587237175655,7.608733054169381
10857.347841567585,-116.37726766464851,19.7078112943159,3.952133054169379
10857.347841567585,107.6729344131005,19.378300498352722,0.22207305416938022
10857.347841567585,2124.1247531128415,17.35088144558239,-1.6679669458306199
10857.347841567585,2348.1749551905905,17.153308806327843,6.541666387502713
10857.347841567585,3692.4761676570843,16.553156638703005,2.41103305416938
10857.347841567585,3916.5263697348337,16.235237111987978,22.441873054169378
10857.347841567585,4140.576571812582,16.145464594948255,11.115270554169381
10857.347841567585,4364.626773890332,16.056571527498896,-1.75074694583062
10857.347841567585,4588.67697596808,16.116910520968943,1.64993305416938
10857.347841567585,5932.978188434574,16.502969632408597,-4.84956694583062
10857.347841567585,6157.028390512323,16.430205581974853,0.18036638750271314
10857.347841567585,6381.078592590072,16.42093030677614,-1.49914194583062
10857.347841567585,6605.128794667821,16.569486735212436,3.6138330541693793
10857.347841567585,8397.530411289814,17.799565837175862,7.746533054169379
10857.347841567585,8621.580613367561,17.900934403630682,4.867405781442108
10857.347841567585,8845.63081544531,18.260744548427954,8.386059720836048
10970.412193321048,-452.452570781272,20.238707176888465,5.449908054169379
10970.412193321048,-228.402368703523,19.966275610979178,4.7846330541693805
10970.412193321048,-4.352166625773975,19.709116276284725,3.3722663875027123
10970.412193321048,219.698035451975,19.56783769380608,15.68218305416938
10970.412193321048,1563.9992479184689,18.23767585019189,-3.2290919458306204
10970.412193321048,2012.0996520739668,17.791910198200103,-3.8888669458306206
10970.412193321048,2236.1498541517158,17.61351179485676,1.8097330541693797
10970.412193321048,2460.2000562294647,17.387305941682,3.0136330541693797
10970.412193321048,3580.4510666182096,16.83886275985403,-4.99119194583062
10970.412193321048,3804.501268695959,16.521717936808972,5.229770554169379
10970.412193321048,4028.5514707737075,16.489937962520422,-6.99625444583062
10970.412193321048,4252.601672851457,16.50241059830069,-2.524255834719509
10970.412193321048,4476.651874929205,16.303666191587965,-1.9433169458306203
10970.412193321048,4700.702077006955,16.615531426583573,15.288533054169378
10970.412193321048,6045.003289473449,16.48673984521267,3.5850603268966528
10970.412193321048,6269.053491551198,16.583013116825708,-0.05373361249728682
10970.412193321048,6493.1036936289465,16.751896384517764,12.202458054169378
10970.412193321048,6717.153895706696,16.854278866659577,7.885311625597952
10970.412193321048,8509.555512328689,18.07841014115366,0.8754330541693798
10970.412193321048,8733.605714406436,18.344326282867964,-1.199122501386176
11083.47654507451,-340.42746974239753,20.280131377803382,9.62158305416938
11083.47654507451,-116.37726766464851,20.073816332511008,10.778566387502714
11083.47654507451,107.6729344131005,19.780354283989993,6.44083305416938
11083.47654507451,1676.0243489573436,18.326845145840878,0.1125330541693792
11083.47654507451,1900.0745510350926,18.068233495567007,-4.92684694583062
11083.47654507451,2124.1247531128415,17.932223555014147,4.377566387502713
11083.47654507451,2348.1749551905905,17.79994070319911,-2.741600279163953
11083.47654507451,2572.2251572683394,17.57054106107572,2.0960497208360462
11083.47654507451,2796.2753593460884,17.578783902369597,-4.64626694583062
11083.47654507451,3020.3255614238374,17.45930463999151,-3.3462669458306205
11083.47654507451,3468.4259655793353,17.116800741415158,0.07167472083604642
11083.47654507451,3692.4761676570843,16.792582952035364,0.2871580541693799
11083.47654507451,3916.5263697348337,16.72748352230328,36.54923305416938
11083.47654507451,4140.576571812582,16.75896357173129,1.1450044827408086
11083.47654507451,4364.626773890332,16.692388652043185,-6.81396694583062
11083.47654507451,4588.67697596808,16.69418126171318,-4.783633612497287
11083.47654507451,4812.7271780458295,16.86113144019828,-0.43108694583062074
11083.47654507451,5260.8275822013275,16.764729215884227,-5.45241694583062
11083.47654507451,5484.877784279076,16.851266045771183,-3.442266945830621
11083.47654507451,5932.978188434574,16.831306535943774,6.52255305416938
11083.47654507451,6157.028390512323,16.84312068153821,7.204789304169379
11083.47654507451,6381.078592590072,17.03240805696864,-0.22472848429215903
11083.47654507451,6605.128794667821,16.94204976895359,21.711413054169377
11083.47654507451,6829.178996745571,17.135635077034387,-0.419243868907543
11083.47654507451,8397.530411289814,18.326691073918298,20.329888609724936
11083.47654507451,8621.580613367561,18.429637626538433,14.391699720836051
11196.540896827973,-452.452570781272,20.44361713001712,-3.8413669458306203
11196.540896827973,-228.402368703523,20.38621063842163,21.051973054169384
11196.540896827973,-4.352166625773975,19.91745934031791,3.6772830541693793
11196.540896827973,219.698035451975,19.794733388110902,-2.5638002791639534
11196.540896827973,1563.9992479184689,18.667565691241954,5.51409305416938
11196.540896827973,1788.0494499962178,18.400704032868056,-5.10224194583062
11196.540896827973,2012.0996520739668,18.161860996632146,6.311248438784763
11196.540896827973,2236.1498541517158,17.989686906486256,6.114277498613823
11196.540896827973,2460.2000562294647,17.705306826622095,-2.4924002791639532
11196.540896827973,2684.2502583072137,17.811494811742786,-4.80816694583062
11196.540896827973,2908.3004603849627,17.483257003119174,0.5660330541693801
11196.540896827973,3132.350662462712,17.574674111323215,4.300249720836047
11196.540896827973,3356.400864540461,17.338805948124566,-0.7899069458306205
11196.540896827973,3580.4510666182096,17.286838890375655,-4.107381231544906
11196.540896827973,3804.501268695959,17.29093005346531,-7.133366945830621
11196.540896827973,4028.5514707737075,17.035474770460674,5.391308054169379
11196.540896827973,4252.601672851457,16.940211853576386,-4.822103309466984
11196.540896827973,4476.651874929205,16.924851772202334,-5.80406694583062
11196.540896827973,4700.702077006955,16.768386786328687,21.61726638750271
11196.540896827973,4924.752279084704,17.072166728956038,-6.21681694583062
11196.540896827973,5148.802481162453,17.06406443832515,-3.876958612497287
11196.540896827973,5372.852683240202,17.137104028069356,1.7414330541693805
11196.540896827973,5596.902885317951,17.076999596837886,0.43071305416937966
11196.540896827973,5820.9530873957,16.959442627389375,10.49723305416938
11196.540896827973,6045.003289473449,17.06444123078946,7.336356131092457
11196.540896827973,6269.053491551198,17.10374503717025,4.577445554169379
11196.540896827973,6493.1036936289465,17.199977407318077,15.023204482740807
11196.540896827973,6717.153895706696,17.234284895431202,-6.05896694583062
11196.540896827973,6941.2040977844445,17.498942525795847,2.2112830541693786
11196.540896827973,8285.50531025094,18.454107679674436,10.885099720836045
11196.540896827973,8509.555512328689,18.636466377387404,33.554087599623934
11196.540896827973,8733.605714406436,18.771196260594476,36.03835123598756
11196.540896827973,8957.655916484186,18.985509591828606,14.149266387502713
11196.540896827973,10077.90692687293,20.311149130017835,0.30433305416937984
11309.605248581436,-340.42746974239753,20.61857015666149,-3.0931002791639535
11309.605248581436,-116.37726766464851,20.404875472343118,11.382077498613821
11309.605248581436,107.6729344131005,20.156576750255862,0.45086638750271363
11309.605248581436,331.72313649084947,20.070775035598448,4.893890197026523
11309.605248581436,1451.9741468795944,18.801753081372475,10.11735305416938
11309.605248581436,1676.0243489573436,18.818868452463573,-1.8474669458306199
11309.605248581436,1900.0745510350926,18.39540033844796,1.382666387502712
11309.605248581436,2124.1247531128415,18.32134470741472,-1.770687998462199
11309.605248581436,2348.1749551905905,18.188566682193873,-2.1928919458306204
11309.605248581436,2572.2251572683394,17.93285444776993,6.0502330541693805
11309.605248581436,2796.2753593460884,17.951568076133803,14.02175228493861
11309.605248581436,3020.3255614238374,17.8188541286291,-0.08998273530430419
11309.605248581436,3244.3757635015863,17.70573947915469,-3.6013955172591916
11309.605248581436,3468.4259655793353,17.441340367645758,-0.29671694583062
11309.605248581436,3692.4761676570843,17.54263671099883,9.438733054169377
11309.605248581436,3916.5263697348337,17.483030827592426,6.243643054169379
11309.605248581436,4140.576571812582,17.338786991820157,11.057649720836046
11309.605248581436,4588.67697596808,17.13109644695559,-3.811481231544906
11309.605248581436,4812.7271780458295,17.13034709081638,-3.39052694583062
11309.605248581436,5036.777380123578,17.213232932809706,-5.76290694583062
11309.605248581436,5260.8275822013275,17.328581762309195,-1.4072669458306206
11309.605248581436,5484.877784279076,17.195737284848693,1.336714872351198
11309.605248581436,5708.927986356825,17.263487293331902,19.32645805416938
11309.605248581436,5932.978188434574,17.28285141974997,-7.820000279163953
11309.605248581436,6157.028390512323,17.258615518603953,-2.960366945830621
11309.605248581436,6381.078592590072,17.402010595659547,0.012776804169380207
11309.605248581436,6605.128794667821,17.355180645609774,-7.199566945830621
11309.605248581436,6829.178996745571,17.682735496135145,-5.1417669458306205
11309.605248581436,7053.229198823319,17.795258160749743,3.1916044827408094
11309.605248581436,7501.329602978817,18.16563057653362,-5.22016694583062
11309.605248581436,8173.480209212064,18.51763561745929,19.31744555416938
11309.605248581436,8397.530411289814,18.729282496351455,10.76435805416938
11309.605248581436,8621.580613367561,18.986643838919743,11.77087305416938
11309.605248581436,8845.63081544531,19.199428159285606,9.133775911312236
11309.605248581436,9069.68101752306,19.412600073144365,6.036953054169379
11309.605248581436,9965.881825834056,20.30089628126011,-2.0735002791639534
11309.605248581436,10189.932027911806,20.524650569968806,0.7959330541693799
11422.669600334899,-228.402368703523,20.6566158771174,14.027833054169378
11422.669600334899,-4.352166625773975,20.468434141214928,13.60247055416938
11422.669600334899,219.698035451975,20.33348091876939,0.2512530541693797
11422.669600334899,443.74823752972395,20.10513982555893,16.59198305416938
11422.669600334899,1339.94904584072,19.287084070720105,0.88049555416938
11422.669600334899,1563.9992479184689,18.946379620745425,-2.8136919458306204
11422.669600334899,1788.0494499962178,18.861747261656244,9.527899720836045
11422.669600334899,2012.0996520739668,18.76169923603004,-3.4380269458306203
11422.669600334899,2236.1498541517158,18.52906693569593,6.227250701228204
11422.669600334899,2460.2000562294647,18.380213260148878,-6.337533612497286
11422.669600334899,2684.2502583072137,18.16358515899526,23.362056131092455
11422.669600334899,2908.3004603849627,18.151107496734742,12.30442670496303
11422.669600334899,3132.350662462712,17.997120162421766,-0.3441596287574494
11422.669600334899,3356.400864540461,17.973242120510243,0.8919751594325378
11422.669600334899,3580.4510666182096,17.609737101425882,-0.18916694583062105
11422.669600334899,3804.501268695959,17.697501097228262,5.381553054169379
11422.669600334899,4028.5514707737075,17.596642217242753,-4.920116945830619
11422.669600334899,4252.601672851457,17.45156465259467,5.677279208015532
11422.669600334899,4700.702077006955,17.37987943353557,2.892473054169379
11422.669600334899,4924.752279084704,17.451053184456285,-5.953555834719508
11422.669600334899,5148.802481162453,17.52024934187238,12.919333054169378
11422.669600334899,5372.852683240202,17.41306811529799,6.332533054169381
11422.669600334899,5596.902885317951,17.42922257715542,-4.50516694583062
11422.669600334899,5820.9530873957,17.60259498886714,-7.6768669458306205
11422.669600334899,6045.003289473449,17.544384651985812,-2.1166526601163342
11422.669600334899,6269.053491551198,17.62006548157683,3.3240830541693804
11422.669600334899,6717.153895706696,17.81520600638665,48.07142055416938
11422.669600334899,6941.2040977844445,17.981548271339346,0.5250552763916021
11422.669600334899,7165.254299862194,18.18169617774363,-2.83528694583062
11422.669600334899,7389.304501939942,18.211850780799764,-5.54466694583062
11422.669600334899,7613.354704017692,18.435265014724465,-6.555141945830621
11422.669600334899,7837.40490609544,18.613031543760684,-2.5161375340659142
11422.669600334899,8061.45510817319,18.71175906848962,-3.91996694583062
11422.669600334899,8285.50531025094,18.910748137352407,1.4878774986138241
11422.669600334899,8509.555512328689,19.084605756910406,12.31918305416938
11422.669600334899,8957.655916484186,19.426453416136408,0.08324733988366516
11422.669600334899,9181.706118561935,19.65332238915565,60.75123305416938
11422.669600334899,9629.806522717432,20.25984171728392,3.2450330541693795
11422.669600334899,9853.856724795181,20.38594236964949,1.4865148723511974
11422.669600334899,10077.90692687293,20.560711521081306,3.6997330541693794
11535.733952088362,-340.42746974239753,20.92356631041859,-9.05736694583062
11535.733952088362,-116.37726766464851,20.734521049112928,8.759301475222012
11535.733952088362,107.6729344131005,20.56812239217618,12.514966387502712
11535.733952088362,331.72313649084947,20.369293952350002,-0.9473851276488019
11535.733952088362,555.7733385685985,20.300939450205384,-8.25806694583062
11535.733952088362,779.8235406463475,20.115479302485905,32.55698305416938
11535.733952088362,1003.8737427240965,19.896452609889263,-0.3740502791639537
11535.733952088362,1227.9239448018454,19.595365124033613,-3.992596357595326
11535.733952088362,1451.9741468795944,19.371888009088394,-0.06464876401243848
11535.733952088362,1676.0243489573436,19.216312076191542,-0.2614919458306202
11535.733952088362,1900.0745510350926,19.05542585938872,-3.7873526601163343
11535.733952088362,2124.1247531128415,18.73215312271263,3.4826886097249354
11535.733952088362,2348.1749551905905,18.64501899818259,7.565623963260288
11535.733952088362,2572.2251572683394,18.46871457445438,5.555910831947157
11535.733952088362,2796.2753593460884,18.36713629054266,9.249978816881244
11535.733952088362,3020.3255614238374,18.243001007932545,6.518963562643956
11535.733952088362,3244.3757635015863,18.14694639108246,2.747074230639968
11535.733952088362,3468.4259655793353,18.140267514554125,-4.210421491285166
11535.733952088362,3692.4761676570843,17.88544468758858,-3.90856694583062
11535.733952088362,3916.5263697348337,17.902732286160305,1.0526759113122368
11535.733952088362,4140.576571812582,17.946139913014985,-2.633581231544906
11535.733952088362,4364.626773890332,17.881639680627888,-4.582783612497287
11535.733952088362,4588.67697596808,17.834520822191678,9.39790805416938
11535.733952088362,4812.7271780458295,17.647951933786462,-3.82689771506139
11535.733952088362,5036.777380123578,17.75750122747231,7.849666387502713
11535.733952088362,5260.8275822013275,17.8230491041938,-5.96631694583062
11535.733952088362,5484.877784279076,17.63081613986339,31.071373054169378
11535.733952088362,5708.927986356825,17.916167744378363,-4.936809802973477
11535.733952088362,5932.978188434574,17.97174354255572,-6.596033612497287
11535.733952088362,6157.028390512323,17.830589272524325,-2.8979169458306195
11535.733952088362,6381.078592590072,17.881089660829765,-5.33134694583062
11535.733952088362,6829.178996745571,18.252015386720515,-7.03811694583062
11535.733952088362,7053.229198823319,18.349705312821477,-5.26766694583062
11535.733952088362,7277.279400901069,18.41532109881182,-3.08513569583062
11535.733952088362,7501.329602978817,18.626688812909272,4.2836730541693795
11535.733952088362,7725.379805056566,18.816691828288533,57.095249720836044
11535.733952088362,7949.430007134315,18.906473815811395,-1.159159253522928
11535.733952088362,8173.480209212064,19.133917770135373,25.55406162559795
11535.733952088362,8397.530411289814,19.236554774418327,-6.3351336124972875
11535.733952088362,8621.580613367561,19.392444593454066,-5.097652660116334
11535.733952088362,8845.63081544531,19.638742854039894,-5.29546694583062
11535.733952088362,9069.68101752306,19.87397464298727,9.800010831947155
11535.733952088362,9293.73121960081,20.108564541157946,0.43579972083604607
11535.733952088362,9517.781421678557,20.40979972861108,3.97953305416938
11535.733952088362,9741.831623756307,20.438447979559875,-2.8251919458306203
11535.733952088362,9965.881825834056,20.489270621915274,18.63848305416938
11648.798303841824,-228.402368703523,20.951083193734704,-2.61750694583062
11648.798303841824,-4.352166625773975,20.90348638128006,11.402495554169379
11648.798303841824,219.698035451975,20.636844288450096,31.253133054169382
11648.798303841824,443.74823752972395,20.493957915750478,17.07700805416938
11648.798303841824,667.798439607473,20.30080994336955,2.085633054169379
11648.798303841824,891.848641685222,20.092587649252557,-4.489930582194257
11648.798303841824,1115.898843762971,19.789859560794156,-0.24768916805284244
11648.798303841824,1339.94904584072,19.567533307290283,2.4743401970265224
11648.798303841824,1563.9992479184689,19.411219874508422,-2.111203309466984
11648.798303841824,1788.0494499962178,19.35505471840219,0.35687055416937996
11648.798303841824,2012.0996520739668,19.173045990060935,15.750149720836049
11648.798303841824,2236.1498541517158,18.91668015611575,4.01693305416938
11648.798303841824,2460.2000562294647,18.750016445386084,60.33879972083605
11648.798303841824,2684.2502583072137,18.6896484253344,7.69293305416938
11648.798303841824,2908.3004603849627,18.57208335064788,19.828648360291826
11648.798303841824,3132.350662462712,18.47182464392796,11.15354064910609
11648.798303841824,3356.400864540461,18.31949972242436,5.746133054169379
11648.798303841824,3580.4510666182096,18.343570679801378,2.46144555416938
11648.798303841824,3804.501268695959,18.245263528418185,-1.5518402791639536
11648.798303841824,4028.5514707737075,18.097573519071155,2.973048438784765
11648.798303841824,4252.601672851457,18.092460715903723,-5.757652660116334
11648.798303841824,4476.651874929205,18.123642047979775,-6.20702694583062
11648.798303841824,4700.702077006955,18.0892790704024,-5.18386694583062
11648.798303841824,4924.752279084704,17.93897968171118,-1.2997536124972868
11648.798303841824,5148.802481162453,18.08824047351423,0.8159663875027126
11648.798303841824,5372.852683240202,18.026212566227194,-1.9512812315449053
11648.798303841824,5596.902885317951,18.061729825510994,2.4533330541693803
11648.798303841824,5820.9530873957,18.159574177129656,-1.4413169458306199
11648.798303841824,6045.003289473449,18.11677857573593,-0.7646469458306203
11648.798303841824,6269.053491551198,18.40689731730287,-6.39296694583062
11648.798303841824,6493.1036936289465,18.214556954581035,-4.835052660116334
11648.798303841824,6717.153895706696,18.61128435306437,-7.147416945830621
11648.798303841824,6941.2040977844445,18.5122641920938,-4.70821694583062
11648.798303841824,7165.254299862194,18.689092341307806,-4.324881231544906
11648.798303841824,7389.304501939942,18.804413948665083,2.6191698962746432
11648.798303841824,7613.354704017692,18.884499549463087,-3.98308694583062
11648.798303841824,7837.40490609544,18.930127229530406,-5.263066945830619
11648.798303841824,8061.45510817319,19.101232528283827,-4.22301694583062
11648.798303841824,8285.50531025094,19.460481042760104,-8.12181694583062
11648.798303841824,8509.555512328689,19.64046654684337,-4.37620694583062
11648.798303841824,8733.605714406436,19.700270207719043,43.59648305416938
11648.798303841824,8957.655916484186,19.755159632574596,41.06359305416938
11648.798303841824,9181.706118561935,20.0259961102108,15.425433054169378
11648.798303841824,9405.756320639684,20.241932474770824,4.082647339883665
11648.798303841824,9629.806522717432,20.49846462877974,1.0738785087148346
11648.798303841824,9853.856724795181,20.648685611839387,23.888583054169377
11761.862655595287,-116.37726766464851,21.07362842092303,1.7265330541693793
11761.862655595287,107.6729344131005,21.089944896234883,3.6117830541693796
11761.862655595287,331.72313649084947,20.70201543697688,14.995941387502713
11761.862655595287,555.7733385685985,20.533269584595,21.3275552763916
11761.862655595287,779.8235406463475,20.399353600907855,8.390224720836047
11761.862655595287,1003.8737427240965,20.138991228896753,14.01638305416938
11761.862655595287,1227.9239448018454,19.887891835660405,25.628743054169384
11761.862655595287,1451.9741468795944,19.822320351534444,-5.354324088687763
11761.862655595287,1676.0243489573436,19.65621337114934,7.17023305416938
11761.862655595287,1900.0745510350926,19.41289583280837,2.9621930541693793
11761.862655595287,2124.1247531128415,19.27605564473602,11.85187305416938
11761.862655595287,2348.1749551905905,19.25002171105178,23.05441305416938
11761.862655595287,2572.2251572683394,19.178216879159795,30.598633054169383
11761.862655595287,2796.2753593460884,18.789692786459558,15.128201139275767
11761.862655595287,3020.3255614238374,18.725519715540848,17.78357432401065
11761.862655595287,3244.3757635015863,18.5461072891206,27.16887055416938
11761.862655595287,3468.4259655793353,18.66724025728975,26.829783054169383
11761.862655595287,3692.4761676570843,18.52746915852647,20.376204482740807
11761.862655595287,3916.5263697348337,18.43335080634114,-4.968278056941731
11761.862655595287,4140.576571812582,18.367405349156193,23.002955276391603
11761.862655595287,4364.626773890332,18.257464510022047,-4.128512400376074
11761.862655595287,4588.67697596808,18.301473924476742,0.09571638750271243
11761.862655595287,4812.7271780458295,18.272028429586015,-2.00891694583062
11761.862655595287,5036.777380123578,18.25646280987983,-2.0081725013861753
11761.862655595287,5260.8275822013275,18.23078457999794,-3.4540169458306202
11761.862655595287,5484.877784279076,18.230199826100158,-2.0477669458306202
11761.862655595287,5708.927986356825,18.29615763580387,-2.2767044458306205
11761.862655595287,5932.978188434574,18.38932271029231,-5.177383612497287
11761.862655595287,6157.028390512323,18.413954921744956,-3.757183612497286
11761.862655595287,6605.128794667821,18.539373184631724,-5.63451694583062
11761.862655595287,6829.178996745571,18.522983454074357,20.46805305416938
11761.862655595287,7053.229198823319,18.87238704214522,-2.408683612497287
11761.862655595287,7277.279400901069,18.957526728851256,-2.1585069458306205
11761.862655595287,7501.329602978817,18.998518603616574,-1.2597169458306203
11761.862655595287,7725.379805056566,19.283261919209128,7.805490197026523
11761.862655595287,7949.430007134315,19.27166611063396,-3.263733612497287
11761.862655595287,8173.480209212064,19.583941113064196,-8.28694194583062
11761.862655595287,8397.530411289814,19.723696612490272,-1.0601336124972864
11761.862655595287,8621.580613367561,19.864668153743807,-1.0126669458306197
11761.862655595287,8845.63081544531,20.088555932279853,-3.8721383744020486
11761.862655595287,9069.68101752306,20.193339429081085,1.6623441652804907
11761.862655595287,9293.73121960081,20.46189509903079,13.815791387502713
11761.862655595287,9517.781421678557,20.662619263991598,5.376795554169378
11761.862655595287,9741.831623756307,20.80176564039807,15.247818768455096
11874.92700734875,-4.352166625773975,21.243084966164645,-1.3040869458306201
11874.92700734875,219.698035451975,21.033895524809882,2.5169473398836653
11874.92700734875,443.74823752972395,20.85303199518913,5.240451235987561
11874.92700734875,667.798439607473,20.68518189456826,0.5975330541693804
11874.92700734875,891.848641685222,20.443295577262013,-0.70381694583062
11874.92700734875,1115.898843762971,20.259415783352544,-4.514595517259191
11874.92700734875,1339.94904584072,20.214530141155727,-3.67990694583062
11874.92700734875,1563.9992479184689,19.950978279274114,22.343499720836046
11874.92700734875,1788.0494499962178,19.70275650088158,4.2829663875027135
11874.92700734875,2012.0996520739668,19.49252112820951,7.96405805416938
11874.92700734875,2236.1498541517158,19.376565061751048,1.4910552763916023
11874.92700734875,2460.2000562294647,19.350652534235,8.89465448274081
11874.92700734875,2684.2502583072137,19.21256461688467,12.738024720836044
11874.92700734875,2908.3004603849627,19.01829120484366,35.99208638750271
11874.92700734875,3132.350662462712,18.90221151505983,8.404549720836046
11874.92700734875,3356.400864540461,18.772405188726424,13.223055276391602
11874.92700734875,3580.4510666182096,18.815132043423336,15.168074720836046
11874.92700734875,3804.501268695959,18.803338475473275,5.916946387502714
11874.92700734875,4028.5514707737075,18.705676630055965,18.743118768455094
11874.92700734875,4252.601672851457,18.4965741868337,7.23463305416938
11874.92700734875,4476.651874929205,18.512451124892568,-0.9514812315449059
11874.92700734875,4700.702077006955,18.520070050518914,-1.2473169458306206
11874.92700734875,4924.752279084704,18.453461856109886,-4.255189168052842
11874.92700734875,5148.802481162453,18.36346022757108,-5.73266694583062
11874.92700734875,5372.852683240202,18.303874080113868,-4.74406694583062
11874.92700734875,5596.902885317951,18.395481096155876,-5.03856694583062
11874.92700734875,5820.9530873957,18.5544401919471,-1.0545383744020487
11874.92700734875,6045.003289473449,18.63071191424909,-1.60615444583062
11874.92700734875,6269.053491551198,18.817011711097248,-4.331425279163954
11874.92700734875,6493.1036936289465,18.678519168895193,-0.7713836124972867
11874.92700734875,6717.153895706696,18.901676639527558,-4.6905669458306205
11874.92700734875,6941.2040977844445,19.051913251305393,17.93960805416938
11874.92700734875,7165.254299862194,19.058064611729186,-4.039894218557893
11874.92700734875,7389.304501939942,19.307602855718343,5.0715219430582685
11874.92700734875,7613.354704017692,19.407727803007766,-2.469344723608398
11874.92700734875,7837.40490609544,19.457545614190426,-5.152190475242385
11874.92700734875,8061.45510817319,19.77008249763685,15.607283054169379
11874.92700734875,8285.50531025094,19.948870599351523,-8.70331694583062
11874.92700734875,8509.555512328689,19.92792975999578,-7.953866945830621
11874.92700734875,8733.605714406436,20.22134437269593,-4.780024088687763
11874.92700734875,8957.655916484186,20.307185006150462,-2.97706694583062
11874.92700734875,9181.706118561935,20.418109045333658,-0.9872419458306201
11874.92700734875,9405.756320639684,20.663014313751635,-2.9330033094669834
11874.92700734875,9629.806522717432,20.91759161237758,-0.169638374402049
11987.991359102212,-116.37726766464851,21.455676904106113,30.71193305416938
11987.991359102212,107.6729344131005,21.298187476752872,33.079487599623924
11987.991359102212,331.72313649084947,21.094495134568106,-0.2430502791639535
11987.991359102212,555.7733385685985,21.055016623036554,-5.988895517259192
11987.991359102212,779.8235406463475,20.72317167357552,8.25256305416938
11987.991359102212,1003.8737427240965,20.59233090025571,-5.4943169458306205
11987.991359102212,1227.9239448018454,20.35421768006625,-3.28397944583062
11987.991359102212,1451.9741468795944,20.176821989115155,-4.17221694583062
11987.991359102212,1676.0243489573436,20.008006139663195,9.447133054169377
11987.991359102212,1900.0745510350926,19.938729578908283,0.6793966905330159
11987.991359102212,2124.1247531128415,19.751529512993866,-5.05036694583062
11987.991359102212,2348.1749551905905,19.691976776340557,-1.8184502791639534
11987.991359102212,2572.2251572683394,19.470238894543698,1.2842918776987915
11987.991359102212,2796.2753593460884,19.259926324437593,-0.63344194583062
11987.991359102212,3020.3255614238374,19.068488691051222,19.445833054169377
11987.991359102212,3244.3757635015863,18.95798575941236,23.527599720836047
11987.991359102212,3468.4259655793353,18.902529932891177,-6.240500279163953
11987.991359102212,3692.4761676570843,18.889789603925156,-3.820846945830621
11987.991359102212,3916.5263697348337,18.932442250121003,5.221666387502713
11987.991359102212,4140.576571812582,18.96910401429109,16.56023305416938
11987.991359102212,4364.626773890332,18.779662162799006,14.641203054169377
11987.991359102212,4588.67697596808,18.775875670452283,0.3835997208360464
11987.991359102212,4812.7271780458295,18.689363401172468,-2.219333612497287
11987.991359102212,5036.777380123578,18.622562591895964,-7.2431669458306205
11987.991359102212,5932.978188434574,18.89850912732329,-6.565233612497288
11987.991359102212,6157.028390512323,18.94979138197357,-1.4607026601163342
11987.991359102212,6381.078592590072,18.985554778300166,3.85518305416938
11987.991359102212,6605.128794667821,19.10986074500653,-2.7763369458306197
11987.991359102212,6829.178996745571,19.284759963643943,-2.69086694583062
11987.991359102212,7053.229198823319,19.204490118973712,-5.30362694583062
11987.991359102212,7277.279400901069,19.446189213160444,-5.590283612497287
11987.991359102212,7501.329602978817,19.389568998680033,2.334175911312237
11987.991359102212,7725.379805056566,19.670366073545942,-4.75204694583062
11987.991359102212,7949.430007134315,19.81177837136085,-5.15265694583062
11987.991359102212,8173.480209212064,19.998602823445687,-0.2809869458306203
11987.991359102212,8397.530411289814,20.069488928678997,-1.0924569458306201
11987.991359102212,8621.580613367561,20.259538760590456,-8.244300279163953
11987.991359102212,8845.63081544531,20.44327394195885,-7.560200279163954
11987.991359102212,9069.68101752306,20.72525128334322,-3.8363526601163342
11987.991359102212,9293.73121960081,20.806601227370006,-1.1453558347195092
11987.991359102212,9517.781421678557,20.97969799380524,1.9457580541693797
12101.055710855675,-4.352166625773975,21.619328606663867,-1.2565169458306205
12101.055710855675,219.698035451975,21.39503160614159,10.321716387502713
12101.055710855675,443.74823752972395,21.184638521583004,54.785770554169375
12101.055710855675,667.798439607473,21.100712234628425,5.79489555416938
12101.055710855675,891.848641685222,20.84048674565714,-3.6401269458306205
12101.055710855675,1115.898843762971,20.700335311307498,4.01138305416938
12101.055710855675,1339.94904584072,20.42328985523599,-5.084166945830622
12101.055710855675,1563.9992479184689,20.19813007420511,-5.55021694583062
12101.055710855675,1788.0494499962178,20.1823934961552,-5.89766694583062
12101.055710855675,2012.0996520739668,20.036526523000603,-1.21349194583062
12101.055710855675,2236.1498541517158,19.910325314695882,-0.6554336124972869
12101.055710855675,2460.2000562294647,19.775378379534775,22.451355781442103
12101.055710855675,2684.2502583072137,19.527886182364938,8.844247339883664
12101.055710855675,3804.501268695959,19.104855468033033,-4.043633612497287
12101.055710855675,4028.5514707737075,19.168718666106177,6.539375911312236
12101.055710855675,4252.601672851457,19.2656308558516,1.8943330541693797
12101.055710855675,4476.651874929205,19.14110987496602,3.769005276391601
12101.055710855675,4700.702077006955,18.938815249222653,15.770561625597951
12101.055710855675,6045.003289473449,19.155933240302804,10.73881305416938
12101.055710855675,6269.053491551198,19.152206590541837,3.576978508714834
12101.055710855675,6493.1036936289465,19.260344374067387,12.301748438784765
12101.055710855675,6717.153895706696,19.360944677681264,7.06631305416938
12101.055710855675,6941.2040977844445,19.425114751177677,-0.046339673103347856
12101.055710855675,7165.254299862194,19.39579951550365,-7.57076694583062
12101.055710855675,7389.304501939942,19.460614967872097,-4.557266945830619
12101.055710855675,7837.40490609544,19.780526176843154,-5.6125869458306195
12101.055710855675,8061.45510817319,20.053181120404375,-4.47771694583062
12101.055710855675,8285.50531025094,20.23602619150998,3.1839080541693794
12101.055710855675,8509.555512328689,20.30055132173425,-1.0831336124972875
12101.055710855675,8733.605714406436,20.69177528568068,1.0825830541693788
12101.055710855675,8957.655916484186,20.745253813902952,-7.11967944583062
12101.055710855675,9181.706118561935,20.908541832886996,-1.06932944583062
12101.055710855675,9405.756320639684,20.95304868540014,-4.00741694583062
12101.055710855675,9629.806522717432,21.350185162555398,-0.5468169458306193
12101.055710855675,9853.856724795181,21.61637855654049,-0.3087669458306195
12214.120062609138,-116.37726766464851,21.756773632522588,13.38828305416938
12214.120062609138,107.6729344131005,21.653910338563524,8.082647339883664
12214.120062609138,331.72313649084947,21.483814866166597,-2.00118694583062
12214.120062609138,555.7733385685985,21.276724298061257,-3.0491502791639533
12214.120062609138,779.8235406463475,21.21147089795618,-0.5197113902750641
12214.120062609138,1003.8737427240965,21.00502376178161,-4.2722336124972875
12214.120062609138,1676.0243489573436,20.311149130017835,-6.77356694583062
12214.120062609138,1900.0745510350926,20.388949855642522,-2.63576694583062
12214.120062609138,2124.1247531128415,20.214560292674022,10.47105805416938
12214.120062609138,2348.1749551905905,20.222060389278223,1.7433997208360463
12214.120062609138,2572.2251572683394,19.93094657259276,19.698133054169382
12214.120062609138,3916.5263697348337,19.23938141669364,2.9523730541693793
12214.120062609138,4140.576571812582,19.27629848813298,32.94608305416938
12214.120062609138,4364.626773890332,19.417031742074034,-1.1819225013861763
12214.120062609138,4588.67697596808,19.256257996771392,-2.300183612497287
12214.120062609138,5932.978188434574,19.269870819264565,1.6389730541693797
12214.120062609138,6157.028390512323,19.350527590849588,13.585440197026523
12214.120062609138,6381.078592590072,19.46028469136145,6.458873054169379
12214.120062609138,6605.128794667821,19.582755324969945,0.5548901970265231
12214.120062609138,6829.178996745571,19.567379266260733,10.26643305416938
12214.120062609138,8173.480209212064,20.3598855423987,-7.137900279163953
12214.120062609138,8397.530411289814,20.506901939154492,-0.4294312315449063
12214.120062609138,8621.580613367561,20.75921533243821,-4.062481231544906
12214.120062609138,8845.63081544531,20.786169366087652,0.6542830541693795
12214.120062609138,9069.68101752306,21.026884406661217,0.4367187684550934
12214.120062609138,9741.831623756307,21.62823790243704,5.226305781442107
12214.120062609138,9965.881825834056,21.85224248403462,-0.9629836124972866
12327.1844143626,-4.352166625773975,21.994927154232144,3.62211305416938
12327.1844143626,219.698035451975,21.874424768619072,0.9419473398836657
12327.1844143626,443.74823752972395,21.498414389410428,15.44743305416938
12327.1844143626,667.798439607473,21.487780565222604,-2.6876469458306205
12327.1844143626,891.848641685222,21.273984049112766,-7.434900279163954
12327.1844143626,1788.0494499962178,20.539772158034413,-7.6117169458306195
12327.1844143626,2012.0996520739668,20.489647233300555,5.878404482740807
12327.1844143626,2236.1498541517158,20.28439675156813,5.425853054169378
12327.1844143626,2460.2000562294647,20.329906621228805,28.98956162559795
12327.1844143626,2684.2502583072137,20.206232542135503,-4.9581869458306205
12327.1844143626,4028.5514707737075,19.66981804621907,-1.4723037879358838
12327.1844143626,4252.601672851457,19.486246618104797,11.191673054169382
12327.1844143626,4476.651874929205,19.48039063574876,-1.6268787105365028
12327.1844143626,4700.702077006955,19.503022695834343,-3.606824088687763
12327.1844143626,6045.003289473449,19.649146296732027,-6.594500279163953
12327.1844143626,6269.053491551198,19.64874933196891,4.622523054169379
12327.1844143626,6493.1036936289465,19.871867884804118,-2.9665836124972866
12327.1844143626,6717.153895706696,19.81011573107854,40.985333054169374
12327.1844143626,8285.50531025094,20.48419801170437,2.0609330541693804
12327.1844143626,8509.555512328689,20.888750371898993,-2.445625279163954
12327.1844143626,8733.605714406436,20.979526404338912,0.5242330541693795
12327.1844143626,8957.655916484186,21.22568833174858,-0.75006694583062
12327.1844143626,9629.806522717432,21.684839267434796,2.752699720836046
12327.1844143626,9853.856724795181,21.89959240006889,4.540304482740807
12327.1844143626,10077.90692687293,21.969336282973906,39.14063305416938
12440.248766116063,107.6729344131005,22.089661188116118,-2.4786269458306203
12440.248766116063,331.72313649084947,21.891460126232104,0.2872219430582683
12440.248766116063,555.7733385685985,21.73666605052276,-2.7261955172591916
12440.248766116063,779.8235406463475,21.591853933130636,-1.146138374402049
12440.248766116063,1900.0745510350926,20.731929327482572,-6.375400279163954
12440.248766116063,2124.1247531128415,20.63720093073368,29.56479305416937
12440.248766116063,2348.1749551905905,20.625275381140753,35.85525123598756
12440.248766116063,2572.2251572683394,20.369075315764547,21.281133054169377
12440.248766116063,3916.5263697348337,19.843902838281195,-5.57036694583062
12440.248766116063,4140.576571812582,19.930639040453492,4.31508305416938
12440.248766116063,4364.626773890332,19.848318625034217,22.372056131092457
12440.248766116063,4588.67697596808,19.70858804834669,2.127325361861687
12440.248766116063,6157.028390512323,19.902159508378123,15.102866387502713
12440.248766116063,6381.078592590072,20.02013357457627,38.37018305416938
12440.248766116063,6605.128794667821,20.03178227189294,12.41670805416938
12440.248766116063,6829.178996745571,20.00102585987795,-6.89171694583062
12440.248766116063,8397.530411289814,20.923541135858947,-2.82420694583062
12440.248766116063,8621.580613367561,21.06220044930842,9.191717669553995
12440.248766116063,8845.63081544531,21.285984776290704,-1.0910214912851655
12440.248766116063,9069.68101752306,21.3220018099207,3.2289330541693797
12440.248766116063,9741.831623756307,22.017817092438076,1.63463305416938
12440.248766116063,9965.881825834056,21.987649375496854,-5.30536694583062
12553.313117869526,-4.352166625773975,22.241914938502298,7.191033054169379
12553.313117869526,219.698035451975,22.17529775163004,-3.7541336124972866
12553.313117869526,443.74823752972395,22.005706720166497,8.232699720836047
12553.313117869526,667.798439607473,21.835159511832238,-2.4228136124972868
12553.313117869526,891.848641685222,21.622642473460484,-5.520633612497286
12553.313117869526,2012.0996520739668,20.816699137868973,-7.38820694583062
12553.313117869526,2236.1498541517158,20.761021368483775,47.834053054169374
12553.313117869526,2460.2000562294647,20.608600562726373,46.450170554169375
12553.313117869526,2684.2502583072137,20.70033523513397,10.782920554169378
12553.313117869526,4028.5514707737075,20.10739552738197,1.853896690533017
12553.313117869526,4252.601672851457,20.159827062565927,0.42758305416937975
12553.313117869526,4476.651874929205,20.060300765743662,5.59923305416938
12553.313117869526,4700.702077006955,20.059033395679858,-6.640681231544905
12553.313117869526,6045.003289473449,20.078165045584296,16.1655552763916
12553.313117869526,6269.053491551198,20.144299521341573,-3.8111069458306206
12553.313117869526,6493.1036936289465,20.23859206780296,41.223343054169376
12553.313117869526,6717.153895706696,20.35561621872894,7.846483054169379
12553.313117869526,8509.555512328689,21.248090508004093,-1.5479336124972871
12553.313117869526,8733.605714406436,21.33463011284689,15.572399720836046
12553.313117869526,8957.655916484186,21.436519566641298,-5.135000279163953
12666.377469622988,107.6729344131005,22.277837522163715,-4.70246694583062
12666.377469622988,331.72313649084947,22.385092314176614,47.16284733988367
12666.377469622988,555.7733385685985,22.1547462488451,1.3015455541693797
12666.377469622988,779.8235406463475,21.99480123969783,-5.488566945830621
12666.377469622988,2124.1247531128415,21.154007106867425,11.87339305416938
12666.377469622988,2348.1749551905905,20.975934539815384,31.59027055416938
12666.377469622988,2572.2251572683394,20.814635905056186,11.494572339883666
12666.377469622988,2796.2753593460884,20.903911393764222,-0.5925669458306206
12666.377469622988,4140.576571812582,20.256005930390906,-4.535716945830621
12666.377469622988,4364.626773890332,20.10507449542901,-2.9198919458306203
12666.377469622988,4588.67697596808,20.237889230724658,9.430323054169381
12666.377469622988,4812.7271780458295,20.33436735851016,2.612533054169379
12666.377469622988,6157.028390512323,20.35001256058259,8.218247339883668
12666.377469622988,6381.078592590072,20.52891997705543,-1.1267419458306203
12666.377469622988,6605.128794667821,20.559624613554046,13.287966387502715
12666.377469622988,6829.178996745571,20.56497480481043,-6.25566694583062
12666.377469622988,8397.530411289814,21.3220018099207,-6.7058669458306195
12666.377469622988,8621.580613367561,21.503003318384366,-3.923809802973477
12666.377469622988,8845.63081544531,21.624536226145906,2.0646148723511972
12666.377469622988,9741.831623756307,22.187797916182955,2.48343305416938
12779.441821376451,219.698035451975,22.57384537870193,-0.5953669458306207
12779.441821376451,443.74823752972395,22.406141373641944,-5.79688694583062
12779.441821376451,667.798439607473,22.244022417247315,11.358973054169379
12779.441821376451,891.848641685222,22.115369186973147,-4.45546694583062
12779.441821376451,2236.1498541517158,21.25092744269234,46.37702396326029
12779.441821376451,2460.2000562294647,21.06997963529258,15.777899720836047
12779.441821376451,2684.2502583072137,20.977107995529373,20.199596212064115
12779.441821376451,4028.5514707737075,20.56986283872291,7.630954106800959
12779.441821376451,4252.601672851457,20.5607967721064,-2.182694218557893
12779.441821376451,4476.651874929205,20.450369798842104,20.275233054169377
12779.441821376451,4700.702077006955,20.475542284477054,-1.5255269458306204
12779.441821376451,6045.003289473449,20.55479795538503,-2.20256694583062
12779.441821376451,6269.053491551198,20.690201442913196,44.33839972083606
12779.441821376451,6493.1036936289465,20.6250963290956,17.921804482740804
12779.441821376451,6717.153895706696,20.735030598476797,-0.7770794458306209
12779.441821376451,8509.555512328689,21.638639030218663,-1.07241694583062
12779.441821376451,8733.605714406436,21.798525259627272,-0.36070540736908185
12892.506173129914,331.72313649084947,22.707312301685317,1.9649997208360468
12892.506173129914,555.7733385685985,22.499452008376416,0.2571484387847643
12892.506173129914,779.8235406463475,22.379696564469647,18.805547339883663
12892.506173129914,2124.1247531128415,21.551075193748094,2.3140239632602895
12892.506173129914,2348.1749551905905,21.35159832980137,34.249273054169386
12892.506173129914,2572.2251572683394,21.226545199558686,25.540996690533017
12892.506173129914,2796.2753593460884,21.170014109485372,-4.971030582194256
12892.506173129914,3916.5263697348337,20.948548987730277,19.76253305416938
12892.506173129914,4140.576571812582,20.732494292506505,58.740758054169376
12892.506173129914,4364.626773890332,20.754773879550235,4.411599720836046
12892.506173129914,4588.67697596808,20.713468813813414,31.769172184604166
12892.506173129914,4812.7271780458295,20.64509120657264,-1.7558502791639532
12892.506173129914,6157.028390512323,20.867041302229847,11.768854106800958
12892.506173129914,6381.078592590072,20.933252006184894,2.48533305416938
12892.506173129914,6605.128794667821,21.02164050361005,10.46014305416938
12892.506173129914,6829.178996745571,21.060774995598457,-7.36406694583062
12892.506173129914,8397.530411289814,21.824224616664655,-4.405995517259192
12892.506173129914,8621.580613367561,21.892289229771375,0.38606638750271277
12892.506173129914,8845.63081544531,22.034369655575563,9.072647339883666
13005.570524883376,219.698035451975,22.880904447295563,3.347875911312237
13005.570524883376,443.74823752972395,22.843854589644288,0.69817305416938
13005.570524883376,667.798439607473,22.591186184474655,1.751941387502713
13005.570524883376,891.848641685222,22.393834137803616,4.668733054169379
13005.570524883376,2012.0996520739668,21.691074244728693,-5.085976036739712
13005.570524883376,2236.1498541517158,21.55331434115685,35.49291638750272
13005.570524883376,2460.2000562294647,21.498899083176735,14.169310831947158
13005.570524883376,2684.2502583072137,21.42075288525685,6.56647305416938
13005.570524883376,2908.3004603849627,21.384472488425068,-3.573728484292159
13005.570524883376,3132.350662462712,21.417606688157647,-5.63164194583062
13005.570524883376,3804.501268695959,21.20971372681339,0.7514663875027127
13005.570524883376,4028.5514707737075,20.94785237300154,19.016720554169375
13005.570524883376,4252.601672851457,20.969134430975075,6.267310831947156
13005.570524883376,4476.651874929205,20.855782246623082,-4.16486694583062
13005.570524883376,4700.702077006955,20.866127761262845,-3.79776694583062
13005.570524883376,4924.752279084704,20.77514651914779,-5.900516945830621
13005.570524883376,5820.9530873957,21.09006950487965,5.65613305416938
13005.570524883376,6045.003289473449,20.98778438255913,17.79061305416938
13005.570524883376,6269.053491551198,21.07559437954661,6.821097339883665
13005.570524883376,6493.1036936289465,21.12774729941754,9.692953054169378
13005.570524883376,6717.153895706696,21.137167330970094,12.37988599534585
13005.570524883376,8509.555512328689,22.063274266765106,8.24170228493861
13005.570524883376,8733.605714406436,22.251393639248302,-0.047394218557893275
13118.63487663684,331.72313649084947,22.989137645302726,2.1813253618616875
13118.63487663684,555.7733385685985,22.78468694602529,3.504788609724935
13118.63487663684,779.8235406463475,22.681938657202732,1.076718768455094
13118.63487663684,1900.0745510350926,22.02427556054276,-3.09339194583062
13118.63487663684,2124.1247531128415,21.87750931331203,15.195209054169379
13118.63487663684,2348.1749551905905,21.848042184885283,16.021075911312234
13118.63487663684,2572.2251572683394,21.692312964823806,22.934970554169382
13118.63487663684,2796.2753593460884,21.470197470844152,27.798433054169383
13118.63487663684,3020.3255614238374,21.51757877988228,4.642448438784763
13118.63487663684,3244.3757635015863,21.47656671880432,-7.1004069458306205
13118.63487663684,3468.4259655793353,21.484229566067466,-3.7065336124972865
13118.63487663684,3692.4761676570843,21.40808913417053,-4.46586694583062
13118.63487663684,3916.5263697348337,21.224791650876803,-1.5738728281835617
13118.63487663684,4140.576571812582,21.041245322744327,-1.1092669458306201
13118.63487663684,4364.626773890332,21.22578130738824,-6.35901694583062
13118.63487663684,4588.67697596808,21.186645046602678,-5.5078544458306204
13118.63487663684,4812.7271780458295,21.145395584665724,8.443287599623924
13118.63487663684,5036.777380123578,21.235421855733144,-7.08976694583062
13118.63487663684,5708.927986356825,21.263849247960867,-6.36781694583062
13118.63487663684,5932.978188434574,21.287562286671392,0.22622591131223718
13118.63487663684,6157.028390512323,21.187057956233197,14.878643054169382
13118.63487663684,6381.078592590072,21.350492920327607,-2.712333612497287
13118.63487663684,6605.128794667821,21.355948798046963,53.21043305416939
13118.63487663684,6829.178996745571,21.456598770131674,0.39767749861382423
13118.63487663684,8397.530411289814,22.201715690614595,-6.8744336124972865
13118.63487663684,8621.580613367561,22.31562850059855,-4.06930444583062
13118.63487663684,8845.63081544531,22.393804817949682,-5.146541945830621
13231.699228390302,219.698035451975,23.08789931135555,-4.97626694583062
13231.699228390302,443.74823752972395,23.151153264240406,3.0785263875027127
13231.699228390302,667.798439607473,23.02276378570853,3.0638497208360462
13231.699228390302,891.848641685222,22.773262630081234,1.6020441652804904
13231.699228390302,2012.0996520739668,22.12698067816275,19.760580880256335
13231.699228390302,2236.1498541517158,22.005625051001726,29.05779019702652
13231.699228390302,2460.2000562294647,22.005844394533938,-3.0956836124972864
13231.699228390302,2684.2502583072137,21.873877821521905,15.572161625597952
13231.699228390302,2908.3004603849627,21.719180915779997,41.36798305416938
13231.699228390302,3132.350662462712,21.581073071690394,9.557561625597954
13231.699228390302,3356.400864540461,21.659081201258704,2.6075616255979512
13231.699228390302,3580.4510666182096,21.603361446054357,-2.2975932616200936
13231.699228390302,3804.501268695959,21.41869565787769,-3.330102660116335
13231.699228390302,4028.5514707737075,21.445818619082917,27.58907591131224
13231.699228390302,4252.601672851457,21.312422921881325,-7.17096694583062
13231.699228390302,4476.651874929205,21.35170185429441,18.908486900323226
13231.699228390302,4700.702077006955,21.37051652245951,13.760028292264616
13231.699228390302,4924.752279084704,21.47140385411163,3.9679330541693787
13231.699228390302,5596.902885317951,21.559881957229916,-7.53156694583062
13231.699228390302,5820.9530873957,21.46769040102564,4.826648438784765
13231.699228390302,6045.003289473449,21.4661049133101,0.6122797208360462
13231.699228390302,6269.053491551198,21.47459000189673,-7.61406694583062
13231.699228390302,6493.1036936289465,21.698893309527776,5.92729305416938
13231.699228390302,6717.153895706696,21.58671578680186,3.1027774986138237
13231.699228390302,6941.2040977844445,21.812435402915657,-2.6425812315449058
13231.699228390302,8285.50531025094,22.31799006174493,-3.86879194583062
13231.699228390302,8509.555512328689,22.44992939255951,8.14421638750271
13231.699228390302,8733.605714406436,22.57729209246482,-1.1758780569417313
13344.763580143765,331.72313649084947,23.42974427853333,0.28773305416938005
13344.763580143765,555.7733385685985,23.208953751180953,-3.409052660116334
13344.763580143765,779.8235406463475,23.07527253445432,32.85137920801554
13344.763580143765,1003.8737427240965,22.938935928181248,31.81318305416937
13344.763580143765,1900.0745510350926,22.430285077375988,11.230238054169378
13344.763580143765,2124.1247531128415,22.248171225139124,17.546214872351197
13344.763580143765,2572.2251572683394,22.08094848230239,14.451466387502713
13344.763580143765,2796.2753593460884,22.08849623445349,18.483269417805744
13344.763580143765,3020.3255614238374,21.89411193858656,21.559850701228203
13344.763580143765,3244.3757635015863,21.839848057281863,-2.5947769458306205
13344.763580143765,3468.4259655793353,21.772708606621794,11.043201625597952
13344.763580143765,3692.4761676570843,21.78425230831364,32.58229972083605
13344.763580143765,3916.5263697348337,21.694019071985622,20.749456131092455
13344.763580143765,4140.576571812582,21.621338592661285,43.5665148723512
13344.763580143765,4364.626773890332,21.821762367043327,-4.94076694583062
13344.763580143765,4588.67697596808,21.575137374583807,10.571291387502711
13344.763580143765,4812.7271780458295,21.54068542387827,2.8737663875027124
13344.763580143765,5036.777380123578,21.73892942644955,4.275205781442107
13344.763580143765,5260.8275822013275,21.747438096555683,-4.93320694583062
13344.763580143765,5484.877784279076,21.710055726412673,-7.021166945830621
13344.763580143765,5708.927986356825,21.64165698928266,-6.27339194583062
13344.763580143765,5932.978188434574,21.59741054399212,6.0462148723511975
13344.763580143765,6157.028390512323,21.627508458302845,14.452093054169378
13344.763580143765,6381.078592590072,21.783970376928398,-1.6512169458306198
13344.763580143765,6605.128794667821,21.728508241133138,15.356386900323223
13344.763580143765,6829.178996745571,21.859743572534416,20.577046387502715
13344.763580143765,7053.229198823319,22.066671892813627,5.433291387502712
13344.763580143765,8173.480209212064,22.562010378904823,-5.93426694583062
13344.763580143765,8397.530411289814,22.6668876792923,10.277399720836046
13344.763580143765,8621.580613367561,22.777170371007045,-5.834633612497286
13344.763580143765,8845.63081544531,22.869635841395578,1.9420530541693803
13457.827931897227,219.698035451975,23.722560330908923,-2.606166945830621
13457.827931897227,443.74823752972395,23.416901802277007,1.6056945926309178
13457.827931897227,667.798439607473,23.25633168175,41.451560831947155
13457.827931897227,891.848641685222,23.128040854378558,28.592243054169387
13457.827931897227,1115.898843762971,23.065828218884768,15.178253054169383
13457.827931897227,1339.94904584072,23.004785687322673,-2.90596694583062
13457.827931897227,1563.9992479184689,22.943434834183623,13.65198305416938
13457.827931897227,1788.0494499962178,22.676445431945336,6.6838421450784695
13457.827931897227,2012.0996520739668,22.57049642537287,8.873495554169377
13457.827931897227,2236.1498541517158,22.32556048824385,0.9392830541693797
13457.827931897227,2460.2000562294647,22.33416530357347,20.569924720836045
13457.827931897227,2684.2502583072137,22.200940720975183,7.95993305416938
13457.827931897227,2908.3004603849627,22.185304341381265,23.134295554169377
13457.827931897227,3132.350662462712,22.14594924895104,11.54657305416938
13457.827931897227,3356.400864540461,21.967238142305263,22.389586179169378
13457.827931897227,3580.4510666182096,22.010422524614963,-3.23544194583062
13457.827931897227,3804.501268695959,21.810533054669957,17.373559369958855
13457.827931897227,4028.5514707737075,21.934988190202674,14.703725361861691
13457.827931897227,4252.601672851457,21.829929334490505,-1.4895900227536971
13457.827931897227,4476.651874929205,21.796135068897954,22.274670554169383
13457.827931897227,4700.702077006955,21.781446896053513,-0.42095115635693625
13457.827931897227,4924.752279084704,21.779298034058954,-6.008160279163955
13457.827931897227,5148.802481162453,21.817860822379952,-8.17934694583062
13457.827931897227,5372.852683240202,21.841390964810124,1.3728455541693796
13457.827931897227,5596.902885317951,21.799373765588342,3.4024330541693795
13457.827931897227,5820.9530873957,21.84318768012104,-3.8384669458306204
13457.827931897227,6045.003289473449,21.956949700537947,-3.5608336124972872
13457.827931897227,6269.053491551198,21.883072451741295,2.4888580541693797
13457.827931897227,6493.1036936289465,21.955206437159536,3.30603305416938
13457.827931897227,6717.153895706696,22.033373127281187,-3.61351694583062
13457.827931897227,6941.2040977844445,22.15127207557316,8.71080228493861
13457.827931897227,7165.254299862194,22.240530330298206,2.8642205541693793
13457.827931897227,7389.304501939942,22.32565705054112,-4.041933612497287
13457.827931897227,8061.45510817319,22.592701623463824,-2.31294194583062
13457.827931897227,8285.50531025094,22.77557139789224,9.14713305416938
13457.827931897227,8509.555512328689,22.88402441269984,33.2982187684551
13457.827931897227,8733.605714406436,22.97737751111353,-3.43126694583062
13457.827931897227,8957.655916484186,23.124933974100067,-5.340509802973478
13570.89228365069,331.72313649084947,23.68424769939561,1.1158785087148346
13570.89228365069,555.7733385685985,23.548322753995883,-5.0400419458306205
13570.89228365069,779.8235406463475,23.352676478687716,10.640966387502713
13570.89228365069,1003.8737427240965,23.20155404761774,10.649918768455095
13570.89228365069,1227.9239448018454,23.143335979261273,26.786042577978904
13570.89228365069,1451.9741468795944,23.058286296840137,7.421909977246301
13570.89228365069,1676.0243489573436,22.906731824330755,4.99703305416938
13570.89228365069,1900.0745510350926,22.801938630550836,9.7260552763916
13570.89228365069,2348.1749551905905,22.684452779776482,17.731955276391602
13570.89228365069,2572.2251572683394,22.46093230991398,14.18613305416938
13570.89228365069,2796.2753593460884,22.361380292161122,12.644526804169377
13570.89228365069,3020.3255614238374,22.399025959664097,15.343233054169378
13570.89228365069,3244.3757635015863,22.233519053176398,7.442625911312239
13570.89228365069,3468.4259655793353,22.251027711793622,40.52717218460417
13570.89228365069,3692.4761676570843,22.1059192405267,7.919666387502715
13570.89228365069,3916.5263697348337,22.0676027005997,16.67565305416938
13570.89228365069,4140.576571812582,22.07895926017841,27.214899720836048
13570.89228365069,4364.626773890332,21.939703539003123,9.89365305416938
13570.89228365069,4588.67697596808,21.987235948724123,-4.308550279163954
13570.89228365069,4812.7271780458295,22.01632886818956,12.100096212064116
13570.89228365069,5036.777380123578,22.00919947308186,-5.10357694583062
13570.89228365069,5260.8275822013275,21.949660057606103,16.041675159432533
13570.89228365069,5484.877784279076,21.98909948216925,10.08612396326029
13570.89228365069,5708.927986356825,21.98917351225223,12.03237305416938
13570.89228365069,5932.978188434574,22.118127392877714,8.128499720836045
13570.89228365069,6157.028390512323,22.104975058359003,-2.0433487640124386
13570.89228365069,6381.078592590072,22.106154092947094,-2.0574044458306204
13570.89228365069,6605.128794667821,22.109147554566288,11.57653305416938
13570.89228365069,6829.178996745571,22.351387512404127,0.6678044827408084
13570.89228365069,7053.229198823319,22.359581613849382,19.478866387502713
13570.89228365069,7277.279400901069,22.36240240560174,9.94647055416938
13570.89228365069,7501.329602978817,22.614357751056936,2.749953054169379
13570.89228365069,7725.379805056566,22.750649559210252,13.533653054169381
13570.89228365069,7949.430007134315,22.781814919817048,0.9141730541693794
13570.89228365069,8173.480209212064,22.903493976855923,19.69563305416938
13570.89228365069,8397.530411289814,22.92779807913301,-0.052576945830620045
13570.89228365069,8621.580613367561,23.07714192510963,-2.2725002791639537
13570.89228365069,8845.63081544531,23.11526733551894,-5.140852660116335
13683.956635404153,219.698035451975,23.87162222512391,3.782066387502713
13683.956635404153,443.74823752972395,23.80093092702158,1.0123330541693796
13683.956635404153,667.798439607473,23.57053697905291,-5.70755444583062
13683.956635404153,891.848641685222,23.468972929330466,-4.868346945830621
13683.956635404153,1115.898843762971,23.37014179143649,15.89196305416938
13683.956635404153,1339.94904584072,23.26381003066477,40.79463305416938
13683.956635404153,1563.9992479184689,23.08995071377833,38.23596032689665
13683.956635404153,1788.0494499962178,23.087405523331974,34.224403054169386
13683.956635404153,2012.0996520739668,22.936860268329948,24.297633054169385
13683.956635404153,2236.1498541517158,22.924374814438263,24.937233054169376
13683.956635404153,2460.2000562294647,22.80935681594575,2.32233305416938
13683.956635404153,2684.2502583072137,22.593027466522038,59.816516387502716
13683.956635404153,2908.3004603849627,22.58469121250046,19.519840746477072
13683.956635404153,3132.350662462712,22.456075941777236,15.594599720836047
13683.956635404153,3356.400864540461,22.478465621048297,1.6805973398836653
13683.956635404153,3580.4510666182096,22.29947977578351,-2.839916945830621
13683.956635404153,3804.501268695959,22.26495826758077,4.956718768455095
13683.956635404153,4028.5514707737075,22.30123044505386,9.74438305416938
13683.956635404153,4252.601672851457,22.277605306879007,6.420666387502713
13683.956635404153,4476.651874929205,22.187797916182955,-3.67216694583062
13683.956635404153,4700.702077006955,22.20565694667914,-2.87109194583062
13683.956635404153,4924.752279084704,22.108325875428896,18.40158305416938
13683.956635404153,5148.802481162453,22.186575832270293,26.795817264695696
13683.956635404153,5372.852683240202,22.23937869377737,2.6956705541693795
13683.956635404153,5596.902885317951,22.251745948843197,-3.35736694583062
13683.956635404153,5820.9530873957,22.245874358531523,7.706958054169379
13683.956635404153,6045.003289473449,22.300047848875945,-4.85649194583062
13683.956635404153,6269.053491551198,22.37441148939123,23.625753054169376
13683.956635404153,6493.1036936289465,22.44099876503771,12.718663823400151
13683.956635404153,6717.153895706696,22.623472356365852,11.20853305416938
13683.956635404153,6941.2040977844445,22.45606345854709,-4.430541945830621
13683.956635404153,7165.254299862194,22.53381913059498,35.22465936995885
13683.956635404153,7389.304501939942,22.669122090093566,41.61994609764764
13683.956635404153,7613.354704017692,22.7719027536219,29.910394958931285
13683.956635404153,7837.40490609544,22.8198816213777,27.20206834828703
13683.956635404153,8061.45510817319,22.933658837233313,30.94543305416938
13683.956635404153,8285.50531025094,23.035150645549695,14.38980448274081
13683.956635404153,8509.555512328689,23.206750655690577,13.60514305416938
13683.956635404153,8733.605714406436,23.247260437572102,-3.8264214912851653
13683.956635404153,8957.655916484186,23.45725136063116,-2.50197319583062
13683.956635404153,9181.706118561935,23.7024491364622,-6.331116945830621
13683.956635404153,9405.756320639684,23.81867981729631,-6.35756694583062
13797.020987157615,331.72313649084947,24.013531571341456,5.5281330541693805
13797.020987157615,555.7733385685985,23.837724966485883,5.949372184604163
13797.020987157615,779.8235406463475,23.809272349630437,51.29756876845509
13797.020987157615,1003.8737427240965,23.585062406469124,5.79571305416938
13797.020987157615,1227.9239448018454,23.494210914093628,26.67111972083605
13797.020987157615,1451.9741468795944,23.353775607149203,42.93297472083605
13797.020987157615,1676.0243489573436,23.30062452724903,26.59623805416938
13797.020987157615,1900.0745510350926,23.128802132300436,50.102099720836044
13797.020987157615,2124.1247531128415,22.990738109690803,59.90135448274079
13797.020987157615,2348.1749551905905,22.988519241873732,12.344199720836048
13797.020987157615,2572.2251572683394,22.936619536844553,25.535948438784764
13797.020987157615,2796.2753593460884,22.783156812700053,27.38103305416938
13797.020987157615,3020.3255614238374,22.682696757125953,2.643543054169379
13797.020987157615,3244.3757635015863,22.683528820422275,-0.4318985247779889
13797.020987157615,3468.4259655793353,22.62814888047756,9.780068768455093
13797.020987157615,3692.4761676570843,22.55906613085544,4.092313054169379
13797.020987157615,3916.5263697348337,22.48182715294647,30.168371515707847
13797.020987157615,4140.576571812582,22.42609141320568,3.6167197208360458
13797.020987157615,4364.626773890332,22.476277639967854,3.7482901970265226
13797.020987157615,4588.67697596808,22.562101526662918,-3.5934669458306203
13797.020987157615,4812.7271780458295,22.413287219814052,9.957006387502712
13797.020987157615,5036.777380123578,22.459734856845895,-0.9871891680528427
13797.020987157615,5260.8275822013275,22.43808976035302,36.1408552763916
13797.020987157615,5484.877784279076,22.346572221752883,4.3929484387847655
13797.020987157615,5708.927986356825,22.388288749188693,20.725226387502712
13797.020987157615,5932.978188434574,22.514783664325474,10.383166387502712
13797.020987157615,6157.028390512323,22.429582558165194,-0.4372669458306202
13797.020987157615,6381.078592590072,22.53202907439137,-3.3867669458306198
13797.020987157615,6605.128794667821,22.633587426770934,19.152549720836046
13797.020987157615,6829.178996745571,22.539982177715682,18.29280805416938
13797.020987157615,7053.229198823319,22.75358817507621,48.64608305416938
13797.020987157615,7277.279400901069,22.80433775596463,41.05800228493861
13797.020987157615,7501.329602978817,22.933467386204274,5.308066387502714
13797.020987157615,7725.379805056566,22.93521039755439,32.08342396326029
13797.020987157615,7949.430007134315,23.09820210780733,44.70803305416938
13797.020987157615,8173.480209212064,23.253747491566507,30.16487305416938
13797.020987157615,8397.530411289814,23.29607460245944,2.870101804169379
13797.020987157615,8621.580613367561,23.397792916262173,27.04619459263092
13797.020987157615,8845.63081544531,23.50123290943604,-2.9850851276488015
13797.020987157615,9069.68101752306,23.704342915902092,-4.536004445830621
13797.020987157615,9293.73121960081,23.823819531275785,3.2650997208360466
13910.085338911078,219.698035451975,24.25742217200031,-3.9263669458306207
13910.085338911078,443.74823752972395,24.113767044941895,-0.7361419458306205
13910.085338911078,667.798439607473,23.94879540785956,9.75144416528049
13910.085338911078,891.848641685222,23.830006580792293,-3.0434760367397113
13910.085338911078,1115.898843762971,23.681834555950875,-2.9234336124972864
13910.085338911078,1339.94904584072,23.532429334789448,66.08523305416938
13910.085338911078,1563.9992479184689,23.552212491725296,26.30763305416938
13910.085338911078,1788.0494499962178,23.41907149434027,35.031233054169384
13910.085338911078,2012.0996520739668,23.2777695973201,14.496360831947154
13910.085338911078,2236.1498541517158,23.190188068655576,54.436759720836044
13910.085338911078,2460.2000562294647,23.11067757571864,25.316433054169377
13910.085338911078,2684.2502583072137,23.043449174968107,3.822910831947157
13910.085338911078,2908.3004603849627,22.963183844036863,-5.671375279163954
13910.085338911078,3132.350662462712,22.841685872044142,10.470775911312236
13910.085338911078,3356.400864540461,22.736678953378195,12.478190197026523
13910.085338911078,3580.4510666182096,22.644818575364635,2.468860326896652
13910.085338911078,3804.501268695959,22.68630178603551,2.3469886097249355
13910.085338911078,4028.5514707737075,22.733102749789623,4.529553054169379
13910.085338911078,4252.601672851457,22.685721388778934,38.089954482740815
13910.085338911078,4476.651874929205,22.612799776830553,20.704478508714832
13910.085338911078,4700.702077006955,22.649426971269865,19.354969417805744
13910.085338911078,4924.752279084704,22.58649097831987,11.259386387502714
13910.085338911078,5148.802481162453,22.554984301063534,7.873171515707843
13910.085338911078,5372.852683240202,22.459113888145094,-0.43523361249728687
13910.085338911078,5596.902885317951,22.512190155497127,-5.403000279163954
13910.085338911078,5820.9530873957,22.67767178008162,4.890695554169378
13910.085338911078,6045.003289473449,22.696247268176162,25.759713054169374
13910.085338911078,6269.053491551198,22.69325434895014,2.330433054169379
13910.085338911078,6493.1036936289465,22.792709098028666,8.82073305416938
13910.085338911078,6717.153895706696,22.820900078964616,13.056888609724934
13910.085338911078,6941.2040977844445,22.888768279141726,19.866296690533012
13910.085338911078,7165.254299862194,22.941880002962424,22.56114905416938
13910.085338911078,7389.304501939942,22.977346627851606,19.170233054169376
13910.085338911078,7613.354704017692,23.060466597127167,7.816821943058268
13910.085338911078,7837.40490609544,23.206710011386107,46.295049720836055
13910.085338911078,8061.45510817319,23.316905883591836,27.705779720836052
13910.085338911078,8285.50531025094,23.351202100810113,6.07093305416938
13910.085338911078,8509.555512328689,23.593222133949087,40.631993054169385
13910.085338911078,8733.605714406436,23.6273582749577,12.48322055416938
13910.085338911078,8957.655916484186,23.795296934097067,11.285378508714837
13910.085338911078,9181.706118561935,23.81267072185764,-1.2560487640124387
13910.085338911078,9405.756320639684,23.91407808004913,-7.36426694583062
13910.085338911078,9853.856724795181,24.326482996889048,-6.65136694583062
13910.085338911078,10077.90692687293,24.501146348539198,-4.36196694583062
14023.14969066454,331.72313649084947,24.305105919947348,-0.9681780569417313
14023.14969066454,555.7733385685985,24.196631157155903,-2.559813612497287
14023.14969066454,779.8235406463475,24.040997115300943,9.135216387502714
14023.14969066454,1003.8737427240965,23.969619525117043,-2.9427900227536976
14023.14969066454,1227.9239448018454,23.80597229971792,17.28554416528049
14023.14969066454,1451.9741468795944,23.70078734733589,19.45214972083605
14023.14969066454,1676.0243489573436,23.637250291768428,13.561347339883667
14023.14969066454,1900.0745510350926,23.4517121520749,22.367042145078468
14023.14969066454,2124.1247531128415,23.43282798728052,35.82024555416938
14023.14969066454,2348.1749551905905,23.43372963134094,55.47487055416938
14023.14969066454,2572.2251572683394,23.230416618973628,12.43611430416938
14023.14969066454,2796.2753593460884,23.137408314312246,-1.909090022753697
14023.14969066454,3020.3255614238374,23.230721459157913,28.414958054169375
14023.14969066454,3244.3757635015863,22.936524464182078,1.4606930541693801
14023.14969066454,3692.4761676570843,22.754172286182158,-8.86141694583062
14023.14969066454,3916.5263697348337,22.843720512672206,4.40733305416938
14023.14969066454,4140.576571812582,22.842586834272275,40.6262648723512
14023.14969066454,4364.626773890332,22.83106590247019,37.493379720836046
14023.14969066454,4588.67697596808,22.75387278939446,30.367299720836044
14023.14969066454,4812.7271780458295,22.82726270519563,12.21123305416938
14023.14969066454,5036.777380123578,22.78687485385293,6.62704305416938
14023.14969066454,5260.8275822013275,22.63222336669474,-5.44446694583062
14023.14969066454,5708.927986356825,22.69850509822964,3.5041330541693796
14023.14969066454,5932.978188434574,22.924139912159653,4.427188609724935
14023.14969066454,6157.028390512323,22.988636171434976,0.19409972083604643
14023.14969066454,6381.078592590072,23.022690663915547,7.014399720836046
14023.14969066454,6605.128794667821,23.031874018280313,1.1122930541693798
14023.14969066454,6829.178996745571,23.111213813516258,4.454121943058268
14023.14969066454,7053.229198823319,23.040368040465435,1.1052330541693798
14023.14969066454,7277.279400901069,22.994597267368853,-1.7618669458306204
14023.14969066454,7725.379805056566,23.26417310844102,-5.49526694583062
14023.14969066454,7949.430007134315,23.41582506618251,8.24351638750271
14023.14969066454,8173.480209212064,23.539709555475795,65.86329669053302
14023.14969066454,8397.530411289814,23.64162429800608,8.84205305416938
14023.14969066454,8621.580613367561,23.76583090123656,7.47983305416938
14023.14969066454,8845.63081544531,23.878746593406817,-4.082146945830621
14023.14969066454,9069.68101752306,24.028976857243965,1.011148438784765
14023.14969066454,9293.73121960081,23.961419569736485,14.54588305416938
14023.14969066454,9517.781421678557,24.354498681971346,-2.210233612497287
14023.14969066454,9741.831623756307,24.455692168241832,-4.369916945830621
14023.14969066454,9965.881825834056,24.513747966824297,66.56006162559795
14023.14969066454,10189.932027911806,24.613721236215795,-4.442966945830619
14136.214042418003,219.698035451975,24.526194943520753,-3.7025336124972874
14136.214042418003,443.74823752972395,24.40063819750809,3.5773018041693785
14136.214042418003,667.798439607473,24.328603359158326,8.065566387502713
14136.214042418003,891.848641685222,24.196712878747174,4.1520945926309185
14136.214042418003,1115.898843762971,24.026648703475406,-5.7333836124972875
14136.214042418003,1339.94904584072,23.897931373624896,11.275383054169382
14136.214042418003,1563.9992479184689,23.695198676238736,5.18664305416938
14136.214042418003,1788.0494499962178,23.622475039328464,2.0976930541693792
14136.214042418003,2012.0996520739668,23.589388040068194,16.980348438784763
14136.214042418003,2236.1498541517158,23.540630899792117,25.87934733988366
14136.214042418003,2460.2000562294647,23.493473267898338,35.29489305416938
14136.214042418003,2684.2502583072137,23.417347205153714,31.249213054169378
14136.214042418003,2908.3004603849627,23.297408793913476,5.60803305416938
14136.214042418003,3132.350662462712,23.1972698098748,-5.26326694583062
14136.214042418003,4028.5514707737075,22.964476193411915,-2.9005919458306204
14136.214042418003,4252.601672851457,23.031794223286628,20.745047339883666
14136.214042418003,4476.651874929205,23.04225918078635,23.68665805416938
14136.214042418003,4700.702077006955,23.020929968316082,21.07413305416938
14136.214042418003,4924.752279084704,22.944918829812515,-4.01647694583062
14136.214042418003,5820.9530873957,22.892050620389607,21.181033054169376
14136.214042418003,6045.003289473449,22.996027106809873,20.166077498613827
14136.214042418003,6269.053491551198,23.08506500550214,22.86088305416938
14136.214042418003,6493.1036936289465,23.173997237642883,16.1150148723512
14136.214042418003,6717.153895706696,23.20918111638905,13.642293054169384
14136.214042418003,6941.2040977844445,23.11741447145761,8.49285805416938
14136.214042418003,7837.40490609544,23.4133046953076,-7.76436694583062
14136.214042418003,8061.45510817319,23.565970644609937,17.770349720836045
14136.214042418003,8285.50531025094,23.790550283046887,22.36295805416938
14136.214042418003,8509.555512328689,23.854107984415258,14.981395554169378
14136.214042418003,8733.605714406436,23.878265545408485,-2.3844419458306207
14136.214042418003,8957.655916484186,24.108584046288286,9.165373054169377
14136.214042418003,9181.706118561935,24.21782104037172,6.798344165280491
14136.214042418003,9629.806522717432,24.5422260861749,0.03390805416937992
14136.214042418003,9853.856724795181,24.61654802739461,2.1175730541693802
14136.214042418003,10077.90692687293,24.7076410860939,0.9346163875027135
14249.278394171466,331.72313649084947,24.67318437682458,-2.18824194583062
14249.278394171466,555.7733385685985,24.573642131642902,-2.044950279163954
14249.278394171466,779.8235406463475,24.354855002615356,0.828987599623926
14249.278394171466,1003.8737427240965,24.306913555556257,6.8818330541693795
14249.278394171466,2124.1247531128415,23.69837474645962,-6.324616945830621
14249.278394171466,2348.1749551905905,23.593222133949087,4.853966387502714
14249.278394171466,2572.2251572683394,23.538680272590184,17.660828054169382
14249.278394171466,2796.2753593460884,23.38028350871487,-3.8888669458306193
14249.278394171466,3020.3255614238374,23.454421405889583,-6.55836694583062
14249.278394171466,4140.576571812582,23.186544845098098,-4.53676694583062
14249.278394171466,4364.626773890332,23.25168993314234,4.174242577978903
14249.278394171466,4588.67697596808,23.150485265986084,27.387533054169374
14249.278394171466,4812.7271780458295,23.191891052284486,14.020647868984193
14249.278394171466,5932.978188434574,23.213507889792496,-6.35876694583062
14249.278394171466,6157.028390512323,23.22566858057962,12.416523963260287
14249.278394171466,6381.078592590072,23.36369630867575,40.56223305416938
14249.278394171466,6605.128794667821,23.392802635937468,38.06207151570784
14249.278394171466,6829.178996745571,23.247447283799463,-7.4972002791639545
14249.278394171466,8173.480209212064,23.924889575941712,-0.9392769458306203
14249.278394171466,8397.530411289814,24.022063816206902,-2.42582944583062
14249.278394171466,8621.580613367561,24.135356302950214,-1.4323544458306203
14249.278394171466,8845.63081544531,24.205544134709395,3.12053305416938
14249.278394171466,9069.68101752306,24.309913172356147,3.1564759113122363
14249.278394171466,9293.73121960081,24.361610277104084,-2.24690694583062
14249.278394171466,9517.781421678557,24.440702202369632,-5.31156694583062
14249.278394171466,9741.831623756307,24.623445851282778,13.363649720836046
14249.278394171466,9965.881825834056,24.88251320169522,2.1134330541693798
14362.342745924929,219.698035451975,24.791287459407336,-4.50619194583062
14362.342745924929,443.74823752972395,24.765655421839078,-1.7402977150613892
14362.342745924929,667.798439607473,24.64710111890446,-3.4888669458306207
14362.342745924929,891.848641685222,24.518679868628883,-0.10775266011633487
14362.342745924929,4252.601672851457,23.326061205927232,2.1219580541693803
14362.342745924929,4476.651874929205,23.321905461560156,-5.13551694583062
14362.342745924929,4700.702077006955,23.36550050271554,29.42206638750271
14362.342745924929,4924.752279084704,23.313901268148033,-4.889833612497287
14362.342745924929,6045.003289473449,23.3692764465173,18.827499720836045
14362.342745924929,6269.053491551198,23.517044889281507,2.84872194305827
14362.342745924929,6493.1036936289465,23.521519759905722,-0.43414194583061994
14362.342745924929,6717.153895706696,23.513399538572525,-5.636900279163953
14362.342745924929,8285.50531025094,24.085383602197734,-5.223894218557893
14362.342745924929,8509.555512328689,24.231409825177085,19.133749720836047
14362.342745924929,8733.605714406436,24.318515017611777,-2.230600279163953
14362.342745924929,8957.655916484186,24.337179894829564,-5.20638694583062
14362.342745924929,9853.856724795181,24.883820632355334,0.8255530541693797
14362.342745924929,10077.90692687293,24.949761740559165,-4.92746694583062
14362.342745924929,10750.057533106177,25.503858639890062,-3.24636694583062
14475.407097678391,331.72313649084947,24.90630167302859,6.08303305416938
14475.407097678391,555.7733385685985,24.850082678030933,-0.671659802973477
14475.407097678391,779.8235406463475,24.80516426916222,-4.04206694583062
14475.407097678391,1003.8737427240965,24.516233170947554,-5.5779336124972865
14475.407097678391,4364.626773890332,23.58546523473073,9.68267305416938
14475.407097678391,4588.67697596808,23.57691318312601,64.30108305416938
14475.407097678391,4812.7271780458295,23.546990422802818,8.809541387502714
14475.407097678391,6157.028390512323,23.722456695120975,5.09649305416938
14475.407097678391,6381.078592590072,23.69531075189556,6.906308054169379
14475.407097678391,6605.128794667821,23.760259122613316,14.477423963260291
14475.407097678391,8397.530411289814,24.32614026310535,9.313758054169378
14475.407097678391,8621.580613367561,24.48086940695932,-3.98825583471951
14475.407097678391,8845.63081544531,24.486059526130845,-5.64416694583062
14475.407097678391,9965.881825834056,24.995608677373006,-2.0508169458306207
14588.471449431854,219.698035451975,25.079509620301113,21.493233054169377
14588.471449431854,443.74823752972395,25.03947741022879,3.072871943058269
14588.471449431854,667.798439607473,24.882732361589007,0.45784358048516954
14588.471449431854,891.848641685222,24.75269290643812,5.698058054169379
14588.471449431854,2236.1498541517158,24.364686203819453,-4.19426694583062
14588.471449431854,2460.2000562294647,24.242042538423476,-1.1291169458306203
14588.471449431854,4476.651874929205,23.752559329948994,11.14679094890622
14588.471449431854,4700.702077006955,23.758399435558598,2.3241698962746424
14588.471449431854,6269.053491551198,23.85217583461762,1.3389552763916015
14588.471449431854,6493.1036936289465,23.871571062710547,5.444299720836046
14588.471449431854,6717.153895706696,23.850547784901398,-7.220266945830621
14588.471449431854,8285.50531025094,24.405079157801982,36.40286638750271
14588.471449431854,8509.555512328689,24.5389562335256,-1.1038669458306207
14588.471449431854,8733.605714406436,24.60023913031901,-3.8580269458306207
14588.471449431854,10526.007331028428,25.627715691514695,3.7627830541693807
14588.471449431854,10750.057533106177,25.634407979748072,-3.79946694583062
14701.535801185317,331.72313649084947,25.26197111114293,2.7567080541693785
14701.535801185317,555.7733385685985,25.141240277384693,12.625549720836046
14701.535801185317,779.8235406463475,25.014406450371542,10.078296690533016
14701.535801185317,2348.1749551905905,24.36822960689804,8.362541387502713
14701.535801185317,2572.2251572683394,24.379918684677783,-3.6006669458306204
14701.535801185317,3020.3255614238374,24.33412363827513,25.66853305416938
14701.535801185317,4364.626773890332,23.871519405092688,20.415599720836045
14701.535801185317,4588.67697596808,23.913733523541907,5.07857680416938
14701.535801185317,4812.7271780458295,23.934944142253528,22.918752101788428
14701.535801185317,6157.028390512323,24.041680799975644,0.011904482740807814
14701.535801185317,6381.078592590072,23.984963647782042,21.70420805416938
14701.535801185317,6605.128794667821,24.130174395107407,-2.801993612497287
14701.535801185317,8397.530411289814,24.720156128496708,-6.088700279163953
14701.535801185317,8621.580613367561,24.733968770975604,17.31563305416938
14701.535801185317,10638.032432067303,25.838376530823652,6.00722396326029
14814.60015293878,219.698035451975,25.427906685957232,-5.37646694583062
14814.60015293878,443.74823752972395,25.2921424036348,4.646048438784765
14814.60015293878,667.798439607473,25.23007525022319,-5.59431694583062
14814.60015293878,891.848641685222,25.166073574567356,-1.1928069458306196
14814.60015293878,2236.1498541517158,24.60609910478873,-4.899200279163953
14814.60015293878,2460.2000562294647,24.533077194575338,39.914718768455096
14814.60015293878,2684.2502583072137,24.515999015793735,37.625990197026525
14814.60015293878,2908.3004603849627,24.434139564801324,13.009218768455094
14814.60015293878,4476.651874929205,24.102895981907018,7.005013054169377
14814.60015293878,4700.702077006955,24.08557678184866,-5.0100883744020495
14814.60015293878,4924.752279084704,24.086954952814846,20.777333054169375
14814.60015293878,6045.003289473449,24.176488127327175,-3.355244723608398
14814.60015293878,6269.053491551198,24.21602932096683,10.458349720836047
14814.60015293878,6493.1036936289465,24.231098256815386,21.369899720836045
14814.60015293878,8285.50531025094,24.872129629885105,-9.03776694583062
14814.60015293878,8509.555512328689,24.88432592586481,3.4725080541693796
14814.60015293878,10526.007331028428,25.91078510402204,55.34983305416938
14814.60015293878,10750.057533106177,26.00732928825272,10.930723054169379
14927.664504692242,331.72313649084947,25.501120824678,1.0618044827408084
14927.664504692242,555.7733385685985,25.432917664995184,1.1973099772463038
14927.664504692242,779.8235406463475,25.327770477997404,-4.175702660116335
14927.664504692242,2124.1247531128415,24.828288370621753,-6.22546694583062
14927.664504692242,2348.1749551905905,24.693939969739823,11.27142001069112
14927.664504692242,2572.2251572683394,24.73991304435065,0.8834759113122376
14927.664504692242,2796.2753593460884,24.67323956819897,10.220766387502712
14927.664504692242,3020.3255614238374,24.480644155925926,-5.26026694583062
14927.664504692242,4364.626773890332,24.39001402513311,27.831033054169378
14927.664504692242,4588.67697596808,24.313654067439668,3.8334646331167486
14927.664504692242,4812.7271780458295,24.22615915611348,23.581569417805746
14927.664504692242,5036.777380123578,24.22666290484664,4.105933054169379
14927.664504692242,6157.028390512323,24.339037711871466,14.656799720836048
14927.664504692242,6381.078592590072,24.4508246549993,-5.121133612497288
14927.664504692242,6605.128794667821,24.48702628044054,14.16950228493861
14927.664504692242,8397.530411289814,24.955014208257538,-4.1050431363068105
14927.664504692242,8621.580613367561,25.040542441838856,2.0121330541693796
14927.664504692242,10638.032432067303,26.02332046879763,9.27003305416938
15040.728856445705,443.74823752972395,25.620710996761815,0.8322018041693797
15040.728856445705,667.798439607473,25.54623306092931,-0.8866240886877632
15040.728856445705,891.848641685222,25.47084949263305,4.808355276391603
15040.728856445705,2012.0996520739668,25.08912945788538,-7.98756694583062
15040.728856445705,2236.1498541517158,24.85079966984183,24.4255552763916
15040.728856445705,2460.2000562294647,24.821093215007142,30.61396834828703
15040.728856445705,2684.2502583072137,24.711487844526683,8.347387599623927
15040.728856445705,2908.3004603849627,24.75436460250225,-3.80706694583062
15040.728856445705,4252.601672851457,24.58128903794253,1.5525330541693798
15040.728856445705,4476.651874929205,24.423941742692385,24.311073054169384
15040.728856445705,4700.702077006955,24.424345469419414,2.2371393041693803
15040.728856445705,4924.752279084704,24.455536749451547,2.2657730541693795
15040.728856445705,6045.003289473449,24.522735611573633,13.0940552763916
15040.728856445705,6269.053491551198,24.53958437878137,4.6378330541693815
15040.728856445705,6493.1036936289465,24.60256034652492,1.647844165280491
15040.728856445705,6717.153895706696,24.702951427298228,-6.58626694583062
15040.728856445705,8285.50531025094,25.17480219292932,-6.716066945830621
15040.728856445705,8509.555512328689,25.202302071175733,18.306990197026522
15040.728856445705,10750.057533106177,26.29606837631801,6.905973054169381
15153.793208199168,331.72313649084947,25.823856124213847,8.01036638750271
15153.793208199168,555.7733385685985,25.71774395269103,9.867306967212855
15153.793208199168,779.8235406463475,25.61783756650553,-3.276293261620094
15153.793208199168,1003.8737427240965,25.570661546653813,-5.624000279163954
15153.793208199168,1227.9239448018454,25.520198998374408,5.9325830541693785
15153.793208199168,1900.0745510350926,25.238520045150036,-6.94219194583062
15153.793208199168,2124.1247531128415,25.09083018209229,26.14221581279007
15153.793208199168,2348.1749551905905,25.07715067939265,13.860133054169383
15153.793208199168,2572.2251572683394,24.94690945586584,28.62199621206411
15153.793208199168,2796.2753593460884,24.937958932202182,24.08391591131224
15153.793208199168,3020.3255614238374,24.928492541044108,15.18169555416938
15153.793208199168,4364.626773890332,24.64168000100244,17.186193054169383
15153.793208199168,4588.67697596808,24.617713931875652,-5.25839694583062
15153.793208199168,4812.7271780458295,24.64319249246407,3.913854482740807
15153.793208199168,5036.777380123578,24.579561455329713,10.320756583581144
15153.793208199168,5932.978188434574,24.63932144687464,9.13163305416938
15153.793208199168,6157.028390512323,24.695276977235668,6.530918054169379
15153.793208199168,6381.078592590072,24.73567464873842,5.02321305416938
15153.793208199168,6605.128794667821,24.78396169743492,9.048766387502715
15153.793208199168,8173.480209212064,25.241948708323942,-6.413966945830619
15153.793208199168,8397.530411289814,25.3105221694261,15.92482536186169
15153.793208199168,8621.580613367561,25.338753953772738,-3.23809194583062
15153.793208199168,10638.032432067303,26.39222361198574,0.05368305416938046
15266.85755995263,443.74823752972395,25.918179590568933,4.4498099772463044
15266.85755995263,667.798439607473,25.769812996603857,3.256483054169379
15266.85755995263,891.848641685222,25.70251771153685,-7.681016945830621
15266.85755995263,1115.898843762971,25.66630236804434,-5.758633612497287
15266.85755995263,1339.94904584072,25.563325174256615,0.2095930541693793
15266.85755995263,1563.9992479184689,25.514917935562266,10.776561625597951
15266.85755995263,1788.0494499962178,25.46030108417052,27.720516387502716
15266.85755995263,2012.0996520739668,25.27387411676189,30.93983305416938
15266.85755995263,2236.1498541517158,25.250879070122167,27.3351552763916
15266.85755995263,2460.2000562294647,25.199137101060842,39.54708759962393
15266.85755995263,2684.2502583072137,25.082394003670007,39.97029214507847
15266.85755995263,2908.3004603849627,25.088091886113936,15.557858054169383
15266.85755995263,3132.350662462712,25.058613903383232,-2.0860419458306203
15266.85755995263,4028.5514707737075,24.96665753964706,18.00328305416938
15266.85755995263,4252.601672851457,24.85430483118441,12.527213054169382
15266.85755995263,4476.651874929205,24.7590480893913,17.432309977246305
15266.85755995263,4700.702077006955,24.81782658595057,-0.5161746381383121
15266.85755995263,4924.752279084704,24.81705987198809,-5.44711694583062
15266.85755995263,5148.802481162453,24.944921280109316,0.1877330541693798
15266.85755995263,5820.9530873957,24.885078495511024,8.469399720836046
15266.85755995263,6045.003289473449,24.839324280714177,2.138044165280492
15266.85755995263,6269.053491551198,24.888501482812075,32.57673305416938
15266.85755995263,6493.1036936289465,24.877216761009407,21.097833054169378
15266.85755995263,6717.153895706696,24.977502763172645,-1.6763169458306204
15266.85755995263,8061.45510817319,25.387771274892835,1.76295805416938
15266.85755995263,8285.50531025094,25.434495829250707,-6.657966945830621
15266.85755995263,8509.555512328689,25.49693875041052,-0.011150279163953059
15266.85755995263,10750.057533106177,26.530855175916084,5.374499720836046
15379.921911706093,331.72313649084947,26.19310604489979,0.1120830541693798
15379.921911706093,555.7733385685985,26.00652121071066,-1.8295502791639535
15379.921911706093,779.8235406463475,26.010055179357515,6.2336330541693785
15379.921911706093,1003.8737427240965,25.81950358069275,-3.0942669458306207
15379.921911706093,1227.9239448018454,25.731521587197413,17.91050448274081
15379.921911706093,1451.9741468795944,25.617211234382957,11.40430805416938
15379.921911706093,1676.0243489573436,25.579674108537354,13.351893054169377
15379.921911706093,1900.0745510350926,25.481835267857395,27.48837472083605
15379.921911706093,2124.1247531128415,25.376057354594945,8.820547339883666
15379.921911706093,2348.1749551905905,25.264419771401027,36.677716387502706
15379.921911706093,2572.2251572683394,25.247125502359264,4.77592055416938
15379.921911706093,2796.2753593460884,25.171357461659916,10.860616387502715
15379.921911706093,3020.3255614238374,25.185234487240248,28.86703305416938
15379.921911706093,3244.3757635015863,25.218714152430735,5.44484305416938
15379.921911706093,3916.5263697348337,25.089039325048876,2.2003616255979517
15379.921911706093,4140.576571812582,25.03059951495833,16.10379305416938
15379.921911706093,4364.626773890332,24.886484592612433,11.466973054169381
15379.921911706093,4588.67697596808,24.921215258078067,7.052694592630919
15379.921911706093,4812.7271780458295,24.90498229419306,23.87816941780574
15379.921911706093,5036.777380123578,24.940844086052675,3.7955785087148346
15379.921911706093,5260.8275822013275,24.96780567234705,-8.45846694583062
15379.921911706093,5484.877784279076,25.10346833561704,-5.80266694583062
15379.921911706093,5708.927986356825,24.987867141625458,-3.81164194583062
15379.921911706093,5932.978188434574,25.006731116106845,-0.08375266011633441
15379.921911706093,6157.028390512323,25.04737426678103,23.222323054169383
15379.921911706093,6381.078592590072,25.071205860720806,41.14998305416938
15379.921911706093,6605.128794667821,25.042493286352077,24.73152194305827
15379.921911706093,6829.178996745571,25.184271560316187,-0.4316002791639531
15379.921911706093,7277.279400901069,25.40011536909838,-9.00846694583062
15379.921911706093,7949.430007134315,25.510787898808,61.964761625597944
15379.921911706093,8173.480209212064,25.497675576499997,25.754919417805752
15379.921911706093,8397.530411289814,25.567876820853947,22.2191187684551
15379.921911706093,8621.580613367561,25.67746648039866,-0.28360583471950834
15379.921911706093,10638.032432067303,26.585936438432498,9.189608054169378
15379.921911706093,10862.082634145052,26.785549786117574,1.78213305416938
15492.986263459556,443.74823752972395,26.184637148021,2.6712116255979512
15492.986263459556,667.798439607473,26.148529449538962,23.243173054169382
15492.986263459556,891.848641685222,26.056074876138926,1.396699720836046
15492.986263459556,1115.898843762971,25.864008157259327,-4.97411694583062
15492.986263459556,1339.94904584072,25.877519400954878,-4.12876694583062
15492.986263459556,1563.9992479184689,25.742796065831527,10.209220554169377
15492.986263459556,1788.0494499962178,25.682744953922132,55.47659669053302
15492.986263459556,2012.0996520739668,25.617359313476577,34.861208054169374
15492.986263459556,2236.1498541517158,25.512285942292287,-1.4717669458306202
15492.986263459556,2460.2000562294647,25.43867621920297,10.24713305416938
15492.986263459556,2684.2502583072137,25.394024057071697,12.415568348287024
15492.986263459556,2908.3004603849627,25.355412350833042,14.79653305416938
15492.986263459556,3132.350662462712,25.331519893127762,5.54068930416938
15492.986263459556,3356.400864540461,25.279663107057235,9.156116387502713
15492.986263459556,3580.4510666182096,25.290679641224465,13.613313054169378
15492.986263459556,3804.501268695959,25.23348845844194,0.8844187684550942
15492.986263459556,4028.5514707737075,25.146936560694954,10.772927498613825
15492.986263459556,4252.601672851457,25.11551372979753,4.948990197026522
15492.986263459556,4476.651874929205,25.084647230449285,13.31600305416938
15492.986263459556,4700.702077006955,25.068451459239405,-5.131838374402049
15492.986263459556,4924.752279084704,25.081779007538305,-1.0871086124972864
15492.986263459556,5148.802481162453,25.113709536305304,-3.47647319583062
15492.986263459556,5372.852683240202,25.20318591664544,1.563696690533016
15492.986263459556,5596.902885317951,25.160140625226127,47.86827305416938
15492.986263459556,5820.9530873957,25.126990849232957,5.214183054169379
15492.986263459556,6045.003289473449,25.187433980547137,-2.2864621839258583
15492.986263459556,6269.053491551198,25.21479454588602,7.723041387502711
15492.986263459556,6493.1036936289465,25.22054230274049,23.03465180416938
15492.986263459556,6717.153895706696,25.27926321418771,46.06634305416939
15492.986263459556,7389.304501939942,25.593534164576496,-1.8882669458306207
15492.986263459556,7613.354704017692,25.566087023069276,-8.87226694583062
15492.986263459556,7837.40490609544,25.56603003086489,13.195033054169379
15492.986263459556,8061.45510817319,25.690647233990667,9.574408054169378
15492.986263459556,8285.50531025094,25.837354602311866,30.964666387502717
15492.986263459556,8509.555512328689,25.821205962675965,40.433853054169376
15492.986263459556,8733.605714406436,25.914070865293567,28.51970805416938
15492.986263459556,10750.057533106177,26.68702299342124,10.193233054169381
15606.050615213018,331.72313649084947,26.319302012837493,8.445653054169378
15606.050615213018,555.7733385685985,26.29628204292577,-1.2029336124972867
15606.050615213018,779.8235406463475,26.196796652333777,-0.8726955172591916
15606.050615213018,1003.8737427240965,26.136656401299643,17.82123305416938
15606.050615213018,1227.9239448018454,26.03861571631208,22.57663305416939
15606.050615213018,1451.9741468795944,26.014342744126083,14.107599720836047
15606.050615213018,1676.0243489573436,25.834544890859576,-5.928546945830621
15606.050615213018,1900.0745510350926,25.705948419499748,42.91863305416938
15606.050615213018,2124.1247531128415,25.75426764531318,1.2989830541693799
15606.050615213018,2348.1749551905905,25.696138728760857,18.734669417805744
15606.050615213018,2572.2251572683394,25.510964277895635,7.377249720836047
15606.050615213018,2796.2753593460884,25.512317442540322,0.13977749861382371
15606.050615213018,3020.3255614238374,25.436982485085107,-0.8222502791639531
15606.050615213018,3244.3757635015863,25.43632717532553,18.003803887502713
15606.050615213018,3468.4259655793353,25.408760348996122,4.330764872351199
15606.050615213018,3692.4761676570843,25.35922321346158,34.71435805416938
15606.050615213018,3916.5263697348337,25.37079719756312,12.484959141125904
15606.050615213018,4140.576571812582,25.301755986298375,8.105083054169379
15606.050615213018,4364.626773890332,25.27807776453802,7.873648438784765
15606.050615213018,4588.67697596808,25.28590953949793,-2.4585919458306202
15606.050615213018,4812.7271780458295,25.215677954972456,2.9842930541693797
15606.050615213018,5036.777380123578,25.223209264174688,15.284675911312236
15606.050615213018,5260.8275822013275,25.233652355144304,13.391610831947158
15606.050615213018,5484.877784279076,25.332060818544868,-4.924824088687764
15606.050615213018,5708.927986356825,25.30934683403923,3.108459720836047
15606.050615213018,5932.978188434574,25.267760970460795,14.146333054169379
15606.050615213018,6381.078592590072,25.38775820645025,1.8156063875027129
15606.050615213018,6605.128794667821,25.37443650655979,16.952916387502714
15606.050615213018,6829.178996745571,25.447152322653533,-2.05481694583062
15606.050615213018,7053.229198823319,25.587959802977835,-2.3694269458306203
15606.050615213018,7277.279400901069,25.623539462541366,3.7077130541693797
15606.050615213018,7501.329602978817,25.658864913334856,24.740633054169376
15606.050615213018,7725.379805056566,25.651184450856963,13.652848438784766
15606.050615213018,7949.430007134315,25.70650863836305,43.34673305416938
15606.050615213018,8173.480209212064,25.80685839330706,-5.743591945830621
15606.050615213018,8397.530411289814,25.89162885184323,9.686463823400148
15606.050615213018,8621.580613367561,26.00700159414574,33.338061625597945
15606.050615213018,8845.63081544531,26.06717008923282,-4.161776036739711
15719.114966966481,443.74823752972395,26.47088741612773,3.3789187684550948
15719.114966966481,667.798439607473,26.383560445595837,-3.112503787935883
15719.114966966481,891.848641685222,26.33934006239988,-5.996594218557892
15719.114966966481,1339.94904584072,26.098363505562375,25.654196690533016
15719.114966966481,1563.9992479184689,26.04998686030235,22.387809524757614
15719.114966966481,1788.0494499962178,25.953888328491104,13.176558054169378
15719.114966966481,2012.0996520739668,25.95219220821262,37.3179687684551
15719.114966966481,2236.1498541517158,25.85758873336321,29.392368348287025
15719.114966966481,2460.2000562294647,25.739370003527913,53.80139972083605
15719.114966966481,2684.2502583072137,25.722132220457617,18.047271515707845
15719.114966966481,2908.3004603849627,25.660245911402846,-3.9275669458306197
15719.114966966481,3132.350662462712,25.570033857361544,-0.3990769458306202
15719.114966966481,3356.400864540461,25.574673649888016,29.675996212064117
15719.114966966481,3580.4510666182096,25.55202936237138,8.86637805416938
15719.114966966481,3804.501268695959,25.501463421064873,-1.8265002791639542
15719.114966966481,4028.5514707737075,25.549142669977403,11.56816638750271
15719.114966966481,4252.601672851457,25.41012497439587,-1.17511694583062
15719.114966966481,4476.651874929205,25.438581088904435,3.5741230541693803
15719.114966966481,4700.702077006955,25.42761272199706,2.947579208015534
15719.114966966481,4924.752279084704,25.334774333902715,-5.863400279163954
15719.114966966481,5148.802481162453,25.42417204396166,-6.35261694583062
15719.114966966481,5372.852683240202,25.38131650619073,6.588388609724935
15719.114966966481,5596.902885317951,25.489334118373733,6.273966387502713
15719.114966966481,5820.9530873957,25.488685087147783,10.57887305416938
15719.114966966481,6045.003289473449,25.436174504302898,-3.2879269458306197
15719.114966966481,6269.053491551198,25.548197756484164,0.35049019702652323
15719.114966966481,6717.153895706696,25.509198577557953,22.20303305416938
15719.114966966481,6941.2040977844445,25.644379120602135,44.176779720836045
15719.114966966481,7165.254299862194,25.629838297830386,29.199033054169377
15719.114966966481,7389.304501939942,25.66977988643766,2.724917669553994
15719.114966966481,7613.354704017692,25.863966613372178,28.96240805416938
15719.114966966481,7837.40490609544,25.849007478913194,8.01474555416938
15719.114966966481,8061.45510817319,25.876885483083072,29.29480805416938
15719.114966966481,8509.555512328689,26.038262562004213,-3.8255669458306207
15719.114966966481,8733.605714406436,26.173410408975524,9.196333054169381
15719.114966966481,8957.655916484186,26.23177075318889,-5.8982669458306205
15832.179318719944,331.72313649084947,26.593425604586727,-7.05039194583062
15832.179318719944,555.7733385685985,26.598281509346823,-0.9959202791639536
15832.179318719944,779.8235406463475,26.47120251506642,0.5106997208360464
15832.179318719944,1003.8737427240965,26.413614783195413,-2.99528694583062
15832.179318719944,1227.9239448018454,26.294281581523546,2.193575911312237
15832.179318719944,1451.9741468795944,26.249206058628804,1.6512768041693806
15832.179318719944,1676.0243489573436,26.096571416714465,5.235803054169379
15832.179318719944,1900.0745510350926,26.081501561092264,39.15994416528049
15832.179318719944,2124.1247531128415,25.945531368346707,15.354920554169382
15832.179318719944,2348.1749551905905,25.987400848614147,12.066961625597951
15832.179318719944,2572.2251572683394,25.8895733513455,19.98460805416938
15832.179318719944,2796.2753593460884,25.74313968124987,-1.7922169458306207
15832.179318719944,3020.3255614238374,25.79808061462997,2.7018830541693797
15832.179318719944,3244.3757635015863,25.70052004487667,0.7401955541693797
15832.179318719944,3468.4259655793353,25.692065013766864,40.90650805416938
15832.179318719944,3692.4761676570843,25.674456666586895,11.93300448274081
15832.179318719944,3916.5263697348337,25.691979465228883,22.49221638750271
15832.179318719944,4140.576571812582,25.6643662607333,38.64059733988366
15832.179318719944,4364.626773890332,25.57183508646506,50.02477591131224
15832.179318719944,4588.67697596808,25.647948267259725,-3.0724002791639538
15832.179318719944,4812.7271780458295,25.560349289754626,2.0030330541693795
15832.179318719944,5036.777380123578,25.650242237005603,16.172999720836042
15832.179318719944,5260.8275822013275,25.593215109147337,-3.4095419458306204
15832.179318719944,5484.877784279076,25.565769645614868,6.32653305416938
15832.179318719944,5708.927986356825,25.602871664665706,8.094662465934087
15832.179318719944,5932.978188434574,25.62432213156596,23.273866387502714
15832.179318719944,6157.028390512323,25.683228345960316,-6.738586945830621
15832.179318719944,6381.078592590072,25.64977277257357,18.946058054169377
15832.179318719944,6605.128794667821,25.7374492192178,-5.7660669458306195
15832.179318719944,6829.178996745571,25.76723873027437,19.538051235987556
15832.179318719944,7053.229198823319,25.800427413024682,13.160305781442107
15832.179318719944,7277.279400901069,25.86680495745433,44.1837052763916
15832.179318719944,7501.329602978817,25.922483768866392,30.172165054169383
15832.179318719944,7725.379805056566,26.03745330233541,5.866874720836048
15832.179318719944,7949.430007134315,26.115092684835446,-3.69116694583062
15832.179318719944,8173.480209212064,26.173686294965844,15.231533054169379
15832.179318719944,8397.530411289814,26.12747368800207,3.71033305416938
15832.179318719944,8621.580613367561,26.23735535953824,2.418066387502713
15832.179318719944,8845.63081544531,26.309999405968494,5.485487599623926
15832.179318719944,9069.68101752306,26.494686860541385,-4.57788694583062
15945.243670473406,443.74823752972395,26.75680423740971,9.206491387502712
15945.243670473406,667.798439607473,26.675535651861495,18.03553305416938
15945.243670473406,891.848641685222,26.561087060368248,-6.48256694583062
15945.243670473406,1115.898843762971,26.493813993190688,22.095433054169376
15945.243670473406,1339.94904584072,26.388971750479254,-5.449594218557893
15945.243670473406,1563.9992479184689,26.295444907681595,5.458379720836047
15945.243670473406,1788.0494499962178,26.297634718395976,8.09981083194716
15945.243670473406,2012.0996520739668,26.155692470636396,56.696920554169374
15945.243670473406,2236.1498541517158,26.121925839180903,1.451986900323225
15945.243670473406,2460.2000562294647,26.042567018613887,27.535220554169378
15945.243670473406,2684.2502583072137,26.066881321250946,-0.6100419458306203
15945.243670473406,2908.3004603849627,25.97035941013834,6.38690805416938
15945.243670473406,3132.350662462712,25.962143907445462,-3.9073919458306205
15945.243670473406,3356.400864540461,25.904944479741463,4.67058105416938
15945.243670473406,3580.4510666182096,25.852396584998413,6.5484901970265215
15945.243670473406,3804.501268695959,25.85105746631844,9.171353054169382
15945.243670473406,4028.5514707737075,25.79071564788321,16.208519720836044
15945.243670473406,4252.601672851457,25.785003706536518,18.920633054169386
15945.243670473406,4476.651874929205,25.7862308828634,-3.14966694583062
15945.243670473406,4700.702077006955,25.70510282484772,4.541783054169381
15945.243670473406,4924.752279084704,25.707371397721513,30.51509555416938
15945.243670473406,5148.802481162453,25.694884885743228,5.024669417805744
15945.243670473406,5372.852683240202,25.697976258487458,8.686010831947158
15945.243670473406,5596.902885317951,25.702559808734453,8.471449720836045
15945.243670473406,5820.9530873957,25.82370313482082,21.768896690533015
15945.243670473406,6045.003289473449,25.772573038808996,23.47161805416938
15945.243670473406,6269.053491551198,25.874831027281743,11.960087599623925
15945.243670473406,6493.1036936289465,25.905704394106156,36.685261625597946
15945.243670473406,6717.153895706696,25.81447054299857,8.69704305416938
15945.243670473406,6941.2040977844445,25.94922789319287,19.405115407110557
15945.243670473406,7165.254299862194,25.966196232227862,26.668958768455095
15945.243670473406,7389.304501939942,26.02816918740989,2.0869080541693803
15945.243670473406,7613.354704017692,26.121569596353133,20.56206805416938
15945.243670473406,7837.40490609544,26.160246593541764,4.024943580485169
15945.243670473406,8061.45510817319,26.283452191727434,26.906299720836046
15945.243670473406,8285.50531025094,26.278982086726074,-0.8860002791639534
15945.243670473406,8509.555512328689,26.41120057433949,-6.85691694583062
15945.243670473406,8733.605714406436,26.408707726397193,-5.257383612497287
15945.243670473406,8957.655916484186,26.485385546673676,8.832220554169378
15945.243670473406,9181.706118561935,26.614781872558023,-2.56420694583062
15945.243670473406,9629.806522717432,26.818748447791922,-5.616452660116335
16058.308022226869,331.72313649084947,26.851390336749592,17.94155305416938
16058.308022226869,555.7733385685985,26.802243216537743,-2.7896515612152353
16058.308022226869,779.8235406463475,26.69156525325677,2.5042393041693796
16058.308022226869,1003.8737427240965,26.662150148275963,-0.18387944583062055
16058.308022226869,1227.9239448018454,26.520860531945672,2.750195554169379
16058.308022226869,1451.9741468795944,26.461938245169506,-4.952926945830621
16058.308022226869,1676.0243489573436,26.357790915017393,26.05409305416938
16058.308022226869,1900.0745510350926,26.398485681572136,1.151199720836047
16058.308022226869,2124.1247531128415,26.333222570677503,4.345655276391603
16058.308022226869,2348.1749551905905,26.217905352707113,5.504258054169379
16058.308022226869,2572.2251572683394,26.21490679992681,8.92208930416938
16058.308022226869,2796.2753593460884,26.067082314744738,9.598816387502714
16058.308022226869,3020.3255614238374,26.129517732109285,2.53711430416938
16058.308022226869,3244.3757635015863,26.041138568705684,11.997114304169378
16058.308022226869,3468.4259655793353,25.93330828072377,40.945693054169375
16058.308022226869,3692.4761676570843,25.916221196237277,12.479060326896654
16058.308022226869,3916.5263697348337,25.980395790571635,0.3519378160741424
16058.308022226869,4140.576571812582,25.864054900796283,13.800304482740808
16058.308022226869,4364.626773890332,25.917333254699685,-4.09336694583062
16058.308022226869,4588.67697596808,25.91743824463547,-5.8041669458306195
16058.308022226869,4812.7271780458295,25.856843157428784,4.713508054169379
16058.308022226869,5036.777380123578,25.867031707648795,0.12902536186168725
16058.308022226869,5260.8275822013275,25.833987039511413,-6.12994194583062
16058.308022226869,5484.877784279076,25.765674781906416,13.191766387502712
16058.308022226869,5708.927986356825,25.810495349704496,-4.02616694583062
16058.308022226869,5932.978188434574,25.928078236884332,11.80299019702652
16058.308022226869,6157.028390512323,25.994807897775384,29.374354482740806
16058.308022226869,6381.078592590072,25.946836390863403,0.2151330541693795
16058.308022226869,6605.128794667821,25.978371470294057,15.19657305416938
16058.308022226869,6829.178996745571,26.018150268875452,15.93259555416938
16058.308022226869,7053.229198823319,26.094061320500384,7.601983054169379
16058.308022226869,7277.279400901069,26.05876277674787,14.800873054169378
16058.308022226869,7501.329602978817,26.097673053424007,4.8731997208360465
16058.308022226869,7725.379805056566,26.177710952224153,3.618978508714835
16058.308022226869,7949.430007134315,26.343738389635572,35.1890507012282
16058.308022226869,8173.480209212064,26.37999297056719,22.72996638750271
16058.308022226869,8397.530411289814,26.428128378680714,32.30182194305827
16058.308022226869,8621.580613367561,26.496058116653632,4.79403305416938
16058.308022226869,8845.63081544531,26.574932209783025,5.2595901970265215
16058.308022226869,9069.68101752306,26.700236450448767,3.4882057814421064
16058.308022226869,9293.73121960081,26.80997976246103,-5.9374002791639535
16058.308022226869,9517.781421678557,26.8382706357024,-3.6544919458306206
16058.308022226869,9741.831623756307,27.063709139081855,-3.251016945830621
16171.37237398033,443.74823752972395,27.011768514010644,15.601077498613822
16171.37237398033,667.798439607473,26.90719765325163,0.3695108319471579
16171.37237398033,891.848641685222,26.839498882769103,6.014211625597952
16171.37237398033,1115.898843762971,26.656730012398654,4.170199720836048
16171.37237398033,2012.0996520739668,26.395681451777257,39.90188860972493
16171.37237398033,2236.1498541517158,26.420537643121484,-2.9381919458306203
16171.37237398033,2460.2000562294647,26.37286496086231,37.46841430416938
16171.37237398033,2684.2502583072137,26.32521021165005,11.523323963260285
16171.37237398033,2908.3004603849627,26.26389077068679,12.258908054169375
16171.37237398033,3132.350662462712,26.15515898578266,17.801769417805744
16171.37237398033,3356.400864540461,26.061090991956142,0.47597055416937994
16171.37237398033,3804.501268695959,25.977113382273153,-6.58606694583062
16171.37237398033,4028.5514707737075,26.086582448759245,9.483616387502714
16171.37237398033,4252.601672851457,26.009081725346146,16.64978305416938
16171.37237398033,4476.651874929205,26.049329411167303,1.93678305416938
16171.37237398033,4700.702077006955,26.04957529671498,2.0429616255979512
16171.37237398033,4924.752279084704,26.02466259140217,2.0836955541693793
16171.37237398033,5148.802481162453,25.91743824463547,6.334083054169378
16171.37237398033,5820.9530873957,26.062705983959802,12.55477305416938
16171.37237398033,6045.003289473449,26.117225168873993,-0.14778459288944443
16171.37237398033,6269.053491551198,26.194840326767146,1.4161330541693802
16171.37237398033,6493.1036936289465,26.143116959851152,7.855866387502712
16171.37237398033,6717.153895706696,26.221327099601364,31.251953054169384
16171.37237398033,6941.2040977844445,26.130738729764424,1.0342130541693795
16171.37237398033,7837.40490609544,26.39852388048036,28.605013054169376
16171.37237398033,8061.45510817319,26.49844623975774,48.84585388750272
16171.37237398033,8285.50531025094,26.54955505993565,-5.1465383744020485
16171.37237398033,8509.555512328689,26.647799719402265,10.006379208015533
16171.37237398033,8733.605714406436,26.68836985214935,0.4496955541693797
16171.37237398033,8957.655916484186,26.74097285667963,-4.7235977150613895
16171.37237398033,9181.706118561935,26.84047320821766,3.4719705541693795
16171.37237398033,9405.756320639684,26.94847449178693,19.796199720836054
16171.37237398033,9629.806522717432,27.060484449530193,12.46100805416938
16171.37237398033,9853.856724795181,27.217690026163286,68.16863305416939
16284.436725733793,331.72313649084947,27.194186874914706,-4.7793669458306205
16284.436725733793,555.7733385685985,27.099935099483012,1.7241880541693804
16284.436725733793,779.8235406463475,27.007777429676654,12.25995805416938
16284.436725733793,1003.8737427240965,26.8950966645742,-5.102250279163953
16284.436725733793,2124.1247531128415,26.56035317661034,6.406227791011484
16284.436725733793,2348.1749551905905,26.505745300390156,47.93599843878477
16284.436725733793,2572.2251572683394,26.46868534355211,14.667705781442107
16284.436725733793,2796.2753593460884,26.487138965313573,7.57894555416938
16284.436725733793,3020.3255614238374,26.244872462098964,-0.68126694583062
16284.436725733793,4140.576571812582,26.187955896019457,14.594313699330671
16284.436725733793,4364.626773890332,26.21006124876396,5.51485805416938
16284.436725733793,4588.67697596808,26.250175817637178,12.563718768455093
16284.436725733793,4812.7271780458295,26.20177464979431,4.591009977246303
16284.436725733793,5036.777380123578,26.112448116782417,-6.63728694583062
16284.436725733793,5932.978188434574,26.1454191657171,9.976383054169379
16284.436725733793,6157.028390512323,26.21528936694659,19.523978508714833
16284.436725733793,6381.078592590072,26.278618560125594,25.043851235987564
16284.436725733793,6605.128794667821,26.29954996035392,-1.2168396731033477
16284.436725733793,6829.178996745571,26.27055779106549,3.5977663875027126
16284.436725733793,7949.430007134315,26.586281846690238,21.394642145078468
16284.436725733793,8173.480209212064,26.672530195418513,6.517847339883666
16284.436725733793,8397.530411289814,26.77851273422347,9.900433054169378
16284.436725733793,8621.580613367561,26.85467914043336,6.789216387502712
16284.436725733793,8845.63081544531,26.893406931440115,14.761945554169383
16284.436725733793,9069.68101752306,26.951664921840585,2.767521943058268
16284.436725733793,9293.73121960081,27.062077729926674,-2.49641694583062
16284.436725733793,9517.781421678557,27.10362235737974,14.998842145078475
16284.436725733793,9741.831623756307,27.236310100339118,2.8454463875027134
16284.436725733793,9965.881825834056,27.37286536857195,3.54244305416938
16397.501077487253,443.74823752972395,27.25862203632858,0.8593143041693794
16397.501077487253,667.798439607473,27.16846267569707,-1.943108612497287
16397.501077487253,891.848641685222,27.068347362699804,-0.6517269458306204
16397.501077487253,2236.1498541517158,26.697565422500666,2.083488609724935
16397.501077487253,2460.2000562294647,26.55865375973449,31.20395479329981
16397.501077487253,2684.2502583072137,26.58374703383864,4.011725911312238
16397.501077487253,2908.3004603849627,26.617508606514104,3.607493054169379
16397.501077487253,4028.5514707737075,26.314630640450922,-5.532909802973478
16397.501077487253,4252.601672851457,26.344102963792743,18.33669555416938
16397.501077487253,4476.651874929205,26.38254424157444,11.286889304169378
16397.501077487253,4700.702077006955,26.391463732507155,8.003896690533017
16397.501077487253,4924.752279084704,26.323542093294527,3.8393044827408085
16397.501077487253,6045.003289473449,26.36535065893919,17.33657305416938
16397.501077487253,6269.053491551198,26.403001660615384,1.6991830541693802
16397.501077487253,6493.1036936289465,26.48170296347163,29.654149720836045
16397.501077487253,6717.153895706696,26.35396505979869,18.52128305416938
16397.501077487253,8061.45510817319,26.739381026575188,30.241433054169377
16397.501077487253,8285.50531025094,26.793690371297256,0.12624416528049032
16397.501077487253,8509.555512328689,26.831341464795965,16.351458054169377
16397.501077487253,8733.605714406436,26.957983302916762,17.48597305416938
16397.501077487253,8957.655916484186,26.943680480498937,-4.74346694583062
16397.501077487253,9181.706118561935,27.033753924407158,-3.9335169458306205
16397.501077487253,9405.756320639684,27.16874615271542,19.104075911312233
16397.501077487253,9629.806522717432,27.265404223925387,-0.9836942185578924
16397.501077487253,9853.856724795181,27.342633910278835,1.24026305416938
16397.501077487253,10077.90692687293,27.380982062877937,3.2721330541693803
16510.565429240716,331.72313649084947,27.47320806775007,-3.6788669458306202
16510.565429240716,555.7733385685985,27.336581497148213,-3.3373851276488025
16510.565429240716,779.8235406463475,27.24183340836691,16.92916162559795
16510.565429240716,2124.1247531128415,26.83041083146247,-1.8523002791639536
16510.565429240716,2348.1749551905905,26.83662306580765,19.49072638750271
16510.565429240716,2572.2251572683394,26.71944978229565,10.943418768455095
16510.565429240716,2796.2753593460884,26.71863247915329,8.902411625597953
16510.565429240716,3020.3255614238374,26.73639488891137,-9.09656694583062
16510.565429240716,4140.576571812582,26.430837026929236,8.9520648723512
16510.565429240716,4364.626773890332,26.496689134522168,7.859267669553995
16510.565429240716,4588.67697596808,26.507222307089457,3.429170554169379
16510.565429240716,4812.7271780458295,26.46110458158281,18.67028522808242
16510.565429240716,6157.028390512323,26.5443600989394,20.69109019702653
16510.565429240716,6381.078592590072,26.528928827133928,16.60084972083604
16510.565429240716,6605.128794667821,26.582478689539588,-2.26650694583062
16510.565429240716,8173.480209212064,26.895982572771093,26.873539720836046
16510.565429240716,8397.530411289814,26.962654147007278,21.178263054169378
16510.565429240716,8621.580613367561,27.041902974259415,4.279773054169378
16510.565429240716,8845.63081544531,27.015891247047072,-5.30121694583062
16510.565429240716,9293.73121960081,27.182368364497847,21.107633054169376
16510.565429240716,9517.781421678557,27.344570824954197,1.9268901970265226
16510.565429240716,9741.831623756307,27.46246893795893,-0.3962361765998509
16510.565429240716,9965.881825834056,27.604308776225533,4.09458305416938
16623.62978099418,443.74823752972395,27.50639377795783,-2.615303309466984
16623.62978099418,667.798439607473,27.37628644756834,-5.148006945830621
16623.62978099418,891.848641685222,27.337894779940928,1.3963730541693795
16623.62978099418,2236.1498541517158,26.93287410614266,2.237662465934085
16623.62978099418,2460.2000562294647,26.882443847156704,29.496460326896656
16623.62978099418,2684.2502583072137,26.915739585570826,10.78740305416938
16623.62978099418,4252.601672851457,26.623050083649346,4.823686387502713
16623.62978099418,4476.651874929205,26.629008579675844,7.38122699356332
16623.62978099418,4700.702077006955,26.559164590988235,-1.0996002791639536
16623.62978099418,4924.752279084704,26.62842782005688,2.61418305416938
16623.62978099418,6045.003289473449,26.68057883290063,-7.24726694583062
16623.62978099418,6269.053491551198,26.691510290698197,6.54733305416938
16623.62978099418,6493.1036936289465,26.693041726219388,5.02833805416938
16623.62978099418,8061.45510817319,26.982213900371413,2.443640197026522
16623.62978099418,8285.50531025094,27.096223403052253,-1.1907377791639535
16623.62978099418,8509.555512328689,27.156367641580765,-0.2149469458306207
16623.62978099418,8733.605714406436,27.14691283324728,-4.6524669458306205
16623.62978099418,9405.756320639684,27.334611006706712,-8.829366945830621
16623.62978099418,9629.806522717432,27.48306426680434,-0.2135794458306206
16623.62978099418,9853.856724795181,27.589542696583496,25.822677498613828
16736.69413274764,331.72313649084947,27.709969063368852,-0.6112869458306204
16736.69413274764,555.7733385685985,27.580316792141044,-2.298933612497287
16736.69413274764,779.8235406463475,27.491637363921054,-6.481839673103348
16736.69413274764,1003.8737427240965,27.507553383251896,-6.80536694583062
16736.69413274764,2348.1749551905905,27.051904889094647,23.646493660229986
16736.69413274764,2572.2251572683394,27.011622310278337,24.524144165280493
16736.69413274764,2796.2753593460884,26.979631182331808,14.637114872351198
16736.69413274764,4364.626773890332,26.802274784260856,2.8175806732169972
16736.69413274764,4588.67697596808,26.712772666384424,15.633738317327277
16736.69413274764,4812.7271780458295,26.765551360611358,12.372765312233893
16736.69413274764,6157.028390512323,26.780484737876087,34.39494609764765
16736.69413274764,6381.078592590072,26.824635148404557,26.518102284938607
16736.69413274764,6605.128794667821,26.816136862489095,22.34413305416938
16736.69413274764,8173.480209212064,27.162016424192764,4.91898305416938
16736.69413274764,8397.530411289814,27.207869220982023,-0.07429421855789299
16736.69413274764,9741.831623756307,27.587293121210642,-6.9287669458306205
16736.69413274764,9965.881825834056,27.80112735903538,8.044121289463497
16849.758484501104,443.74823752972395,27.742854744936604,22.077858054169383
16849.758484501104,667.798439607473,27.685579934241538,-3.2834455172591914
16849.758484501104,891.848641685222,27.598564418209797,-6.6676919458306205
16849.758484501104,2236.1498541517158,27.2494359516506,-3.3595098029734776
16849.758484501104,2460.2000562294647,27.127949111195413,0.39915305416937985
16849.758484501104,2684.2502583072137,27.115339789133902,16.581897339883668
16849.758484501104,4252.601672851457,26.899143066332954,-1.499021491285166
16849.758484501104,4476.651874929205,26.87232406854916,3.17043305416938
16849.758484501104,4700.702077006955,26.867459763412104,16.5537052763916
16849.758484501104,4924.752279084704,26.91120694299477,26.074333054169376
16849.758484501104,6045.003289473449,26.91144020801915,26.165833054169376
16849.758484501104,6269.053491551198,26.977020668038005,41.21481162559795
16849.758484501104,6493.1036936289465,26.979525409171025,7.413833054169379
16849.758484501104,8061.45510817319,27.32789670934065,-0.6807669458306205
16849.758484501104,8285.50531025094,27.35857522197396,-5.066758612497288
16849.758484501104,10077.90692687293,27.924423576606685,0.8379108319471575
16962.822836254567,331.72313649084947,27.899897567120483,-4.013295517259192
16962.822836254567,555.7733385685985,27.830385850253908,-4.67764694583062
16962.822836254567,779.8235406463475,27.753013836232903,3.3760955541693796
16962.822836254567,2124.1247531128415,27.42875841762706,-7.460552660116335
16962.822836254567,2348.1749551905905,27.29655730786655,8.436841387502712
16962.822836254567,2572.2251572683394,27.27290702810427,19.053896690533016
16962.822836254567,2796.2753593460884,27.272252826513366,2.4449463875027138
16962.822836254567,4364.626773890332,27.03795957801733,-0.5051526601163342
16962.822836254567,4588.67697596808,27.036699660548322,4.979495554169381
16962.822836254567,4812.7271780458295,27.02674525571236,17.52148930416938
16962.822836254567,5932.978188434574,27.12073612800337,-4.48264694583062
16962.822836254567,6157.028390512323,27.091076699934245,15.135226804169381
16962.822836254567,6381.078592590072,27.12860044817057,35.38119459263092
16962.822836254567,6605.128794667821,27.11132203853447,-8.56226694583062
16962.822836254567,7949.430007134315,27.518980660458897,-6.73611694583062
16962.822836254567,8173.480209212064,27.435484908133677,-4.392325279163955
16962.822836254567,8397.530411289814,27.460843215854407,-4.133831651712973
16962.822836254567,9965.881825834056,27.933090835538295,-1.5657336124972865
16962.822836254567,10189.932027911806,28.12741138129519,5.294808054169379
17075.88718800803,443.74823752972395,27.957666319223808,-6.80009194583062
17075.88718800803,667.798439607473,27.892421642784644,11.614598271560682
17075.88718800803,891.848641685222,27.87973645139111,-6.406433612497287
17075.88718800803,2012.0996520739668,27.587293121210642,-5.6383669458306205
17075.88718800803,2236.1498541517158,27.495956510338164,10.146638609724937
17075.88718800803,2460.2000562294647,27.396866056086512,39.85962536186169
17075.88718800803,2684.2502583072137,27.428315310509674,26.357899720836045
17075.88718800803,4028.5514707737075,27.182368364497847,-7.8254669458306205
17075.88718800803,4252.601672851457,27.206596018351934,2.8625330541693805
17075.88718800803,4476.651874929205,27.168535727288003,8.71111805416938
17075.88718800803,4700.702077006955,27.187325084482893,5.03255805416938
17075.88718800803,4924.752279084704,27.171978119707173,-2.5546402791639538
17075.88718800803,5820.9530873957,27.25868806070362,-2.1827669458306205
17075.88718800803,6045.003289473449,27.177827479264387,-1.2269794458306198
17075.88718800803,6269.053491551198,27.211589635465543,3.34684555416938
17075.88718800803,6493.1036936289465,27.141003578038852,0.7360830541693799
17075.88718800803,8061.45510817319,27.49874662450118,15.107474720836045
17075.88718800803,8285.50531025094,27.619342636817333,1.748340746477072
17075.88718800803,8509.555512328689,27.59297535950286,-4.80456694583062
17075.88718800803,10301.95712895068,28.150354284710897,7.41699305416938
17188.951539761492,331.72313649084947,28.107204098536553,-2.0250669458306207
17188.951539761492,555.7733385685985,28.067953236699857,-0.9238169458306206
17188.951539761492,779.8235406463475,27.98764652390088,3.296939720836046
17188.951539761492,1003.8737427240965,27.9592090089885,5.78714074647707
17188.951539761492,2124.1247531128415,27.640266739088467,1.0511930541693795
17188.951539761492,2348.1749551905905,27.563218092535102,31.566366387502715
17188.951539761492,2572.2251572683394,27.540719534435407,28.534009977246303
17188.951539761492,2796.2753593460884,27.535488597669893,14.89085305416938
17188.951539761492,4140.576571812582,27.347873495978288,15.68420805416938
17188.951539761492,4364.626773890332,27.317925800048002,7.787849720836046
17188.951539761492,4588.67697596808,27.29583922932387,23.44700305416938
17188.951539761492,4812.7271780458295,27.327727795059488,9.204809244645572
17188.951539761492,5932.978188434574,27.318598134538234,-4.051390475242385
17188.951539761492,6157.028390512323,27.341253521041086,30.76012472083605
17188.951539761492,6381.078592590072,27.40346061119385,3.69269305416938
17188.951539761492,7725.379805056566,27.722554110960985,-3.5472669458306196
17188.951539761492,7949.430007134315,27.668140250063683,11.985316387502712
17188.951539761492,8173.480209212064,27.65821039724869,-4.991831231544905
17188.951539761492,8397.530411289814,27.750005513541186,-3.880719887007091
17188.951539761492,10413.982229989555,28.150354284710897,-4.04556694583062
17302.015891514955,443.74823752972395,28.147416051617537,28.521460326896648
17302.015891514955,667.798439607473,28.13415660216071,-2.8370502791639534
17302.015891514955,891.848641685222,28.058427569932107,21.803308054169378
17302.015891514955,1115.898843762971,27.998764329441872,-6.41931694583062
17302.015891514955,2012.0996520739668,27.79444947630451,0.6374247208360467
17302.015891514955,2236.1498541517158,27.675731702911964,44.803891387502716
17302.015891514955,2460.2000562294647,27.66550178665502,4.440806387502714
17302.015891514955,2684.2502583072137,27.66347743998082,17.02569555416938
17302.015891514955,2908.3004603849627,27.655042177438773,13.08567972083605
17302.015891514955,4028.5514707737075,27.531418305798432,-3.9972369458306205
17302.015891514955,4252.601672851457,27.45624152304018,4.861999720836046
17302.015891514955,4476.651874929205,27.401721161035198,7.044873054169381
17302.015891514955,4700.702077006955,27.441832591515613,11.14356638750271
17302.015891514955,4924.752279084704,27.40277693171545,3.3207120015378004
17302.015891514955,5820.9530873957,27.48430544494623,7.996878508714834
17302.015891514955,6045.003289473449,27.484599068453747,-4.93350980297348
17302.015891514955,6269.053491551198,27.467189362317395,9.80836305416938
17302.015891514955,6493.1036936289465,27.49371814269744,7.53817305416938
17302.015891514955,7613.354704017692,27.78951483165779,-6.39856694583062
17302.015891514955,7837.40490609544,27.752077968525207,13.721353054169379
17302.015891514955,8061.45510817319,27.810238338987826,9.53135805416938
17302.015891514955,8285.50531025094,27.8203703646788,11.736126387502713
17302.015891514955,8509.555512328689,27.924921706665785,0.20285805416937963
17302.015891514955,10301.95712895068,28.150354284710897,0.01413305416937997
17415.080243268418,331.72313649084947,28.150354284710897,19.25980305416938
17415.080243268418,555.7733385685985,28.150354284710893,-0.26945980297347777
17415.080243268418,779.8235406463475,28.150354284710897,1.5205663875027113
17415.080243268418,1003.8737427240965,28.141111823445318,-0.2832526601163346
17415.080243268418,1227.9239448018454,28.13958076336861,22.344733054169378
17415.080243268418,1676.0243489573436,28.06941262263084,-5.82991694583062
17415.080243268418,1900.0745510350926,27.960483128486295,7.99133305416938
17415.080243268418,2124.1247531128415,27.879191815906438,15.230188609724934
17415.080243268418,2348.1749551905905,27.802272639463435,24.83397151570784
17415.080243268418,2572.2251572683394,27.787422238888038,10.942449720836047
17415.080243268418,2796.2753593460884,27.745820613259035,35.21790578144211
17415.080243268418,3020.3255614238374,27.748580925308445,-3.4036502791639536
17415.080243268418,4140.576571812582,27.58901608670243,-3.437825279163954
17415.080243268418,4364.626773890332,27.566860850125003,21.64243305416938
17415.080243268418,4588.67697596808,27.55985983496373,2.536026993563319
17415.080243268418,4812.7271780458295,27.554495075347162,-3.51159194583062
17415.080243268418,5036.777380123578,27.60438913099924,-3.012687998462199
17415.080243268418,5708.927986356825,27.58851878945167,10.72768305416938
17415.080243268418,5932.978188434574,27.55727398906257,2.8401205541693795
17415.080243268418,6157.028390512323,27.61840566243992,6.49283305416938
17415.080243268418,6381.078592590072,27.659162380526823,14.12558305416938
17415.080243268418,6605.128794667821,27.6357762616342,8.601247339883665
17415.080243268418,7501.329602978817,27.861587246075885,13.772333054169378
17415.080243268418,7725.379805056566,27.847538787181637,3.04675805416938
17415.080243268418,7949.430007134315,27.887844763359578,3.023593054169379
17415.080243268418,8173.480209212064,27.97539357334208,2.1065830541693797
17415.080243268418,8397.530411289814,27.984397836270265,-1.7344284842921585
17528.14459502188,443.74823752972395,28.150354284710897,1.4637239632602883
17528.14459502188,667.798439607473,28.150354284710897,11.803366387502711
17528.14459502188,891.848641685222,28.150354284710897,2.655796690533016
17528.14459502188,1115.898843762971,28.150354284710893,-3.785209802973477
17528.14459502188,1339.94904584072,28.14017929233203,10.789038609724933
17528.14459502188,1563.9992479184689,28.124879397755386,-5.351403309466985
17528.14459502188,1788.0494499962178,28.048117457842572,7.71663305416938
17528.14459502188,2012.0996520739668,28.0290772593584,18.40833305416938
17528.14459502188,2236.1498541517158,27.952037479338788,22.667739720836046
17528.14459502188,2460.2000562294647,27.914747456915382,7.513421943058266
17528.14459502188,2684.2502583072137,27.888356861301464,17.038026804169384
17528.14459502188,2908.3004603849627,27.849606149583728,3.9508393041693792
17528.14459502188,3132.350662462712,27.9019765718345,9.136866387502712
17528.14459502188,3804.501268695959,27.84499628743717,2.60483305416938
17528.14459502188,4028.5514707737075,27.681178978644457,15.753553054169382
17528.14459502188,4252.601672851457,27.668401373923444,-5.57468694583062
17528.14459502188,4476.651874929205,27.749253597606803,-2.2716069458306203
17528.14459502188,4700.702077006955,27.668657870319933,4.617215812790068
17528.14459502188,4924.752279084704,27.70153270542546,6.8734830541693785
17528.14459502188,5148.802481162453,27.700038371018323,3.591944165280491
17528.14459502188,5596.902885317951,27.72370872784076,-3.454955834719509
17528.14459502188,5820.9530873957,27.699849809587032,-5.460233612497286
17528.14459502188,6045.003289473449,27.72248566572842,-4.54337944583062
17528.14459502188,6269.053491551198,27.760905824231248,8.963483054169377
17528.14459502188,6493.1036936289465,27.816452684947315,16.200983054169377
17528.14459502188,6717.153895706696,27.739324336823685,16.49008305416938
17528.14459502188,7389.304501939942,27.94405012773125,0.48141305416937996
17528.14459502188,7613.354704017692,27.98479382035923,38.406969417805755
17528.14459502188,7837.40490609544,28.018961955061872,12.829447339883666
17528.14459502188,8061.45510817319,28.039404451203282,0.54578305416938
17528.14459502188,8285.50531025094,28.108230696397918,2.8494830541693794
17528.14459502188,8509.555512328689,28.13598958958779,-1.2541336124972873
17641.208946775343,331.72313649084947,28.150354284710897,7.8024930541693776
17641.208946775343,555.7733385685985,28.150354284710897,-5.802826945830621
17641.208946775343,779.8235406463475,28.150354284710893,-3.9939955172591914
17641.208946775343,1003.8737427240965,28.150354284710893,-2.9862526601163344
17641.208946775343,1227.9239448018454,28.150354284710897,9.077070554169378
17641.208946775343,1451.9741468795944,28.1503542847109,3.057810326896652
17641.208946775343,1676.0243489573436,28.150354284710897,13.285003642404673
17641.208946775343,1900.0745510350926,28.11153033731498,9.10293305416938
17641.208946775343,2124.1247531128415,28.074634240967608,8.489147339883663
17641.208946775343,2348.1749551905905,28.022686055753002,14.013913054169379
17641.208946775343,2572.2251572683394,28.01829157283679,12.41999305416938
17641.208946775343,2796.2753593460884,28.000564539606692,14.571105781442107
17641.208946775343,3020.3255614238374,27.93403990202198,5.6139148723512
17641.208946775343,3244.3757635015863,27.97814541819723,10.341538936522323
17641.208946775343,3468.4259655793353,27.933187643754067,-3.8338669458306196
17641.208946775343,3692.4761676570843,27.942249505202344,7.386999720836047
17641.208946775343,3916.5263697348337,27.854874065149712,21.370496690533017
17641.208946775343,4140.576571812582,27.84009954761489,-0.20819551725919178
17641.208946775343,4364.626773890332,27.82395931423783,-2.3008336124972866
17641.208946775343,4588.67697596808,27.776914711903313,7.237533054169379
17641.208946775343,4812.7271780458295,27.822671834386053,0.9123541068009589
17641.208946775343,5036.777380123578,27.82899246543271,9.38189555416938
17641.208946775343,5260.8275822013275,27.900992124755874,6.247879208015533
17641.208946775343,5484.877784279076,27.855150282904294,10.411399720836046
17641.208946775343,5708.927986356825,27.800426248398036,19.564216387502714
17641.208946775343,5932.978188434574,27.83393564834469,-0.04506694583061943
17641.208946775343,6157.028390512323,27.8477014258975,10.056190197026524
17641.208946775343,6381.078592590072,27.86471756548441,10.285073054169379
17641.208946775343,6605.128794667821,27.91792192910175,-0.8699419458306203
17641.208946775343,6829.178996745571,27.981087985005875,3.292917669553997
17641.208946775343,7053.229198823319,28.06760768560628,81.00799972083604
17641.208946775343,7277.279400901069,28.023516900077933,8.427254482740809
17641.208946775343,7501.329602978817,28.057054501340904,16.430117669553994
17641.208946775343,7725.379805056566,28.090893775129064,17.63196638750271
17641.208946775343,7949.430007134315,28.119060582093617,14.05358305416938
17641.208946775343,8173.480209212064,28.132398415807007,-2.5659002791639534
17641.208946775343,8397.530411289814,28.14736163989359,-3.473189168052843
17641.208946775343,8621.580613367561,28.150354284710897,19.97514555416938
17754.273298528806,443.74823752972395,28.150354284710897,2.3358095247576154
17754.273298528806,667.798439607473,28.150354284710897,10.01159305416938
17754.273298528806,891.848641685222,28.150354284710897,2.3076730541693804
17754.273298528806,1115.898843762971,28.150354284710897,-2.472100279163954
17754.273298528806,1339.94904584072,28.150354284710897,1.2979774986138242
17754.273298528806,1563.9992479184689,28.150354284710897,17.084966387502714
17754.273298528806,1788.0494499962178,28.150354284710897,33.91607055416938
17754.273298528806,2012.0996520739668,28.150354284710897,24.82542305416938
17754.273298528806,2236.1498541517158,28.150354284710897,16.39605805416938
17754.273298528806,2460.2000562294647,28.11799164508013,21.43767055416938
17754.273298528806,2684.2502583072137,28.12263090811454,24.5347687684551
17754.273298528806,2908.3004603849627,28.10636663386777,30.969248438784767
17754.273298528806,3132.350662462712,28.005951538942174,12.069386387502714
17754.273298528806,3356.400864540461,28.055175405701497,2.202359720836046
17754.273298528806,3580.4510666182096,27.985614155120466,8.597423530359858
17754.273298528806,3804.501268695959,28.032153842040707,2.104971515707842
17754.273298528806,4028.5514707737075,27.950505172799033,2.07991305416938
17754.273298528806,4252.601672851457,27.950971323431517,1.8834330541693798
17754.273298528806,4476.651874929205,27.92429333039547,6.094533054169379
17754.273298528806,4700.702077006955,27.946320207208185,-2.2538869458306197
17754.273298528806,4924.752279084704,27.96089134007097,-1.6746447236083983
17754.273298528806,5148.802481162453,27.887046647682084,-4.951794218557893
17754.273298528806,5372.852683240202,27.952115810438354,3.227007128243454
17754.273298528806,5596.902885317951,27.947113937760395,-0.7130969458306201
17754.273298528806,5820.9530873957,27.913919818857895,-2.83009194583062
17754.273298528806,6045.003289473449,27.960489480942105,-4.36036694583062
17754.273298528806,6269.053491551198,28.02596642477066,-4.60356694583062
17754.273298528806,6493.1036936289465,27.972851239825726,13.144056583581145
17754.273298528806,6717.153895706696,28.047019585970315,0.41566638750271334
17754.273298528806,6941.2040977844445,28.06096198813975,38.55082850871483
17754.273298528806,7165.254299862194,28.099001911632428,14.156483054169378
17754.273298528806,7389.304501939942,28.12244347615192,3.7748507012282024
17754.273298528806,7613.354704017692,28.12389488665107,4.099960326896652
17754.273298528806,7837.40490609544,28.147122228308206,7.1826730541693795
17754.273298528806,8061.45510817319,28.150354284710893,1.0294759113122376
17754.273298528806,8285.50531025094,28.150354284710897,-0.4023558347195093
17754.273298528806,8509.555512328689,28.150354284710897,1.1636663875027136
17754.273298528806,8733.605714406436,28.150354284710897,-7.14266694583062
17867.33765028227,331.72313649084947,28.150354284710897,15.134203054169376
17867.33765028227,555.7733385685985,28.150354284710897,7.929658054169378
17867.33765028227,779.8235406463475,28.150354284710897,7.06222055416938
17867.33765028227,1003.8737427240965,28.150354284710897,17.37298305416938
17867.33765028227,1227.9239448018454,28.150354284710897,-6.143333612497287
17867.33765028227,1451.9741468795944,28.150354284710893,2.8675869003232255
17867.33765028227,1676.0243489573436,28.150354284710897,16.95358305416938
17867.33765028227,1900.0745510350926,28.150354284710897,8.577733054169379
17867.33765028227,2124.1247531128415,28.150354284710893,7.404918768455092
17867.33765028227,2348.1749551905905,28.150354284710897,8.78563305416938
17867.33765028227,2572.2251572683394,28.150354284710897,44.306299720836044
17867.33765028227,2796.2753593460884,28.150354284710897,19.981483054169384
17867.33765028227,3020.3255614238374,28.14372442542331,19.737002284938608
17867.33765028227,3244.3757635015863,28.12878760674448,34.81249805416938
17867.33765028227,3468.4259655793353,28.11978486698403,13.026503887502713
17867.33765028227,3692.4761676570843,28.095841090816133,37.80582850871483
17867.33765028227,3916.5263697348337,28.09917582729743,11.007693054169378
17867.33765028227,4140.576571812582,28.071572120814107,-4.865095517259191
17867.33765028227,4364.626773890332,28.062426397103586,-1.9464526601163343
17867.33765028227,4588.67697596808,28.07482743370452,-2.55011694583062
17867.33765028227,4812.7271780458295,28.10099962009793,-4.4803383744020495
17867.33765028227,5036.777380123578,28.086788295627997,12.57888305416938
17867.33765028227,5260.8275822013275,28.073586004603534,10.811803054169381
17867.33765028227,5484.877784279076,28.06780739578717,-1.3598669458306198
17867.33765028227,5708.927986356825,28.13958076336861,-5.55356694583062
17867.33765028227,5932.978188434574,28.08741524220558,37.99086638750271
17867.33765028227,6157.028390512323,28.085535174672227,-2.686483612497287
17867.33765028227,6381.078592590072,28.092087508174263,4.313873054169379
17867.33765028227,6605.128794667821,28.120165984630358,6.198686387502713
17867.33765028227,6829.178996745571,28.134188902624217,9.056096690533016
17867.33765028227,7053.229198823319,28.146763110930124,5.827287220836046
17867.33765028227,7277.279400901069,28.150354284710897,44.550320554169375
17867.33765028227,7501.329602978817,28.150354284710897,4.00563305416938
17867.33765028227,7725.379805056566,28.150354284710897,10.815906738379905
17867.33765028227,7949.430007134315,28.150354284710897,11.12855805416938
17867.33765028227,8173.480209212064,28.150354284710893,-3.6426955172591917
17867.33765028227,8397.530411289814,28.150354284710897,-5.803333612497287
17867.33765028227,8621.580613367561,28.150354284710897,-4.547702239948268
17867.33765028227,8845.63081544531,28.150354284710893,-5.8802526601163345
17867.33765028227,9517.781421678557,28.150354284710897,-1.7709669458306205
17980.40200203573,443.74823752972395,28.150354284710893,2.987640197026523
17980.40200203573,667.798439607473,28.150354284710893,0.9887544827408085
17980.40200203573,891.848641685222,28.150354284710893,15.624204482740808
17980.40200203573,1115.898843762971,28.150354284710897,-2.5800558347195093
17980.40200203573,1339.94904584072,28.150354284710897,-4.402455834719508
17980.40200203573,1563.9992479184689,28.150354284710897,-0.9093002791639534
17980.40200203573,1788.0494499962178,28.150354284710897,1.0637239632602888
17980.40200203573,2012.0996520739668,28.150354284710897,-0.04564194583061987
17980.40200203573,2236.1498541517158,28.150354284710897,11.235683054169382
17980.40200203573,2460.2000562294647,28.150354284710897,24.938491877698787
17980.40200203573,2684.2502583072137,28.150354284710897,0.9761067383799061
17980.40200203573,2908.3004603849627,28.150354284710897,18.76837055416938
17980.40200203573,3132.350662462712,28.150354284710897,11.410016387502715
17980.40200203573,3356.400864540461,28.150354284710897,-5.135858612497287
17980.40200203573,3580.4510666182096,28.1503542847109,8.662401235987561
17980.40200203573,3804.501268695959,28.150354284710897,-3.5688269458306197
17980.40200203573,4028.5514707737075,28.142947488788053,9.55187680416938
17980.40200203573,4252.601672851457,28.118005670281384,-2.7216669458306204
17980.40200203573,4476.651874929205,28.13958076336856,-2.0006002791639537
17980.40200203573,4700.702077006955,28.06399781155716,-5.93056694583062
17980.40200203573,4924.752279084704,28.141534485357624,1.9601875996239249
17980.40200203573,5148.802481162453,28.140759121027145,-1.7428113902750644
17980.40200203573,5372.852683240202,28.14332075764351,9.410046097647642
17980.40200203573,5596.902885317951,28.139571413234393,-0.14785027916395369
17980.40200203573,5820.9530873957,28.137426059100118,-4.21122694583062
17980.40200203573,6045.003289473449,28.150354284710897,-2.58001694583062
17980.40200203573,6269.053491551198,28.148815210233426,-2.6417098029734762
17980.40200203573,6493.1036936289465,28.150354284710897,4.667868348287028
17980.40200203573,6717.153895706696,28.1503542847109,14.742475361861686
17980.40200203573,6941.2040977844445,28.150354284710897,13.635064633116743
17980.40200203573,7165.254299862194,28.150354284710897,18.012980422590427
17980.40200203573,7389.304501939942,28.150354284710897,29.8245552763916
17980.40200203573,7613.354704017692,28.150354284710893,2.166590197026523
17980.40200203573,7837.40490609544,28.150354284710897,23.14394138750271
17980.40200203573,8061.45510817319,28.150354284710897,6.0991330541693785
17980.40200203573,8285.50531025094,28.150354284710897,-4.74841694583062
17980.40200203573,8509.555512328689,28.150354284710897,-2.5910669458306206
17980.40200203573,8733.605714406436,28.150354284710897,8.339987599623923
17980.40200203573,8957.655916484186,28.150354284710897,-2.4779544458306204
17980.40200203573,9181.706118561935,28.150354284710897,20.82975805416938
17980.40200203573,9405.756320639684,28.150354284710897,-1.7760294458306207
17980.40200203573,9629.806522717432,28.150354284710897,4.113383054169379
18093.466353789194,331.72313649084947,28.150354284710897,-6.72261694583062
18093.466353789194,555.7733385685985,28.150354284710897,-0.5631113902750652
18093.466353789194,779.8235406463475,28.150354284710897,11.101887599623925
18093.466353789194,1003.8737427240965,28.150354284710897,2.48553305416938
18093.466353789194,1227.9239448018454,28.150354284710897,-5.9795336124972875
18093.466353789194,1451.9741468795944,28.150354284710897,-4.03736694583062
18093.466353789194,1676.0243489573436,28.150354284710897,-1.0938963575953258
18093.466353789194,1900.0745510350926,28.150354284710897,4.41039555416938
18093.466353789194,2124.1247531128415,28.150354284710893,28.564761625597953
18093.466353789194,2348.1749551905905,28.150354284710897,20.50529669053301
18093.466353789194,2572.2251572683394,28.150354284710897,38.24434481887526
18093.466353789194,2796.2753593460884,28.150354284710893,4.728675911312236
18093.466353789194,3020.3255614238374,28.150354284710897,24.28248305416938
18093.466353789194,3244.3757635015863,28.150354284710897,10.401769417805742
18093.466353789194,3468.4259655793353,28.150354284710893,25.09649972083605
18093.466353789194,3692.4761676570843,28.150354284710897,20.248115407110554
18093.466353789194,3916.5263697348337,28.150354284710897,2.6870518041693803
18093.466353789194,4140.576571812582,28.150354284710897,2.5727774986138234
18093.466353789194,4364.626773890332,28.150354284710893,1.569963823400149
18093.466353789194,4588.67697596808,28.150354284710897,-0.68244694583062
18093.466353789194,4812.7271780458295,28.150354284710897,11.16521305416938
18093.466353789194,5036.777380123578,28.150354284710897,-0.015929445830619837
18093.466353789194,5260.8275822013275,28.150354284710893,3.277233054169379
18093.466353789194,5484.877784279076,28.150354284710897,7.539058054169377
18093.466353789194,5708.927986356825,28.150354284710893,7.725479208015534
18093.466353789194,5932.978188434574,28.150354284710897,2.6647148723511984
18093.466353789194,6157.028390512323,28.150354284710897,28.604542145078472
18093.466353789194,6381.078592590072,28.150354284710897,3.3263552763916007
18093.466353789194,6605.128794667821,28.1503542847109,25.48347396326029
18093.466353789194,6829.178996745571,28.1503542847109,16.839080673217
18093.466353789194,7053.229198823319,28.150354284710897,4.88584214507847
18093.466353789194,7277.279400901069,28.150354284710897,26.09543305416938
18093.466353789194,7501.329602978817,28.1503542847109,26.552559977246297
18093.466353789194,7725.379805056566,28.150354284710897,11.652074720836048
18093.466353789194,7949.430007134315,28.150354284710897,47.45651638750272
18093.466353789194,8173.480209212064,28.150354284710897,-4.3560169458306195
18093.466353789194,8397.530411289814,28.150354284710893,-3.0510669458306205
18093.466353789194,8621.580613367561,28.150354284710893,6.71480448274081
18093.466353789194,8845.63081544531,28.150354284710897,7.25613305416938
18093.466353789194,9069.68101752306,28.150354284710897,3.0282930541693793
18093.466353789194,9293.73121960081,28.150354284710897,3.6973830541693804
18093.466353789194,9517.781421678557,28.150354284710897,1.8592997208360453
18093.466353789194,9741.831623756307,28.150354284710897,-1.7020669458306203
18206.530705542657,443.74823752972395,28.150354284710893,6.645825911312237
18206.530705542657,667.798439607473,28.150354284710897,-5.39450694583062
18206.530705542657,891.848641685222,28.150354284710897,-1.4166569458306202
18206.530705542657,1115.898843762971,28.150354284710897,-5.62072694583062
18206.530705542657,1563.9992479184689,28.150354284710897,3.26580805416938
18206.530705542657,1788.0494499962178,28.150354284710897,-5.4241669458306205
18206.530705542657,2012.0996520739668,28.150354284710897,26.57790180416938
18206.530705542657,2236.1498541517158,28.150354284710897,18.03335805416938
18206.530705542657,2460.2000562294647,28.150354284710897,26.734933054169375
18206.530705542657,2684.2502583072137,28.150354284710893,14.689211625597954
18206.530705542657,2908.3004603849627,28.150354284710897,13.272350701228204
18206.530705542657,3132.350662462712,28.150354284710897,5.973466387502711
18206.530705542657,3580.4510666182096,28.150354284710897,7.900966387502713
18206.530705542657,3804.501268695959,28.150354284710897,-1.6068447236083983
18206.530705542657,4028.5514707737075,28.150354284710893,7.821319720836047
18206.530705542657,4252.601672851457,28.150354284710897,-0.7409002791639535
18206.530705542657,4476.651874929205,28.150354284710897,-1.9170396731033472
18206.530705542657,4700.702077006955,28.150354284710897,1.9199705541693803
18206.530705542657,4924.752279084704,28.150354284710893,6.21559305416938
18206.530705542657,5148.802481162453,28.150354284710897,-3.31579194583062
18206.530705542657,5372.852683240202,28.150354284710897,17.250133054169382
18206.530705542657,5596.902885317951,28.150354284710897,-1.4400169458306202
18206.530705542657,5820.9530873957,28.150354284710893,10.298748438784763
18206.530705542657,6045.003289473449,28.150354284710897,-2.35788694583062
18206.530705542657,6269.053491551198,28.150354284710893,7.024048438784766
18206.530705542657,6493.1036936289465,28.150354284710893,17.268366387502713
18206.530705542657,6717.153895706696,28.150354284710897,29.39676032689665
18206.530705542657,6941.2040977844445,28.150354284710897,9.15310805416938
18206.530705542657,7389.304501939942,28.150354284710897,20.16301638750271
18206.530705542657,7613.354704017692,28.150354284710897,18.959938609724936
18206.530705542657,7837.40490609544,28.150354284710893,25.777368768455094
18206.530705542657,8061.45510817319,28.150354284710897,5.48575805416938
18206.530705542657,8285.50531025094,28.150354284710897,16.556799720836043
18206.530705542657,8509.555512328689,28.150354284710897,6.617095554169379
18206.530705542657,8733.605714406436,28.150354284710897,-5.516044723608398
18206.530705542657,8957.655916484186,28.150354284710897,10.509028887502714
18206.530705542657,9181.706118561935,28.150354284710897,2.694355276391602
18206.530705542657,9405.756320639684,28.150354284710897,-2.6232113902750647
18206.530705542657,9629.806522717432,28.150354284710897,1.74815305416938
18319.59505729612,331.72313649084947,28.150354284710893,-0.29432848429215863
18319.59505729612,555.7733385685985,28.150354284710897,8.199255276391602
18319.59505729612,779.8235406463475,28.150354284710893,0.7568397208360466
18319.59505729612,1003.8737427240965,28.150354284710893,3.237647339883665
18319.59505729612,1900.0745510350926,28.150354284710897,19.329255276391603
18319.59505729612,2124.1247531128415,28.150354284710897,9.213496212064117
18319.59505729612,2348.1749551905905,28.150354284710897,6.764893054169377
18319.59505729612,2572.2251572683394,28.150354284710893,6.576086387502712
18319.59505729612,2796.2753593460884,28.150354284710897,10.20625305416938
18319.59505729612,3020.3255614238374,28.150354284710897,-7.18416694583062
18319.59505729612,3692.4761676570843,28.150354284710897,-7.03536694583062
18319.59505729612,3916.5263697348337,28.150354284710897,-4.353304445830621
18319.59505729612,4140.576571812582,28.150354284710897,7.856671943058267
18319.59505729612,4364.626773890332,28.150354284710893,8.878456131092456
18319.59505729612,4588.67697596808,28.150354284710897,3.6740455541693793
18319.59505729612,4812.7271780458295,28.150354284710897,4.57083305416938
18319.59505729612,5484.877784279076,28.150354284710897,16.549188609724936
18319.59505729612,5708.927986356825,28.1503542847109,16.757614872351198
18319.59505729612,5932.978188434574,28.150354284710897,-4.78626694583062
18319.59505729612,6157.028390512323,28.150354284710897,-1.250226945830621
18319.59505729612,6381.078592590072,28.150354284710897,15.778390948906223
18319.59505729612,6605.128794667821,28.150354284710897,18.275273054169382
18319.59505729612,6829.178996745571,28.150354284710897,12.60863305416938
18319.59505729612,7501.329602978817,28.150354284710897,18.982413054169378
18319.59505729612,7725.379805056566,28.150354284710897,13.02548305416938
18319.59505729612,7949.430007134315,28.150354284710897,10.019955276391602
18319.59505729612,8173.480209212064,28.150354284710897,-0.6751558347195092
18319.59505729612,8397.530411289814,28.150354284710897,0.3723271718164381
18319.59505729612,8621.580613367561,28.150354284710897,1.8276080541693787
18319.59505729612,8845.63081544531,28.150354284710897,-1.7154469458306205
18319.59505729612,9069.68101752306,28.150354284710897,0.0314785087148346
18319.59505729612,9293.73121960081,28.150354284710893,0.40607305416937955
18319.59505729612,9517.781421678557,28.150354284710897,-3.75784194583062
18432.659409049582,443.74823752972395,28.150354284710893,2.7614869003232254
18432.659409049582,667.798439607473,28.150354284710897,11.003283054169378
18432.659409049582,891.848641685222,28.150354284710897,-3.4347113902750643
18432.659409049582,2012.0996520739668,28.150354284710897,6.17644555416938
18432.659409049582,2236.1498541517158,28.150354284710897,3.947108054169379
18432.659409049582,2460.2000562294647,28.150354284710897,24.903466387502718
18432.659409049582,2684.2502583072137,28.150354284710893,8.393786387502713
18432.659409049582,2908.3004603849627,28.150354284710897,-3.4164669458306203
18432.659409049582,4028.5514707737075,28.150354284710897,-6.89301694583062
18432.659409049582,4252.601672851457,28.150354284710897,20.80602396326029
18432.659409049582,4476.651874929205,28.150354284710893,-0.39607361249728695
18432.659409049582,4700.702077006955,28.150354284710897,1.6253955541693799
18432.659409049582,4924.752279084704,28.150354284710897,-1.6199669458306198
18432.659409049582,5596.902885317951,28.150354284710897,16.63021305416938
18432.659409049582,5820.9530873957,28.150354284710897,8.688358054169377
18432.659409049582,6045.003289473449,28.150354284710897,0.40853305416938035
18432.659409049582,6269.053491551198,28.150354284710897,14.00829416528049
18432.659409049582,6493.1036936289465,28.150354284710897,13.349733054169377
18432.659409049582,7613.354704017692,28.150354284710897,15.943869896274643
18432.659409049582,7837.40490609544,28.150354284710893,32.186590197026526
18432.659409049582,8061.45510817319,28.150354284710897,2.9666080541693796
18432.659409049582,8285.50531025094,28.150354284710897,-3.35994194583062
18432.659409049582,8509.555512328689,28.150354284710897,-4.96426694583062
18432.659409049582,8957.655916484186,28.150354284710897,-6.624233612497288
18432.659409049582,9181.706118561935,28.150354284710893,-5.101238374402048
18432.659409049582,9405.756320639684,28.150354284710897,18.19583805416938
18432.659409049582,9629.806522717432,28.150354284710897,10.187599720836047
18545.723760803045,331.72313649084947,28.150354284710897,0.45203305416937956
18545.723760803045,555.7733385685985,28.150354284710897,0.16242396326028877
18545.723760803045,779.8235406463475,28.150354284710897,-0.3063002791639539
18545.723760803045,1003.8737427240965,28.150354284710897,5.67253305416938
18545.723760803045,2124.1247531128415,28.150354284710897,2.4900747208360468
18545.723760803045,2348.1749551905905,28.150354284710897,0.06553305416937932
18545.723760803045,2572.2251572683394,28.150354284710897,31.877456583581147
18545.723760803045,2796.2753593460884,28.150354284710897,8.27274555416938
18545.723760803045,4140.576571812582,28.150354284710897,-5.245906945830621
18545.723760803045,4364.626773890332,28.150354284710897,14.777717264695696
18545.723760803045,4588.67697596808,28.150354284710897,-5.5864002791639535
18545.723760803045,4812.7271780458295,28.150354284710897,2.22143305416938
18545.723760803045,5932.978188434574,28.150354284710897,12.33990805416938
18545.723760803045,6157.028390512323,28.150354284710897,-0.9681469458306197
18545.723760803045,6381.078592590072,28.150354284710904,31.176772339883662
18545.723760803045,6605.128794667821,28.150354284710897,-6.530850279163954
18545.723760803045,7501.329602978817,28.150354284710897,-4.89206694583062
18545.723760803045,7725.379805056566,28.1503542847109,9.85750228493861
18545.723760803045,7949.430007134315,28.150354284710897,-1.3100225013861757
18545.723760803045,8173.480209212064,28.150354284710893,8.906647339883664
18545.723760803045,8397.530411289814,28.150354284710897,21.126399720836044
18545.723760803045,9293.73121960081,28.150354284710897,9.276533054169379
18545.723760803045,9517.781421678557,28.150354284710897,10.39260805416938
18658.788112556507,443.74823752972395,28.150354284710897,3.7807205541693802
18658.788112556507,667.798439607473,28.150354284710893,-3.7189812315449062
18658.788112556507,891.848641685222,28.150354284710897,2.782933054169379
18658.788112556507,2236.1498541517158,28.150354284710893,1.107646387502713
18658.788112556507,2460.2000562294647,28.150354284710893,34.70853305416938
18658.788112556507,2684.2502583072137,28.150354284710897,9.162266387502715
18658.788112556507,4252.601672851457,28.150354284710897,1.5164497208360466
18658.788112556507,4476.651874929205,28.150354284710897,5.978505781442107
18658.788112556507,4700.702077006955,28.150354284710893,-2.7328669458306205
18658.788112556507,5820.9530873957,28.150354284710897,0.80883305416938
18658.788112556507,6045.003289473449,28.150354284710897,9.130450701228204
18658.788112556507,6269.053491551198,28.150354284710897,-1.8611391680528422
18658.788112556507,6493.1036936289465,28.150354284710897,18.093609524757618
18658.788112556507,7613.354704017692,28.150354284710897,8.051749720836048
18658.788112556507,7837.40490609544,28.150354284710897,1.9021622208360462
18658.788112556507,8061.45510817319,28.150354284710893,2.408386387502713
18658.788112556507,8285.50531025094,28.150354284710897,1.23603305416938
18658.788112556507,9405.756320639684,28.150354284710897,2.95698305416938
18658.788112556507,9629.806522717432,28.150354284710897,0.84163305416938
18771.85246430997,555.7733385685985,28.150354284710897,29.62376305416938
18771.85246430997,779.8235406463475,28.150354284710897,-3.71386694583062
18771.85246430997,2348.1749551905905,28.150354284710897,6.780827171816439
18771.85246430997,2572.2251572683394,28.150354284710897,-1.1272544458306206
18771.85246430997,4140.576571812582,28.150354284710897,-6.06751694583062
18771.85246430997,4364.626773890332,28.150354284710893,-0.9564515612152353
18771.85246430997,4588.67697596808,28.150354284710893,39.20949733988367
18771.85246430997,4812.7271780458295,28.150354284710897,-1.1105269458306197
18771.85246430997,5932.978188434574,28.150354284710897,-2.2745002791639535
18771.85246430997,6157.028390512323,28.150354284710897,-0.9061419458306206
18771.85246430997,6381.078592590072,28.1503542847109,9.3778599772463
18771.85246430997,7725.379805056566,28.150354284710897,11.849433054169376
18771.85246430997,7949.430007134315,28.150354284710897,6.650145554169379
18771.85246430997,8173.480209212064,28.150354284710897,6.886493054169381
18771.85246430997,9517.781421678557,28.150354284710897,0.0966530541693797
18884.916816063433,443.74823752972395,28.150354284710897,-2.4284669458306203
18884.916816063433,667.798439607473,28.150354284710893,4.078479720836047
18884.916816063433,891.848641685222,28.150354284710893,6.6467473398836665
18884.916816063433,2236.1498541517158,28.150354284710893,-0.9793812315449062
18884.916816063433,2460.2000562294647,28.150354284710897,5.986133054169379
18884.916816063433,2684.2502583072137,28.150354284710893,-0.24827361249728727
18884.916816063433,4252.601672851457,28.150354284710893,-3.1136869458306218
18884.916816063433,4476.651874929205,28.150354284710897,21.590733054169384
18884.916816063433,4700.702077006955,28.150354284710897,4.6444080541693795
18884.916816063433,5820.9530873957,28.150354284710897,-7.08786694583062
18884.916816063433,6045.003289473449,28.150354284710897,11.743333054169378
18884.916816063433,6269.053491551198,28.1503542847109,16.04843042259043
18884.916816063433,6493.1036936289465,28.150354284710897,-3.4695169458306205
18884.916816063433,7613.354704017692,28.150354284710897,4.52174555416938
18884.916816063433,7837.40490609544,28.150354284710893,-2.5260207919844664
18884.916816063433,8061.45510817319,28.150354284710897,-0.9705002791639533
18884.916816063433,9629.806522717432,28.150354284710893,14.051490197026522
18997.981167816895,555.7733385685985,28.1503542847109,8.969371149407475
18997.981167816895,1003.8737427240965,28.150354284710897,4.223623054169379
18997.981167816895,2124.1247531128415,28.150354284710897,-5.38269194583062
18997.981167816895,2348.1749551905905,28.150354284710893,11.902856131092458
18997.981167816895,2572.2251572683394,28.150354284710897,18.965203642404678
18997.981167816895,4364.626773890332,28.150354284710893,-0.5126823304460044
18997.981167816895,4588.67697596808,28.150354284710897,-6.9428669458306205
18997.981167816895,4812.7271780458295,28.150354284710897,10.81545805416938
18997.981167816895,5932.978188434574,28.150354284710897,7.611023054169381
18997.981167816895,6157.028390512323,28.150354284710897,5.490633054169379
18997.981167816895,6381.078592590072,28.150354284710897,8.84793930416938
18997.981167816895,7501.329602978817,28.150354284710897,2.1794330541693796
18997.981167816895,7725.379805056566,28.150354284710897,-0.09098459288944379
18997.981167816895,7949.430007134315,28.150354284710893,0.6383330541693789
18997.981167816895,8173.480209212064,28.150354284710897,2.6102330541693792
18997.981167816895,9517.781421678557,28.150354284710897,48.09873305416938
19111.045519570358,443.74823752972395,28.150354284710893,7.549119720836048
19111.045519570358,667.798439607473,28.150354284710897,-2.11030694583062
19111.045519570358,891.848641685222,28.150354284710897,5.54992055416938
19111.045519570358,1115.898843762971,28.150354284710897,16.95268305416938
19111.045519570358,2236.1498541517158,28.150354284710893,-1.548459253522928
19111.045519570358,2460.2000562294647,28.150354284710897,42.74027305416938
19111.045519570358,2684.2502583072137,28.150354284710897,19.975433054169383
19111.045519570358,4252.601672851457,28.150354284710897,16.352599720836047
19111.045519570358,4476.651874929205,28.150354284710893,-3.8394026601163347
19111.045519570358,4700.702077006955,28.150354284710897,-0.34013753406591424
19111.045519570358,5820.9530873957,28.150354284710897,-3.4294002791639535
19111.045519570358,6045.003289473449,28.150354284710893,10.219875911312238
19111.045519570358,6269.053491551198,28.150354284710897,-3.8629419458306202
19111.045519570358,6493.1036936289465,28.150354284710897,15.880466387502713
19111.045519570358,7613.354704017692,28.150354284710893,10.574656131092455
19111.045519570358,7837.40490609544,28.150354284710897,-4.813411390275065
19111.045519570358,8061.45510817319,28.150354284710897,-4.625166945830619
19111.045519570358,9629.806522717432,28.150354284710897,-1.2760169458306203
19224.10987132382,331.72313649084947,28.150354284710897,-4.38176694583062
19224.10987132382,555.7733385685985,28.150354284710893,-1.3306900227536973
19224.10987132382,779.8235406463475,28.150354284710897,0.5476997208360466
19224.10987132382,1003.8737427240965,28.150354284710897,-1.949784592889444
19224.10987132382,1227.9239448018454,28.150354284710897,-8.235116945830619
19224.10987132382,2124.1247531128415,28.150354284710893,-0.5020054073690812
19224.10987132382,2348.1749551905905,28.150354284710904,29.836737401995464
19224.10987132382,2572.2251572683394,28.150354284710897,4.33172905416938
19224.10987132382,2796.2753593460884,28.150354284710897,9.72238305416938
19224.10987132382,4364.626773890332,28.150354284710897,2.76812305416938
19224.10987132382,4588.67697596808,28.150354284710897,0.29755305416937905
19224.10987132382,4812.7271780458295,28.150354284710897,-2.3996794458306203
19224.10987132382,5932.978188434574,28.150354284710897,-2.2574669458306205
19224.10987132382,6157.028390512323,28.150354284710897,-8.00706694583062
19224.10987132382,6381.078592590072,28.150354284710897,0.9896893041693797
19224.10987132382,6605.128794667821,28.150354284710897,-2.9199669458306206
19224.10987132382,7501.329602978817,28.150354284710897,12.50774555416938
19224.10987132382,7725.379805056566,28.150354284710897,-6.076516945830621
19224.10987132382,7949.430007134315,28.150354284710897,2.6054274986138246
19224.10987132382,9293.73121960081,28.150354284710897,-3.3647669458306204
19224.10987132382,9517.781421678557,28.150354284710897,15.77438305416938
19337.174223077283,443.74823752972395,28.150354284710897,5.033233054169378
19337.174223077283,667.798439607473,28.150354284710897,-4.2107669458306205
19337.174223077283,891.848641685222,28.150354284710897,-3.0764447236083985
19337.174223077283,1115.898843762971,28.150354284710897,-5.564175279163954
19337.174223077283,2012.0996520739668,28.150354284710897,-7.85666694583062
19337.174223077283,2236.1498541517158,28.150354284710897,5.38562194305827
19337.174223077283,2460.2000562294647,28.1503542847109,36.39542353035986
19337.174223077283,2684.2502583072137,28.150354284710904,15.879308916238344
19337.174223077283,4028.5514707737075,28.150354284710897,0.06553305416938038
19337.174223077283,4252.601672851457,28.150354284710897,5.869941387502714
19337.174223077283,4476.651874929205,28.150354284710897,6.160324720836047
19337.174223077283,4700.702077006955,28.150354284710897,-2.597476036739711
19337.174223077283,4924.752279084704,28.150354284710897,1.8804997208360472
19337.174223077283,5820.9530873957,28.150354284710897,5.916773054169379
19337.174223077283,6045.003289473449,28.150354284710897,0.9220330541693796
19337.174223077283,6269.053491551198,28.150354284710897,31.39884972083605
19337.174223077283,6493.1036936289465,28.150354284710893,3.757979720836046
19337.174223077283,7389.304501939942,28.150354284710893,7.602440197026523
19337.174223077283,7613.354704017692,28.150354284710897,0.07620305416937949
19337.174223077283,7837.40490609544,28.150354284710897,22.551466387502714
19337.174223077283,8061.45510817319,28.150354284710897,-0.6083169458306203
19337.174223077283,9181.706118561935,28.150354284710897,15.082033054169377
19337.174223077283,9405.756320639684,28.150354284710897,13.464599720836048
19450.238574830746,331.72313649084947,28.150354284710893,24.62666162559795
19450.238574830746,555.7733385685985,28.150354284710897,4.651280422590431
19450.238574830746,1003.8737427240965,28.150354284710897,-4.58856694583062
19450.238574830746,1227.9239448018454,28.150354284710897,-1.7091669458306202
19450.238574830746,1451.9741468795944,28.150354284710897,-5.376533612497287
19450.238574830746,1900.0745510350926,28.150354284710897,7.074983054169378
19450.238574830746,2124.1247531128415,28.150354284710897,26.571158054169377
19450.238574830746,2348.1749551905905,28.150354284710897,1.9381694178057438
19450.238574830746,2572.2251572683394,28.150354284710897,14.945024720836047
19450.238574830746,2796.2753593460884,28.150354284710897,2.0144593699588533
19450.238574830746,3020.3255614238374,28.150354284710897,-7.49151694583062
19450.238574830746,3916.5263697348337,28.150354284710893,-2.87956694583062
19450.238574830746,4140.576571812582,28.150354284710897,2.507124720836046
19450.238574830746,4364.626773890332,28.150354284710897,20.0396148723512
19450.238574830746,4588.67697596808,28.150354284710897,-1.0639836124972868
19450.238574830746,4812.7271780458295,28.150354284710897,18.56332194305827
19450.238574830746,5036.777380123578,28.150354284710897,0.7330624659340857
19450.238574830746,5932.978188434574,28.150354284710897,6.693266387502713
19450.238574830746,6157.028390512323,28.150354284710897,-5.890046945830621
19450.238574830746,6381.078592590072,28.1503542847109,7.044819417805743
19450.238574830746,6605.128794667821,28.150354284710897,12.94453930416938
19450.238574830746,7277.279400901069,28.150354284710897,12.105445554169378
19450.238574830746,7501.329602978817,28.150354284710897,18.39733893652232
19450.238574830746,7725.379805056566,28.150354284710897,-3.5003669458306206
19450.238574830746,7949.430007134315,28.150354284710897,-1.6987319458306203
19450.238574830746,8173.480209212064,28.150354284710897,-6.66316694583062
19450.238574830746,9069.68101752306,28.150354284710897,-2.5811669458306206
19450.238574830746,9293.73121960081,28.150354284710897,-0.5260269458306202
19563.30292658421,443.74823752972395,28.150354284710897,1.622316387502713
19563.30292658421,667.798439607473,28.150354284710893,4.121154482740808
19563.30292658421,891.848641685222,28.150354284710897,-6.45116694583062
19563.30292658421,1115.898843762971,28.150354284710897,5.343383054169379
19563.30292658421,1339.94904584072,28.150354284710893,1.4237099772463029
19563.30292658421,1563.9992479184689,28.150354284710897,-5.8362487640124385
19563.30292658421,1788.0494499962178,28.150354284710897,7.010849720836045
19563.30292658421,2012.0996520739668,28.150354284710897,-5.9445586124972865
19563.30292658421,2236.1498541517158,28.150354284710897,11.527448679169378
19563.30292658421,2460.2000562294647,28.150354284710893,28.64913305416938
19563.30292658421,2684.2502583072137,28.150354284710897,20.43403305416938
19563.30292658421,2908.3004603849627,28.150354284710893,5.70829459263092
19563.30292658421,3132.350662462712,28.150354284710897,-3.8102336124972873
19563.30292658421,3356.400864540461,28.150354284710897,-5.80696694583062
19563.30292658421,3580.4510666182096,28.150354284710897,8.995608054169379
19563.30292658421,3804.501268695959,28.150354284710893,-0.645659253522928
19563.30292658421,4028.5514707737075,28.150354284710897,0.6766955541693802
19563.30292658421,4252.601672851457,28.150354284710893,12.019846387502714
19563.30292658421,4476.651874929205,28.150354284710897,3.054174720836047
19563.30292658421,4700.702077006955,28.150354284710897,27.741866387502714
19563.30292658421,4924.752279084704,28.150354284710897,35.23332055416938
19563.30292658421,5148.802481162453,28.150354284710897,11.064621943058267
19563.30292658421,5372.852683240202,28.150354284710897,10.162333054169379
19563.30292658421,5596.902885317951,28.150354284710897,14.41043305416938
19563.30292658421,5820.9530873957,28.150354284710893,15.70948305416938
19563.30292658421,6045.003289473449,28.150354284710897,5.615914872351198
19563.30292658421,6269.053491551198,28.1503542847109,5.211010831947158
19563.30292658421,6493.1036936289465,28.150354284710897,15.00036805416938
19563.30292658421,6717.153895706696,28.150354284710897,1.6266630541693794
19563.30292658421,7165.254299862194,28.150354284710897,2.0462239632602905
19563.30292658421,7389.304501939942,28.150354284710897,-2.8144919458306203
19563.30292658421,7613.354704017692,28.150354284710897,2.3168057814421084
19563.30292658421,7837.40490609544,28.150354284710897,2.2348413875027133
19563.30292658421,8061.45510817319,28.150354284710897,7.441026804169379
19563.30292658421,8957.655916484186,28.150354284710897,33.38596638750271
19563.30292658421,9181.706118561935,28.150354284710897,-2.2922836124972865
19676.36727833767,331.72313649084947,28.150354284710893,-4.566509802973478
19676.36727833767,555.7733385685985,28.150354284710893,4.868190197026522
19676.36727833767,779.8235406463475,28.150354284710897,-4.026000279163954
19676.36727833767,1003.8737427240965,28.150354284710893,-4.035895517259191
19676.36727833767,1227.9239448018454,28.150354284710904,-2.836071293656707
19676.36727833767,1451.9741468795944,28.150354284710893,4.61267305416938
19676.36727833767,1676.0243489573436,28.150354284710897,-6.316033612497287
19676.36727833767,1900.0745510350926,28.150354284710897,-5.163911390275064
19676.36727833767,2124.1247531128415,28.1503542847109,-3.2961225013861757
19676.36727833767,2348.1749551905905,28.1503542847109,-3.2218630996767743
19676.36727833767,2572.2251572683394,28.150354284710897,-2.2672022399482676
19676.36727833767,2796.2753593460884,28.150354284710897,6.025887220836046
19676.36727833767,3020.3255614238374,28.150354284710897,0.5851774986138248
19676.36727833767,3244.3757635015863,28.150354284710893,-6.721595517259192
19676.36727833767,3468.4259655793353,28.150354284710893,-3.3224602791639533
19676.36727833767,3692.4761676570843,28.150354284710897,31.66867055416938
19676.36727833767,3916.5263697348337,28.150354284710897,-0.5554569458306202
19676.36727833767,4140.576571812582,28.150354284710897,33.799613054169384
19676.36727833767,4364.626773890332,28.150354284710893,4.436871515707841
19676.36727833767,4588.67697596808,28.150354284710897,-5.3721769458306206
19676.36727833767,4812.7271780458295,28.1503542847109,12.738369417805744
19676.36727833767,5036.777380123578,28.150354284710897,0.06580527639160197
19676.36727833767,5260.8275822013275,28.150354284710893,4.2602830541693795
19676.36727833767,5484.877784279076,28.150354284710897,-0.49149472360839813
19676.36727833767,5708.927986356825,28.150354284710897,-0.5186375340659142
19676.36727833767,5932.978188434574,28.150354284710897,7.709064633116747
19676.36727833767,6157.028390512323,28.150354284710893,16.699009977246302
19676.36727833767,6381.078592590072,28.1503542847109,4.684403424539751
19676.36727833767,6605.128794667821,28.150354284710893,1.7258663875027132
19676.36727833767,6829.178996745571,28.150354284710897,3.550516387502713
19676.36727833767,7053.229198823319,28.150354284710893,0.9597063875027122
19676.36727833767,7277.279400901069,28.150354284710897,10.477791387502712
19676.36727833767,7501.329602978817,28.150354284710897,22.240278508714837
19676.36727833767,7725.379805056566,28.150354284710897,1.4810230541693792
19676.36727833767,7949.430007134315,28.150354284710897,6.294249720836048
19676.36727833767,8173.480209212064,28.150354284710897,-5.76946694583062
19676.36727833767,8397.530411289814,28.150354284710897,1.1229955541693801
19676.36727833767,8621.580613367561,28.150354284710897,1.9660830541693803
19676.36727833767,8845.63081544531,28.150354284710897,5.633670554169379
19676.36727833767,9069.68101752306,28.150354284710897,0.045508054169379974
19676.36727833767,9293.73121960081,28.150354284710897,23.24268305416938
19789.431630091134,443.74823752972395,28.150354284710897,0.3176830541693798
19789.431630091134,667.798439607473,28.150354284710897,-7.04251694583062
19789.431630091134,891.848641685222,28.150354284710897,-4.58156694583062
19789.431630091134,1115.898843762971,28.150354284710897,1.761803642404673
19789.431630091134,1339.94904584072,28.150354284710897,-2.22776694583062
19789.431630091134,1563.9992479184689,28.150354284710897,-3.3656891680528425
19789.431630091134,1788.0494499962178,28.1503542847109,15.345344592630918
19789.431630091134,2012.0996520739668,28.150354284710897,3.5661830541693798
19789.431630091134,2236.1498541517158,28.150354284710897,-4.49771694583062
19789.431630091134,2460.2000562294647,28.150354284710897,3.1295977600517335
19789.431630091134,2684.2502583072137,28.150354284710893,7.6319473398836655
19789.431630091134,2908.3004603849627,28.150354284710897,7.861942145078472
19789.431630091134,3132.350662462712,28.150354284710897,6.239796690533016
19789.431630091134,3356.400864540461,28.150354284710897,4.20912055416938
19789.431630091134,3580.4510666182096,28.150354284710897,28.288644818875266
19789.431630091134,3804.501268695959,28.150354284710893,4.660890197026522
19789.431630091134,4028.5514707737075,28.150354284710897,15.425266387502711
19789.431630091134,4252.601672851457,28.150354284710897,8.03704358048517
19789.431630091134,4476.651874929205,28.150354284710897,-0.9080774721464098
19789.431630091134,4700.702077006955,28.150354284710893,-5.275652660116334
19789.431630091134,4924.752279084704,28.150354284710897,11.644291387502713
19789.431630091134,5148.802481162453,28.1503542847109,-1.9934487640124383
19789.431630091134,5372.852683240202,28.150354284710897,-1.9904419458306197
19789.431630091134,5596.902885317951,28.150354284710897,7.889958054169381
19789.431630091134,5820.9530873957,28.150354284710897,7.271266387502712
19789.431630091134,6045.003289473449,28.150354284710897,9.966585685748328
19789.431630091134,6269.053491551198,28.150354284710897,6.544641387502711
19789.431630091134,6493.1036936289465,28.150354284710897,-0.10988815795183265
19789.431630091134,6717.153895706696,28.150354284710893,30.550366387502713
19789.431630091134,6941.2040977844445,28.150354284710897,24.864901804169378
19789.431630091134,7165.254299862194,28.1503542847109,-3.1531851276488023
19789.431630091134,7389.304501939942,28.150354284710893,-0.8923002791639542
19789.431630091134,7613.354704017692,28.150354284710893,3.9785638234001492
19789.431630091134,7837.40490609544,28.150354284710893,6.572063823400149
19789.431630091134,8061.45510817319,28.150354284710897,-2.0060294458306203
19789.431630091134,8285.50531025094,28.150354284710904,7.992928706343292
19789.431630091134,8509.555512328689,28.150354284710897,-1.8771794458306201
19789.431630091134,8733.605714406436,28.150354284710897,5.874908054169381
19789.431630091134,8957.655916484186,28.150354284710897,3.5132977600517323
19789.431630091134,9181.706118561935,28.150354284710897,14.059533054169378
19789.431630091134,9405.756320639684,28.150354284710897,-0.40306694583061997
19902.495981844597,1003.8737427240965,28.150354284710897,13.743633054169381
19902.495981844597,1227.9239448018454,28.150354284710897,-7.261833612497287
19902.495981844597,1451.9741468795944,28.150354284710897,18.073859369958857
19902.495981844597,1676.0243489573436,28.150354284710904,9.528854793299812
19902.495981844597,1900.0745510350926,28.150354284710897,3.5993580541693797
19902.495981844597,2124.1247531128415,28.150354284710893,-1.61180694583062
19902.495981844597,2348.1749551905905,28.150354284710897,13.95693305416938
19902.495981844597,2572.2251572683394,28.150354284710897,8.936733054169379
19902.495981844597,2796.2753593460884,28.150354284710893,0.3655638234001485
19902.495981844597,3020.3255614238374,28.150354284710893,2.2585022849386105
19902.495981844597,3244.3757635015863,28.150354284710897,12.481116387502714
19902.495981844597,3468.4259655793353,28.150354284710897,-1.236411390275065
19902.495981844597,3692.4761676570843,28.150354284710897,3.7713780541693795
19902.495981844597,3916.5263697348337,28.150354284710897,-4.27036694583062
19902.495981844597,4140.576571812582,28.150354284710893,2.1085259113122374
19902.495981844597,4364.626773890332,28.150354284710897,3.4906966905330155
19902.495981844597,4588.67697596808,28.150354284710897,-2.86411694583062
19902.495981844597,4812.7271780458295,28.150354284710897,8.458188609724935
19902.495981844597,5036.777380123578,28.150354284710897,-0.312655834719509
19902.495981844597,5260.8275822013275,28.150354284710904,6.410376532430248
19902.495981844597,5484.877784279076,28.150354284710897,14.02423305416938
19902.495981844597,5708.927986356825,28.150354284710897,0.4856980541693794
19902.495981844597,5932.978188434574,28.150354284710897,0.2863219430582686
19902.495981844597,6157.028390512323,28.150354284710897,-0.9032919458306203
19902.495981844597,6381.078592590072,28.1503542847109,-1.2463078549215294
19902.495981844597,6605.128794667821,28.150354284710897,7.7139455541693795
19902.495981844597,6829.178996745571,28.150354284710897,3.20408105416938
19902.495981844597,7053.229198823319,28.1503542847109,15.829221515707843
19902.495981844597,7277.279400901069,28.150354284710897,0.7094497208360465
19902.495981844597,7501.329602978817,28.150354284710897,-2.163577472146409
19902.495981844597,7725.379805056566,28.150354284710897,-4.615389168052842
19902.495981844597,7949.430007134315,28.150354284710893,-5.670809802973478
19902.495981844597,8173.480209212064,28.150354284710897,-1.513058612497287
19902.495981844597,8397.530411289814,28.150354284710893,-3.5140361765998502
19902.495981844597,8621.580613367561,28.150354284710897,9.704766387502714
19902.495981844597,8845.63081544531,28.150354284710893,2.1245792080155326
19902.495981844597,9069.68101752306,28.150354284710897,-1.5575669458306203
19902.495981844597,9293.73121960081,28.150354284710897,0.6285705541693793
20015.56033359806,1339.94904584072,28.150354284710897,-7.750233612497286
20015.56033359806,1563.9992479184689,28.150354284710897,26.129541387502712
20015.56033359806,1788.0494499962178,28.150354284710897,-2.21439194583062
20015.56033359806,2012.0996520739668,28.150354284710897,-4.17826694583062
20015.56033359806,2684.2502583072137,28.150354284710897,-6.47731694583062
20015.56033359806,2908.3004603849627,28.150354284710897,1.9994330541693792
20015.56033359806,3132.350662462712,28.150354284710897,-8.42876694583062
20015.56033359806,3580.4510666182096,28.150354284710897,-6.68094694583062
20015.56033359806,4028.5514707737075,28.150354284710897,-4.43411694583062
20015.56033359806,4476.651874929205,28.150354284710897,8.72293305416938
20015.56033359806,4700.702077006955,28.150354284710897,-0.19940027916395367
20015.56033359806,4924.752279084704,28.150354284710897,4.030433054169379
20015.56033359806,5148.802481162453,28.150354284710897,0.6664130541693801
20015.56033359806,5372.852683240202,28.150354284710897,39.959373054169376
20015.56033359806,5596.902885317951,28.150354284710897,13.70992194305827
20015.56033359806,5820.9530873957,28.150354284710897,5.2039997208360464
20015.56033359806,6493.1036936289465,28.150354284710897,0.40066638750271305
20015.56033359806,6717.153895706696,28.150354284710897,0.6848913875027131
20015.56033359806,6941.2040977844445,28.150354284710897,-0.5622019458306204
20015.56033359806,7165.254299862194,28.150354284710897,-1.8052544458306201
20015.56033359806,7389.304501939942,28.150354284710893,-6.76696694583062
20015.56033359806,7613.354704017692,28.150354284710897,-0.7654669458306209
20015.56033359806,8285.50531025094,28.150354284710897,-6.64704194583062
20015.56033359806,8509.555512328689,28.150354284710893,3.737475911312237
20015.56033359806,8733.605714406436,28.150354284710897,0.7840330541693797
20015.56033359806,8957.655916484186,28.150354284710897,-4.49366694583062
20015.56033359806,9181.706118561935,28.150354284710897,0.4566330541693798
20015.56033359806,9405.756320639684,28.150354284710897,-5.56826694583062
20128.624685351522,5484.877784279076,28.150354284710897,2.5807330541693805
20128.624685351522,5708.927986356825,28.150354284710897,-7.05246694583062
20128.624685351522,6605.128794667821,28.150354284710897,1.44625305416938
20128.624685351522,6829.178996745571,28.150354284710893,-0.07879002275369687
20128.624685351522,7053.229198823319,28.150354284710897,-5.12856694583062
20128.624685351522,7277.279400901069,28.150354284710897,-7.04816694583062
20128.624685351522,8397.530411289814,28.150354284710897,0.18115805416938024
20128.624685351522,8621.580613367561,28.150354284710897,-5.6181669458306205
20128.624685351522,8845.63081544531,28.150354284710897,-4.951746945830619
20128.624685351522,9069.68101752306,28.150354284710893,54.511490197026525
20128.624685351522,9293.73121960081,28.150354284710897,-3.911066945830621
