x_um,y_um,T_min_C,delta_CC3
-217.87067265122866,5373.683648830914,2.1926224735397915,10.18858305416938
-104.22738704584438,2188.1216651006976,6.190493400597553,-8.52556694583062
-104.22738704584438,2393.641793083292,5.70608181795761,-8.47916694583062
-104.22738704584438,2804.6820490484815,4.59604523818571,-4.37631694583062
-104.22738704584438,4243.322944926644,2.091108084837323,-10.58716694583062
-104.22738704584438,4448.843072909238,2.090906266316278,2.8242580541693796
-104.22738704584438,5065.403456857022,1.490170457137485,1.8451330541693802
-104.22738704584438,5270.9235848396165,2.0260552869413067,-2.75387694583062
-104.22738704584438,5476.443712822211,1.8160938347449382,-10.05156694583062
-104.22738704584438,5681.963840804806,1.8160938347449382,-10.676266945830621
-104.22738704584438,5887.4839687874,2.106020123351033,-3.581400279163953
-104.22738704584438,6093.004096769995,2.4219994581548683,-8.366433612497287
-104.22738704584438,6298.524224752589,2.630370150358662,-7.97546694583062
-104.22738704584438,6709.564480717779,3.4576967245124166,-8.93706694583062
-104.22738704584438,6915.084608700374,3.8802343680210196,-7.19716694583062
-104.22738704584438,7942.685248613346,6.37329128850461,-9.239466945830621
-104.22738704584438,8148.205376595942,6.8750742011244,-11.63176694583062
-104.22738704584438,8559.245632561131,7.935463568010648,-9.416500279163953
-104.22738704584438,9792.366400456698,10.995905878900311,-8.17721694583062
9.415898559539897,1468.8012171616165,7.634674976849886,-7.56626694583062
9.415898559539897,2085.3616011094,6.165694565534274,-10.543000279163953
9.415898559539897,2290.8817290919947,5.786455080427334,6.676102284938612
9.415898559539897,2496.4018570745893,5.429729396915311,-2.67774194583062
9.415898559539897,2701.921985057184,4.616112159405323,-6.16736694583062
9.415898559539897,2907.4421130397786,4.2852087474267995,-4.613700279163954
9.415898559539897,3112.9622410223733,3.81726690339445,-6.53096694583062
9.415898559539897,3318.482369004968,3.2861800796754896,-3.6025002791639538
9.415898559539897,3524.0024969875626,2.6227132075053383,-4.617450279163954
9.415898559539897,3729.5226249701573,2.496560984125016,7.896933054169379
9.415898559539897,3935.0427529527515,1.9843055790357351,-10.22766694583062
9.415898559539897,4140.562880935347,1.628956483781226,-7.8538336124972865
9.415898559539897,4346.083008917941,1.6517987184419798,-5.41141694583062
9.415898559539897,4551.603136900535,1.7234686076972883,-9.65526694583062
9.415898559539897,5168.163520848319,1.2072222766748697,9.881449720836047
9.415898559539897,5373.683648830914,1.5154303420910118,-5.323008122301208
9.415898559539897,5579.203776813509,1.4701788884820501,-0.9554081223012081
9.415898559539897,5784.723904796103,1.8296410201328743,-8.520633612497287
9.415898559539897,5990.244032778698,2.1447561006233102,-7.88706694583062
9.415898559539897,6195.764160761292,2.36174598187705,-4.36596694583062
9.415898559539897,6401.2842887438865,2.462757152556998,-3.9188419458306205
9.415898559539897,6606.804416726482,2.902762626538307,6.971799720836047
9.415898559539897,6812.324544709076,3.443608760366535,-5.907426945830621
9.415898559539897,7017.844672691671,3.963074062129107,-11.37386694583062
9.415898559539897,7223.364800674265,4.460502447262499,-1.432866945830621
9.415898559539897,7428.88492865686,4.835539216759211,-11.09384194583062
9.415898559539897,7634.405056639454,5.515823579259643,-6.52616694583062
9.415898559539897,7839.9251846220495,6.07286400598935,-6.97195785492153
9.415898559539897,8045.445312604644,6.463989897528259,-4.75361694583062
9.415898559539897,8250.965440587239,7.091360220494933,-7.621283612497287
9.415898559539897,8456.485568569833,7.634674976849886,-11.98426694583062
9.415898559539897,8662.005696552429,8.116500537864683,-10.198583612497288
9.415898559539897,8867.525824535023,8.626080374560809,-2.6967002791639527
9.415898559539897,9073.045952517617,9.053468087952377,-2.92211694583062
9.415898559539897,9278.566080500212,9.61998199740898,2.560458054169379
9.415898559539897,9484.086208482806,10.065078468158884,-3.3738669458306205
9.415898559539897,9689.606336465402,10.600706739107977,-7.96716694583062
9.415898559539897,9895.126464447996,11.121461884696085,-7.1730869458306215
123.05918416492418,543.9606412399407,9.745417987553084,-8.10246694583062
123.05918416492418,749.4807692225354,9.31289039580469,69.67758305416938
123.05918416492418,1160.5210251877245,8.375840042118742,0.23353305416937964
123.05918416492418,1366.0411531703191,7.746429769453468,9.804066387502713
123.05918416492418,1571.5612811529138,7.235766560598168,6.8645663875027125
123.05918416492418,1777.0814091355082,6.589954793709431,-10.770366945830622
123.05918416492418,1982.601537118103,6.409781122659377,8.636533054169378
123.05918416492418,2188.1216651006976,5.828686112075946,-3.5202942185578934
123.05918416492418,2393.641793083292,5.2460173775972665,-2.046711390275064
123.05918416492418,2599.161921065887,4.495710632087645,2.71133305416938
123.05918416492418,2804.6820490484815,4.229866002107096,-8.52230444583062
123.05918416492418,3010.2021770310757,3.5804226676436,-0.2687760367397104
123.05918416492418,3215.7223050136704,3.1569755223436307,-9.18561694583062
123.05918416492418,3421.242432996265,2.5996753031439503,-9.691550279163954
123.05918416492418,3626.7625609788597,2.3375280305473645,-9.407491945830621
123.05918416492418,3832.2826889614544,1.9642080707525291,-9.05736694583062
123.05918416492418,4037.8028169440486,1.5443270851996023,-9.03594694583062
123.05918416492418,4243.322944926644,1.4986362114439153,-9.57610694583062
123.05918416492418,4448.843072909238,1.3326804676965365,-5.582600279163953
123.05918416492418,5270.9235848396165,0.8712350770421892,-4.574658612497287
123.05918416492418,5476.443712822211,1.168557720824758,-3.849431231544906
123.05918416492418,5681.963840804806,1.1097828024510799,1.6425997208360463
123.05918416492418,5887.4839687874,1.6525880321020874,-4.76476694583062
123.05918416492418,6093.004096769995,1.8597609842740321,-5.90504694583062
123.05918416492418,6298.524224752589,1.8160938347449382,1.3898330541693795
123.05918416492418,6504.0443527351845,2.5890535128591297,10.32894358048517
123.05918416492418,6709.564480717779,2.8567455710827887,2.986018768455094
123.05918416492418,6915.084608700374,3.569252666291094,-4.962937534065914
123.05918416492418,7120.604736682968,3.9328907011825973,-2.215938374402049
123.05918416492418,7326.124864665562,4.39441701473221,1.88463305416938
123.05918416492418,7531.644992648157,4.885600887746789,-5.5709113902750635
123.05918416492418,7737.1651206307515,5.464897746926589,-5.79966694583062
123.05918416492418,7942.685248613346,6.281055720221258,6.797433054169382
123.05918416492418,8148.205376595942,6.686414623331883,-3.04066694583062
123.05918416492418,8353.725504578537,7.1693285678799255,-4.885100279163954
123.05918416492418,8559.245632561131,7.853312064653656,-2.3467214912851655
123.05918416492418,8764.765760543725,8.246680880592047,-5.942050279163954
123.05918416492418,8970.28588852632,8.713750642730465,-3.674844723608398
123.05918416492418,9175.806016508915,9.313580558362036,6.05555305416938
123.05918416492418,9381.32614449151,9.689344980796143,-4.763633612497287
123.05918416492418,9586.846272474104,10.321071120868883,0.6074473398836648
123.05918416492418,9792.366400456698,10.866621144809812,-3.7756098029734777
236.70246977030845,30.160321283454266,10.901551981539702,-2.8411669458306203
236.70246977030845,235.6804492660488,10.526757807127948,20.870633054169378
236.70246977030845,441.20057724864347,10.021891156531424,17.01493305416938
236.70246977030845,646.7207052312381,9.636824297721224,-5.6414669458306195
236.70246977030845,852.2408332138325,8.918892155446299,1.5520997208360463
236.70246977030845,1057.7609611964272,8.509468912276786,6.841699720836046
236.70246977030845,1263.2810891790218,7.807781647592409,-1.6783669458306205
236.70246977030845,1468.8012171616165,7.412308723050554,1.1500330541693797
236.70246977030845,1674.3213451442111,6.869118124770223,24.57388690032322
236.70246977030845,1879.8414731268058,6.226623599236051,9.17483305416938
236.70246977030845,2085.3616011094,5.728565152273326,-1.5212669458306203
236.70246977030845,2290.8817290919947,5.188001243035343,-6.35839194583062
236.70246977030845,2496.4018570745893,4.565925377910368,-8.274722501386176
236.70246977030845,2701.921985057184,4.168034000553894,14.83503305416938
236.70246977030845,2907.4421130397786,3.6410529548719293,-8.486250279163952
236.70246977030845,3112.9622410223733,3.007067317774721,-8.287224088687763
236.70246977030845,3318.482369004968,2.3397132215869503,7.98703305416938
236.70246977030845,3524.0024969875626,1.8276672296301117,-2.51771694583062
236.70246977030845,3729.5226249701573,1.4859298452367624,2.1078401970265226
236.70246977030845,3935.0427529527515,1.2150859525772577,-4.087916945830621
236.70246977030845,4140.562880935347,0.9675183997634005,5.142294592630918
236.70246977030845,4346.083008917941,0.6550583762863279,-4.481544723608398
236.70246977030845,5373.683648830914,0.4100618377301066,2.0204247208360466
236.70246977030845,5579.203776813509,0.8947379050206857,-2.6287169458306203
236.70246977030845,5784.723904796103,0.899528840351941,-5.95761694583062
236.70246977030845,5990.244032778698,0.8715640766105552,-5.3856669458306206
236.70246977030845,6195.764160761292,1.536916841396479,-6.80266694583062
236.70246977030845,6401.2842887438865,1.9029877053710873,-1.8436845928894432
236.70246977030845,6606.804416726482,2.391494939015805,0.5346616255979507
236.70246977030845,6812.324544709076,3.1766096305287586,4.710914872351198
236.70246977030845,7017.844672691671,3.5502155622064064,-6.35874694583062
236.70246977030845,7223.364800674265,3.7650977153433205,-6.03690694583062
236.70246977030845,7428.88492865686,4.38488258059489,0.14486382340014858
236.70246977030845,7634.405056639454,4.829344159514056,-0.8531044458306201
236.70246977030845,7839.9251846220495,5.495072718417333,30.532048438784763
236.70246977030845,8045.445312604644,5.846866862667191,19.87785805416938
236.70246977030845,8250.965440587239,6.649617076194228,-6.719000279163954
236.70246977030845,8456.485568569833,7.396715288108946,-7.4748669458306205
236.70246977030845,8662.005696552429,8.001531325848342,-1.3361669458306196
236.70246977030845,8867.525824535023,8.295133904525235,4.27881305416938
236.70246977030845,9073.045952517617,8.898308413816189,11.344158054169379
236.70246977030845,9278.566080500212,9.351988531568344,-5.343316945830621
236.70246977030845,9484.086208482806,9.937746280483713,-4.646896945830621
236.70246977030845,9689.606336465402,10.320635931023467,-9.111466945830621
236.70246977030845,9895.126464447996,11.027181349004385,22.205466387502714
350.34575537569276,132.9203852747516,10.664116835030127,9.986433054169378
350.34575537569276,338.44051325734614,10.133753836209735,27.56571305416938
350.34575537569276,543.9606412399407,9.646778053108843,14.291677498613824
350.34575537569276,749.4807692225354,9.206651786336007,7.062933054169379
350.34575537569276,955.0008972051298,8.678848103166194,6.86993305416938
350.34575537569276,1160.5210251877245,8.099687047033418,-4.247666945830621
350.34575537569276,1366.0411531703191,7.48485030867837,-2.5657069458306205
350.34575537569276,1571.5612811529138,6.8642986938598884,-0.573446945830621
350.34575537569276,1777.0814091355082,6.217094575846577,5.546908054169379
350.34575537569276,1982.601537118103,5.705613962486184,-10.95871694583062
350.34575537569276,2188.1216651006976,5.214469647074577,-7.465325279163953
350.34575537569276,2393.641793083292,4.6755453216369665,-8.899941945830621
350.34575537569276,2599.161921065887,4.29271461658777,-7.97206694583062
350.34575537569276,3010.2021770310757,3.0701705461496913,-7.70846694583062
350.34575537569276,3215.7223050136704,2.1920990260195325,-8.780938374402048
350.34575537569276,3421.242432996265,1.9205773816774052,-0.6537086124972878
350.34575537569276,3626.7625609788597,1.6578501614406271,-4.80942694583062
350.34575537569276,3832.2826889614544,1.18316185400702,-3.558483612497287
350.34575537569276,4037.8028169440486,0.585599339993168,-6.228624088687764
350.34575537569276,4243.322944926644,0.4705496935040275,-7.985086945830621
350.34575537569276,4448.843072909238,0.34958529805919564,6.60603305416938
350.34575537569276,5270.9235848396165,-0.04476263539894471,2.692214872351198
350.34575537569276,5476.443712822211,-0.05200475549749731,2.55139305416938
350.34575537569276,5681.963840804806,0.11809187341099173,0.9476705541693793
350.34575537569276,5887.4839687874,0.3618161894158985,-7.592026945830621
350.34575537569276,6298.524224752589,0.9564644608512793,2.6119099772463037
350.34575537569276,6504.0443527351845,1.796059131030094,1.7579977600517334
350.34575537569276,6709.564480717779,2.352436136749122,-6.15280694583062
350.34575537569276,6915.084608700374,2.9248725392712474,-3.546300279163954
350.34575537569276,7120.604736682968,3.265014632595925,-8.24699194583062
350.34575537569276,7326.124864665562,3.837108021999626,-9.839946945830619
350.34575537569276,7531.644992648157,4.304870211710584,-7.485011390275064
350.34575537569276,7737.1651206307515,4.843538740130495,-1.752495517259192
350.34575537569276,7942.685248613346,5.4771433892003785,-3.69834194583062
350.34575537569276,8148.205376595942,5.9492348408389,-2.4163669458306205
350.34575537569276,8353.725504578537,6.6420523384347625,-4.58086694583062
350.34575537569276,8559.245632561131,7.259138393399458,-10.21116694583062
350.34575537569276,8764.765760543725,7.751154606130651,-5.668341945830621
350.34575537569276,8970.28588852632,8.379786430867192,-3.2922669458306197
350.34575537569276,9175.806016508915,8.940513203546745,-5.0400989458306205
350.34575537569276,9381.32614449151,9.443154092207022,-4.9009419458306205
350.34575537569276,9586.846272474104,9.933328951670545,41.363923963260284
350.34575537569276,9792.366400456698,10.475688398574391,-4.373466945830621
463.989040981077,235.6804492660488,10.195266694460688,8.335188609724934
463.989040981077,441.20057724864347,9.862359931033762,31.093133054169382
463.989040981077,646.7207052312381,9.090954372968211,13.342766387502714
463.989040981077,852.2408332138325,8.795975824568643,9.619347339883666
463.989040981077,1057.7609611964272,8.164798154680707,4.6714130541693795
463.989040981077,1263.2810891790218,7.651506786273606,-2.28671694583062
463.989040981077,1468.8012171616165,7.2245547857313595,-11.546666945830621
463.989040981077,1674.3213451442111,6.1597139679780915,-4.305233612497286
463.989040981077,1879.8414731268058,5.67470547203754,-9.78516694583062
463.989040981077,2085.3616011094,5.085673629635231,-8.45069194583062
463.989040981077,2290.8817290919947,4.785893134472167,-9.49991694583062
463.989040981077,2907.4421130397786,3.049129476019555,-4.689316945830621
463.989040981077,3112.9622410223733,2.2061560503371958,-6.606885127648803
463.989040981077,3318.482369004968,1.6066026470498018,-9.25326694583062
463.989040981077,3524.0024969875626,1.3622125093890052,-9.33873694583062
463.989040981077,3729.5226249701573,1.0165272636428395,-10.38536694583062
463.989040981077,3935.0427529527515,0.20606732266163574,-2.6121669458306207
463.989040981077,4140.562880935347,-0.35482914938394816,-8.47402944583062
463.989040981077,4346.083008917941,0.009713552680226285,-7.80946694583062
463.989040981077,5373.683648830914,-0.7847269301730916,-3.77466694583062
463.989040981077,5579.203776813509,-0.5218069204398755,18.53209555416938
463.989040981077,5784.723904796103,-0.4357400702459455,-9.63522694583062
463.989040981077,5990.244032778698,-0.06612431680031446,4.541458054169379
463.989040981077,6195.764160761292,0.4489396431259269,23.987269417805745
463.989040981077,6401.2842887438865,0.8854236201497508,-6.8279977150613895
463.989040981077,6606.804416726482,1.7234686076972883,-10.87326694583062
463.989040981077,7428.88492865686,3.945201632003605,25.34201876845509
463.989040981077,7634.405056639454,4.4726446643051565,10.02224416528049
463.989040981077,7839.9251846220495,5.091190133828912,-4.31656694583062
463.989040981077,8045.445312604644,5.614854416543221,27.03804074647707
463.989040981077,8250.965440587239,6.054775566520739,-7.53576694583062
463.989040981077,8456.485568569833,6.823936590574857,3.5742901970265213
463.989040981077,8662.005696552429,7.370842412821371,-2.1400669458306205
463.989040981077,8867.525824535023,7.902231101385953,-3.066366945830621
463.989040981077,9073.045952517617,8.615925059092223,-4.91650694583062
463.989040981077,9278.566080500212,9.022547248576059,-8.709616945830621
463.989040981077,9484.086208482806,9.487555497278684,2.407286900323226
463.989040981077,9689.606336465402,10.028918162387006,20.247591387502705
463.989040981077,9895.126464447996,10.548960827768116,0.08056162559795028
577.6323265864612,132.9203852747516,10.39634105172882,3.2858663875027125
577.6323265864612,338.44051325734614,9.89092730700081,12.28662396326029
577.6323265864612,543.9606412399407,9.331265455262187,14.756699720836046
577.6323265864612,749.4807692225354,8.843750770642792,-9.59609194583062
577.6323265864612,955.0008972051298,8.230666947424105,-10.97826694583062
577.6323265864612,1366.0411531703191,6.971779150476219,15.956858054169379
577.6323265864612,1571.5612811529138,6.518198672397141,10.737533054169381
577.6323265864612,1777.0814091355082,5.751031831751044,-11.609106945830622
577.6323265864612,1982.601537118103,5.095108512170217,-6.05589194583062
577.6323265864612,2188.1216651006976,4.855403285268792,-6.714933612497286
577.6323265864612,3215.7223050136704,1.391240195419397,-2.717803309466983
577.6323265864612,3421.242432996265,0.930178080244584,-3.4591336124972867
577.6323265864612,3626.7625609788597,0.48138168864565184,-9.35166694583062
577.6323265864612,3832.2826889614544,0.06760273997653708,-5.64496694583062
577.6323265864612,4037.8028169440486,-0.45851582128681634,-4.74267944583062
577.6323265864612,5476.443712822211,-0.9183129384335859,-5.363283612497287
577.6323265864612,5681.963840804806,-0.8701222381623858,-3.2745836124972865
577.6323265864612,5887.4839687874,-0.6850160391071632,12.316366387502711
577.6323265864612,6093.004096769995,-0.27093689964792866,39.62284305416938
577.6323265864612,6298.524224752589,0.4043951718688144,14.840566387502712
577.6323265864612,7531.644992648157,3.81726690339445,-10.15356694583062
577.6323265864612,7737.1651206307515,4.517491514023273,-3.0860669458306207
577.6323265864612,7942.685248613346,4.9061020162135325,1.3231018041693794
577.6323265864612,8148.205376595942,5.4057847107932595,27.11913305416938
577.6323265864612,8353.725504578537,6.124305174094566,-3.7034740886877624
577.6323265864612,8559.245632561131,6.768941002353199,-5.07146694583062
577.6323265864612,9381.32614449151,9.206482008276037,-9.03621694583062
577.6323265864612,9586.846272474104,9.68275415986438,5.061910831947157
577.6323265864612,9792.366400456698,10.11934443883195,-5.195596945830621
577.6323265864612,9997.886528439294,10.71093497317476,-7.3456669458306205
691.2756121918455,235.6804492660488,9.925289910746294,29.855249720836042
691.2756121918455,441.20057724864347,9.523351189864016,44.22073305416937
691.2756121918455,646.7207052312381,8.929746887596135,-9.21406694583062
691.2756121918455,1468.8012171616165,6.373090229387302,-8.59090444583062
691.2756121918455,1674.3213451442111,5.863648170270657,-9.16680694583062
691.2756121918455,1879.8414731268058,5.191327698904388,-4.71564694583062
691.2756121918455,2085.3616011094,4.71628281626063,-10.27081694583062
691.2756121918455,3318.482369004968,0.850384495351733,-3.5496069458306194
691.2756121918455,3524.0024969875626,0.00889583980273285,-9.893300279163954
691.2756121918455,4140.562880935347,-1.288532773801805,-9.010375279163954
691.2756121918455,5579.203776813509,-1.6448198835445251,-0.9869919458306202
691.2756121918455,5784.723904796103,-1.5258487784862491,-4.533695517259192
691.2756121918455,5990.244032778698,-0.9928865928012389,12.87244555416938
691.2756121918455,6195.764160761292,-0.28569008055337636,13.207190197026522
691.2756121918455,7634.405056639454,3.9768806778137886,-7.35766694583062
691.2756121918455,7839.9251846220495,4.103660991036538,-1.8556469458306204
691.2756121918455,8045.445312604644,5.125399621339802,23.023899720836045
691.2756121918455,8456.485568569833,6.3543809082106675,-11.06241694583062
691.2756121918455,9484.086208482806,9.267502947636514,-9.26606694583062
691.2756121918455,9689.606336465402,9.74772090532694,14.523169417805745
691.2756121918455,9895.126464447996,10.264106058618966,-1.8237669458306207
804.9188977972299,132.9203852747516,9.949688569129773,8.891993054169378
804.9188977972299,338.44051325734614,9.510552403034392,12.660474720836048
804.9188977972299,1366.0411531703191,6.625967552577897,1.25168305416938
804.9188977972299,1571.5612811529138,5.938343507555149,-11.418426945830621
804.9188977972299,1777.0814091355082,5.34338248432479,-3.56179194583062
804.9188977972299,1982.601537118103,4.755566258872804,-8.28846694583062
804.9188977972299,3421.242432996265,-0.25155014361180694,1.7828930541693786
804.9188977972299,3626.7625609788597,-0.6482586581920466,-9.772700279163953
804.9188977972299,4037.8028169440486,-1.7357698528030654,-3.70389194583062
804.9188977972299,5681.963840804806,-1.9844209192949966,49.01793305416938
804.9188977972299,5887.4839687874,-1.6271298930762679,-7.61699194583062
804.9188977972299,6093.004096769995,-1.262458115410008,-6.07996694583062
804.9188977972299,7942.685248613346,4.285818196339697,-0.5658294458306203
804.9188977972299,8148.205376595942,4.945664344700588,26.890856131092463
804.9188977972299,9586.846272474104,9.478458587681384,-6.65136694583062
804.9188977972299,9792.366400456698,9.885405411494734,-0.8192069458306208
804.9188977972299,9997.886528439294,10.321349467042124,-6.48806694583062
918.5621834026142,235.6804492660488,9.686290926097442,62.92378305416938
918.5621834026142,1263.2810891790218,6.518198672397141,-12.05516694583062
918.5621834026142,1468.8012171616165,5.977689575803675,-0.8129669458306203
918.5621834026142,1674.3213451442111,5.5345637812526505,-11.737766945830622
918.5621834026142,1879.8414731268058,4.735145075913086,-8.591450279163954
918.5621834026142,3524.0024969875626,-0.7925416153028617,-6.636976036739711
918.5621834026142,3935.0427529527515,-2.2435510148501883,-9.51116694583062
918.5621834026142,4140.562880935347,-2.263772416297786,-6.892700279163954
918.5621834026142,5579.203776813509,-2.7166963827903934,-7.885233612497288
918.5621834026142,5784.723904796103,-2.8982502231059755,0.7874163875027128
918.5621834026142,5990.244032778698,-2.2071233305674576,-7.20571694583062
918.5621834026142,6195.764160761292,-1.6832179169626467,-8.90236694583062
918.5621834026142,7839.9251846220495,3.796223111143575,-9.08196694583062
918.5621834026142,8045.445312604644,4.52351876669302,-4.461236945830619
918.5621834026142,8250.965440587239,5.129331224163803,-1.4126669458306207
918.5621834026142,9689.606336465402,9.59737250851139,-7.1297336124972865
918.5621834026142,9895.126464447996,10.060121432543358,-5.619100279163955
1032.2054690079983,132.9203852747516,9.754821781868294,27.55509972083604
1032.2054690079983,338.44051325734614,9.428532171734744,93.26613305416937
1032.2054690079983,1366.0411531703191,6.153794336162856,-12.01406694583062
1032.2054690079983,1571.5612811529138,5.441368635459825,1.2302552763916026
1032.2054690079983,1777.0814091355082,4.778437379157267,3.764025911312236
1032.2054690079983,1982.601537118103,4.374181005190651,-8.94756694583062
1032.2054690079983,3421.242432996265,-1.1017958024862553,-7.44806694583062
1032.2054690079983,3626.7625609788597,-1.5219078391084218,-7.751912400376074
1032.2054690079983,4037.8028169440486,-2.779712077057991,-3.7392487640124386
1032.2054690079983,5681.963840804806,-3.0745942111552975,-1.9716794458306202
1032.2054690079983,5887.4839687874,-2.8538642389241877,3.1445430541693797
1032.2054690079983,6093.004096769995,-2.230071964222537,1.5779330541693803
1032.2054690079983,6298.524224752589,-2.121107262276539,-8.336466945830619
1032.2054690079983,7737.1651206307515,3.1139051070418216,-3.5011169458306206
1032.2054690079983,7942.685248613346,3.9025675059150124,-2.2629856958306203
1032.2054690079983,8148.205376595942,4.660649108692237,9.13892055416938
1032.2054690079983,9586.846272474104,9.08427035149511,-5.74456694583062
1032.2054690079983,9792.366400456698,9.708423224422612,-10.705879445830622
1032.2054690079983,9997.886528439294,10.060262155041523,4.371599720836044
1145.8487546133827,30.160321283454266,9.981954574985517,26.58555805416938
1145.8487546133827,1468.8012171616165,5.599753455201864,-2.691306945830621
1145.8487546133827,1674.3213451442111,4.797636948395737,-1.2415336124972869
1145.8487546133827,1879.8414731268058,4.3575652642245934,-3.7026269458306205
1145.8487546133827,2085.3616011094,3.7541355266418255,-7.75406694583062
1145.8487546133827,3524.0024969875626,-1.8379814863094097,-9.327016945830621
1145.8487546133827,3935.0427529527515,-2.5859791158368473,-10.107666945830621
1145.8487546133827,4140.562880935347,-3.941158334101986,-0.9083669458306203
1145.8487546133827,5579.203776813509,-4.586164552501484,-1.0019225013861766
1145.8487546133827,5784.723904796103,-3.7546002890230126,7.418556131092455
1145.8487546133827,5990.244032778698,-3.2870195647725953,3.9653163875027126
1145.8487546133827,6195.764160761292,-2.6750475033271743,2.44910805416938
1145.8487546133827,7634.405056639454,2.2269309796290835,-6.54636694583062
1145.8487546133827,7839.9251846220495,3.249304675802475,-6.791538374402049
1145.8487546133827,8045.445312604644,3.8232378225294656,-5.416600279163954
1145.8487546133827,8250.965440587239,4.736185788237486,-9.574766945830621
1145.8487546133827,9689.606336465402,9.198749527662745,-1.9566669458306203
1145.8487546133827,9895.126464447996,9.814772005037,11.730683054169377
1259.492040218767,-72.59974270784306,10.026689746712252,29.451766387502712
1259.492040218767,132.9203852747516,9.679194993791569,17.60438305416938
1259.492040218767,1571.5612811529138,5.073917704102942,-5.222074088687763
1259.492040218767,1777.0814091355082,4.345779048366217,-2.2543669458306193
1259.492040218767,1982.601537118103,3.570782219155175,2.1550997208360463
1259.492040218767,3626.7625609788597,-2.4342448146707913,-2.69956694583062
1259.492040218767,3832.2826889614544,-3.5948978214118537,0.23873305416937907
1259.492040218767,4037.8028169440486,-4.063418342091991,11.703524720836048
1259.492040218767,4243.322944926644,-5.133865213689266,-9.20611694583062
1259.492040218767,5476.443712822211,-5.696114606964121,-7.03234194583062
1259.492040218767,5681.963840804806,-5.263477187657283,5.606068768455095
1259.492040218767,5887.4839687874,-4.1417550656125615,0.9700530541693796
1259.492040218767,6093.004096769995,-3.5536410658322204,-3.73129694583062
1259.492040218767,6298.524224752589,-3.296284533390539,-5.85229194583062
1259.492040218767,7737.1651206307515,2.412961105105762,-2.564766945830621
1259.492040218767,7942.685248613346,3.340440886545892,-2.1312402791639533
1259.492040218767,8148.205376595942,4.27183350690025,-6.12821694583062
1259.492040218767,8353.725504578537,4.716118867017874,-7.44956694583062
1259.492040218767,9586.846272474104,8.742162221600303,77.36713305416937
1259.492040218767,9792.366400456698,9.307538350607444,-7.426383612497287
1373.135325824151,30.160321283454266,9.711730130510063,17.67430448274081
1373.135325824151,1468.8012171616165,5.2077214922833015,2.0532330541693793
1373.135325824151,1674.3213451442111,4.520299058990367,-7.125530582194256
1373.135325824151,1879.8414731268058,3.735315328639948,-7.442038374402048
1373.135325824151,2085.3616011094,2.8890048587644768,-6.281109802973478
1373.135325824151,3524.0024969875626,-2.6581933840906147,-8.686966945830621
1373.135325824151,3729.5226249701573,-3.5244021611195264,-5.73836694583062
1373.135325824151,4140.562880935347,-5.054020819279249,-4.419895517259191
1373.135325824151,4346.083008917941,-5.901928284040845,-8.79231694583062
1373.135325824151,5373.683648830914,-6.829289427024691,-6.12871694583062
1373.135325824151,5579.203776813509,-5.926837527632,4.318146387502712
1373.135325824151,5784.723904796103,-5.713748680443223,-5.02596694583062
1373.135325824151,5990.244032778698,-4.924664583352015,-8.97003837440205
1373.135325824151,6195.764160761292,-3.994436773103936,7.838993054169379
1373.135325824151,6401.2842887438865,-3.3836094941790913,-5.23826694583062
1373.135325824151,7634.405056639454,2.1513257836980544,-5.421966945830621
1373.135325824151,7839.9251846220495,2.7850235709846816,-5.7663469458306205
1373.135325824151,8045.445312604644,3.3292419965680904,-10.574166945830621
1373.135325824151,8250.965440587239,4.276984153804968,18.382887599623924
1373.135325824151,8456.485568569833,4.736185788237486,9.654933054169378
1373.135325824151,9484.086208482806,8.392347970854598,-8.37136694583062
1373.135325824151,9689.606336465402,8.960686648397937,-3.7100669458306204
1373.135325824151,9895.126464447996,9.504621153217887,-3.23394194583062
1486.7786114295354,-72.59974270784306,9.865937427379688,52.65479555416938
1486.7786114295354,1366.0411531703191,5.3166587761489525,3.5061530541693786
1486.7786114295354,1571.5612811529138,4.6705407003696875,-5.20614194583062
1486.7786114295354,1777.0814091355082,3.8790900363525993,-6.460791945830621
1486.7786114295354,1982.601537118103,3.1919081374695857,-5.056737534065914
1486.7786114295354,2188.1216651006976,2.305774482774297,-7.03330444583062
1486.7786114295354,3421.242432996265,-3.0756325093876846,-2.3440836124972875
1486.7786114295354,3626.7625609788597,-3.761018422312271,9.116033054169378
1486.7786114295354,3832.2826889614544,-4.791834042536367,5.128755276391602
1486.7786114295354,4037.8028169440486,-5.453437059866641,-2.9146891680528424
1486.7786114295354,4243.322944926644,-6.1514663955016475,32.04815805416938
1486.7786114295354,4448.843072909238,-7.342676026493777,-4.160633612497287
1486.7786114295354,4654.363200891833,-8.23204550154487,-10.33346694583062
1486.7786114295354,5065.403456857022,-8.272907663693049,-8.58591694583062
1486.7786114295354,5270.9235848396165,-8.186435094940324,-2.939395517259192
1486.7786114295354,5476.443712822211,-6.869714258590667,-3.5844469458306207
1486.7786114295354,5681.963840804806,-6.971588913437071,-4.515339673103347
1486.7786114295354,5887.4839687874,-6.750204403368675,29.955283054169378
1486.7786114295354,6093.004096769995,-4.808205517918792,8.10526162559795
1486.7786114295354,6298.524224752589,-4.0616934229848605,-5.28246694583062
1486.7786114295354,6504.0443527351845,-3.4775374900207865,-4.712250279163953
1486.7786114295354,7326.124864665562,0.23426345629604609,-3.2617669458306207
1486.7786114295354,7531.644992648157,0.9676709361302102,4.73953305416938
1486.7786114295354,7942.685248613346,3.15723800324218,-10.91596694583062
1486.7786114295354,8148.205376595942,3.7249477975282326,4.042449720836046
1486.7786114295354,8353.725504578537,4.3892562449373065,-1.0260044458306201
1486.7786114295354,8559.245632561131,5.1690508790367,-2.27426694583062
1486.7786114295354,9381.32614449151,8.10010951627965,-6.81306694583062
1486.7786114295354,9586.846272474104,8.552285661649528,-7.95636694583062
1486.7786114295354,9792.366400456698,9.282632097025907,-3.15631694583062
1486.7786114295354,9997.886528439294,9.697155197469256,14.496351235987563
1600.4218970349198,30.160321283454266,9.563300011242399,22.675175911312238
1600.4218970349198,235.6804492660488,8.976156528798839,3.405733054169379
1600.4218970349198,1263.2810891790218,5.668300315005517,-2.9176669458306197
1600.4218970349198,1468.8012171616165,5.051944941749522,-8.47656694583062
1600.4218970349198,1674.3213451442111,4.185813459958839,12.791073054169383
1600.4218970349198,1879.8414731268058,3.328803379203053,-6.31222694583062
1600.4218970349198,2085.3616011094,2.544490116492615,-1.5913752791639537
1600.4218970349198,2290.8817290919947,1.536627238590775,-7.460122501386176
1600.4218970349198,3112.9622410223733,-2.0577245277670353,-5.850800279163953
1600.4218970349198,3318.482369004968,-2.7591726920271347,-8.31284194583062
1600.4218970349198,3524.0024969875626,-3.5951690609756817,-8.911300279163953
1600.4218970349198,3729.5226249701573,-5.262260171006118,-7.96871694583062
1600.4218970349198,3935.0427529527515,-5.805530457643715,-2.3285225013861766
1600.4218970349198,4140.562880935347,-7.342676026493779,-4.851366945830621
1600.4218970349198,4346.083008917941,-7.336178281200345,18.088523054169382
1600.4218970349198,4551.603136900535,-8.088564884147637,-7.2168002791639525
1600.4218970349198,4962.643392865724,-8.81185718435899,-3.3467669458306197
1600.4218970349198,5168.163520848319,-8.233147121660576,-7.716006945830619
1600.4218970349198,5373.683648830914,-7.827907940774189,-1.81426694583062
1600.4218970349198,5784.723904796103,-6.596671961317516,5.565699720836046
1600.4218970349198,6195.764160761292,-4.8920052787244765,-6.60846694583062
1600.4218970349198,6401.2842887438865,-4.3458644646940705,1.2683022849386107
1600.4218970349198,6606.804416726482,-3.5598486449099065,-3.6417919458306205
1600.4218970349198,6812.324544709076,-2.3555512293531584,-8.78586694583062
1600.4218970349198,7017.844672691671,-1.340597725910457,-7.88171694583062
1600.4218970349198,7223.364800674265,-0.5268843448441373,-6.9670336124972865
1600.4218970349198,7428.88492865686,0.4811447885424915,-1.24881694583062
1600.4218970349198,7634.405056639454,1.536916841396479,42.873166387502714
1600.4218970349198,7839.9251846220495,2.203756181134972,-5.563966945830621
1600.4218970349198,8045.445312604644,3.0534180229839363,-9.38186694583062
1600.4218970349198,8250.965440587239,3.8238929947122045,-0.8436836124972874
1600.4218970349198,8456.485568569833,4.616112159405325,-5.617500279163953
1600.4218970349198,8662.005696552429,5.246603766160893,-2.3426794458306204
1600.4218970349198,9073.045952517617,6.67064675563268,-7.9584669458306205
1600.4218970349198,9278.566080500212,7.539512827193354,-2.8579269458306205
1600.4218970349198,9484.086208482806,8.067250119469215,-9.221266945830621
1600.4218970349198,9689.606336465402,8.929746887596135,2.1184330541693797
1600.4218970349198,9895.126464447996,9.282576336402082,-5.99261694583062
1714.065182640304,-72.59974270784306,9.703226266762305,16.818590197026527
1714.065182640304,132.9203852747516,9.182742210854743,4.475021943058268
1714.065182640304,338.44051325734614,8.67437093050645,4.304775911312237
1714.065182640304,543.9606412399407,7.82447343630011,-2.055900279163954
1714.065182640304,955.0008972051298,6.454986707811141,1.1669580541693794
1714.065182640304,1160.5210251877245,5.8487992656389505,6.351973054169379
1714.065182640304,1366.0411531703191,5.188357729699294,6.364854482740806
1714.065182640304,1571.5612811529138,4.422821188612717,-9.11624694583062
1714.065182640304,1777.0814091355082,3.3149692490187213,-6.640800279163954
1714.065182640304,1982.601537118103,2.7502513724023707,-8.025838374402047
1714.065182640304,2188.1216651006976,1.9259887829108853,-7.356146945830619
1714.065182640304,2393.641793083292,1.0984123233128245,-8.88051694583062
1714.065182640304,2599.161921065887,-0.11700665852720248,-6.20401694583062
1714.065182640304,2804.6820490484815,-0.8845535939645054,-8.906838374402048
1714.065182640304,3215.7223050136704,-2.7070042955764873,-9.17216694583062
1714.065182640304,3421.242432996265,-3.90698809603291,-2.71939194583062
1714.065182640304,3626.7625609788597,-4.61825188335141,-9.284841945830621
1714.065182640304,3832.2826889614544,-5.750741438010268,-1.8375469458306202
1714.065182640304,4037.8028169440486,-7.162533801540586,-7.576700279163954
1714.065182640304,4243.322944926644,-8.008108102352594,6.84205805416938
1714.065182640304,4448.843072909238,-8.750099606444708,31.601673054169378
1714.065182640304,4654.363200891833,-8.701045361127774,-8.20046694583062
1714.065182640304,4859.883328874427,-9.804285932761685,-8.119433612497287
1714.065182640304,5065.403456857022,-9.567688734549401,5.081283054169379
1714.065182640304,5270.9235848396165,-9.396532855935401,5.207020554169379
1714.065182640304,5476.443712822211,-9.68118553086264,-9.166416945830619
1714.065182640304,5681.963840804806,-7.827468065640663,-7.738491945830621
1714.065182640304,5887.4839687874,-7.50842078975057,-7.202316945830621
1714.065182640304,6093.004096769995,-5.864084439368291,-4.77651694583062
1714.065182640304,6298.524224752589,-5.357828563300407,8.951828508714833
1714.065182640304,6504.0443527351845,-4.225253537644957,-6.034633612497287
1714.065182640304,6915.084608700374,-2.1401812184852074,-7.536352660116335
1714.065182640304,7120.604736682968,-1.488050000993474,-4.42882944583062
1714.065182640304,7326.124864665562,-0.20278976574137728,-2.2188669458306203
1714.065182640304,7531.644992648157,0.579281381172848,-9.039866945830621
1714.065182640304,7737.1651206307515,1.7462995864078235,-5.893941945830621
1714.065182640304,7942.685248613346,2.287117316406713,-5.56036694583062
1714.065182640304,8353.725504578537,3.98378398565613,-6.00786694583062
1714.065182640304,8559.245632561131,4.960267594869684,0.8527497208360465
1714.065182640304,8764.765760543725,5.503129716333041,-4.315500279163953
1714.065182640304,8970.28588852632,6.314684517611846,26.023853054169383
1714.065182640304,9175.806016508915,6.945641851041415,0.6939330541693796
1714.065182640304,9381.32614449151,7.74615622963609,-9.08986694583062
1714.065182640304,9586.846272474104,8.32706862031188,5.731983054169378
1714.065182640304,9792.366400456698,9.006638128640043,-3.310033612497287
1714.065182640304,9997.886528439294,9.508384584857094,20.235283054169383
1827.7084682456884,30.160321283454266,9.468482453863023,20.648699720836046
1827.7084682456884,235.6804492660488,8.796897562870656,21.71213305416938
1827.7084682456884,441.20057724864347,8.127681898496494,9.08486162559795
1827.7084682456884,646.7207052312381,7.49855904358234,4.6836330541693805
1827.7084682456884,852.2408332138325,6.848565860393329,-10.36811694583062
1827.7084682456884,1057.7609611964272,6.04202304579122,9.10120805416938
1827.7084682456884,1263.2810891790218,5.331682902619712,6.114313054169381
1827.7084682456884,1468.8012171616165,4.520578352181971,-8.035266945830621
1827.7084682456884,1674.3213451442111,3.962811304955241,-8.265709802973477
1827.7084682456884,1879.8414731268058,2.9498244505296767,-6.16284194583062
1827.7084682456884,2085.3616011094,2.1930761651916657,9.278583054169378
1827.7084682456884,2290.8817290919947,1.34905996204984,-9.75756694583062
1827.7084682456884,2496.4018570745893,0.38637655385050707,-7.40289194583062
1827.7084682456884,2701.921985057184,-0.5897818041305296,-9.32186694583062
1827.7084682456884,2907.4421130397786,-1.6274380841230027,-1.8430942185578936
1827.7084682456884,3112.9622410223733,-2.6825741076544816,-6.754950279163954
1827.7084682456884,3318.482369004968,-3.879821692077786,-8.854426945830621
1827.7084682456884,3524.0024969875626,-4.691477850183793,-8.22714194583062
1827.7084682456884,3729.5226249701573,-6.046930535576703,12.372183054169378
1827.7084682456884,3935.0427529527515,-7.00939104716061,-6.346897715061389
1827.7084682456884,4346.083008917941,-9.23280829806515,43.039283054169374
1827.7084682456884,4551.603136900535,-10.271878193037125,-9.45336694583062
1827.7084682456884,4757.12326488313,-10.267915550679852,33.25956638750271
1827.7084682456884,4962.643392865724,-10.88958938503061,-4.90494194583062
1827.7084682456884,5168.163520848319,-10.37820155603477,-7.20159194583062
1827.7084682456884,5373.683648830914,-9.736332633603372,10.788020554169378
1827.7084682456884,5579.203776813509,-9.403049433817635,-9.59296694583062
1827.7084682456884,5784.723904796103,-8.617464955352101,-7.415133612497287
1827.7084682456884,5990.244032778698,-8.068596852952162,-8.461433612497286
1827.7084682456884,6606.804416726482,-4.093380620046336,10.410613054169378
1827.7084682456884,6812.324544709076,-2.7995678564462794,-6.7240002791639535
1827.7084682456884,7017.844672691671,-1.6906526895337957,6.175333054169379
1827.7084682456884,7223.364800674265,-0.8920431077167034,4.879360326896653
1827.7084682456884,7634.405056639454,0.8929233357315979,-6.14556694583062
1827.7084682456884,7839.9251846220495,1.8539377431408715,-5.720633612497287
1827.7084682456884,8045.445312604644,2.586034815289193,-7.3319669458306205
1827.7084682456884,8250.965440587239,3.5426021777627814,-3.959066945830621
1827.7084682456884,8456.485568569833,4.2376813466201755,-5.314811390275064
1827.7084682456884,8662.005696552429,5.067517090791079,-6.1090869458306205
1827.7084682456884,8867.525824535023,5.841024402304169,-1.9316669458306204
1827.7084682456884,9073.045952517617,6.607349664301313,-7.391383612497286
1827.7084682456884,9278.566080500212,7.310635036920153,-5.542216945830621
1827.7084682456884,9484.086208482806,7.981240869932369,7.317673054169378
1827.7084682456884,9689.606336465402,8.477651097127236,-9.272400279163952
1827.7084682456884,9895.126464447996,9.107113418111524,-4.84439194583062
1941.3517538510728,-72.59974270784306,9.610713790050312,38.667155276391604
1941.3517538510728,132.9203852747516,8.914065672928443,5.367583054169381
1941.3517538510728,338.44051325734614,8.449525265105962,1.4000930541693797
1941.3517538510728,543.9606412399407,7.7400401590782595,1.7683473398836658
1941.3517538510728,749.4807692225354,7.018963869133065,8.034563054169379
1941.3517538510728,955.0008972051298,6.3061789310976035,4.375649720836046
1941.3517538510728,1160.5210251877245,5.575989387641377,-5.0151269458306205
1941.3517538510728,1366.0411531703191,4.946697310338672,-4.18646694583062
1941.3517538510728,1571.5612811529138,4.196870143716054,-8.739200279163954
1941.3517538510728,1982.601537118103,2.3395789425865723,1.614249720836046
1941.3517538510728,2188.1216651006976,1.5648779178048422,-7.480786945830621
1941.3517538510728,2393.641793083292,0.5363777255771349,-6.013152660116334
1941.3517538510728,2599.161921065887,-0.25746149041852123,-8.26744194583062
1941.3517538510728,2804.6820490484815,-1.7178406662638208,-8.52031694583062
1941.3517538510728,3010.2021770310757,-2.5030995748496068,-3.2803225013861756
1941.3517538510728,3215.7223050136704,-3.822111371730262,-6.885726945830621
1941.3517538510728,3421.242432996265,-5.2996443598788385,-9.93696694583062
1941.3517538510728,3626.7625609788597,-6.266055403442932,9.329933054169382
1941.3517538510728,3832.2826889614544,-7.263782043730145,-6.981051561215235
1941.3517538510728,4243.322944926644,-10.355050965481386,-8.215166945830621
1941.3517538510728,4448.843072909238,-10.62021499080138,-10.66666694583062
1941.3517538510728,4654.363200891833,-10.914776329431392,-4.74671694583062
1941.3517538510728,4859.883328874427,-11.339873010266112,10.977983054169378
1941.3517538510728,5065.403456857022,-12.261422514689134,-4.02141694583062
1941.3517538510728,5270.9235848396165,-12.258582125640748,-7.53536694583062
1941.3517538510728,5476.443712822211,-10.709024434618735,-8.37466694583062
1941.3517538510728,5681.963840804806,-9.546784207939188,19.021155276391603
1941.3517538510728,5887.4839687874,-8.396595770253281,-7.3574669458306206
1941.3517538510728,6093.004096769995,-7.501889867028991,-9.49356694583062
1941.3517538510728,6915.084608700374,-2.8030142234535704,-2.56731694583062
1941.3517538510728,7120.604736682968,-1.8620271332984784,-3.4817669458306204
1941.3517538510728,7326.124864665562,-0.4495912522502912,-8.352416945830619
1941.3517538510728,7737.1651206307515,1.2311048235140283,-6.11544194583062
1941.3517538510728,8148.205376595942,2.8955822771125703,-3.2862669458306204
1941.3517538510728,8353.725504578537,3.74703275351662,-2.2984086124972865
1941.3517538510728,8559.245632561131,4.374181005190651,-2.90236694583062
1941.3517538510728,8764.765760543725,5.323901398153234,-3.515257854921529
1941.3517538510728,8970.28588852632,6.085900648337771,-8.165450279163954
1941.3517538510728,9175.806016508915,6.754589905852865,-6.04674694583062
1941.3517538510728,9381.32614449151,7.362384192428482,-10.277816945830619
1941.3517538510728,9586.846272474104,8.146623092106044,-0.8958098029734772
1941.3517538510728,9792.366400456698,8.808646286647235,-1.31865444583062
2054.995039456457,30.160321283454266,9.28259027655804,23.691120554169377
2054.995039456457,235.6804492660488,8.59035423984625,63.187973054169376
2054.995039456457,441.20057724864347,7.980685392865986,12.653420554169381
2054.995039456457,646.7207052312381,7.120758698697643,-11.25896694583062
2054.995039456457,852.2408332138325,6.482054392530327,5.316290197026523
2054.995039456457,1057.7609611964272,5.770494458486732,-9.659724088687764
2054.995039456457,1263.2810891790218,5.1365039620416235,-7.004583612497286
2054.995039456457,1468.8012171616165,4.422553115204563,-7.84672694583062
2054.995039456457,1674.3213451442111,3.4327069922030575,-5.555281231544906
2054.995039456457,1879.8414731268058,2.82947921633982,-10.04931694583062
2054.995039456457,2085.3616011094,1.7846167881375121,-1.69236694583062
2054.995039456457,2290.8817290919947,0.9838845880486665,23.806549720836045
2054.995039456457,2496.4018570745893,-0.11320816528641578,-5.99858694583062
2054.995039456457,2701.921985057184,-1.1020625279195713,-5.97041694583062
2054.995039456457,2907.4421130397786,-2.118653978462958,-4.0762669458306195
2054.995039456457,3112.9622410223733,-3.2440087491039336,-7.45209194583062
2054.995039456457,3318.482369004968,-4.565868451893323,0.020658054169379936
2054.995039456457,3524.0024969875626,-6.32292389192986,-8.72246694583062
2054.995039456457,3729.5226249701573,-6.880180054440205,-3.718024088687763
2054.995039456457,3935.0427529527515,-7.82449653689336,-7.98181694583062
2054.995039456457,4140.562880935347,-9.403049433817632,-7.588366945830619
2054.995039456457,4346.083008917941,-10.760144371397617,-7.081095517259192
2054.995039456457,4551.603136900535,-11.827222723031461,-5.179833612497287
2054.995039456457,4757.12326488313,-12.36346023464309,-5.787900279163953
2054.995039456457,4962.643392865724,-11.887269789138774,-7.96826694583062
2054.995039456457,5168.163520848319,-12.752772274328152,3.6580205541693793
2054.995039456457,5373.683648830914,-12.305706264965593,-5.23721694583062
2054.995039456457,5579.203776813509,-10.75571524484811,3.6069830541693797
2054.995039456457,5784.723904796103,-9.861010466350185,-7.63986694583062
2054.995039456457,6195.764160761292,-8.23204550154487,-10.73226694583062
2054.995039456457,6401.2842887438865,-6.789498943626709,-2.6188669458306197
2054.995039456457,6606.804416726482,-5.4865653042424265,-6.15656694583062
2054.995039456457,6812.324544709076,-4.1405312600405075,-7.160800279163953
2054.995039456457,7017.844672691671,-2.3975672018052903,-2.998960279163954
2054.995039456457,7223.364800674265,-1.2608193812710589,-6.312866945830621
2054.995039456457,7428.88492865686,-0.4753851150798987,-6.76906694583062
2054.995039456457,7634.405056639454,0.5792813811728502,-0.9718169458306196
2054.995039456457,7839.9251846220495,1.474297881614266,-4.894600279163954
2054.995039456457,8045.445312604644,2.3887895497268694,-8.050146945830619
2054.995039456457,8250.965440587239,3.4576967245124166,-2.3681669458306196
2054.995039456457,8456.485568569833,3.9350703098366253,-4.586711390275065
2054.995039456457,8662.005696552429,4.828695520425984,-6.427200279163954
2054.995039456457,8867.525824535023,5.572945962429355,-2.3790419458306196
2054.995039456457,9278.566080500212,7.015688590103904,-4.88106694583062
2054.995039456457,9484.086208482806,7.76880732107859,-7.905566945830619
2054.995039456457,9689.606336465402,8.424336245059694,-3.6628214912851647
2054.995039456457,9895.126464447996,9.04101850947211,0.9272830541693796
2168.638325061841,-72.59974270784306,9.482690209895267,41.865733054169375
2168.638325061841,132.9203852747516,8.877342738833294,27.812849720836045
2168.638325061841,338.44051325734614,8.230565770969532,20.00554972083605
2168.638325061841,543.9606412399407,7.556795422064131,18.65684733988366
2168.638325061841,749.4807692225354,6.898509932620985,-10.90486694583062
2168.638325061841,955.0008972051298,6.275985064091896,-3.56316694583062
2168.638325061841,1160.5210251877245,5.4389271432724655,-6.932709802973478
2168.638325061841,1366.0411531703191,4.495601028058426,-6.468633612497286
2168.638325061841,1777.0814091355082,3.114054249227337,-11.25186694583062
2168.638325061841,1982.601537118103,2.190819177562505,-4.548366945830621
2168.638325061841,2188.1216651006976,1.1972517435523802,-7.223366945830621
2168.638325061841,2393.641793083292,0.48138168864565184,-4.9161669458306205
2168.638325061841,2599.161921065887,-0.8703749532150897,-9.832206945830622
2168.638325061841,2804.6820490484815,-1.9654416870418066,-10.038266945830621
2168.638325061841,3010.2021770310757,-2.8249435926502833,-1.3115369458306212
2168.638325061841,3215.7223050136704,-4.280348948406938,13.539673054169375
2168.638325061841,3421.242432996265,-5.374412737624272,-8.18456694583062
2168.638325061841,3626.7625609788597,-6.478118280402171,-7.27486694583062
2168.638325061841,4243.322944926644,-10.6498181387405,-10.031833612497287
2168.638325061841,4654.363200891833,-13.27139219042302,-5.941896945830621
2168.638325061841,4859.883328874427,-13.423242263569476,-1.8079919458306202
2168.638325061841,5065.403456857022,-13.535703763653112,-8.509144723608395
2168.638325061841,5270.9235848396165,-12.825535263967756,-5.15106694583062
2168.638325061841,5476.443712822211,-12.765660146652452,-6.05226694583062
2168.638325061841,5681.963840804806,-11.24753099746655,-8.845600279163953
2168.638325061841,6093.004096769995,-8.579718201596146,2.8655530541693794
2168.638325061841,6298.524224752589,-7.812122597540646,-6.36326694583062
2168.638325061841,6709.564480717779,-4.917795742517858,37.71053305416938
2168.638325061841,6915.084608700374,-3.5244021611195264,-8.82236694583062
2168.638325061841,7120.604736682968,-2.1324721583095743,-4.201528484292158
2168.638325061841,7326.124864665562,-1.0706312277692518,-6.948446945830621
2168.638325061841,7531.644992648157,-0.21180437438706615,-4.211009802973478
2168.638325061841,7737.1651206307515,0.82308635772825,2.22038305416938
2168.638325061841,7942.685248613346,1.620365919802365,-5.9404269458306205
2168.638325061841,8148.205376595942,2.638674753357186,-6.78378694583062
2168.638325061841,8353.725504578537,3.5426021777627814,-11.43696694583062
2168.638325061841,8559.245632561131,4.221894172218202,-3.2889883744020487
2168.638325061841,8764.765760543725,5.091032724091164,-2.82656694583062
2168.638325061841,8970.28588852632,5.927365459801601,-1.73137694583062
2168.638325061841,9175.806016508915,6.445986577632077,-5.7469002791639525
2168.638325061841,9381.32614449151,7.328011011416745,-2.984583612497287
2168.638325061841,9792.366400456698,8.666377815070463,-5.176106945830621
2282.2816106672253,30.160321283454266,9.145461068915559,44.773333054169385
2282.2816106672253,235.6804492660488,8.544804619284548,34.99524843878476
2282.2816106672253,441.20057724864347,7.868907458848959,57.60817591131223
2282.2816106672253,646.7207052312381,7.232815603180249,3.801758054169379
2282.2816106672253,852.2408332138325,6.4426972729548035,7.488241387502714
2282.2816106672253,1057.7609611964272,5.786802510506793,1.6068330541693794
2282.2816106672253,1263.2810891790218,4.891182180138343,-9.930341945830621
2282.2816106672253,1468.8012171616165,4.045455563710878,-9.76416694583062
2282.2816106672253,1674.3213451442111,3.307832875244036,-7.887916945830621
2282.2816106672253,2085.3616011094,1.490170457137485,-7.75426694583062
2282.2816106672253,2290.8817290919947,0.4863467602463953,9.013988609724935
2282.2816106672253,2496.4018570745893,-0.6047526607553343,-9.37096694583062
2282.2816106672253,2701.921985057184,-1.5549242656960909,-4.93994194583062
2282.2816106672253,2907.4421130397786,-2.485836442320834,-10.439366945830619
2282.2816106672253,3112.9622410223733,-4.164578871602993,-7.77336694583062
2282.2816106672253,3318.482369004968,-5.674865216005525,-10.298116945830621
2282.2816106672253,3524.0024969875626,-6.400521086166015,-5.189766945830621
2282.2816106672253,3729.5226249701573,-7.959631087223691,26.72896638750271
2282.2816106672253,3935.0427529527515,-10.092415552425512,7.449133054169378
2282.2816106672253,4140.562880935347,-11.520093680083589,-9.89816694583062
2282.2816106672253,4346.083008917941,-12.763190900344261,-6.3052002791639525
2282.2816106672253,4551.603136900535,-13.83308237981542,-7.171766945830621
2282.2816106672253,4757.12326488313,-14.589892828433063,-7.49406694583062
2282.2816106672253,4962.643392865724,-14.18836601884852,-10.23826694583062
2282.2816106672253,5168.163520848319,-13.92496244547315,-7.871233612497288
2282.2816106672253,5373.683648830914,-14.24740162566238,-8.24569194583062
2282.2816106672253,5579.203776813509,-13.424407647982724,-5.5536269458306196
2282.2816106672253,5784.723904796103,-11.46068962684501,2.7754330541693797
2282.2816106672253,5990.244032778698,-10.205894478869942,25.34635805416938
2282.2816106672253,6195.764160761292,-8.56676518157826,-7.97966694583062
2282.2816106672253,6401.2842887438865,-7.462086406895188,-6.10221694583062
2282.2816106672253,6606.804416726482,-5.896656686701651,23.336775911312237
2282.2816106672253,6812.324544709076,-4.236721706290438,-4.0796669458306205
2282.2816106672253,7017.844672691671,-2.852705235275843,-4.3750169458306205
2282.2816106672253,7223.364800674265,-2.2435510148501883,-2.655766945830621
2282.2816106672253,7428.88492865686,-0.8402224323897804,-7.0903169458306206
2282.2816106672253,7634.405056639454,0.23386766671636286,-3.790700279163954
2282.2816106672253,7839.9251846220495,1.13712329031611,10.501190197026519
2282.2816106672253,8045.445312604644,2.0298362852658243,-4.1569002791639535
2282.2816106672253,8250.965440587239,2.912765624606176,-2.6582769458306204
2282.2816106672253,8456.485568569833,3.7113079532612776,-7.16461694583062
2282.2816106672253,8662.005696552429,4.855403285268792,-2.1227669458306195
2282.2816106672253,8867.525824535023,5.554055548666094,-3.3094669458306205
2282.2816106672253,9073.045952517617,6.116370751417534,-3.77482944583062
2282.2816106672253,9278.566080500212,6.883606648813565,1.7546330541693802
2282.2816106672253,9484.086208482806,7.544092658399858,-4.096083612497288
2282.2816106672253,9689.606336465402,8.405103365551494,-1.8433269458306203
2282.2816106672253,9895.126464447996,8.84377861572729,-6.65911694583062
2395.9248962726097,-72.59974270784306,9.282632097025909,57.02730805416938
2395.9248962726097,132.9203852747516,8.76700564159832,22.69739305416938
2395.9248962726097,338.44051325734614,8.100010935388472,16.567233054169385
2395.9248962726097,543.9606412399407,7.553245129251849,41.18037305416938
2395.9248962726097,749.4807692225354,6.768594154426152,-3.0348669458306197
2395.9248962726097,955.0008972051298,6.0551116743435385,-9.59566694583062
2395.9248962726097,1160.5210251877245,5.21988099993777,2.5085997208360475
2395.9248962726097,1366.0411531703191,4.364755422035778,-10.665026945830622
2395.9248962726097,1571.5612811529138,3.5850549043879623,-11.38156694583062
2395.9248962726097,1982.601537118103,1.9544779159613848,-5.29006694583062
2395.9248962726097,2188.1216651006976,0.8547325261809539,-5.9695836124972885
2395.9248962726097,2393.641793083292,-0.07494420522885868,-6.886738374402048
2395.9248962726097,2599.161921065887,-0.8388903079781072,-12.05986694583062
2395.9248962726097,3010.2021770310757,-3.385000069688583,-11.83586694583062
2395.9248962726097,3421.242432996265,-6.24712226065188,-4.611838374402049
2395.9248962726097,3626.7625609788597,-8.355733608105105,-7.49471694583062
2395.9248962726097,3832.2826889614544,-9.74592250763816,-11.17886694583062
2395.9248962726097,4037.8028169440486,-11.20202949443402,-9.18051694583062
2395.9248962726097,4243.322944926644,-12.357622081910675,-6.876466945830619
2395.9248962726097,4448.843072909238,-14.13897784884064,-9.33206694583062
2395.9248962726097,4654.363200891833,-14.656813963363822,-6.8029669458306214
2395.9248962726097,4859.883328874427,-14.792313355434416,-10.58316694583062
2395.9248962726097,5065.403456857022,-15.123939535401359,1.2857580541693796
2395.9248962726097,5270.9235848396165,-15.284837884390402,-9.380026945830618
2395.9248962726097,5476.443712822211,-14.326005894092944,-6.642066945830621
2395.9248962726097,5681.963840804806,-13.040886690394549,-4.869966945830621
2395.9248962726097,6093.004096769995,-9.573888270149006,-2.6413169458306203
2395.9248962726097,6298.524224752589,-8.364787336627302,-6.7984869458306205
2395.9248962726097,7531.644992648157,-0.5446407273987287,-4.050816945830621
2395.9248962726097,7737.1651206307515,0.45130108057800833,-5.53958694583062
2395.9248962726097,7942.685248613346,1.4665068175711011,-5.2796502791639535
2395.9248962726097,8148.205376595942,2.3573931414191813,-2.00720694583062
2395.9248962726097,8353.725504578537,3.5426021777627814,1.32333305416938
2395.9248962726097,8559.245632561131,4.073183343211818,2.961299720836046
2395.9248962726097,9175.806016508915,6.409781122659377,-5.94996694583062
2395.9248962726097,9381.32614449151,7.269090204745716,-4.204586945830621
2395.9248962726097,9586.846272474104,7.885266900945311,-7.670066945830619
2395.9248962726097,9792.366400456698,8.60860338615533,0.31504416528049084
2509.568181877994,30.160321283454266,9.103280057371494,53.60796032689665
2509.568181877994,235.6804492660488,8.48854099164435,-4.912266945830621
2509.568181877994,441.20057724864347,7.9022311013859525,-9.12256694583062
2509.568181877994,646.7207052312381,7.0679455578351496,8.403049720836046
2509.568181877994,852.2408332138325,6.28206670311769,26.76833305416938
2509.568181877994,1057.7609611964272,5.70608181795761,-8.16736694583062
2509.568181877994,1263.2810891790218,4.684631976313555,-10.198781231544904
2509.568181877994,1468.8012171616165,3.933971321604406,-8.861513099676774
2509.568181877994,1674.3213451442111,3.012743325747279,6.83483305416938
2509.568181877994,2085.3616011094,1.2782868789283528,-10.89016694583062
2509.568181877994,2290.8817290919947,0.22570955022064731,-1.460216945830621
2509.568181877994,3318.482369004968,-6.169663186643278,-7.12759194583062
2509.568181877994,3729.5226249701573,-9.488170001693874,-11.67726694583062
2509.568181877994,3935.0427529527515,-10.675560131862415,-7.371826945830621
2509.568181877994,4140.562880935347,-12.352830404290435,-8.58396694583062
2509.568181877994,4346.083008917941,-13.895489696418627,-10.17596694583062
2509.568181877994,5373.683648830914,-15.615469379403523,-1.9694669458306198
2509.568181877994,5579.203776813509,-14.313843146843691,-7.180141945830621
2509.568181877994,5784.723904796103,-13.402823074077114,-5.884800279163954
2509.568181877994,6195.764160761292,-9.875601322631068,-3.2412336124972874
2509.568181877994,7634.405056639454,-0.0926933618206679,-3.6474669458306206
2509.568181877994,8045.445312604644,1.8990811905661071,-4.73122694583062
2509.568181877994,8456.485568569833,3.610307305529215,-7.5549869458306205
2509.568181877994,9278.566080500212,6.715325958687461,-10.27056694583062
2509.568181877994,9484.086208482806,7.481047448459247,25.341969896274644
2509.568181877994,9689.606336465402,8.199918649447978,-0.9096044458306202
2509.568181877994,9895.126464447996,8.742090234339765,1.7731330541693795
2623.2114674833783,-72.59974270784306,9.23707736698626,35.09988305416938
2623.2114674833783,132.9203852747516,8.600094164153408,-4.6410169458306205
2623.2114674833783,338.44051325734614,8.085006410238963,36.2315148723512
2623.2114674833783,543.9606412399407,7.259138393399458,0.05053305416937981
2623.2114674833783,1366.0411531703191,4.414785323033878,56.374133054169384
2623.2114674833783,1571.5612811529138,3.585054904387962,-11.925616945830619
2623.2114674833783,1777.0814091355082,2.618834538514598,-6.58060444583062
2623.2114674833783,1982.601537118103,1.7031246067754537,-8.144895517259192
2623.2114674833783,2188.1216651006976,0.8369371345517669,-7.379795517259192
2623.2114674833783,3421.242432996265,-7.05651182156571,-6.04511694583062
2623.2114674833783,3626.7625609788597,-8.191183339396694,15.92473305416938
2623.2114674833783,3832.2826889614544,-10.311278396638741,-8.44246694583062
2623.2114674833783,4037.8028169440486,-11.667239872202114,-6.78284694583062
2623.2114674833783,4243.322944926644,-13.89203699880123,-9.46096694583062
2623.2114674833783,5476.443712822211,-15.930256385546434,-9.355333612497288
2623.2114674833783,6093.004096769995,-11.307381386283296,-4.969733612497287
2623.2114674833783,6298.524224752589,-8.81185718435899,-11.46366694583062
2623.2114674833783,7531.644992648157,-0.526707353054184,-8.80386694583062
2623.2114674833783,7737.1651206307515,0.22925227298537737,-4.442194218557893
2623.2114674833783,7942.685248613346,1.277902349920125,-5.188250279163953
2623.2114674833783,8148.205376595942,2.3708947834940353,-1.1898869458306205
2623.2114674833783,8353.725504578537,3.0700662457679155,-5.18621694583062
2623.2114674833783,9586.846272474104,7.852226995627104,-7.7896669458306205
2623.2114674833783,9792.366400456698,8.501245659092032,2.93251305416938
2736.8547530887627,30.160321283454266,9.028468890405893,54.86149305416937
2736.8547530887627,235.6804492660488,8.424574988872408,45.95536638750272
2736.8547530887627,1468.8012171616165,3.7072904011680077,16.554977498613823
2736.8547530887627,1674.3213451442111,2.9784706077061247,-7.083644723608398
2736.8547530887627,1879.8414731268058,1.9082780673747397,-8.477000279163953
2736.8547530887627,2085.3616011094,1.0915813410787754,-7.721583612497287
2736.8547530887627,3524.0024969875626,-7.7721589676896485,-2.747166945830621
2736.8547530887627,3729.5226249701573,-9.918554445706198,-3.8296669458306205
2736.8547530887627,3935.0427529527515,-11.15697432697965,-4.98876694583062
2736.8547530887627,4140.562880935347,-13.403577408986592,-10.18061694583062
2736.8547530887627,5579.203776813509,-15.745215888949254,-6.925000279163954
2736.8547530887627,5784.723904796103,-14.489511126036929,-3.0563669458306197
2736.8547530887627,6195.764160761292,-10.487316901608368,-9.43984194583062
2736.8547530887627,7839.9251846220495,0.7907154198754592,-4.297778056941731
2736.8547530887627,8045.445312604644,1.5484588472161709,-2.2249002791639536
2736.8547530887627,8250.965440587239,2.605293208083824,-5.021889168052842
2736.8547530887627,9484.086208482806,7.481963317705178,-5.187716945830621
2736.8547530887627,9689.606336465402,8.052269220513935,-4.723839673103348
2736.8547530887627,9895.126464447996,8.694900853425697,-8.91661694583062
2850.498038694147,-72.59974270784306,9.237244648857734,89.36483305416938
2850.498038694147,132.9203852747516,8.745467274607032,40.113966387502714
2850.498038694147,1571.5612811529138,3.500149451137599,10.205016387502711
2850.498038694147,1777.0814091355082,2.4816486789309864,-7.46846694583062
2850.498038694147,1982.601537118103,1.5425972378506447,-4.49374194583062
2850.498038694147,3421.242432996265,-7.342676026493779,-10.36926694583062
2850.498038694147,3626.7625609788597,-8.896097743827827,-2.6926169458306197
2850.498038694147,4037.8028169440486,-12.478982597966315,-6.558333612497286
2850.498038694147,4243.322944926644,-13.990813338816995,-10.48676694583062
2850.498038694147,5476.443712822211,-16.892780268498907,-10.65306694583062
2850.498038694147,5681.963840804806,-15.267237793601765,-3.7828044458306205
2850.498038694147,5887.4839687874,-13.427128177801498,-3.2816169458306206
2850.498038694147,6093.004096769995,-11.180161885163304,-4.6962919458306205
2850.498038694147,7942.685248613346,1.1598944616945477,-6.80916694583062
2850.498038694147,8148.205376595942,2.20706723505228,0.17091162559795128
2850.498038694147,9586.846272474104,7.66833208793595,-0.002116945830620054
2850.498038694147,9792.366400456698,8.427579862504036,-3.88260694583062
2964.141324299531,30.160321283454266,8.903509182792531,36.19416638750271
2964.141324299531,1468.8012171616165,3.8802343680210196,-11.57736694583062
2964.141324299531,1674.3213451442111,3.009407465823605,-5.96610694583062
2964.141324299531,1879.8414731268058,1.741993653106818,-4.03054694583062
2964.141324299531,2085.3616011094,1.0882108626686935,-4.94686694583062
2964.141324299531,3524.0024969875626,-7.98687252865581,-10.773116945830619
2964.141324299531,3729.5226249701573,-9.936555140703764,-7.048026945830619
2964.141324299531,3935.0427529527515,-11.749406405432797,-8.73729194583062
2964.141324299531,4140.562880935347,-13.306356994089063,-8.03846694583062
2964.141324299531,5579.203776813509,-16.142664153089672,-8.02966694583062
2964.141324299531,6195.764160761292,-10.65045029180653,9.758549720836049
2964.141324299531,7634.405056639454,-0.16788900025409012,-3.1752669458306197
2964.141324299531,7839.9251846220495,0.7258161683761127,-1.7197336124972873
2964.141324299531,8045.445312604644,1.6886257048706264,-3.79376694583062
2964.141324299531,8250.965440587239,2.4473503769847196,1.5614830541693794
2964.141324299531,9484.086208482806,7.515994737198986,-8.03096694583062
2964.141324299531,9689.606336465402,8.02966411563276,-5.63170444583062
3077.784609904915,-72.59974270784306,9.16075874827067,-5.47001694583062
3077.784609904915,132.9203852747516,8.804961417384835,8.65408305416938
3077.784609904915,1571.5612811529138,3.3433929062191816,5.15793305416938
3077.784609904915,1777.0814091355082,2.496560984125016,-11.48346694583062
3077.784609904915,1982.601537118103,1.6653609554249211,-10.60706694583062
3077.784609904915,3421.242432996265,-7.422282946761385,-5.85956694583062
3077.784609904915,3626.7625609788597,-8.980353922983332,-3.7799836124972876
3077.784609904915,3832.2826889614544,-10.640289215561886,-7.32808694583062
3077.784609904915,4037.8028169440486,-12.566707546312166,-2.8886919458306206
3077.784609904915,4243.322944926644,-14.238556870046589,-1.9125169458306202
3077.784609904915,5476.443712822211,-16.892780268498907,-9.70716694583062
3077.784609904915,5681.963840804806,-15.34224390067139,-7.079900279163954
3077.784609904915,5887.4839687874,-13.305602659179584,-7.01956694583062
3077.784609904915,6093.004096769995,-11.369463452990862,-7.052533612497288
3077.784609904915,7737.1651206307515,0.0193536210162824,-6.860081231544906
3077.784609904915,8148.205376595942,2.1843515331879106,0.024597760051732954
3077.784609904915,9586.846272474104,7.673540781576626,-4.073066945830621
3077.784609904915,9792.366400456698,8.440376517211638,-3.33560444583062
3191.4278955102995,30.160321283454266,8.976150221657013,3.0626163875027115
3191.4278955102995,1674.3213451442111,3.243605511271869,-9.68976694583062
3191.4278955102995,1879.8414731268058,2.0075759597670007,-10.27411694583062
3191.4278955102995,2085.3616011094,1.1835646139363563,-8.33746694583062
3191.4278955102995,3524.0024969875626,-8.314320635899078,-8.284683612497288
3191.4278955102995,3729.5226249701573,-9.919169030031833,-5.72621694583062
3191.4278955102995,3935.0427529527515,-11.588680686316012,-6.90269194583062
3191.4278955102995,4140.562880935347,-13.339785330700636,-7.879816945830622
3191.4278955102995,5579.203776813509,-16.24924885430223,-5.259633612497287
3191.4278955102995,6195.764160761292,-10.293241184924499,-2.6538098029734765
3191.4278955102995,7634.405056639454,-0.3086080282165981,-8.11631694583062
3191.4278955102995,7839.9251846220495,0.6767089463187508,-4.774724088687763
3191.4278955102995,8045.445312604644,1.6767222234382928,-8.531500279163952
3191.4278955102995,8250.965440587239,2.5322702004881634,2.1831430541693795
3191.4278955102995,9484.086208482806,7.379497322327139,-4.401333612497287
3191.4278955102995,9689.606336465402,8.165596248979412,-5.500366945830621
3191.4278955102995,9895.126464447996,8.631834908452896,15.12443305416938
3305.071181115684,-72.59974270784306,9.32801954519408,3.531033054169379
3305.071181115684,132.9203852747516,8.812705342707593,3.3353080541693796
3305.071181115684,1366.0411531703191,4.114488642134284,11.61606638750271
3305.071181115684,1571.5612811529138,3.432968074411407,-1.9437098029734774
3305.071181115684,1777.0814091355082,2.6937063433150463,-6.82486694583062
3305.071181115684,1982.601537118103,1.5602900335259762,-1.0162669458306204
3305.071181115684,3421.242432996265,-7.382479486627582,-9.48531694583062
3305.071181115684,3626.7625609788597,-8.272907663693049,17.720233054169377
3305.071181115684,3832.2826889614544,-10.200109749118504,-6.205166945830621
3305.071181115684,4037.8028169440486,-12.541805167753953,-6.2801669458306195
3305.071181115684,4243.322944926644,-13.8929804413246,-7.11686694583062
3305.071181115684,5681.963840804806,-14.793819830169939,-6.338430582194255
3305.071181115684,5887.4839687874,-12.882962311014898,-4.851566945830621
3305.071181115684,6298.524224752589,-8.979772457273953,-6.55781694583062
3305.071181115684,7531.644992648157,-0.6825324807715544,-10.10636694583062
3305.071181115684,7737.1651206307515,0.11734301811020535,-7.350400279163954
3305.071181115684,8148.205376595942,2.220136468938259,2.3763473398836656
3305.071181115684,8353.725504578537,3.130670905878471,-4.86858694583062
3305.071181115684,9381.32614449151,7.2245547857313595,2.0133330541693795
3305.071181115684,9586.846272474104,7.759215576781185,-0.30186694583061985
3305.071181115684,9792.366400456698,8.526743527094101,25.626183054169378
3418.714466721068,30.160321283454266,9.087978862116621,11.83332055416938
3418.714466721068,1468.8012171616165,3.8515405193922354,-4.28576694583062
3418.714466721068,1674.3213451442111,2.8077114906365375,-4.88066694583062
3418.714466721068,2085.3616011094,1.2543460282627967,-8.16348694583062
3418.714466721068,3318.482369004968,-5.788396750023185,-8.80256694583062
3418.714466721068,3524.0024969875626,-8.150321177248514,-7.73796694583062
3418.714466721068,3729.5226249701573,-9.403049433817634,11.05123305416938
3418.714466721068,3935.0427529527515,-11.113899082894692,-6.565441945830621
3418.714466721068,4140.562880935347,-12.706019075364114,-4.569009802973477
3418.714466721068,4346.083008917941,-14.506508970166346,21.814483054169376
3418.714466721068,4551.603136900535,-15.511719198016461,5.761333054169379
3418.714466721068,5579.203776813509,-14.288747721244658,-8.71476694583062
3418.714466721068,5784.723904796103,-13.208382244282056,-12.06226694583062
3418.714466721068,5990.244032778698,-11.096900770373827,5.425866387502713
3418.714466721068,6195.764160761292,-9.864760611141346,-2.0978544458306203
3418.714466721068,6401.2842887438865,-8.686486575695483,-0.7134169458306201
3418.714466721068,7634.405056639454,-0.1262389649196233,-6.502100279163954
3418.714466721068,7839.9251846220495,0.6768663221125154,-2.483233612497287
3418.714466721068,8045.445312604644,1.862031099747049,-4.5526869458306205
3418.714466721068,8250.965440587239,2.578244012264996,-5.72341694583062
3418.714466721068,8456.485568569833,3.6414151118059173,1.3831497208360461
3418.714466721068,8662.005696552429,4.374181005190651,-4.97646694583062
3418.714466721068,9073.045952517617,6.04297774024489,-4.49016694583062
3418.714466721068,9278.566080500212,6.8750742011244,-4.60126694583062
3418.714466721068,9484.086208482806,7.379532538886672,-6.186166945830621
3418.714466721068,9689.606336465402,8.132968913090085,-6.1947669458306205
3418.714466721068,9895.126464447996,8.749852156477662,2.0072830541693794
3532.3577523264526,-72.59974270784306,9.403564155202666,-6.68236694583062
3532.3577523264526,132.9203852747516,8.70238261126884,31.504308054169382
3532.3577523264526,1366.0411531703191,4.420180913546337,-2.190752660116335
3532.3577523264526,1571.5612811529138,3.3934693605402537,-10.22321694583062
3532.3577523264526,1777.0814091355082,2.821956679884424,-6.25496694583062
3532.3577523264526,1982.601537118103,1.5057525852238163,-6.804833612497286
3532.3577523264526,2188.1216651006976,0.6037563043046481,-5.79481694583062
3532.3577523264526,2393.641793083292,-0.2696536837078704,-8.30336694583062
3532.3577523264526,3215.7223050136704,-4.8559444050939735,-10.82841694583062
3532.3577523264526,3421.242432996265,-6.557190781714672,-7.291266945830619
3532.3577523264526,3626.7625609788597,-7.90595269698215,-6.16109194583062
3532.3577523264526,3832.2826889614544,-9.76111669241351,-6.906233612497288
3532.3577523264526,4037.8028169440486,-11.249418394762976,-8.31799194583062
3532.3577523264526,4243.322944926644,-13.066677862242852,-5.022841945830621
3532.3577523264526,4448.843072909238,-14.18836601884852,-9.57056694583062
3532.3577523264526,4654.363200891833,-15.366468944074569,-9.456466945830618
3532.3577523264526,5065.403456857022,-16.604632742995022,-7.702600279163954
3532.3577523264526,5270.9235848396165,-15.643617213488863,-4.8899419458306195
3532.3577523264526,5681.963840804806,-13.537467690847706,-0.9678544458306209
3532.3577523264526,5887.4839687874,-12.212404782665368,-8.368500279163953
3532.3577523264526,6093.004096769995,-10.209142402672567,-6.704633612497287
3532.3577523264526,6298.524224752589,-8.204804060112751,-7.242666945830621
3532.3577523264526,6504.0443527351845,-7.359015309426693,-6.72906694583062
3532.3577523264526,6709.564480717779,-5.523949493115143,-10.23681694583062
3532.3577523264526,7120.604736682968,-2.623846450636531,-5.9447669458306205
3532.3577523264526,7326.124864665562,-1.5496677643451353,-7.6839469458306215
3532.3577523264526,7531.644992648157,-0.6532312647903333,-5.767752660116335
3532.3577523264526,7737.1651206307515,0.523620553868396,-6.00902944583062
3532.3577523264526,7942.685248613346,1.5042999098176597,-6.147133612497288
3532.3577523264526,8148.205376595942,2.2938345344811695,-3.95546694583062
3532.3577523264526,8353.725504578537,3.177756651402401,-5.3902669458306205
3532.3577523264526,8559.245632561131,3.9891051807203826,-3.2522578549215293
3532.3577523264526,8764.765760543725,4.904185879263996,-3.08916694583062
3532.3577523264526,8970.28588852632,5.652472750855617,-0.2514269458306201
3532.3577523264526,9175.806016508915,6.463751359885109,3.1714330541693796
3532.3577523264526,9381.32614449151,7.21589756780698,-2.2351919458306204
3532.3577523264526,9586.846272474104,7.832287645751128,-4.441676036739711
3532.3577523264526,9792.366400456698,8.475476724291273,-3.32333694583062
3646.001037931837,30.160321283454266,9.114744307507618,19.375463823400146
3646.001037931837,235.6804492660488,8.525299737203742,19.488325361861687
3646.001037931837,441.20057724864347,7.9022311013859525,39.30243305416938
3646.001037931837,852.2408332138325,6.373291288504609,9.83238305416938
3646.001037931837,1057.7609611964272,5.56653103815761,24.984383054169385
3646.001037931837,1263.2810891790218,4.815088460730464,5.535399720836046
3646.001037931837,1468.8012171616165,4.107871704620889,-12.06226694583062
3646.001037931837,1674.3213451442111,3.0785252258913465,-8.45220694583062
3646.001037931837,2085.3616011094,1.5053169140684857,-7.812533612497287
3646.001037931837,2290.8817290919947,0.36605984688250254,-8.72136694583062
3646.001037931837,2496.4018570745893,-0.46533305763298466,-5.663646945830619
3646.001037931837,2701.921985057184,-1.6379619945257098,-1.2031919458306204
3646.001037931837,2907.4421130397786,-2.527836522759447,-5.716066945830621
3646.001037931837,3112.9622410223733,-4.141364715744148,-8.31366694583062
3646.001037931837,3318.482369004968,-5.411796926496989,-9.85446694583062
3646.001037931837,3524.0024969875626,-7.263069106226169,-11.26226694583062
3646.001037931837,3729.5226249701573,-8.479421714665342,-9.48461694583062
3646.001037931837,3935.0427529527515,-10.034052127301983,-8.693833612497286
3646.001037931837,4140.562880935347,-11.30327802735158,-6.886546945830619
3646.001037931837,4346.083008917941,-13.54865369642341,-10.30151694583062
3646.001037931837,4551.603136900535,-15.098429829250055,-11.86166694583062
3646.001037931837,4757.12326488313,-15.663487259901315,-9.463209802973479
3646.001037931837,4962.643392865724,-15.714156332303684,-5.91992694583062
3646.001037931837,5168.163520848319,-15.563307177597324,-4.703294218557892
3646.001037931837,5579.203776813509,-13.231484939066476,-6.96704694583062
3646.001037931837,5990.244032778698,-10.406883116844286,-6.268881231544905
3646.001037931837,6195.764160761292,-9.150595058735814,-8.25371694583062
3646.001037931837,6401.2842887438865,-7.665475427312411,29.51768305416938
3646.001037931837,6606.804416726482,-5.916114004428674,-7.933133612497287
3646.001037931837,6812.324544709076,-4.772072926091869,-7.548633612497286
3646.001037931837,7017.844672691671,-3.0610112632674835,-1.0828502791639536
3646.001037931837,7223.364800674265,-1.8551710729255746,-3.55961694583062
3646.001037931837,7428.88492865686,-0.9548671574960247,-5.7412669458306205
3646.001037931837,7634.405056639454,-0.026202949319527824,-5.93062694583062
3646.001037931837,7839.9251846220495,1.027493784746072,-5.672258612497287
3646.001037931837,8045.445312604644,1.907679782120341,-5.6047558347195094
3646.001037931837,8250.965440587239,2.858101185919091,-7.5621669458306195
3646.001037931837,8456.485568569833,3.816813335453368,-6.82781694583062
3646.001037931837,8662.005696552429,4.597739013661896,-4.931378056941732
3646.001037931837,8867.525824535023,5.347335394145485,1.5229330541693795
3646.001037931837,9073.045952517617,6.058233233993753,6.811890197026522
3646.001037931837,9278.566080500212,6.830946683920171,1.0278830541693793
3646.001037931837,9484.086208482806,7.549817364907387,-0.08013361249728668
3646.001037931837,9689.606336465402,8.340619106055701,-1.1670069458306203
3646.001037931837,9895.126464447996,8.764605931650607,6.043461625597952
3759.644323537221,-72.59974270784306,9.453217924229675,13.660683054169377
3759.644323537221,132.9203852747516,8.82018297306949,1.9048830541693793
3759.644323537221,338.44051325734614,8.1163538451818,46.49393305416938
3759.644323537221,749.4807692225354,6.8393106178335925,5.499033054169379
3759.644323537221,955.0008972051298,6.143892201653163,0.814208054169379
3759.644323537221,1160.5210251877245,5.477792117355382,17.98513305416938
3759.644323537221,1366.0411531703191,4.45480118854717,-11.290066945830619
3759.644323537221,1571.5612811529138,3.6480949956097284,-0.8500669458306205
3759.644323537221,1982.601537118103,1.8160938347449371,28.351747339883666
3759.644323537221,2188.1216651006976,1.0645350129105056,-12.06226694583062
3759.644323537221,2393.641793083292,0.14376253493945468,-5.777346945830621
3759.644323537221,2599.161921065887,-0.7864158992498032,-7.41436694583062
3759.644323537221,3010.2021770310757,-3.1743077033884632,-6.08366694583062
3759.644323537221,3215.7223050136704,-4.308864540977882,-8.575566945830621
3759.644323537221,3421.242432996265,-5.763473957441374,-8.676800279163954
3759.644323537221,3626.7625609788597,-7.025266185174893,-8.75406694583062
3759.644323537221,3832.2826889614544,-8.313769825841227,-6.82266694583062
3759.644323537221,4037.8028169440486,-10.620467852027794,5.9939530541693795
3759.644323537221,4243.322944926644,-11.61154302172682,-7.373766945830621
3759.644323537221,4448.843072909238,-11.887269789138774,-11.98816694583062
3759.644323537221,4654.363200891833,-13.681685045551047,-0.8715336124972869
3759.644323537221,4859.883328874427,-15.40882469502032,-6.47346694583062
3759.644323537221,5065.403456857022,-15.073347962294212,-0.24789194583062013
3759.644323537221,5270.9235848396165,-14.996391004644842,-3.19176694583062
3759.644323537221,5476.443712822211,-13.11267049920348,-4.71386694583062
3759.644323537221,5681.963840804806,-12.541326961589807,-5.120766945830621
3759.644323537221,6093.004096769995,-9.660204239183027,-9.06981694583062
3759.644323537221,6504.0443527351845,-6.45803734595301,-6.403809802973478
3759.644323537221,6709.564480717779,-4.880276634409817,-8.664833612497286
3759.644323537221,6915.084608700374,-3.860883984891041,-1.1813669458306202
3759.644323537221,7120.604736682968,-2.4283906291819948,5.5461859953458506
3759.644323537221,7326.124864665562,-1.4628766614887796,7.465988609724936
3759.644323537221,7531.644992648157,-0.34710067540761935,-6.35379194583062
3759.644323537221,7737.1651206307515,0.7746086388459448,-6.09986694583062
3759.644323537221,7942.685248613346,1.9087190617925835,-4.9123669458306205
3759.644323537221,8148.205376595942,2.518929441916061,-3.1136169458306204
3759.644323537221,8353.725504578537,3.3863329867655687,-2.4818002791639535
3759.644323537221,8559.245632561131,4.183120802097162,-4.732383612497287
3759.644323537221,8764.765760543725,5.0843869189194315,-2.32211694583062
3759.644323537221,8970.28588852632,5.701605312407285,-4.333033612497287
3759.644323537221,9175.806016508915,6.553795296842459,-3.8174919458306205
3759.644323537221,9381.32614449151,7.328053096748017,-9.109866945830621
3759.644323537221,9586.846272474104,7.958016854974086,-3.3859169458306204
3759.644323537221,9792.366400456698,8.700011782021145,13.751455276391603
3873.2876091426056,30.160321283454266,9.19083447736722,26.317883054169382
3873.2876091426056,235.6804492660488,8.562909773317054,30.061399720836047
3873.2876091426056,441.20057724864347,7.961572930816368,19.89119305416938
3873.2876091426056,646.7207052312381,7.297668240877946,5.015683054169379
3873.2876091426056,852.2408332138325,6.5269272311308395,1.8426330541693798
3873.2876091426056,1057.7609611964272,5.780698703081404,11.39693305416938
3873.2876091426056,1468.8012171616165,4.332905094414958,-1.7941669458306198
3873.2876091426056,1674.3213451442111,3.6699603576383266,-6.30466694583062
3873.2876091426056,1879.8414731268058,2.5636663574981498,-7.37051694583062
3873.2876091426056,2085.3616011094,1.8207250960973187,-3.46199694583062
3873.2876091426056,2290.8817290919947,0.6771810737000441,-7.95736694583062
3873.2876091426056,2496.4018570745893,-0.20047268769224863,-8.15365444583062
3873.2876091426056,2701.921985057184,-1.2608193812710589,-7.24976694583062
3873.2876091426056,2907.4421130397786,-2.327551175727416,-6.185891945830619
3873.2876091426056,3112.9622410223733,-3.5722066186343526,-6.639033612497286
3873.2876091426056,3318.482369004968,-4.794384714565598,-7.487033612497288
3873.2876091426056,3524.0024969875626,-6.036628121445061,-1.9377856958306197
3873.2876091426056,4140.562880935347,-9.955806086841076,14.84335305416938
3873.2876091426056,4346.083008917941,-11.657267692548434,-6.79241694583062
3873.2876091426056,4551.603136900535,-12.542392107482957,13.819033054169381
3873.2876091426056,4757.12326488313,-13.45143328152588,2.64568305416938
3873.2876091426056,4962.643392865724,-13.500043488974644,-2.484966945830621
3873.2876091426056,5168.163520848319,-12.825535263967756,-3.25076694583062
3873.2876091426056,5373.683648830914,-12.258582125640748,-2.860766945830621
3873.2876091426056,5579.203776813509,-12.006103831302099,13.48905805416938
3873.2876091426056,5784.723904796103,-10.488897284273445,-10.35266694583062
3873.2876091426056,5990.244032778698,-9.460593413173648,-6.122433612497287
3873.2876091426056,6195.764160761292,-8.007303609729897,-3.6772669458306204
3873.2876091426056,6401.2842887438865,-6.169663186643274,-11.39026694583062
3873.2876091426056,6606.804416726482,-5.303265200056806,-3.7300169458306205
3873.2876091426056,6812.324544709076,-4.212674094727954,0.7311663875027131
3873.2876091426056,7017.844672691671,-2.571186571084883,-7.48896694583062
3873.2876091426056,7223.364800674265,-1.6910650656098425,-7.406626945830621
3873.2876091426056,7428.88492865686,-0.6516867300977243,-6.882906945830621
3873.2876091426056,7634.405056639454,0.31334129064792005,-7.76452694583062
3873.2876091426056,7839.9251846220495,1.1910173859856343,-8.44326694583062
3873.2876091426056,8045.445312604644,2.0650832907657146,2.4946616255979515
3873.2876091426056,8662.005696552429,4.82088563165705,-5.4741669458306195
3873.2876091426056,8867.525824535023,5.490285472779793,-5.969466945830621
3873.2876091426056,9073.045952517617,6.292902063881491,-0.2953869458306201
3873.2876091426056,9278.566080500212,6.945555032565661,-6.333133612497288
3873.2876091426056,9484.086208482806,7.499040417248858,-5.48766694583062
3873.2876091426056,9689.606336465402,8.295384670290613,-6.34436694583062
3873.2876091426056,9895.126464447996,8.985122702506233,-6.671606945830621
3986.93089474799,-72.59974270784306,9.5679794108552,27.690566387502713
3986.93089474799,132.9203852747516,8.956870577891625,19.257299720836045
3986.93089474799,338.44051325734614,8.36229772756889,32.83461876845509
3986.93089474799,543.9606412399407,7.75539668976027,1.74883305416938
3986.93089474799,749.4807692225354,7.033200274869526,4.440283054169381
3986.93089474799,955.0008972051298,6.116770442134542,-11.288166945830621
3986.93089474799,1366.0411531703191,4.765492703007502,-11.219416945830622
3986.93089474799,1571.5612811529138,3.837852381708995,0.47025805416937994
3986.93089474799,1777.0814091355082,3.1190953510832355,-6.3536098029734775
3986.93089474799,1982.601537118103,2.277612392029805,-5.4272169458306205
3986.93089474799,2188.1216651006976,1.536916841396479,-9.00496694583062
3986.93089474799,2393.641793083292,0.414614477211066,-4.75491694583062
3986.93089474799,2599.161921065887,-0.36272294675140804,-6.80786694583062
3986.93089474799,2804.6820490484815,-1.368167876695927,-10.81051694583062
3986.93089474799,3421.242432996265,-5.449181115369708,-8.04919194583062
3986.93089474799,3626.7625609788597,-6.337145879759706,2.1299163875027123
3986.93089474799,4654.363200891833,-11.456972832242585,18.08863305416938
3986.93089474799,4859.883328874427,-11.896551377295314,-6.794633612497287
3986.93089474799,5065.403456857022,-12.805814924549745,3.654974720836046
3986.93089474799,5270.9235848396165,-11.552401872025092,2.732233054169379
3986.93089474799,5681.963840804806,-10.267505827796095,-6.05796694583062
3986.93089474799,5887.4839687874,-9.022914206921453,-10.302866945830619
3986.93089474799,6093.004096769995,-8.397146580311134,-7.90601694583062
3986.93089474799,6298.524224752589,-6.5039840118142225,-3.8868336124972864
3986.93089474799,6504.0443527351845,-5.6370213713329695,-8.81456694583062
3986.93089474799,6709.564480717779,-4.582383558076987,-7.021941945830619
3986.93089474799,6915.084608700374,-3.0349056119575164,-5.68476694583062
3986.93089474799,7120.604736682968,-1.7892587283246528,-7.248286945830619
3986.93089474799,7326.124864665562,-0.9858186524173593,-4.33832694583062
3986.93089474799,7531.644992648157,-0.06644807887350833,-7.414300279163953
3986.93089474799,7737.1651206307515,1.1122147373025266,-6.37111694583062
3986.93089474799,7942.685248613346,1.9405317755679956,-5.285696945830621
3986.93089474799,8148.205376595942,2.7188408495818743,-9.61176694583062
3986.93089474799,8353.725504578537,3.6571816332300964,1.6838616255979506
3986.93089474799,8559.245632561131,4.505297661758794,-3.0822669458306198
3986.93089474799,8764.765760543725,5.29482899415352,-2.9242919458306202
3986.93089474799,8970.28588852632,5.875279149783191,-0.3359169458306206
3986.93089474799,9175.806016508915,6.625967552577897,-2.78956694583062
3986.93089474799,9381.32614449151,7.515871957605435,-5.783116945830621
3986.93089474799,9586.846272474104,8.047215035734308,-0.22042694583062028
3986.93089474799,9792.366400456698,8.85177184362218,-3.9507169458306195
3986.93089474799,9997.886528439294,9.252037986409931,-9.609966945830621
4100.574180353375,30.160321283454266,9.342694049590834,33.41974972083605
4100.574180353375,235.6804492660488,8.799469091977137,35.05158305416938
4100.574180353375,441.20057724864347,8.219800762998883,27.22421638750271
4100.574180353375,646.7207052312381,7.5838120169995005,29.570633054169377
4100.574180353375,852.2408332138325,6.79899162296999,-4.270595517259191
4100.574180353375,1057.7609611964272,6.0799559099674925,24.142533054169377
4100.574180353375,1468.8012171616165,4.521690925945882,-1.6751669458306206
4100.574180353375,1674.3213451442111,3.703374825753324,-6.159186945830621
4100.574180353375,1879.8414731268058,2.6524374227652423,-6.1848669458306205
4100.574180353375,2085.3616011094,2.0126316024576667,-6.6091240886877625
4100.574180353375,2290.8817290919947,1.3018779066355166,-8.35621694583062
4100.574180353375,2496.4018570745893,0.18396699582719342,2.2543330541693796
4100.574180353375,2701.921985057184,-0.7873483112002297,-7.22551694583062
4100.574180353375,2907.4421130397786,-1.7744012563493352,-6.49901694583062
4100.574180353375,3112.9622410223733,-3.0709049225771765,-5.285416945830621
4100.574180353375,3318.482369004968,-3.771950690834152,-10.59846694583062
4100.574180353375,3524.0024969875626,-5.6249430215419265,-6.707225279163954
4100.574180353375,4757.12326488313,-10.913696968751925,7.798208054169379
4100.574180353375,4962.643392865724,-11.621649102053949,-4.44763694583062
4100.574180353375,5168.163520848319,-11.428644338440355,-9.91846694583062
4100.574180353375,5373.683648830914,-10.242539675239977,-6.0664836124972865
4100.574180353375,5579.203776813509,-10.297530411112566,-6.461600279163953
4100.574180353375,5784.723904796103,-8.896841595550184,4.6684441652804916
4100.574180353375,5990.244032778698,-7.961061296330705,-6.497033612497288
4100.574180353375,6401.2842887438865,-6.246293539286567,40.965983054169385
4100.574180353375,6812.324544709076,-2.836141564668419,-4.66776694583062
4100.574180353375,7017.844672691671,-2.2062176100158655,-7.196900279163953
4100.574180353375,7223.364800674265,-1.207811521676123,-3.4896669458306206
4100.574180353375,7428.88492865686,-0.2876712485682491,-4.640400279163954
4100.574180353375,7839.9251846220495,1.5366990058188132,-4.768566945830621
4100.574180353375,8045.445312604644,2.5232022175691085,-6.12142694583062
4100.574180353375,8250.965440587239,3.4063148333346858,-6.13598694583062
4100.574180353375,8456.485568569833,4.156367082356992,-3.044072208988515
4100.574180353375,8662.005696552429,5.01269974967013,-2.302066945830621
4100.574180353375,8867.525824535023,5.70126331784206,0.1817663875027135
4100.574180353375,9073.045952517617,6.457299544541896,-4.194383612497286
4100.574180353375,9278.566080500212,7.115738108722548,-1.3419294458306203
4100.574180353375,9484.086208482806,7.872063191034452,30.978083054169378
4100.574180353375,9689.606336465402,8.503713181939895,-5.4903969458306205
4100.574180353375,9895.126464447996,9.11769515595676,-4.589894723608399
4214.217465958759,-72.59974270784306,9.568045506153062,-9.94926694583062
4214.217465958759,132.9203852747516,9.153109908593116,32.549883054169385
4214.217465958759,338.44051325734614,8.581641328373689,45.37676162559795
4214.217465958759,543.9606412399407,7.846803481015729,33.505066387502715
4214.217465958759,749.4807692225354,7.293722001067556,7.868533054169381
4214.217465958759,955.0008972051298,6.625967552577897,36.597266387502714
4214.217465958759,1160.5210251877245,5.710972232699617,5.73106162559795
4214.217465958759,1366.0411531703191,4.993077153630432,-11.035166945830621
4214.217465958759,1571.5612811529138,4.1279518254365195,-6.911833612497286
4214.217465958759,1777.0814091355082,3.372060239216199,-7.49766694583062
4214.217465958759,1982.601537118103,2.684686297344833,-7.273066945830619
4214.217465958759,2188.1216651006976,1.7308981961278114,-4.35181694583062
4214.217465958759,2393.641793083292,0.8517012932296752,-2.94622694583062
4214.217465958759,2599.161921065887,-0.03285443364269785,-9.201000279163955
4214.217465958759,2804.6820490484815,-0.9176019210705637,-3.5121669458306206
4214.217465958759,3010.2021770310757,-1.6722201289612455,-4.21021694583062
4214.217465958759,3215.7223050136704,-3.2091582262461973,-7.37111694583062
4214.217465958759,3421.242432996265,-3.736702860687989,-4.008933612497287
4214.217465958759,3832.2826889614544,-6.361722489047938,-4.20426694583062
4214.217465958759,4448.843072909238,-8.479421714665337,6.0639330541693806
4214.217465958759,4654.363200891833,-9.595959044638086,5.3849997208360465
4214.217465958759,4859.883328874427,-10.142441345388535,-4.629195517259191
4214.217465958759,5065.403456857022,-9.689718007621952,6.56933305416938
4214.217465958759,5270.9235848396165,-9.864243226095585,-5.90746694583062
4214.217465958759,5476.443712822211,-9.131234975107263,2.062114006550332
4214.217465958759,5681.963840804806,-8.5828215101937,-4.263738374402048
4214.217465958759,5887.4839687874,-7.9215783354434866,-7.291695517259192
4214.217465958759,6093.004096769995,-6.9864805647926325,-6.10641694583062
4214.217465958759,6504.0443527351845,-4.366749579379857,-3.8129669458306195
4214.217465958759,6709.564480717779,-3.198277476581749,-4.392155834719509
4214.217465958759,6915.084608700374,-2.224884312433027,-2.902800279163954
4214.217465958759,7120.604736682968,-1.2309862248895602,-6.5367383744020495
4214.217465958759,7326.124864665562,-0.3724751514463983,-3.846966945830621
4214.217465958759,7531.644992648157,0.4308928281240183,-6.454241945830621
4214.217465958759,7737.1651206307515,1.1598944616945477,-4.74906694583062
4214.217465958759,7942.685248613346,2.2566213110167612,-8.60506694583062
4214.217465958759,8148.205376595942,3.070870495212494,-3.9622669458306206
4214.217465958759,8353.725504578537,4.056010984704651,-3.60959194583062
4214.217465958759,8559.245632561131,4.65624600184455,-1.2931919458306202
4214.217465958759,8764.765760543725,5.493912290758822,-6.871652660116334
4214.217465958759,8970.28588852632,6.095417249225876,-1.8958526601163344
4214.217465958759,9175.806016508915,6.954100376040628,-2.84449194583062
4214.217465958759,9381.32614449151,7.6285757972649115,-1.6140002791639534
4214.217465958759,9586.846272474104,8.408461479863503,0.2793330541693795
4214.217465958759,9792.366400456698,8.88848375077167,-1.3927932616200935
4214.217465958759,9997.886528439294,9.418592167653692,-5.01976694583062
4327.860751564143,30.160321283454266,9.495967785097406,-7.2018269458306206
4327.860751564143,235.6804492660488,8.79854050971299,2.9235730541693803
4327.860751564143,441.20057724864347,8.298881925615417,19.94033305416938
4327.860751564143,852.2408332138325,6.93340953222989,14.278577498613824
4327.860751564143,1057.7609611964272,6.28143097228413,-0.42985027916395363
4327.860751564143,1263.2810891790218,5.452003376497793,2.5857497208360463
4327.860751564143,1468.8012171616165,4.724718976111992,-5.250495517259191
4327.860751564143,1674.3213451442111,3.9626770240920646,-6.0371336124972865
4327.860751564143,1879.8414731268058,3.1571161661199376,-6.392233612497287
4327.860751564143,2085.3616011094,2.2204248954027457,-5.59496694583062
4327.860751564143,2290.8817290919947,1.4590062009648221,-1.8696336124972868
4327.860751564143,2496.4018570745893,0.6117572362214815,-4.615333612497287
4327.860751564143,2701.921985057184,-0.10036964002476693,-7.42756694583062
4327.860751564143,2907.4421130397786,-1.2187330279660364,-7.58972694583062
4327.860751564143,3112.9622410223733,-2.1606527231154966,-4.47749194583062
4327.860751564143,3318.482369004968,-3.348560317677143,-4.24521694583062
4327.860751564143,3524.0024969875626,-4.088304508747224,-4.02544194583062
4327.860751564143,3935.0427529527515,-6.478118280402171,-9.573366945830621
4327.860751564143,4140.562880935347,-6.478118280402171,1.0827330541693794
4327.860751564143,4346.083008917941,-8.383158652889842,-0.9620336124972869
4327.860751564143,4551.603136900535,-8.879928647161313,-5.44930694583062
4327.860751564143,4757.12326488313,-9.573290569570114,-9.94856694583062
4327.860751564143,4962.643392865724,-9.918554445706198,14.987133054169378
4327.860751564143,5168.163520848319,-9.360489149879514,33.99963305416938
4327.860751564143,5373.683648830914,-8.754618655039836,5.619318768455094
4327.860751564143,5579.203776813509,-8.38554085403367,0.9446497208360466
4327.860751564143,5784.723904796103,-7.746339826504365,-6.5707578549215295
4327.860751564143,5990.244032778698,-6.521813697202176,-5.46996694583062
4327.860751564143,6195.764160761292,-5.113919080997093,-2.987933612497287
4327.860751564143,6401.2842887438865,-4.329040327124064,-2.79654194583062
4327.860751564143,6606.804416726482,-3.634152490317757,4.00162194305827
4327.860751564143,6812.324544709076,-2.7070042955764873,-0.17631694583061996
4327.860751564143,7017.844672691671,-1.6547418302346422,-8.021833612497288
4327.860751564143,7223.364800674265,-0.4549447157851604,0.19569305416938007
4327.860751564143,7428.88492865686,0.18436486233050703,-3.4536169458306203
4327.860751564143,7634.405056639454,1.3490599620498414,-4.444033612497287
4327.860751564143,7839.9251846220495,2.022793000399354,-7.076266945830621
4327.860751564143,8045.445312604644,3.2004217572570264,-7.29086694583062
4327.860751564143,8250.965440587239,3.8061812822199714,-3.57826694583062
4327.860751564143,8456.485568569833,4.495134814940468,-3.022983612497287
4327.860751564143,8662.005696552429,5.110655320130858,-8.11561694583062
4327.860751564143,8867.525824535023,5.781535601987706,-6.71046694583062
4327.860751564143,9073.045952517617,6.572083112487519,-3.0876669458306205
4327.860751564143,9278.566080500212,7.377214403795926,-1.263078056941731
4327.860751564143,9484.086208482806,7.9851016274431235,-2.82939194583062
4327.860751564143,9689.606336465402,8.694802869972227,0.6649455541693798
4327.860751564143,9895.126464447996,9.33901695853823,-5.38080444583062
4441.504037169527,-72.59974270784306,9.83321984985842,-4.23466694583062
4441.504037169527,132.9203852747516,9.29754339607464,16.09990805416938
4441.504037169527,338.44051325734614,8.822119244932326,11.925733054169378
4441.504037169527,749.4807692225354,7.259138393399458,-9.60591694583062
4441.504037169527,955.0008972051298,6.839790376165893,-10.02326694583062
4441.504037169527,1160.5210251877245,5.94981185665506,-6.85231694583062
4441.504037169527,1366.0411531703191,5.461165193719102,4.365633054169381
4441.504037169527,1571.5612811529138,4.605400912070998,-8.55134194583062
4441.504037169527,1777.0814091355082,3.7329091633292357,-7.41681694583062
4441.504037169527,2393.641793083292,1.4428431780047173,44.00899972083605
4441.504037169527,2599.161921065887,0.5303315349092521,-5.39336694583062
4441.504037169527,3010.2021770310757,-1.7452129886453644,34.600333054169376
4441.504037169527,3215.7223050136704,-2.527836522759447,-3.38396694583062
4441.504037169527,3421.242432996265,-3.300087431507052,-8.828146945830621
4441.504037169527,4037.8028169440486,-5.83073981446764,-3.7187284842921593
4441.504037169527,4243.322944926644,-7.342676026493779,-0.2413169458306208
4441.504037169527,4448.843072909238,-8.1356927740484,14.273373054169378
4441.504037169527,5065.403456857022,-9.232808298065152,-3.6511002791639537
4441.504037169527,5270.9235848396165,-8.923800699635631,23.561266387502712
4441.504037169527,5476.443712822211,-7.644484256012431,-1.82390444583062
4441.504037169527,5681.963840804806,-7.306653975768363,0.33298305416937996
4441.504037169527,5887.4839687874,-6.29964475299446,-5.73066694583062
4441.504037169527,6093.004096769995,-5.737938290459781,-1.9723113902750644
4441.504037169527,6298.524224752589,-4.124315657252798,3.4664759113122368
4441.504037169527,6504.0443527351845,-4.021126657931736,-6.175400279163953
4441.504037169527,7326.124864665562,0.18359568347513838,-5.8720869458306195
4441.504037169527,7531.644992648157,1.1984154076608098,-4.84481694583062
4441.504037169527,7737.1651206307515,1.800656296903661,-6.627966945830621
4441.504037169527,7942.685248613346,2.7802294343569605,-7.89184694583062
4441.504037169527,8148.205376595942,3.45733120848949,-1.3692869458306203
4441.504037169527,8353.725504578537,4.315466188219067,-1.7051526601163347
4441.504037169527,9586.846272474104,8.541578472695424,-5.962733612497287
4441.504037169527,9792.366400456698,9.112670414102151,-1.8238169458306206
4441.504037169527,9997.886528439294,9.582689005257567,-7.07541694583062
4555.147322774911,30.160321283454266,9.671793669653933,35.80358305416938
4555.147322774911,235.6804492660488,9.206313478310317,6.28003305416938
4555.147322774911,441.20057724864347,8.56809023844772,36.79998305416938
4555.147322774911,646.7207052312381,7.852346243052752,-8.32866694583062
4555.147322774911,1057.7609611964272,6.518198672397141,-11.575666945830621
4555.147322774911,1263.2810891790218,5.668300315005517,1.7315663875027134
4555.147322774911,1468.8012171616165,4.855403285268792,-9.98916694583062
4555.147322774911,1674.3213451442111,4.373129662420749,-8.76286694583062
4555.147322774911,2085.3616011094,3.0924623722199156,-5.851716945830621
4555.147322774911,2290.8817290919947,2.2268300703685604,0.33545805416937924
4555.147322774911,3318.482369004968,-2.2771510792010794,-2.1549669458306204
4555.147322774911,3524.0024969875626,-3.279256579250094,-8.75301694583062
4555.147322774911,3935.0427529527515,-5.069388932898448,-2.5776669458306194
4555.147322774911,4140.562880935347,-5.941649671410265,-3.7790002791639523
4555.147322774911,4346.083008917941,-6.595257986466336,-3.8239419458306196
4555.147322774911,5373.683648830914,-7.905148204359454,-7.62136694583062
4555.147322774911,5579.203776813509,-6.337629444954865,-5.86916694583062
4555.147322774911,5784.723904796103,-5.849558954220733,-3.7147780569417312
4555.147322774911,5990.244032778698,-5.486871741442317,9.962266387502712
4555.147322774911,6195.764160761292,-3.914162589456027,4.61078305416938
4555.147322774911,6401.2842887438865,-3.313709794819407,-9.35331694583062
4555.147322774911,7428.88492865686,0.7255014167885855,-4.736733612497287
4555.147322774911,7634.405056639454,1.7322062713102415,-7.452986945830619
4555.147322774911,7839.9251846220495,2.7190408204976,-9.15736694583062
4555.147322774911,8045.445312604644,3.307832875244036,2.93498305416938
4555.147322774911,8250.965440587239,3.963018081537813,-4.343889168052843
4555.147322774911,9484.086208482806,8.176358972924435,-4.179200279163954
4555.147322774911,9689.606336465402,8.898453182403982,-3.2073502791639537
4555.147322774911,9895.126464447996,9.582824570332388,-3.8837169458306198
4668.790608380295,132.9203852747516,9.431074953058964,32.02667591131224
4668.790608380295,338.44051325734614,9.012079669000403,33.60479972083605
4668.790608380295,1366.0411531703191,5.4775916098531905,-10.25160694583062
4668.790608380295,1571.5612811529138,4.814850279717644,-11.02121694583062
4668.790608380295,1777.0814091355082,4.256569202001177,-7.020781231544906
4668.790608380295,1982.601537118103,3.360990163695292,-5.94699194583062
4668.790608380295,2188.1216651006976,2.7805803350567735,2.601016387502712
4668.790608380295,3421.242432996265,-2.273252714205238,-3.0234169458306197
4668.790608380295,4037.8028169440486,-5.224875982133401,-4.639816945830621
4668.790608380295,4243.322944926644,-5.750552905350633,-1.76906694583062
4668.790608380295,5681.963840804806,-4.965876907358534,-9.148866945830619
4668.790608380295,5887.4839687874,-5.126529935473229,2.411816387502713
4668.790608380295,6298.524224752589,-3.366482213216544,-6.56977944583062
4668.790608380295,7531.644992648157,1.6852891926306566,-5.1741469458306195
4668.790608380295,7737.1651206307515,2.465998676893888,-5.623950279163953
4668.790608380295,7942.685248613346,3.231810915013715,-2.9409919458306204
4668.790608380295,8148.205376595942,3.9153298537731276,-4.789781231544906
4668.790608380295,9586.846272474104,8.73015842335122,3.8540785087148346
4668.790608380295,9792.366400456698,9.252262276999476,-4.590750279163953
4668.790608380295,9997.886528439294,9.88412041485892,7.361683054169379
4782.43389398568,30.160321283454266,9.862423534163646,35.87086638750271
4782.43389398568,235.6804492660488,9.327722791406693,23.10563305416938
4782.43389398568,1468.8012171616165,5.464897746926589,-11.469500279163954
4782.43389398568,1674.3213451442111,4.735757722337057,-10.95091694583062
4782.43389398568,1879.8414731268058,3.9796420009507245,-6.772686945830619
4782.43389398568,2085.3616011094,3.473205291471067,-5.59234194583062
4782.43389398568,3729.5226249701573,-2.877071387429872,-7.5873869458306205
4782.43389398568,3935.0427529527515,-2.968650929527815,-10.117800279163953
4782.43389398568,4140.562880935347,-4.138361313993395,0.8521455541693796
4782.43389398568,5579.203776813509,-5.712709060678079,-8.00816694583062
4782.43389398568,5784.723904796103,-5.262260171006118,-4.06226694583062
4782.43389398568,5990.244032778698,-3.6873967018945457,-4.65241694583062
4782.43389398568,6195.764160761292,-3.221349461079738,-3.2113669458306204
4782.43389398568,7634.405056639454,2.1964344408784946,-2.8360336124972867
4782.43389398568,7839.9251846220495,3.027161779400548,-6.38171694583062
4782.43389398568,8045.445312604644,3.80979873803641,-4.5818002791639545
4782.43389398568,8250.965440587239,4.465013981354014,-3.85489194583062
4782.43389398568,9689.606336465402,9.18589547912931,10.520510831947156
4782.43389398568,9895.126464447996,9.749819976394896,-0.01821694583062028
4896.077179591064,132.9203852747516,9.733353510855492,45.02295305416938
4896.077179591064,1571.5612811529138,5.33598472685045,-7.58018569583062
4896.077179591064,1777.0814091355082,4.479205855280228,-7.808586945830621
4896.077179591064,1982.601537118103,3.9320091768385756,-6.98794194583062
4896.077179591064,3421.242432996265,-0.8913647167064114,-11.66846694583062
4896.077179591064,3832.2826889614544,-2.2902177708930926,-5.179000279163954
4896.077179591064,4037.8028169440486,-3.371145753617981,-3.7469669458306205
4896.077179591064,5887.4839687874,-3.6662072003956627,-5.046766945830621
4896.077179591064,6093.004096769995,-2.7405558778932573,-10.199281231544907
4896.077179591064,7737.1651206307515,2.9377646725767805,-1.2459955172591914
4896.077179591064,7942.685248613346,3.6833809822665224,-5.697833612497287
4896.077179591064,8148.205376595942,4.486106579258088,-1.774489168052842
4896.077179591064,9586.846272474104,9.037603978255847,-8.01586694583062
4896.077179591064,9792.366400456698,9.42437316179406,-1.9987869458306204
4896.077179591064,9997.886528439294,10.012262757576579,-2.46646694583062
5009.7204651964485,30.160321283454266,10.208028516010637,15.66203305416938
5009.7204651964485,1468.8012171616165,5.731233079300975,-5.77666694583062
5009.7204651964485,1674.3213451442111,5.18772253533866,-7.32841694583062
5009.7204651964485,1879.8414731268058,4.609171197536804,34.07613305416938
5009.7204651964485,2085.3616011094,3.8576739492095338,-9.55081694583062
5009.7204651964485,3524.0024969875626,-0.9790887900202329,-6.48781694583062
5009.7204651964485,3729.5226249701573,-1.868109174466884,-9.62364694583062
5009.7204651964485,3935.0427529527515,-2.284458414420345,-5.780733612497286
5009.7204651964485,4140.562880935347,-2.840644204520338,-5.905833612497287
5009.7204651964485,5990.244032778698,-2.7784638104442574,3.374116387502712
5009.7204651964485,6195.764160761292,-1.893871372892862,1.187099720836046
5009.7204651964485,7634.405056639454,2.999984270973458,-5.82788694583062
5009.7204651964485,7839.9251846220495,3.5917041727317414,-2.7715169458306206
5009.7204651964485,8045.445312604644,4.373203342898012,1.6582080541693798
5009.7204651964485,8250.965440587239,4.972892365114721,-2.38106694583062
5009.7204651964485,9689.606336465402,9.488871632025711,-0.6234883744020492
5009.7204651964485,9895.126464447996,9.95738144628389,-4.462821491285166
5123.363750801833,132.9203852747516,10.100789395717023,27.274383054169377
5123.363750801833,1571.5612811529138,5.949595394675313,-10.71601694583062
5123.363750801833,1777.0814091355082,5.023591203049134,12.531447339883664
5123.363750801833,1982.601537118103,4.50886937150895,-7.69456694583062
5123.363750801833,2188.1216651006976,4.128409805950542,-9.02326694583062
5123.363750801833,3421.242432996265,-0.3529515758614,-4.987226945830621
5123.363750801833,3626.7625609788597,-0.6825324807715544,-11.20416694583062
5123.363750801833,3832.2826889614544,-1.6477461752020406,-3.14276694583062
5123.363750801833,4037.8028169440486,-1.6584305206040897,4.55583305416938
5123.363750801833,5681.963840804806,-2.6559624463229783,1.3753330541693791
5123.363750801833,6093.004096769995,-1.7048972099765638,2.68873305416938
5123.363750801833,7737.1651206307515,3.6475972160244305,-2.85236694583062
5123.363750801833,7942.685248613346,4.291828891755652,-1.9454169458306203
5123.363750801833,8148.205376595942,5.0639847451574616,-2.629900279163954
5123.363750801833,8353.725504578537,5.629928845657937,-3.324766945830621
5123.363750801833,9586.846272474104,9.327952353239858,0.2555148723511978
5123.363750801833,9792.366400456698,9.709955069678383,-0.3473869458306199
5123.363750801833,9997.886528439294,10.186660190185387,-0.6476169458306205
5237.007036407217,30.160321283454266,10.419637169023597,27.276316387502714
5237.007036407217,1468.8012171616165,6.300311620195074,-11.572616945830621
5237.007036407217,1674.3213451442111,5.672148756043423,-3.425078056941731
5237.007036407217,1879.8414731268058,4.968658256614055,-3.7204669458306205
5237.007036407217,2085.3616011094,4.361140208626034,-8.56780694583062
5237.007036407217,3318.482369004968,0.8715640766105552,-11.78106694583062
5237.007036407217,3524.0024969875626,-0.2582545762936006,-8.624166945830622
5237.007036407217,3729.5226249701573,-0.7232178808915846,-6.78414194583062
5237.007036407217,3935.0427529527515,-1.3147601842304906,-5.824541945830621
5237.007036407217,4140.562880935347,-1.5547616062661938,-0.9137169458306196
5237.007036407217,5784.723904796103,-1.5297670821317457,-8.342200279163954
5237.007036407217,5990.244032778698,-0.7864158992498032,-4.81996694583062
5237.007036407217,6195.764160761292,-1.0295898795946166,6.595656131092458
5237.007036407217,7634.405056639454,3.3323555755446113,-0.9997942185578933
5237.007036407217,7839.9251846220495,4.204111926288934,-5.44318694583062
5237.007036407217,8045.445312604644,4.899596067056492,1.4129187684550941
5237.007036407217,8250.965440587239,5.616841385766473,-4.025750279163953
5237.007036407217,8456.485568569833,6.190066082254088,-5.230900279163954
5237.007036407217,9484.086208482806,9.16075874827067,-4.74131694583062
5237.007036407217,9689.606336465402,9.607122742922433,-1.5154336124972867
5237.007036407217,9895.126464447996,10.207840923380973,-8.242926945830622
5350.6503220126015,-72.59974270784306,10.655820856141368,-7.36811694583062
5350.6503220126015,132.9203852747516,10.262069643545901,17.330878508714832
5350.6503220126015,338.44051325734614,9.906120126555866,-11.10549194583062
5350.6503220126015,1366.0411531703191,6.839333344663453,3.3998330541693798
5350.6503220126015,1571.5612811529138,6.234179193432753,8.122553054169378
5350.6503220126015,1777.0814091355082,5.641899809814454,-4.062133612497287
5350.6503220126015,1982.601537118103,5.065941503432019,11.134495554169378
5350.6503220126015,2188.1216651006976,4.271919258989717,-6.094441945830621
5350.6503220126015,3215.7223050136704,1.6304096099144674,-9.95496694583062
5350.6503220126015,3421.242432996265,0.505856611777452,-5.7950169458306195
5350.6503220126015,3626.7625609788597,0.23122806556845454,14.490633054169379
5350.6503220126015,3832.2826889614544,-0.2833546400518323,-3.3844294458306208
5350.6503220126015,4037.8028169440486,-0.8552185027605095,7.755483054169379
5350.6503220126015,4243.322944926644,-0.8651275123422593,3.2221830541693794
5350.6503220126015,5681.963840804806,-1.3755681921714364,18.987439304169378
5350.6503220126015,5887.4839687874,-0.9616862289219034,0.36288305416937955
5350.6503220126015,6093.004096769995,-0.32180416657645655,-4.98998694583062
5350.6503220126015,6298.524224752589,-0.09754511614407088,-5.79949551725919
5350.6503220126015,7531.644992648157,3.5058486103468414,-0.31482408868776296
5350.6503220126015,7737.1651206307515,4.194756402798214,-4.34545444583062
5350.6503220126015,7942.685248613346,4.7730487468797795,-5.200408122301209
5350.6503220126015,8148.205376595942,5.259569274762794,-5.287333612497287
5350.6503220126015,8353.725504578537,6.005242344910174,-1.3992269458306201
5350.6503220126015,8559.245632561131,6.652343510596874,-2.55824194583062
5350.6503220126015,9381.32614449151,9.077896944587122,10.589153054169378
5350.6503220126015,9586.846272474104,9.621606817475634,-0.3717002791639536
5350.6503220126015,9792.366400456698,10.093617250818932,0.2266187684550943
5350.6503220126015,9997.886528439294,10.627867285721898,-2.451344723608398
5464.293607617986,30.160321283454266,10.61417157448447,22.37458305416938
5464.293607617986,235.6804492660488,10.151046313809967,26.512208054169378
5464.293607617986,441.20057724864347,9.78781705956549,-11.192889168052842
5464.293607617986,1263.2810891790218,7.566857697049372,-7.84476694583062
5464.293607617986,1468.8012171616165,6.697454277465549,-11.087033612497287
5464.293607617986,1674.3213451442111,6.145615290232078,-0.6795869458306214
5464.293607617986,1879.8414731268058,5.628814614027048,-3.4966669458306203
5464.293607617986,2085.3616011094,5.071567537789217,-2.38111694583062
5464.293607617986,2290.8817290919947,4.306101787822769,11.358399720836045
5464.293607617986,3318.482369004968,1.2417660396485863,-2.384533612497288
5464.293607617986,3524.0024969875626,0.6771810737000441,-7.96886694583062
5464.293607617986,3729.5226249701573,0.2638226546788753,-6.02826694583062
5464.293607617986,3935.0427529527515,-0.20960534369795777,3.3329330541693807
5464.293607617986,4140.562880935347,-0.5953714638929747,-2.255724088687763
5464.293607617986,4346.083008917941,-0.4896081933056089,-5.02766694583062
5464.293607617986,4551.603136900535,-0.6132768684527238,-9.569466945830621
5464.293607617986,5579.203776813509,-0.7087696851357064,3.21888305416938
5464.293607617986,5784.723904796103,-0.3210644175771318,-7.76246694583062
5464.293607617986,5990.244032778698,-0.30200823768344925,3.350117669553996
5464.293607617986,6195.764160761292,0.022188201171612285,-0.23259194583061982
5464.293607617986,6401.2842887438865,0.49844970020901197,-2.2598760367397115
5464.293607617986,6606.804416726482,1.4196152095936625,-4.05396694583062
5464.293607617986,7428.88492865686,3.6273250599514277,-6.14894194583062
5464.293607617986,7634.405056639454,4.067280869218953,-4.690239673103346
5464.293607617986,7839.9251846220495,4.743392970001778,-1.3429780569417311
5464.293607617986,8045.445312604644,5.235190296534613,-3.841709802973477
5464.293607617986,8250.965440587239,5.996394798449976,-1.39049194583062
5464.293607617986,8456.485568569833,6.497788169918771,2.8053603268966527
5464.293607617986,8662.005696552429,7.2934694890799205,4.05975805416938
5464.293607617986,8867.525824535023,7.802342137293904,10.44818305416938
5464.293607617986,9073.045952517617,8.45666865664176,4.04593305416938
5464.293607617986,9278.566080500212,8.90897949088374,-4.02076694583062
5464.293607617986,9484.086208482806,9.396628540919577,-1.7633240886877626
5464.293607617986,9689.606336465402,9.978364585850656,-1.6435419458306204
5464.293607617986,9895.126464447996,10.521295830475726,13.904890197026523
5464.293607617986,10100.64659243059,10.901551981539702,-8.81916694583062
5577.93689322337,132.9203852747516,10.584474488128421,30.885108054169383
5577.93689322337,338.44051325734614,10.055134150018118,10.328199720836045
5577.93689322337,543.9606412399407,9.69880181645261,-0.6686586124972864
5577.93689322337,749.4807692225354,9.114865710205335,64.55903305416939
5577.93689322337,955.0008972051298,8.568221829150822,19.822333054169377
5577.93689322337,1160.5210251877245,7.835558960374154,7.707466387502713
5577.93689322337,1366.0411531703191,7.292709049946731,-2.144583612497286
5577.93689322337,1571.5612811529138,6.696676571580859,5.970599720836045
5577.93689322337,1777.0814091355082,6.090942107188801,-5.051700279163954
5577.93689322337,1982.601537118103,5.515345638480367,-4.455316945830621
5577.93689322337,2393.641793083292,4.39124293376067,-7.001300279163953
5577.93689322337,3010.2021770310757,2.780950312862276,-5.269126945830619
5577.93689322337,3215.7223050136704,1.8923995351156178,-8.38396694583062
5577.93689322337,3421.242432996265,1.3962420174641668,42.45239305416938
5577.93689322337,3626.7625609788597,1.1473569404214359,-5.315031651712974
5577.93689322337,3832.2826889614544,0.8516072993067481,-6.33568694583062
5577.93689322337,4037.8028169440486,0.05961837741665037,-2.8406169458306207
5577.93689322337,4243.322944926644,-0.40332159176795457,-4.872386945830621
5577.93689322337,4448.843072909238,-0.07722911919729562,1.5173830541693791
5577.93689322337,4654.363200891833,-0.4238858853156602,-5.19182694583062
5577.93689322337,4859.883328874427,-0.2699178797790549,-7.6944169458306195
5577.93689322337,5065.403456857022,-0.5786490622933056,11.089833054169382
5577.93689322337,5476.443712822211,-0.4752966191849221,1.9546330541693795
5577.93689322337,5681.963840804806,-0.08987518832565483,0.24337055416938025
5577.93689322337,5887.4839687874,0.3825343957058098,-4.03046694583062
5577.93689322337,6093.004096769995,0.44732761479262645,-7.376800279163953
5577.93689322337,6298.524224752589,0.8762704260610661,-2.9540669458306206
5577.93689322337,6504.0443527351845,1.190077749693734,-5.010766945830621
5577.93689322337,6709.564480717779,2.07558604208633,-9.643300279163954
5577.93689322337,6915.084608700374,2.586034815289193,-6.38346694583062
5577.93689322337,7120.604736682968,3.251949852981452,-1.3347069458306202
5577.93689322337,7326.124864665562,3.4748988489464048,-6.002481231544906
5577.93689322337,7531.644992648157,3.9630740621291074,0.8730663875027128
5577.93689322337,7737.1651206307515,4.656000077980413,-6.021566945830621
5577.93689322337,7942.685248613346,5.232396874748177,-3.1198669458306205
5577.93689322337,8148.205376595942,6.116521669347248,-3.2411669458306203
5577.93689322337,8353.725504578537,6.509884820846679,-3.092933612497287
5577.93689322337,8559.245632561131,7.085603829888487,0.7299997208360463
5577.93689322337,8764.765760543725,7.723860351695241,1.9761330541693798
5577.93689322337,8970.28588852632,8.257502309584465,2.3553330541693795
5577.93689322337,9175.806016508915,8.685428264828113,-3.4955469458306196
5577.93689322337,9381.32614449151,9.357696595337213,3.6718730541693803
5577.93689322337,9586.846272474104,9.832720748780005,-6.6677669458306195
5577.93689322337,9792.366400456698,10.349141048653562,-7.93732694583062
5577.93689322337,9997.886528439294,10.883500310140015,-3.308275279163954
5691.5801788287545,30.160321283454266,10.868337041862238,17.426210831947156
5691.5801788287545,235.6804492660488,10.52187215966063,23.91599972083605
5691.5801788287545,441.20057724864347,9.84955766954646,3.6062187684550935
5691.5801788287545,646.7207052312381,9.664392345516298,14.813983054169379
5691.5801788287545,852.2408332138325,9.08427035149511,41.80253305416938
5691.5801788287545,1057.7609611964272,8.538298153215118,-2.4852526601163336
5691.5801788287545,1263.2810891790218,7.75896544227735,0.49454733988366534
5691.5801788287545,1468.8012171616165,7.304997358302618,-7.581266945830619
5691.5801788287545,1674.3213451442111,6.8750742011244,-5.431366945830621
5691.5801788287545,1879.8414731268058,5.949811856655061,-3.89286694583062
5691.5801788287545,2496.4018570745893,4.500359972732736,-6.200759802973478
5691.5801788287545,2701.921985057184,3.912427949663202,-3.07924694583062
5691.5801788287545,2907.4421130397786,3.0923878011271566,16.44445805416938
5691.5801788287545,3112.9622410223733,2.6746251693256076,8.973993054169378
5691.5801788287545,3318.482369004968,2.3911007679129717,-4.93126694583062
5691.5801788287545,3524.0024969875626,1.3411236742882313,-0.18846694583062007
5691.5801788287545,3729.5226249701573,1.0798451145983123,13.230399720836047
5691.5801788287545,4140.562880935347,0.40330935232065784,-5.543509802973476
5691.5801788287545,4346.083008917941,0.034662849662998284,-10.72176694583062
5691.5801788287545,4551.603136900535,-0.02936567743952733,18.56392055416938
5691.5801788287545,4757.12326488313,-0.008017109837689884,7.781413054169379
5691.5801788287545,4962.643392865724,0.043545806462868146,-5.964441945830621
5691.5801788287545,5168.163520848319,-0.21978849261858663,-8.18971694583062
5691.5801788287545,5373.683648830914,-0.0035458980386471385,1.2016830541693793
5691.5801788287545,5990.244032778698,0.8316482236479243,-3.36396694583062
5691.5801788287545,6401.2842887438865,1.2782868789283528,-4.99171694583062
5691.5801788287545,6606.804416726482,1.784669558764765,5.200783054169379
5691.5801788287545,6812.324544709076,2.455774825892772,-2.1712869458306203
5691.5801788287545,7017.844672691671,3.1393848822527284,-2.03592694583062
5691.5801788287545,7223.364800674265,3.6542139774528173,-6.673766945830621
5691.5801788287545,7428.88492865686,4.145916853794266,-0.8490002791639534
5691.5801788287545,7634.405056639454,4.775039016213585,-5.05691694583062
5691.5801788287545,7839.9251846220495,5.476911505591474,-5.60116694583062
5691.5801788287545,8045.445312604644,5.856453418330006,-3.27216694583062
5691.5801788287545,8250.965440587239,6.469286646543426,-2.4269419458306203
5691.5801788287545,8456.485568569833,7.20098824315218,-1.6523002791639536
5691.5801788287545,8662.005696552429,7.710133158753156,-2.4337419458306204
5691.5801788287545,8867.525824535023,8.06057965921595,1.0949730541693803
5691.5801788287545,9073.045952517617,8.742162221600301,3.6182330541693797
5691.5801788287545,9278.566080500212,9.372976296238948,-6.328116945830621
5691.5801788287545,9484.086208482806,9.656891387227853,-6.29411694583062
5691.5801788287545,9689.606336465402,10.150947405339952,1.2230330541693804
5691.5801788287545,9895.126464447996,10.774564763813204,-4.453933612497287
5691.5801788287545,10100.64659243059,11.11625290716282,-7.60116694583062
5805.223464434139,132.9203852747516,10.912610712794631,0.13769019702652333
5805.223464434139,338.44051325734614,10.42723380236411,1.50653305416938
5805.223464434139,543.9606412399407,9.828712375092566,27.863854482740805
5805.223464434139,749.4807692225354,9.405450598532436,37.36067591131224
5805.223464434139,955.0008972051298,8.921215519608158,21.190633054169375
5805.223464434139,1160.5210251877245,8.408081320957153,-4.54558694583062
5805.223464434139,1366.0411531703191,7.656260427787434,5.16363305416938
5805.223464434139,1571.5612811529138,7.281738545539526,-4.14411694583062
5805.223464434139,1777.0814091355082,6.8750742011244,-8.22636694583062
5805.223464434139,1982.601537118103,6.128918478750896,-5.4100669458306205
5805.223464434139,2599.161921065887,4.291828891755652,-8.41491694583062
5805.223464434139,2804.6820490484815,3.963074062129107,-2.122166945830621
5805.223464434139,3010.2021770310757,3.0924623722199156,-4.60501694583062
5805.223464434139,3215.7223050136704,2.9077985930191548,-4.023852660116334
5805.223464434139,3421.242432996265,2.4957568807333916,-6.51544194583062
5805.223464434139,4448.843072909238,0.3825343957058098,2.5880330541693795
5805.223464434139,4654.363200891833,0.3578225724708492,-7.31501694583062
5805.223464434139,4859.883328874427,0.27097498052677227,8.055283054169381
5805.223464434139,5065.403456857022,0.5629647657516493,-7.939366945830621
5805.223464434139,5270.9235848396165,0.6282312274364483,-7.81126694583062
5805.223464434139,5476.443712822211,0.579281381172848,-9.934666945830621
5805.223464434139,5681.963840804806,1.0111574214637222,-6.485133612497286
5805.223464434139,5887.4839687874,1.3154192505720552,-6.40346694583062
5805.223464434139,6093.004096769995,1.0165272636428395,3.9405330541693804
5805.223464434139,6298.524224752589,2.1362478374205467,-4.84126694583062
5805.223464434139,6709.564480717779,2.7855438231018033,-2.0848169458306205
5805.223464434139,6915.084608700374,2.8736145804935633,-3.4004169458306204
5805.223464434139,7120.604736682968,3.4148784818643083,-1.51506694583062
5805.223464434139,7326.124864665562,4.225165955370212,-4.156251561215236
5805.223464434139,7531.644992648157,5.006001474585814,-4.584916945830621
5805.223464434139,7737.1651206307515,5.508719699101468,-7.103983612497287
5805.223464434139,7942.685248613346,6.027248388558284,0.6132130541693794
5805.223464434139,8148.205376595942,6.361035257084367,0.28086638750271337
5805.223464434139,8353.725504578537,6.988591558885693,-2.45552944583062
5805.223464434139,8559.245632561131,7.5664123208480865,-4.193509802973478
5805.223464434139,8764.765760543725,8.148693151425935,-2.0114669458306205
5805.223464434139,8970.28588852632,8.74460075827344,1.0355163875027136
5805.223464434139,9175.806016508915,9.175751282421949,-1.71394194583062
5805.223464434139,9381.32614449151,9.740316649558801,1.6772663875027132
5805.223464434139,9586.846272474104,10.132052246409744,-7.59696694583062
5805.223464434139,9792.366400456698,10.677504062441406,-3.59704694583062
5805.223464434139,9997.886528439294,11.182336352955582,-3.69974194583062
5918.866750039523,30.160321283454266,11.228904998787568,40.40825805416938
5918.866750039523,235.6804492660488,10.734397539192095,87.43289555416938
5918.866750039523,441.20057724864347,10.282133796032946,39.40543305416938
5918.866750039523,646.7207052312381,9.791685190047186,6.926353054169381
5918.866750039523,852.2408332138325,9.312744746212836,11.013699720836044
5918.866750039523,1057.7609611964272,8.6790422861821,-9.44974194583062
5918.866750039523,1263.2810891790218,8.278771950981247,-10.689316945830619
5918.866750039523,1468.8012171616165,7.784194511448857,-1.7028669458306203
5918.866750039523,1674.3213451442111,7.3048290169775285,8.664299720836047
5918.866750039523,1879.8414731268058,6.772734376472445,-7.948424088687763
5918.866750039523,2290.8817290919947,5.515973959886286,-6.15006694583062
5918.866750039523,2496.4018570745893,5.1690508790367,-4.50121694583062
5918.866750039523,2701.921985057184,4.775991732191196,-3.3494669458306205
5918.866750039523,2907.4421130397786,4.135570152064266,2.322073054169379
5918.866750039523,3112.9622410223733,3.4273241509358283,-8.804600279163953
5918.866750039523,3318.482369004968,3.0757970068128135,-3.659883612497287
5918.866750039523,3524.0024969875626,2.851646883874556,69.77683305416939
5918.866750039523,4757.12326488313,1.6070364177849703,23.640783054169376
5918.866750039523,4962.643392865724,0.82308635772825,-6.0171669458306205
5918.866750039523,5168.163520848319,0.7256587925823492,-5.03911694583062
5918.866750039523,5990.244032778698,2.115563403272549,-0.8316760367397115
5918.866750039523,6401.2842887438865,2.5578247994549703,-2.69656694583062
5918.866750039523,6606.804416726482,2.5636663574981498,-6.5801169458306195
5918.866750039523,6812.324544709076,3.15723800324218,-3.0842669458306204
5918.866750039523,7017.844672691671,4.066280035369479,-3.02881694583062
5918.866750039523,7223.364800674265,4.19959256489222,-5.92581694583062
5918.866750039523,7428.88492865686,4.875183729350371,-9.45946694583062
5918.866750039523,7634.405056639454,5.5388229131541715,1.1063930541693794
5918.866750039523,7839.9251846220495,5.837651756218726,-8.04691694583062
5918.866750039523,8045.445312604644,6.35474730621646,-3.3658919458306205
5918.866750039523,8250.965440587239,6.9918688321197475,-1.3796225013861763
5918.866750039523,8456.485568569833,7.464545122425757,-1.5604823304460047
5918.866750039523,8662.005696552429,8.12503023913623,-3.3018225013861757
5918.866750039523,8867.525824535023,8.689404162541901,-1.3334252791639536
5918.866750039523,9073.045952517617,9.001927048516686,-1.7972336124972867
5918.866750039523,9278.566080500212,9.581849228342833,-2.28417747214641
5918.866750039523,9484.086208482806,10.150562881771002,-0.1773669458306196
5918.866750039523,9689.606336465402,10.600706739107979,-7.13988694583062
5918.866750039523,9895.126464447996,11.072056713632456,9.542296690533016
6032.5100356449075,132.9203852747516,11.2149525955934,45.51626032689665
6032.5100356449075,338.44051325734614,10.715942072417732,42.25977305416938
6032.5100356449075,543.9606412399407,10.207927671659567,89.73323305416939
6032.5100356449075,749.4807692225354,9.891571109542033,2.01075805416938
6032.5100356449075,955.0008972051298,9.418592167653692,-9.84806694583062
6032.5100356449075,1160.5210251877245,8.883020244993245,45.76643305416938
6032.5100356449075,1366.0411531703191,8.279261881441874,-11.04521694583062
6032.5100356449075,1777.0814091355082,7.138073134546403,8.02718305416938
6032.5100356449075,1982.601537118103,6.625967552577897,-6.8281669458306204
6032.5100356449075,2393.641793083292,5.630218726225712,-6.33486694583062
6032.5100356449075,2804.6820490484815,4.52910069877239,-5.867550279163953
6032.5100356449075,3215.7223050136704,3.9287441724300276,7.2749966905330155
6032.5100356449075,3626.7625609788597,3.070870495212494,-7.272066945830621
6032.5100356449075,4037.8028169440486,2.674705485428131,-4.17301694583062
6032.5100356449075,4243.322944926644,2.2518323848503807,18.468054482740808
6032.5100356449075,4448.843072909238,1.877843986110035,26.42433305416938
6032.5100356449075,4859.883328874427,2.091108084837323,-2.9816669458306198
6032.5100356449075,5065.403456857022,1.4745883290511534,-6.613100279163954
6032.5100356449075,5270.9235848396165,1.5714334659616838,-4.94269194583062
6032.5100356449075,5476.443712822211,2.004515780048922,-3.25916694583062
6032.5100356449075,5681.963840804806,1.835177526253787,-8.52291694583062
6032.5100356449075,5887.4839687874,1.8624064482687612,0.031133054169379726
6032.5100356449075,6093.004096769995,2.496560984125016,-2.12361694583062
6032.5100356449075,6504.0443527351845,3.627507631013146,0.6653330541693805
6032.5100356449075,6709.564480717779,3.963074062129107,-5.73336694583062
6032.5100356449075,6915.084608700374,4.455247977560762,28.888933054169378
6032.5100356449075,7120.604736682968,4.169486008609849,-11.46346694583062
6032.5100356449075,7531.644992648157,5.374379351200495,-9.250966945830621
6032.5100356449075,7737.1651206307515,6.046702040259257,-3.3876383744020484
6032.5100356449075,7942.685248613346,6.750873510080787,-2.5785002791639537
6032.5100356449075,8148.205376595942,6.979758241713065,-1.0057919458306195
6032.5100356449075,8353.725504578537,7.536291640701508,-1.93286694583062
6032.5100356449075,8559.245632561131,8.12589007063252,-4.913606945830621
6032.5100356449075,8764.765760543725,8.424574988872408,-3.6341669458306196
6032.5100356449075,8970.28588852632,8.87363058488447,-1.00790694583062
6032.5100356449075,9175.806016508915,9.496713060253274,-3.2480169458306203
6032.5100356449075,9381.32614449151,10.196464564423444,-6.5760069458306205
6032.5100356449075,9586.846272474104,10.624458843592212,16.30228305416938
6032.5100356449075,9792.366400456698,11.027046062196321,-1.090033612497287
6032.5100356449075,9997.886528439294,11.530074962897134,3.8479930541693803
6146.153321250291,30.160321283454266,11.46196216053155,2.1592830541693795
6146.153321250291,235.6804492660488,11.013916379676264,58.72981305416939
6146.153321250291,441.20057724864347,10.589797501344641,31.466951235987562
6146.153321250291,646.7207052312381,10.098961265048239,10.183954675791002
6146.153321250291,852.2408332138325,9.698243013498216,38.44317305416938
6146.153321250291,1057.7609611964272,9.302804296211761,-8.241800279163952
6146.153321250291,1263.2810891790218,8.699594706944787,-10.70066694583062
6146.153321250291,1468.8012171616165,8.13737931689105,-3.1215502791639533
6146.153321250291,1879.8414731268058,7.362384192428482,-6.60951694583062
6146.153321250291,2085.3616011094,6.778894503426012,-3.518052660116335
6146.153321250291,2496.4018570745893,6.116934079690095,-4.33286694583062
6146.153321250291,2701.921985057184,5.207981251640594,-11.05636694583062
6146.153321250291,2907.4421130397786,4.894806325390068,-7.40936694583062
6146.153321250291,3112.9622410223733,4.616112159405323,-4.38696694583062
6146.153321250291,3318.482369004968,4.019983396279074,54.676270554169385
6146.153321250291,3935.0427529527515,2.6968731529628656,-2.2602669458306197
6146.153321250291,4140.562880935347,2.5687450432217926,8.906178508714834
6146.153321250291,4346.083008917941,2.425291232409524,19.32890805416938
6146.153321250291,4757.12326488313,2.170822359302672,-0.7597069458306205
6146.153321250291,4962.643392865724,2.272070732212306,-8.29226694583062
6146.153321250291,5168.163520848319,2.2656724437366775,-5.48287944583062
6146.153321250291,5373.683648830914,2.4107879298309074,-7.651166945830621
6146.153321250291,5579.203776813509,2.2269309796290835,-7.27181694583062
6146.153321250291,5990.244032778698,2.474192526333972,-1.5281169458306199
6146.153321250291,6195.764160761292,3.5143003600126583,-5.0845002791639535
6146.153321250291,6401.2842887438865,3.350651117892145,-1.3505169458306203
6146.153321250291,6606.804416726482,3.7310953168477847,-1.6342169458306204
6146.153321250291,6812.324544709076,4.36854864701727,-6.9664919458306205
6146.153321250291,7017.844672691671,4.620745061503209,7.117599720836045
6146.153321250291,7223.364800674265,5.2944691520351945,-4.67319194583062
6146.153321250291,7428.88492865686,5.762699461448705,-1.5255669458306205
6146.153321250291,7839.9251846220495,6.472019625249104,-0.7160919458306201
6146.153321250291,8045.445312604644,7.052980476985633,-3.6355746381383125
6146.153321250291,8250.965440587239,7.47389020085081,-3.247794723608399
6146.153321250291,8456.485568569833,7.944330655405913,7.724597339883665
6146.153321250291,8662.005696552429,8.66597931041954,-2.20854694583062
6146.153321250291,8867.525824535023,9.206651786336007,2.4562330541693793
6146.153321250291,9073.045952517617,9.573513259740082,-6.3215269458306205
6146.153321250291,9278.566080500212,9.978283627595749,-4.964626945830621
6146.153321250291,9484.086208482806,10.430349871328623,-1.846233612497287
6146.153321250291,9689.606336465402,10.901551981539702,32.49320805416938
6146.153321250291,9895.126464447996,11.423780456397873,-7.775626945830621
6146.153321250291,10100.64659243059,11.7526888239606,-9.806566945830621
6259.796606855675,132.9203852747516,11.460888995959166,47.38713305416938
6259.796606855675,338.44051325734614,11.040888296654733,15.602153054169378
6259.796606855675,543.9606412399407,10.56458683421711,49.64926162559795
6259.796606855675,749.4807692225354,10.267537255615135,-6.74132694583062
6259.796606855675,955.0008972051298,9.560028895232614,-8.70186694583062
6259.796606855675,1160.5210251877245,9.266735631141485,18.626766387502716
6259.796606855675,1366.0411531703191,8.69485006601904,-7.42296694583062
6259.796606855675,1571.5612811529138,8.230666947424105,-2.6647669458306193
6259.796606855675,1777.0814091355082,7.499040417248858,3.7370330541693795
6259.796606855675,1982.601537118103,7.3617976014901085,-3.05081694583062
6259.796606855675,2188.1216651006976,6.804382328567365,-7.2785002791639535
6259.796606855675,2393.641793083292,6.153794336162856,46.55063305416938
6259.796606855675,2599.161921065887,5.940423060270369,-5.621466945830621
6259.796606855675,2804.6820490484815,5.337110879620923,-7.868633612497287
6259.796606855675,3010.2021770310757,4.903797958144477,3.5318830541693793
6259.796606855675,3215.7223050136704,4.775991732191196,-7.01426694583062
6259.796606855675,3421.242432996265,4.391370734383281,-7.65556694583062
6259.796606855675,3626.7625609788597,3.5850549043879623,8.48033305416938
6259.796606855675,3832.2826889614544,3.4915858026079767,36.152253054169385
6259.796606855675,4037.8028169440486,3.627507631013146,2.20448305416938
6259.796606855675,4243.322944926644,2.7625758622338727,-7.928941945830621
6259.796606855675,4448.843072909238,2.496560984125016,-5.23906694583062
6259.796606855675,4654.363200891833,2.6636216516607636,-5.913641945830619
6259.796606855675,4859.883328874427,2.2946406085039177,-0.9866169458306207
6259.796606855675,5270.9235848396165,2.4965208260737546,-0.4515369458306203
6259.796606855675,5476.443712822211,3.226258907392585,-7.25820694583062
6259.796606855675,5681.963840804806,2.6834122479732114,44.81755305416938
6259.796606855675,5887.4839687874,3.003438631681498,-9.268616945830619
6259.796606855675,6093.004096769995,3.492970062722509,-1.30927944583062
6259.796606855675,6298.524224752589,3.5680007853132034,-4.87096694583062
6259.796606855675,6504.0443527351845,3.992739306133725,-4.952716945830621
6259.796606855675,6709.564480717779,4.378088730896376,-6.268876945830621
6259.796606855675,6915.084608700374,4.600058622429633,7.6808130541693815
6259.796606855675,7120.604736682968,5.01269974967013,-7.33596694583062
6259.796606855675,7326.124864665562,5.837005850907238,-3.9791669458306203
6259.796606855675,7531.644992648157,6.182538823864199,-7.543966945830621
6259.796606855675,7737.1651206307515,6.509150368192017,-4.95539194583062
6259.796606855675,7942.685248613346,7.084529474971792,-3.87006694583062
6259.796606855675,8148.205376595942,7.566269990099185,-2.3849812315449057
6259.796606855675,8353.725504578537,8.008947640335885,-1.809759253522928
6259.796606855675,8559.245632561131,8.524818515211164,-0.4010932616200936
6259.796606855675,8764.765760543725,8.83086219868281,-0.4441669458306203
6259.796606855675,8970.28588852632,9.394140387704672,0.44999305416938
6259.796606855675,9175.806016508915,9.789429691774675,-4.9504919458306205
6259.796606855675,9381.32614449151,10.399888425921484,22.070073054169377
6259.796606855675,9792.366400456698,11.396903198666381,48.447999720836044
6259.796606855675,9997.886528439294,11.782570229559504,11.433179208015533
6373.43989246106,30.160321283454266,11.790697202771431,-2.0757336124972867
6373.43989246106,235.6804492660488,11.418785297238868,24.014916387502712
6373.43989246106,441.20057724864347,11.005370680710186,59.02035805416938
6373.43989246106,646.7207052312381,10.628297685694449,2.35790805416938
6373.43989246106,852.2408332138325,10.086470432872275,87.55180805416938
6373.43989246106,1057.7609611964272,9.592176139657546,21.719949720836045
6373.43989246106,1263.2810891790218,9.19089216603848,4.43036305416938
6373.43989246106,1879.8414731268058,7.701976183499261,-10.43936694583062
6373.43989246106,2290.8817290919947,6.697454277465548,-10.66006694583062
6373.43989246106,2496.4018570745893,6.153748611857145,-9.21616694583062
6373.43989246106,2907.4421130397786,5.2469116242444915,-4.29736694583062
6373.43989246106,3112.9622410223733,4.815730897868298,-6.192400279163954
6373.43989246106,3318.482369004968,4.774798822471359,-7.61044694583062
6373.43989246106,3729.5226249701573,4.333447810889212,-6.08856694583062
6373.43989246106,3935.0427529527515,3.9566492566940137,-4.047552660116335
6373.43989246106,4140.562880935347,3.301454902559154,11.273340197026524
6373.43989246106,4346.083008917941,3.113628715553912,-9.01166694583062
6373.43989246106,5373.683648830914,2.8077114906365375,-2.338666945830621
6373.43989246106,5579.203776813509,3.500149451137599,-4.88066694583062
6373.43989246106,5784.723904796103,3.4148784818643083,-9.76826694583062
6373.43989246106,5990.244032778698,3.339946557230118,4.772108054169379
6373.43989246106,6195.764160761292,4.29271461658777,-6.6844669458306205
6373.43989246106,6606.804416726482,4.394483164112264,-9.55026694583062
6373.43989246106,7223.364800674265,5.554055548666096,-7.09896694583062
6373.43989246106,7428.88492865686,6.381533594355287,-4.33746694583062
6373.43989246106,7634.405056639454,6.494063742107372,-3.881333612497287
6373.43989246106,7839.9251846220495,7.0857353291663925,-4.99786694583062
6373.43989246106,8045.445312604644,7.499040417248858,-0.9080669458306208
6373.43989246106,8250.965440587239,8.088627103514208,0.7821886097249351
6373.43989246106,8456.485568569833,8.5336379405829,-1.0891669458306201
6373.43989246106,8662.005696552429,8.890709912709465,-4.353966945830621
6373.43989246106,9484.086208482806,10.83175017970381,-2.9265592535229277
6373.43989246106,9689.606336465402,11.248673046599386,-7.86186694583062
6373.43989246106,9895.126464447996,11.789978783065667,10.10098305416938
6373.43989246106,10100.64659243059,11.966457242785186,6.079933054169379
6487.083178066444,132.9203852747516,11.782655959253798,37.66183305416938
6487.083178066444,338.44051325734614,11.44041557936635,50.320849720836044
6487.083178066444,543.9606412399407,11.040223364492531,-9.340075279163955
6487.083178066444,749.4807692225354,10.454690177719769,-9.96381694583062
6487.083178066444,955.0008972051298,9.920595491098748,-2.2764169458306203
6487.083178066444,1366.0411531703191,9.227725859757314,-7.055409802973478
6487.083178066444,1571.5612811529138,8.85899985524453,0.6111080541693799
6487.083178066444,1777.0814091355082,8.338472995665688,-1.5058669458306209
6487.083178066444,2188.1216651006976,7.4985739433210306,-6.257066945830621
6487.083178066444,3215.7223050136704,5.012621044801254,-8.455966945830621
6487.083178066444,3421.242432996265,4.89417805051488,-5.164900279163953
6487.083178066444,3626.7625609788597,4.842186508573921,-8.27316694583062
6487.083178066444,3832.2826889614544,4.37210556689204,4.976499720836047
6487.083178066444,4037.8028169440486,3.8375610021345916,3.59608305416938
6487.083178066444,5476.443712822211,3.307832875244036,2.0772830541693796
6487.083178066444,5681.963840804806,4.0455163036224695,-3.74716694583062
6487.083178066444,6093.004096769995,4.190024109939502,-4.47721694583062
6487.083178066444,7531.644992648157,6.637201516964724,-1.5668502791639538
6487.083178066444,7737.1651206307515,7.293722001067556,-9.24226694583062
6487.083178066444,7942.685248613346,7.442326280935383,-4.279233612497286
6487.083178066444,8148.205376595942,8.148356093061693,-1.95624694583062
6487.083178066444,8353.725504578537,8.59815549855495,-2.8702130996767745
6487.083178066444,9586.846272474104,11.181908926555117,-4.081550279163953
6487.083178066444,9792.366400456698,11.688622867003751,-2.8762419458306203
6487.083178066444,9997.886528439294,12.006478968826304,22.379745554169382
6600.726463671828,30.160321283454266,12.078151322915478,2.23648305416938
6600.726463671828,235.6804492660488,11.828206962673825,-3.2367169458306204
6600.726463671828,441.20057724864347,11.395792751189898,0.48609555416937944
6600.726463671828,646.7207052312381,10.833726865022985,-11.651216945830619
6600.726463671828,1468.8012171616165,9.263561522531566,7.84510305416938
6600.726463671828,1674.3213451442111,8.615699433706292,-3.71796694583062
6600.726463671828,2085.3616011094,8.062156167100298,-7.176566945830619
6600.726463671828,3318.482369004968,5.2469116242444915,-5.20306694583062
6600.726463671828,3729.5226249701573,5.2469116242444915,-6.90756694583062
6600.726463671828,3935.0427529527515,4.999024379212573,-3.528050279163954
6600.726463671828,4140.562880935347,4.452835898423667,-2.1285669458306207
6600.726463671828,7634.405056639454,7.387585504881396,-2.40834194583062
6600.726463671828,7839.9251846220495,7.659745026992803,-4.80506694583062
6600.726463671828,8045.445312604644,8.219006129765358,-7.52396694583062
6600.726463671828,8250.965440587239,8.692825411791052,-3.4205891680528424
6600.726463671828,9689.606336465402,11.634095871884975,17.83998305416938
6600.726463671828,9895.126464447996,12.045272011998941,0.9151057814421062
6600.726463671828,10100.64659243059,12.383383338219568,-8.81006694583062
6714.369749277213,132.9203852747516,12.171275937851174,24.939428054169372
6714.369749277213,338.44051325734614,11.77662220137237,4.494119720836047
6714.369749277213,1571.5612811529138,9.257045720004813,-9.42741694583062
6714.369749277213,2188.1216651006976,8.263139092593136,-10.72716694583062
6714.369749277213,3626.7625609788597,5.493004702117086,-3.4248669458306202
6714.369749277213,4037.8028169440486,5.110655320130858,-8.33181694583062
6714.369749277213,7737.1651206307515,7.859581379441991,-4.528448764012438
6714.369749277213,7942.685248613346,8.397625428527173,-5.301483612497286
6714.369749277213,8148.205376595942,8.804842025469606,-3.5308869458306207
6714.369749277213,8353.725504578537,8.949358369873357,-3.1671669458306204
6714.369749277213,9586.846272474104,11.632922766914444,-7.645706945830621
6714.369749277213,9792.366400456698,11.975844821615386,-1.9506769458306201
6714.369749277213,9997.886528439294,12.372980907506378,16.602904482740808
6828.013034882597,30.160321283454266,12.563060055391084,-5.33506694583062
6828.013034882597,235.6804492660488,12.16040893206806,50.265047339883665
6828.013034882597,1468.8012171616165,9.666859453562177,-0.9173669458306198
6828.013034882597,1879.8414731268058,9.114865710205335,-3.39246694583062
6828.013034882597,2085.3616011094,8.263139092593136,-7.02971694583062
6828.013034882597,3729.5226249701573,6.116934079690095,-7.89476694583062
6828.013034882597,3935.0427529527515,5.335488991766948,-9.86386694583062
6828.013034882597,4140.562880935347,5.266172111307345,-5.17546694583062
6828.013034882597,7634.405056639454,8.148764907625957,-5.46926694583062
6828.013034882597,7839.9251846220495,8.365858229065731,-3.1302269458306204
6828.013034882597,8045.445312604644,8.874046821398995,-7.23301694583062
6828.013034882597,8250.965440587239,9.210533665843842,0.25561876845509385
6828.013034882597,9689.606336465402,11.99131278667182,1.0291663875027126
6828.013034882597,9895.126464447996,12.40697508179845,-6.64926694583062
6941.656320487981,132.9203852747516,12.493399847194672,24.79429305416938
6941.656320487981,1571.5612811529138,9.722401568410326,-9.37311694583062
6941.656320487981,1777.0814091355082,9.418592167653692,-4.5011669458306205
6941.656320487981,1982.601537118103,8.85184886592262,-6.63566694583062
6941.656320487981,3626.7625609788597,6.427886909683782,-4.913966945830619
6941.656320487981,3832.2826889614544,6.312382144878011,-3.9950336124972865
6941.656320487981,4037.8028169440486,5.892927201632887,-6.4122502791639535
6941.656320487981,5681.963840804806,5.616658994642044,12.282649720836046
6941.656320487981,7737.1651206307515,8.426983793245821,-4.175546945830621
6941.656320487981,7942.685248613346,8.866916609041947,-1.0829383744020487
6941.656320487981,8148.205376595942,9.24733074845066,-0.47576694583062046
6941.656320487981,8353.725504578537,9.774759123700811,-4.99711694583062
6941.656320487981,9997.886528439294,12.674642622113913,-4.71734694583062
7055.299606093366,30.160321283454266,12.952788495471868,-4.76096694583062
7055.299606093366,235.6804492660488,12.467211430157999,28.93817680416938
7055.299606093366,1468.8012171616165,10.143017213899737,19.363433054169377
7055.299606093366,1674.3213451442111,9.899707142136894,-7.551524088687763
7055.299606093366,1879.8414731268058,9.597775621714563,-4.70056694583062
7055.299606093366,2085.3616011094,9.086048162366673,1.0169869003232255
7055.299606093366,3524.0024969875626,6.8630362034129595,-8.119433612497287
7055.299606093366,3729.5226249701573,6.540192692729045,-2.5770669458306203
7055.299606093366,3935.0427529527515,6.376245603957228,28.14037305416938
7055.299606093366,4140.562880935347,6.4210268757076046,-8.51356694583062
7055.299606093366,5784.723904796103,6.04297774024489,-7.43926694583062
7055.299606093366,7634.405056639454,8.616030331654702,-7.23176694583062
7055.299606093366,7839.9251846220495,8.921338601719738,-3.995560279163953
7055.299606093366,8045.445312604644,9.271995096458276,-1.170276036739711
7055.299606093366,8250.965440587239,9.662850611557818,18.67139019702652
7055.299606093366,9689.606336465402,12.395425400334751,-5.53511694583062
7055.299606093366,9895.126464447996,12.728519411519608,-6.74751694583062
7168.94289169875,132.9203852747516,12.797591267023282,33.17511305416938
7168.94289169875,1571.5612811529138,10.348835433011395,15.25033305416938
7168.94289169875,1777.0814091355082,9.612580673271346,61.43573305416938
7168.94289169875,1982.601537118103,9.551880774390739,-4.80656694583062
7168.94289169875,2188.1216651006976,9.276270248169041,-6.963766945830621
7168.94289169875,3626.7625609788597,7.084968090672756,-6.08626694583062
7168.94289169875,3832.2826889614544,6.696800985570106,4.643605781442107
7168.94289169875,4037.8028169440486,6.8750742011244,2.77453305416938
7168.94289169875,4243.322944926644,6.590224190134071,-11.88796694583062
7168.94289169875,5681.963840804806,6.433922172025251,3.0783330541693794
7168.94289169875,7737.1651206307515,8.990648362974946,-4.504986945830621
7168.94289169875,7942.685248613346,9.437604799062347,-5.319266945830621
7168.94289169875,8148.205376595942,9.67267266803858,-1.6574284842921587
7168.94289169875,8353.725504578537,10.228287380600898,-2.667252660116334
7168.94289169875,9175.806016508915,11.866389985038573,94.63123305416939
7168.94289169875,9586.846272474104,12.42351512865423,29.123266387502714
7168.94289169875,9792.366400456698,12.551160202656781,169.74663305416937
7168.94289169875,9997.886528439294,13.140838737500468,53.046323054169385
7282.586177304134,30.160321283454266,13.069307799701392,-4.5869669458306195
7282.586177304134,235.6804492660488,12.709548586479235,22.65853305416938
7282.586177304134,1468.8012171616165,10.791735081233384,-3.0597669458306194
7282.586177304134,1674.3213451442111,10.320925654337005,26.306183054169377
7282.586177304134,1879.8414731268058,9.972420727995734,-5.43071694583062
7282.586177304134,2085.3616011094,9.715742992338333,-2.91001694583062
7282.586177304134,2290.8817290919947,9.50838698913647,-9.02856694583062
7282.586177304134,3524.0024969875626,7.442044643748577,-4.1196669458306205
7282.586177304134,3729.5226249701573,7.367524533153397,28.60634972083605
7282.586177304134,3935.0427529527515,7.465070387551826,9.57910805416938
7282.586177304134,4140.562880935347,6.874434277826496,0.8451057814421066
7282.586177304134,5579.203776813509,6.827556494676074,-3.084650279163954
7282.586177304134,5784.723904796103,7.189971178063261,-4.60316694583062
7282.586177304134,7634.405056639454,9.388302827923958,-6.398000279163954
7282.586177304134,7839.9251846220495,9.515043960940993,-6.69322944583062
7282.586177304134,8045.445312604644,9.932539352341802,-1.226081231544906
7282.586177304134,8250.965440587239,10.230106389373125,7.0532130541693805
7282.586177304134,8456.485568569833,10.447780495698874,-8.88241694583062
7282.586177304134,9484.086208482806,12.33507472361405,-6.94826694583062
7282.586177304134,9689.606336465402,12.70140825592818,123.23196638750271
7282.586177304134,9895.126464447996,13.111995438352468,-6.035581231544906
7396.229462909519,132.9203852747516,13.250205289009235,23.81324972083605
7396.229462909519,338.44051325734614,12.95723221599279,54.23777305416938
7396.229462909519,1160.5210251877245,11.561167818402879,-10.06926694583062
7396.229462909519,1366.0411531703191,11.088927847464946,50.05109972083605
7396.229462909519,1571.5612811529138,10.737958468804988,-7.2619336124972875
7396.229462909519,1777.0814091355082,10.30915243647567,-2.741581231544906
7396.229462909519,1982.601537118103,9.97074445467899,-6.06146694583062
7396.229462909519,2188.1216651006976,9.744486123468171,-8.359633612497285
7396.229462909519,3421.242432996265,8.077787873406699,-9.147633612497287
7396.229462909519,3626.7625609788597,7.9019754319165365,23.629570554169376
7396.229462909519,3832.2826889614544,7.5810049345338895,4.586518768455093
7396.229462909519,4037.8028169440486,7.549903377099243,-9.65596694583062
7396.229462909519,4243.322944926644,7.455513005410755,-5.64009194583062
7396.229462909519,5476.443712822211,7.2658945549346114,5.608153054169381
7396.229462909519,5681.963840804806,7.293595745073738,10.841383054169377
7396.229462909519,7531.644992648157,9.429284980857023,-2.2877214912851658
7396.229462909519,7737.1651206307515,9.691399884291362,-3.5910069458306197
7396.229462909519,7942.685248613346,10.039048101284788,-1.9206669458306205
7396.229462909519,8148.205376595942,10.290871998434696,-5.3208919458306205
7396.229462909519,8353.725504578537,10.572521827672944,-1.1313669458306197
7396.229462909519,8559.245632561131,11.195888355080518,-9.23386694583062
7396.229462909519,9175.806016508915,11.891446520219796,77.05219972083604
7396.229462909519,9381.32614449151,12.4315229295469,-5.97124194583062
7396.229462909519,9586.846272474104,12.712797308250432,39.67696032689665
7396.229462909519,9792.366400456698,12.990041778065532,-4.31874694583062
7396.229462909519,9997.886528439294,13.36917420011041,-10.498433612497287
7509.872748514903,30.160321283454266,13.551284896302857,24.702966387502713
7509.872748514903,235.6804492660488,13.26678088351069,21.556287599623925
7509.872748514903,441.20057724864347,12.9797863193186,54.49749972083604
7509.872748514903,646.7207052312381,12.598897869299028,-6.92956694583062
7509.872748514903,852.2408332138325,12.310796068057797,-4.10006694583062
7509.872748514903,1057.7609611964272,11.941475574166335,-4.46716694583062
7509.872748514903,1468.8012171616165,11.149714990203051,-3.275016945830619
7509.872748514903,1674.3213451442111,10.738005831302258,-8.27130694583062
7509.872748514903,1879.8414731268058,10.562581600329855,3.64765805416938
7509.872748514903,2085.3616011094,10.330748330816078,35.10773305416938
7509.872748514903,2290.8817290919947,9.84897664290086,-6.06696694583062
7509.872748514903,2496.4018570745893,9.80410025984854,-4.63656694583062
7509.872748514903,3318.482369004968,8.591392418860925,-5.894416945830621
7509.872748514903,3524.0024969875626,8.230666947424105,-7.84466694583062
7509.872748514903,3729.5226249701573,7.985101627443124,-9.45871694583062
7509.872748514903,3935.0427529527515,8.10010951627965,19.318033054169376
7509.872748514903,4140.562880935347,8.10010951627965,6.025999720836045
7509.872748514903,4346.083008917941,7.7686565624305715,-7.609716945830621
7509.872748514903,5373.683648830914,7.868974529163819,6.816899720836045
7509.872748514903,5579.203776813509,7.464620944738925,-9.835716945830619
7509.872748514903,5784.723904796103,7.396715288108946,-9.30826694583062
7509.872748514903,6812.324544709076,8.898595792527543,-8.55566694583062
7509.872748514903,7017.844672691671,9.206651786336007,-12.01346694583062
7509.872748514903,7223.364800674265,9.267502947636514,-4.0480669458306195
7509.872748514903,7428.88492865686,9.493124386659169,-3.0831169458306205
7509.872748514903,7634.405056639454,9.828086591531612,-3.326124088687763
7509.872748514903,7839.9251846220495,9.978178573268693,-1.27161694583062
7509.872748514903,8045.445312604644,10.404501164678493,-6.13080694583062
7509.872748514903,8250.965440587239,10.703474334609183,-1.7819419458306203
7509.872748514903,8456.485568569833,11.18916367660195,-4.514791945830621
7509.872748514903,8662.005696552429,11.53514073558117,0.8588997208360468
7509.872748514903,8867.525824535023,11.878922827555954,38.30763305416938
7509.872748514903,9073.045952517617,12.203575682076957,-4.85580694583062
7509.872748514903,9278.566080500212,12.338942565168738,-1.4980752791639533
7509.872748514903,9484.086208482806,12.765695620456308,34.93594214507847
7509.872748514903,9689.606336465402,13.127002311184242,28.901420554169373
7509.872748514903,9895.126464447996,13.443056341049887,14.73149972083605
7623.516034120287,132.9203852747516,13.557015350103097,33.671033054169385
7623.516034120287,338.44051325734614,13.151071150703519,41.15787972083605
7623.516034120287,543.9606412399407,12.968135184687286,46.520355276391605
7623.516034120287,749.4807692225354,12.588648618489255,17.505404482740808
7623.516034120287,955.0008972051298,12.229541601394184,5.108149720836045
7623.516034120287,1160.5210251877245,11.785280140257493,20.53141305416938
7623.516034120287,1366.0411531703191,11.573873477026726,-7.128166945830619
7623.516034120287,1571.5612811529138,11.340057146601069,-1.5411919458306196
7623.516034120287,1777.0814091355082,10.937649402651607,-2.41236694583062
7623.516034120287,1982.601537118103,10.558149862131435,-4.219650279163953
7623.516034120287,2188.1216651006976,10.27272596128786,7.7351730541693815
7623.516034120287,2393.641793083292,9.899922272964867,-7.9904669458306214
7623.516034120287,2599.161921065887,9.836113142925281,-4.20989694583062
7623.516034120287,2804.6820490484815,9.716007152741144,11.20213305416938
7623.516034120287,3010.2021770310757,9.353234794176396,-6.24421694583062
7623.516034120287,3215.7223050136704,8.960686648397937,-6.29436694583062
7623.516034120287,3421.242432996265,8.594196845000935,-3.9150336124972873
7623.516034120287,3626.7625609788597,8.471943573557173,-7.83226694583062
7623.516034120287,4243.322944926644,7.86160505549211,24.608340197026518
7623.516034120287,4448.843072909238,8.15306200338783,-4.382500279163954
7623.516034120287,5476.443712822211,8.042736288798594,-1.2752760367397111
7623.516034120287,5681.963840804806,7.961948266720014,-5.884100279163953
7623.516034120287,5887.4839687874,8.488540991644347,-5.93086694583062
7623.516034120287,6709.564480717779,9.084201383217607,-8.691800279163953
7623.516034120287,6915.084608700374,9.137760503029874,-8.04376694583062
7623.516034120287,7120.604736682968,9.429566082138189,0.6104955541693795
7623.516034120287,7326.124864665562,9.597250108786925,-0.6634069458306199
7623.516034120287,7531.644992648157,9.832160447592798,-2.459181231544906
7623.516034120287,7737.1651206307515,10.335447762703055,-5.470616945830621
7623.516034120287,7942.685248613346,10.583485480362793,5.315473054169379
7623.516034120287,8148.205376595942,10.676983300881117,10.462033054169382
7623.516034120287,8353.725504578537,11.110000482021618,17.02925305416938
7623.516034120287,8559.245632561131,11.470064454285023,-2.3985169458306204
7623.516034120287,8764.765760543725,11.882094161256248,10.020310831947155
7623.516034120287,8970.28588852632,12.049274418549617,-0.5682336124972872
7623.516034120287,9175.806016508915,12.42687953596878,1.7602997208360458
7623.516034120287,9381.32614449151,12.746141156295081,62.96394416528048
7623.516034120287,9586.846272474104,13.069053281037892,40.14936876845509
7623.516034120287,9792.366400456698,13.38040110837593,-4.324583612497287
7623.516034120287,9997.886528439294,13.843657761896822,1.7751080541693798
7737.159319725672,30.160321283454266,13.899739160666805,11.85728305416938
7737.159319725672,235.6804492660488,13.576533494857141,20.111320554169378
7737.159319725672,441.20057724864347,13.191203304205272,19.862669417805744
7737.159319725672,646.7207052312381,12.861406750806996,36.24718860972493
7737.159319725672,852.2408332138325,12.534041888043292,30.0340187684551
7737.159319725672,1057.7609611964272,12.339753403014653,13.76385305416938
7737.159319725672,1263.2810891790218,11.891270068299038,45.58935805416938
7737.159319725672,1468.8012171616165,11.714111472117775,-3.61541694583062
7737.159319725672,1674.3213451442111,11.40568108062979,16.03238305416938
7737.159319725672,1879.8414731268058,11.182603791048711,-2.6041919458306206
7737.159319725672,2085.3616011094,10.708720390642815,54.34705305416937
7737.159319725672,2290.8817290919947,10.367731938718245,12.047366387502713
7737.159319725672,2496.4018570745893,10.195659335235794,-6.113126945830619
7737.159319725672,2701.921985057184,10.000572085557858,-7.016476945830621
7737.159319725672,2907.4421130397786,9.550778135681414,-7.0272240886877615
7737.159319725672,3112.9622410223733,9.224657235790005,-0.05554194583062033
7737.159319725672,3318.482369004968,9.134553316007265,9.739166387502715
7737.159319725672,3524.0024969875626,8.7609803841575,5.22857305416938
7737.159319725672,3729.5226249701573,8.69752028126911,-3.5179069458306196
7737.159319725672,3935.0427529527515,8.631574808504332,3.9629330541693792
7737.159319725672,4140.562880935347,8.626080374560809,-4.689833612497286
7737.159319725672,4346.083008917941,8.338012169790774,4.95843305416938
7737.159319725672,4551.603136900535,8.507205281839285,3.32917305416938
7737.159319725672,4757.12326488313,8.456457509113795,-1.6141396731033473
7737.159319725672,4962.643392865724,8.403090310193868,-4.502000279163954
7737.159319725672,5168.163520848319,8.045343854928923,-8.975500279163953
7737.159319725672,5373.683648830914,8.099669438231006,-7.03216694583062
7737.159319725672,5579.203776813509,8.510349589729783,20.434861625597954
7737.159319725672,5784.723904796103,8.615294758168957,-8.227033612497287
7737.159319725672,5990.244032778698,8.520413326646938,-5.053233612497286
7737.159319725672,6812.324544709076,9.31289039580469,-5.68501694583062
7737.159319725672,7017.844672691671,9.481566677239957,6.177976804169378
7737.159319725672,7223.364800674265,9.656563403511388,-5.27806694583062
7737.159319725672,7428.88492865686,10.021891156531424,10.63975805416938
7737.159319725672,7634.405056639454,10.26335680652962,-0.8317558347195091
7737.159319725672,7839.9251846220495,10.483668907255588,-6.640686945830621
7737.159319725672,8045.445312604644,10.923343898796242,-2.269400279163953
7737.159319725672,8250.965440587239,11.190612815287395,-7.437750279163954
7737.159319725672,8456.485568569833,11.58639120525682,-7.309666945830619
7737.159319725672,8662.005696552429,11.727227288847498,1.64393305416938
7737.159319725672,8867.525824535023,12.120937972949086,19.94438305416938
7737.159319725672,9073.045952517617,12.445470041502395,-0.15681694583062047
7737.159319725672,9278.566080500212,12.821756802640456,24.589447339883662
7737.159319725672,9484.086208482806,13.110584191163884,55.33755448274081
7737.159319725672,9689.606336465402,13.41478490679332,-6.87991694583062
7737.159319725672,9895.126464447996,13.788031631680141,1.3443330541693799
7737.159319725672,10100.64659243059,14.021737367329541,-4.53146694583062
7850.802605331056,132.9203852747516,13.925614731861666,13.178810831947159
7850.802605331056,338.44051325734614,13.516368137132798,50.58018690032323
7850.802605331056,543.9606412399407,13.208049549502045,70.92347305416939
7850.802605331056,749.4807692225354,13.034228421295992,36.63198305416939
7850.802605331056,955.0008972051298,12.606623720897682,21.350266387502714
7850.802605331056,1160.5210251877245,12.252729843903568,31.482145554169378
7850.802605331056,1366.0411531703191,12.029949536247445,-2.441595517259192
7850.802605331056,1571.5612811529138,11.752466158426845,0.6211705541693793
7850.802605331056,1777.0814091355082,11.412229494117048,24.217905781442106
7850.802605331056,1982.601537118103,11.048985014827245,-3.8981669458306203
7850.802605331056,2188.1216651006976,10.691871873752483,33.73364972083605
7850.802605331056,2393.641793083292,10.588525075313141,18.48748305416938
7850.802605331056,2599.161921065887,10.245567897587499,24.600533054169382
7850.802605331056,2804.6820490484815,9.958875840441456,-5.86216694583062
7850.802605331056,3010.2021770310757,9.98437464164393,27.58443305416938
7850.802605331056,3215.7223050136704,9.642851246920515,4.653210831947157
7850.802605331056,3421.242432996265,9.176056427625783,-2.0317669458306202
7850.802605331056,3626.7625609788597,9.205763929574347,55.91225805416938
7850.802605331056,3832.2826889614544,9.282632097025907,111.15473305416938
7850.802605331056,4037.8028169440486,8.754678868400886,50.11785305416937
7850.802605331056,4243.322944926644,8.8659549183731,-5.63951694583062
7850.802605331056,4448.843072909238,8.510639407115113,3.6503044827408084
7850.802605331056,4859.883328874427,8.607930657200956,1.5866830541693804
7850.802605331056,5065.403456857022,8.567882466634632,-1.3398169458306208
7850.802605331056,5270.9235848396165,8.670462448305413,41.665408054169376
7850.802605331056,5476.443712822211,8.578909361364017,21.119847339883666
7850.802605331056,5681.963840804806,8.769317760407278,-6.674721491285166
7850.802605331056,5887.4839687874,8.742162221600301,-4.34956694583062
7850.802605331056,6915.084608700374,9.774661706718954,-6.49974694583062
7850.802605331056,7120.604736682968,9.97006270719167,14.559875911312238
7850.802605331056,7326.124864665562,10.059238804421122,11.662373054169379
7850.802605331056,7531.644992648157,10.422436335084715,-2.42320694583062
7850.802605331056,7737.1651206307515,10.741316120673751,-0.60849194583062
7850.802605331056,7942.685248613346,11.05160447931317,-4.25858694583062
7850.802605331056,8148.205376595942,11.356352049552987,6.335520554169377
7850.802605331056,8353.725504578537,11.653804156522632,-2.705000279163953
7850.802605331056,8559.245632561131,11.893629929672727,2.1504886097249343
7850.802605331056,8764.765760543725,12.235290626958841,58.190425361861685
7850.802605331056,8970.28588852632,12.50997028912478,48.36037591131223
7850.802605331056,9175.806016508915,12.813652966621476,19.412096690533016
7850.802605331056,9381.32614449151,13.06247934140051,62.3170187684551
7850.802605331056,9586.846272474104,13.45393487677845,56.36861876845511
7850.802605331056,9792.366400456698,13.776933524663466,121.1256330541694
7850.802605331056,9997.886528439294,14.161165487474515,-2.6432669458306206
7964.44589093644,235.6804492660488,13.957934015131537,24.18567591131224
7964.44589093644,441.20057724864347,13.584101356361098,43.56503305416938
7964.44589093644,646.7207052312381,13.258159763452783,21.27854972083605
7964.44589093644,852.2408332138325,12.882423682837718,-7.786166945830621
7964.44589093644,1057.7609611964272,12.705409533486776,1.8844330541693792
7964.44589093644,1263.2810891790218,12.479370699742143,-4.079533612497287
7964.44589093644,1468.8012171616165,12.068854512246089,-3.2231240886877623
7964.44589093644,1674.3213451442111,11.680391849046117,-1.8981169458306202
7964.44589093644,1879.8414731268058,11.495689509738712,41.672320554169374
7964.44589093644,2085.3616011094,11.23224695560313,-6.34478694583062
7964.44589093644,2290.8817290919947,11.070820875919727,6.117066387502713
7964.44589093644,2496.4018570745893,10.607334501823358,-7.47271694583062
7964.44589093644,2701.921985057184,10.506243503227266,14.363170554169379
7964.44589093644,2907.4421130397786,10.41177442268644,35.26797749861382
7964.44589093644,3112.9622410223733,9.994451521114854,4.927243054169379
7964.44589093644,3318.482369004968,9.777335723808006,58.678320554169375
7964.44589093644,3524.0024969875626,9.69779343663967,39.39885305416938
7964.44589093644,3729.5226249701573,9.300805770001224,7.246208054169379
7964.44589093644,3935.0427529527515,9.418203267165275,-4.70556694583062
7964.44589093644,4140.562880935347,9.288659582546687,32.93676162559795
7964.44589093644,4346.083008917941,9.221545432839147,57.141708054169385
7964.44589093644,4551.603136900535,9.267502947636514,28.51703305416938
7964.44589093644,4757.12326488313,9.216330193594326,13.96076638750271
7964.44589093644,4962.643392865724,8.859155016218985,-5.12347944583062
7964.44589093644,5168.163520848319,8.824925791195612,44.97473305416938
7964.44589093644,5373.683648830914,9.32801954519408,157.53458305416936
7964.44589093644,5579.203776813509,9.117994920010258,5.16373305416938
7964.44589093644,7017.844672691671,10.035114009746547,11.60615305416938
7964.44589093644,7223.364800674265,10.387646373889181,20.05663305416938
7964.44589093644,7428.88492865686,10.6634930420497,47.45289019702653
7964.44589093644,7634.405056639454,10.835968747231787,36.01590305416938
7964.44589093644,7839.9251846220495,11.32731607030601,-4.00366694583062
7964.44589093644,8045.445312604644,11.50871176692261,-1.0487669458306197
7964.44589093644,8250.965440587239,11.733225819193354,27.232745554169377
7964.44589093644,8456.485568569833,11.975231804942435,28.843058054169376
7964.44589093644,8662.005696552429,12.246253182176847,94.63471162559794
7964.44589093644,8867.525824535023,12.558839875206305,80.00186638750272
7964.44589093644,9073.045952517617,12.81492774577362,99.93304733988366
7964.44589093644,9278.566080500212,13.260994070042832,70.67246162559795
7964.44589093644,9484.086208482806,13.414599062141042,18.706973054169378
7964.44589093644,9689.606336465402,13.848205230033873,24.24862305416938
7964.44589093644,9895.126464447996,14.052671783754217,20.284553054169383
8078.089176541824,132.9203852747516,14.253174839125048,13.251955276391604
8078.089176541824,338.44051325734614,13.999557401644555,66.26150805416938
8078.089176541824,543.9606412399407,13.654026754564049,49.36924416528049
8078.089176541824,749.4807692225354,13.320405199536433,22.326433054169378
8078.089176541824,955.0008972051298,12.986517717367224,1.1695966905330155
8078.089176541824,1160.5210251877245,12.686803458755923,9.336247339883666
8078.089176541824,1366.0411531703191,12.449225454198142,-5.29951694583062
8078.089176541824,1571.5612811529138,12.282243343697273,-3.99251694583062
8078.089176541824,1777.0814091355082,11.925698929393905,17.74405305416938
8078.089176541824,1982.601537118103,11.670935356744584,-3.30101694583062
8078.089176541824,2188.1216651006976,11.142798056468719,31.62613305416938
8078.089176541824,2393.641793083292,11.229740928062826,25.05113305416938
8078.089176541824,2599.161921065887,10.80734553161066,36.58855613109246
8078.089176541824,2804.6820490484815,10.579289415920314,18.374358054169385
8078.089176541824,3010.2021770310757,10.295697425074355,45.35333305416938
8078.089176541824,3215.7223050136704,10.190250015194069,52.14674843878476
8078.089176541824,3421.242432996265,9.977573286829255,-6.74761694583062
8078.089176541824,3626.7625609788597,9.938510907059191,-2.0986336124972875
8078.089176541824,3832.2826889614544,9.502401308845453,-1.8415869458306204
8078.089176541824,4037.8028169440486,9.596981945555466,49.95549972083605
8078.089176541824,4243.322944926644,9.582910563933812,7.7872830541693805
8078.089176541824,4448.843072909238,9.25203798640993,24.173866387502713
8078.089176541824,4654.363200891833,9.216849407176582,4.284999720836047
8078.089176541824,4859.883328874427,9.627385724828127,-9.04386694583062
8078.089176541824,5065.403456857022,9.176056427625783,-5.26626694583062
8078.089176541824,5270.9235848396165,9.25348814735916,-4.80636694583062
8078.089176541824,5476.443712822211,9.372050966889422,56.317033054169386
8078.089176541824,5681.963840804806,9.542666338090672,6.30142680416938
8078.089176541824,6915.084608700374,10.190009376059399,8.821125361861688
8078.089176541824,7120.604736682968,10.433826544261112,-8.04656694583062
8078.089176541824,7326.124864665562,10.887739348422503,16.75528305416938
8078.089176541824,7531.644992648157,11.050088133700084,43.397190197026525
8078.089176541824,7737.1651206307515,11.212588010141653,-5.367266945830621
8078.089176541824,7942.685248613346,11.485671106417808,5.748163054169379
8078.089176541824,8148.205376595942,11.807081784869112,73.06168860972492
8078.089176541824,8353.725504578537,11.928363140661801,-9.47186694583062
8078.089176541824,8559.245632561131,12.404359493796562,58.297866387502694
8078.089176541824,8764.765760543725,12.646102470246676,64.28395448274081
8078.089176541824,8970.28588852632,12.969012168497846,33.94810448274081
8078.089176541824,9175.806016508915,13.264574293441685,51.549914872351195
8078.089176541824,9381.32614449151,13.641887515182418,30.017283054169383
8078.089176541824,9586.846272474104,13.910416943347629,-6.79029194583062
8078.089176541824,9792.366400456698,14.246849638033353,-5.96109194583062
8078.089176541824,9997.886528439294,14.544697569912248,29.68053305416938
8191.732462147209,235.6804492660488,14.284927452540758,12.871566387502716
8191.732462147209,441.20057724864347,14.018798271281012,38.505997760051734
8191.732462147209,646.7207052312381,13.619297156736351,-3.8267169458306203
8191.732462147209,852.2408332138325,13.312349962046564,-0.36434386890754394
8191.732462147209,1057.7609611964272,13.107380555669286,12.227239720836048
8191.732462147209,1263.2810891790218,12.858647677932739,21.971110831947158
8191.732462147209,1468.8012171616165,12.458719927353272,-8.346595517259193
8191.732462147209,1674.3213451442111,12.235138319260875,23.232413054169378
8191.732462147209,1879.8414731268058,11.966052906797664,-6.140166945830619
8191.732462147209,2085.3616011094,11.799482738475776,38.215114872351194
8191.732462147209,2290.8817290919947,11.483810292255008,-10.70516694583062
8191.732462147209,2701.921985057184,11.195786486049542,-7.583566945830619
8191.732462147209,2907.4421130397786,10.806034725563775,7.126024720836049
8191.732462147209,3112.9622410223733,10.584375881950745,6.991433054169377
8191.732462147209,3318.482369004968,10.420328315285046,12.114947339883665
8191.732462147209,3524.0024969875626,10.339673444354972,-6.489600279163953
8191.732462147209,3729.5226249701573,10.419872592823353,6.22648305416938
8191.732462147209,3935.0427529527515,9.937121141515359,69.29364733988366
8191.732462147209,4140.562880935347,9.816338354869073,6.1508580541693805
8191.732462147209,4551.603136900535,9.906134188335034,32.931033054169376
8191.732462147209,4757.12326488313,9.774759123700811,8.696183054169378
8191.732462147209,4962.643392865724,9.783547171970332,-0.4563169458306208
8191.732462147209,5168.163520848319,9.627385724828127,28.404533054169377
8191.732462147209,5373.683648830914,9.77375938681488,8.350933054169378
8191.732462147209,5579.203776813509,9.724389861775498,-4.549933612497287
8191.732462147209,6812.324544709076,10.53136212723194,45.474533054169385
8191.732462147209,7017.844672691671,10.782608327094735,15.456551235987563
8191.732462147209,7223.364800674265,11.20913695097575,31.052433054169377
8191.732462147209,7428.88492865686,11.049520970507292,73.83553305416939
8191.732462147209,7634.405056639454,11.288104296191992,32.03968305416938
8191.732462147209,7839.9251846220495,11.6686944384095,5.827253054169381
8191.732462147209,8045.445312604644,11.919629200693926,23.77763305416938
8191.732462147209,8250.965440587239,12.217771812181166,19.465593054169382
8191.732462147209,8456.485568569833,12.430848105397414,15.34673305416938
8191.732462147209,8662.005696552429,12.745613432626717,-3.49806694583062
8191.732462147209,8867.525824535023,12.858831072763957,38.14138305416939
8191.732462147209,9073.045952517617,13.28037548527426,-1.3261383744020487
8191.732462147209,9278.566080500212,13.597542520570528,54.83054805416938
8191.732462147209,9484.086208482806,13.843860253636171,-5.57109194583062
8191.732462147209,9689.606336465402,14.241492691091912,-2.4944294458306198
8191.732462147209,9895.126464447996,14.4257382857823,-4.36146694583062
8305.375747752592,132.9203852747516,14.45857980898113,64.70513305416938
8305.375747752592,338.44051325734614,14.299468977210656,36.59727472083605
8305.375747752592,543.9606412399407,14.074979754892304,20.416066387502713
8305.375747752592,749.4807692225354,13.769984162427688,25.518061625597955
8305.375747752592,955.0008972051298,13.437300216593512,5.498375911312237
8305.375747752592,1160.5210251877245,13.143211961226859,-2.1790869458306203
8305.375747752592,1366.0411531703191,12.819739510189429,6.362166387502712
8305.375747752592,1571.5612811529138,12.586618005484354,-1.5134002791639531
8305.375747752592,1777.0814091355082,12.420328231911009,-6.60356694583062
8305.375747752592,1982.601537118103,12.135513024147603,87.61994305416938
8305.375747752592,2188.1216651006976,11.975568936671039,28.667258054169377
8305.375747752592,2393.641793083292,11.82856651528401,-6.10001694583062
8305.375747752592,2599.161921065887,11.542561496389599,-3.740952660116335
8305.375747752592,2804.6820490484815,11.21775190489527,-6.676338374402048
8305.375747752592,3010.2021770310757,11.075922655886593,-10.11206694583062
8305.375747752592,3215.7223050136704,10.99143795459973,-7.841933612497287
8305.375747752592,3421.242432996265,10.654518061972803,25.80977850871483
8305.375747752592,3626.7625609788597,10.528888571858797,22.424121943058267
8305.375747752592,3832.2826889614544,10.34389850025077,19.04535305416938
8305.375747752592,4037.8028169440486,10.1390000791358,25.34269972083605
8305.375747752592,4243.322944926644,10.330748330816078,37.64666638750271
8305.375747752592,4448.843072909238,10.065078468158884,-2.49686694583062
8305.375747752592,4654.363200891833,9.997900704649036,20.63617423063997
8305.375747752592,4859.883328874427,9.948318503116344,23.740608054169382
8305.375747752592,5065.403456857022,10.04544337014477,2.1333997208360467
8305.375747752592,5270.9235848396165,9.936962528912826,67.80666162559795
8305.375747752592,5476.443712822211,9.92825308726873,8.639647339883664
8305.375747752592,5681.963840804806,10.111865487956543,19.372087599623924
8305.375747752592,5887.4839687874,10.433737181319703,-7.721966945830619
8305.375747752592,6504.0443527351845,10.802002757553893,-2.552233612497286
8305.375747752592,6709.564480717779,10.72711988885505,68.96491305416937
8305.375747752592,6915.084608700374,11.019711369236763,-6.35848694583062
8305.375747752592,7120.604736682968,11.079886914179745,36.34403305416938
8305.375747752592,7326.124864665562,11.371667444068256,32.59000805416938
8305.375747752592,7531.644992648157,11.633915627736405,17.980861625597953
8305.375747752592,7737.1651206307515,11.773414531228527,-1.3291669458306201
8305.375747752592,7942.685248613346,12.009612090278535,25.78080805416938
8305.375747752592,8148.205376595942,12.30429444392487,64.53119555416937
8305.375747752592,8353.725504578537,12.572330858151657,53.61479972083604
8305.375747752592,8559.245632561131,12.952696915105932,-6.20486694583062
8305.375747752592,8764.765760543725,13.069376330450943,-1.7659669458306197
8305.375747752592,8970.28588852632,13.271590642327501,24.16313305416938
8305.375747752592,9175.806016508915,13.601242924311418,-8.93918694583062
8305.375747752592,9381.32614449151,13.839474798402517,-3.6593669458306204
8305.375747752592,9586.846272474104,14.194374056109629,-4.253952660116335
8305.375747752592,9792.366400456698,14.426136422581651,-5.839791945830621
8419.019033357978,235.6804492660488,14.51241995648329,22.71978305416938
8419.019033357978,441.20057724864347,14.349969634212707,38.79306162559794
8419.019033357978,646.7207052312381,14.087824476008276,34.28923305416939
8419.019033357978,1057.7609611964272,13.376855453512704,-2.3120002791639536
8419.019033357978,1263.2810891790218,13.303565237074574,13.16953305416938
8419.019033357978,1468.8012171616165,13.080783834533825,8.51064972083605
8419.019033357978,1674.3213451442111,12.82367161186839,3.7451997208360464
8419.019033357978,1879.8414731268058,12.54367795553088,1.6469430541693797
8419.019033357978,2085.3616011094,12.27055181040394,59.0228544827408
8419.019033357978,2290.8817290919947,12.107696844350498,6.1303044827408115
8419.019033357978,2496.4018570745893,11.749670020342574,8.796153054169379
8419.019033357978,2701.921985057184,11.43181881556105,-8.47329194583062
8419.019033357978,2907.4421130397786,11.361349037748578,-8.12039694583062
8419.019033357978,3112.9622410223733,11.187380701187726,-7.739038374402051
8419.019033357978,3318.482369004968,11.016894758687105,25.980489304169375
8419.019033357978,3524.0024969875626,10.993869867924895,42.116388609724936
8419.019033357978,3729.5226249701573,10.683415970658803,66.68587305416938
8419.019033357978,3935.0427529527515,10.747213628115054,7.790899720836045
8419.019033357978,4140.562880935347,10.285700549342302,44.46515805416938
8419.019033357978,4346.083008917941,10.529661108628295,-8.17214194583062
8419.019033357978,4551.603136900535,10.568336593221956,-6.459800279163954
8419.019033357978,4757.12326488313,10.419872592823353,-3.35961694583062
8419.019033357978,4962.643392865724,10.321349467042124,47.16420805416938
8419.019033357978,5168.163520848319,10.131654755242385,28.258016387502717
8419.019033357978,5373.683648830914,10.332061790635455,24.787613054169377
8419.019033357978,5579.203776813509,10.433826544261112,18.26535305416938
8419.019033357978,5784.723904796103,10.502962588786872,-6.91831694583062
8419.019033357978,5990.244032778698,10.729166443768468,56.50519972083605
8419.019033357978,6195.764160761292,10.915087879990152,34.21369019702652
8419.019033357978,6606.804416726482,10.887469518378968,5.174283054169379
8419.019033357978,6812.324544709076,11.036117197605547,-4.85856694583062
8419.019033357978,7017.844672691671,11.116252907162822,-6.326000279163953
8419.019033357978,7223.364800674265,11.301248046056195,86.1203830541694
8419.019033357978,7428.88492865686,11.661203342123617,14.629917669553995
8419.019033357978,7634.405056639454,12.000251684944024,36.07954074647708
8419.019033357978,7839.9251846220495,12.092945316414893,72.1146044827408
8419.019033357978,8045.445312604644,12.46113656008123,71.01041430416939
8419.019033357978,8250.965440587239,12.598569765838306,22.28869555416938
8419.019033357978,8456.485568569833,12.825554033687917,-5.671206945830621
8419.019033357978,9278.566080500212,13.776933524663466,-5.22896694583062
8419.019033357978,9484.086208482806,14.317592864564533,-6.40977944583062
8419.019033357978,9689.606336465402,14.515925461921027,-7.600700279163955
8419.019033357978,9895.126464447996,14.68011399477988,-5.050400279163953
8532.662318963361,338.44051325734614,14.662101782205976,11.14573305416938
8532.662318963361,543.9606412399407,14.508185308953566,-1.5440002791639535
8532.662318963361,1366.0411531703191,13.360726828410593,8.080490197026524
8532.662318963361,1571.5612811529138,12.971167993400593,31.164073054169382
8532.662318963361,1777.0814091355082,12.808920494216911,2.8973705541693793
8532.662318963361,1982.601537118103,12.507765152836097,43.809553054169385
8532.662318963361,2188.1216651006976,12.362757164450548,2.467933054169379
8532.662318963361,2393.641793083292,12.09534602839254,-8.773666945830621
8532.662318963361,2599.161921065887,11.74011408504348,-8.13806694583062
8532.662318963361,2804.6820490484815,11.509596134304298,-10.91696694583062
8532.662318963361,3010.2021770310757,11.444859039009653,-5.88681694583062
8532.662318963361,3215.7223050136704,11.411051773897906,-3.6564447236083972
8532.662318963361,3421.242432996265,11.232797238694483,-0.23432408868776275
8532.662318963361,3626.7625609788597,10.906966950007735,35.70971305416938
8532.662318963361,3832.2826889614544,11.035205759796163,18.03993305416938
8532.662318963361,4037.8028169440486,10.989894349228365,30.832675911312236
8532.662318963361,4243.322944926644,10.685512018475642,11.735695554169379
8532.662318963361,4448.843072909238,10.762741374507215,1.231842145078471
8532.662318963361,4654.363200891833,10.600706739107977,-11.77006694583062
8532.662318963361,4859.883328874427,10.489561318239831,0.9427616255979514
8532.662318963361,5065.403456857022,10.723504525667591,-10.417866945830621
8532.662318963361,5270.9235848396165,10.68267473967231,34.704447339883664
8532.662318963361,5476.443712822211,10.819917080302513,-4.93701694583062
8532.662318963361,5681.963840804806,10.545130953835267,-0.9263823304460044
8532.662318963361,5887.4839687874,11.11625290716282,101.77553305416939
8532.662318963361,6093.004096769995,10.843437968929829,16.08837055416938
8532.662318963361,6298.524224752589,11.054881098391341,14.993070554169378
8532.662318963361,6504.0443527351845,11.11605331966912,-4.50120444583062
8532.662318963361,6709.564480717779,11.182591801669851,3.7781330541693805
8532.662318963361,7531.644992648157,12.036422925143384,12.839499720836047
8532.662318963361,7737.1651206307515,12.359000000032768,48.49130578144211
8532.662318963361,7942.685248613346,12.52682464776252,27.6488552763916
8532.662318963361,8148.205376595942,12.915812860868192,28.21263305416938
8532.662318963361,8353.725504578537,13.009588637909808,17.167766387502713
8532.662318963361,9381.32614449151,14.15391158468701,-5.54446694583062
8532.662318963361,9586.846272474104,14.60852576321517,-7.05871694583062
8532.662318963361,9792.366400456698,14.905652813057149,11.93383305416938
8532.662318963361,9997.886528439294,15.109477010675045,-8.339116945830622
8646.305604568746,441.20057724864347,14.748806978969034,48.292133054169376
8646.305604568746,646.7207052312381,14.469129165994428,17.20107055416938
8646.305604568746,852.2408332138325,14.256045019413163,11.01683305416938
8646.305604568746,1057.7609611964272,14.088025402525279,18.29443305416938
8646.305604568746,1263.2810891790218,13.88862399163839,21.572533054169376
8646.305604568746,1468.8012171616165,13.500273805922234,8.377333054169378
8646.305604568746,1674.3213451442111,13.2606621160602,4.855633054169379
8646.305604568746,1879.8414731268058,13.037981316625405,-8.0523447236084
8646.305604568746,2085.3616011094,12.858831148258993,-0.4007919458306204
8646.305604568746,2290.8817290919947,12.478947881649804,-6.65381694583062
8646.305604568746,3318.482369004968,11.593866422980978,-7.074909802973478
8646.305604568746,3524.0024969875626,11.379632414656074,-5.086500279163953
8646.305604568746,3729.5226249701573,11.444393677791442,35.02190805416939
8646.305604568746,3935.0427529527515,11.217680047390651,36.46688305416938
8646.305604568746,4140.562880935347,11.179199957700234,15.425893054169379
8646.305604568746,4346.083008917941,11.035461792853159,22.716304482740806
8646.305604568746,5168.163520848319,10.901304858663787,28.246993054169383
8646.305604568746,5373.683648830914,10.934125183167414,16.752463823400145
8646.305604568746,5579.203776813509,11.146982638715457,17.999813054169383
8646.305604568746,5784.723904796103,11.109616619836345,27.37443305416938
8646.305604568746,5990.244032778698,11.180496842070726,-5.32714194583062
8646.305604568746,6195.764160761292,11.213419929707266,15.430053054169377
8646.305604568746,6401.2842887438865,11.285096720838135,26.400453054169372
8646.305604568746,7634.405056639454,12.362078718953223,27.569683054169385
8646.305604568746,7839.9251846220495,12.557899790607445,22.15948305416938
8646.305604568746,8045.445312604644,12.79412343655354,61.600483054169366
8646.305604568746,8250.965440587239,13.090026392039578,71.42519669053301
8646.305604568746,8456.485568569833,13.092556835947654,31.01423305416938
8646.305604568746,9484.086208482806,14.700209771921847,-7.102481231544906
8646.305604568746,9689.606336465402,14.905783495325865,-7.95799194583062
8759.94889017413,543.9606412399407,14.724616746833302,18.69557055416938
8759.94889017413,749.4807692225354,14.58755788733526,16.284599720836045
8759.94889017413,955.0008972051298,14.164892615047298,0.6295330541693795
8759.94889017413,1160.5210251877245,14.101122268350824,9.215853054169381
8759.94889017413,1366.0411531703191,13.799298556892992,11.249558054169379
8759.94889017413,1571.5612811529138,13.573953674455119,-1.086253612497287
8759.94889017413,1777.0814091355082,13.368833642840274,15.57446638750271
8759.94889017413,1982.601537118103,13.026052697244555,-2.2432383744020488
8759.94889017413,2188.1216651006976,12.935720763128051,-8.885152660116335
8759.94889017413,3421.242432996265,11.762289355828086,9.108805781442106
8759.94889017413,3626.7625609788597,11.707212205562916,-6.20776694583062
8759.94889017413,3832.2826889614544,11.59044668029438,43.45091876845509
8759.94889017413,4037.8028169440486,11.345533032537805,12.005733054169381
8759.94889017413,4243.322944926644,11.352557634022476,10.29593305416938
8759.94889017413,5270.9235848396165,11.151646439570685,32.36909972083605
8759.94889017413,5476.443712822211,11.287041579677862,30.91013305416938
8759.94889017413,5681.963840804806,11.262210750286272,40.349533054169385
8759.94889017413,5887.4839687874,11.495127835335989,25.973133054169384
8759.94889017413,6093.004096769995,11.492276107596227,32.17499972083605
8759.94889017413,6298.524224752589,11.61720185899966,1.2846930541693793
8759.94889017413,7737.1651206307515,12.858968745293001,-1.919366945830621
8759.94889017413,7942.685248613346,12.956682864486757,22.960193054169384
8759.94889017413,8148.205376595942,13.156521489201406,22.549333054169377
8759.94889017413,8353.725504578537,13.254410138555153,-10.312666945830621
8759.94889017413,9586.846272474104,14.88456816354068,-3.4279544458306197
8759.94889017413,9792.366400456698,15.08014387800511,-6.11696694583062
8759.94889017413,9997.886528439294,15.474132954807748,10.01003305416938
8873.592175779515,646.7207052312381,14.874295749477678,22.98993305416938
8873.592175779515,852.2408332138325,14.672970608542714,9.96622194305827
8873.592175779515,1057.7609611964272,14.290929726325482,19.531275911312235
8873.592175779515,1263.2810891790218,14.120700593448234,-4.11481694583062
8873.592175779515,1468.8012171616165,13.905694793571959,9.19727305416938
8873.592175779515,1674.3213451442111,13.622911708604382,12.024416387502711
8873.592175779515,1879.8414731268058,13.4526239707808,-3.4566336124972867
8873.592175779515,2085.3616011094,13.148359719417845,-3.293783612497288
8873.592175779515,3524.0024969875626,12.031620657857111,13.560466387502712
8873.592175779515,3729.5226249701573,11.859418764448197,57.01620805416938
8873.592175779515,3935.0427529527515,11.789816471576737,35.46223305416938
8873.592175779515,4346.083008917941,11.431841818982836,-9.21111694583062
8873.592175779515,5373.683648830914,11.554319222162519,-8.01782944583062
8873.592175779515,5579.203776813509,11.63366656606913,42.27244138750272
8873.592175779515,5784.723904796103,11.711002333768107,39.66834733988367
8873.592175779515,5990.244032778698,11.75004126719325,18.57348305416938
8873.592175779515,6195.764160761292,11.90377870618751,41.948883054169386
8873.592175779515,7634.405056639454,12.811921197674522,25.07903305416938
8873.592175779515,7839.9251846220495,13.11371971898325,33.99486162559795
8873.592175779515,8045.445312604644,13.342494445968,41.595416387502716
8873.592175779515,8250.965440587239,13.437805598052133,-7.17331694583062
8873.592175779515,9484.086208482806,15.057790274636284,-8.826185127648802
8873.592175779515,9689.606336465402,15.32093307791202,-6.03296694583062
8987.235461384898,749.4807692225354,14.77924248820039,1.7184830541693805
8987.235461384898,955.0008972051298,14.643914320859032,-2.38876694583062
8987.235461384898,1160.5210251877245,14.464570279297671,7.126475911312238
8987.235461384898,1366.0411531703191,14.16562361622053,13.98026032689665
8987.235461384898,1571.5612811529138,14.027782289818632,15.86589019702652
8987.235461384898,1777.0814091355082,13.626661895819922,-9.472833612497288
8987.235461384898,1982.601537118103,13.46057684531967,-5.56846694583062
8987.235461384898,2188.1216651006976,13.277453898762037,-10.76426694583062
8987.235461384898,3421.242432996265,12.25565868573459,-8.33344194583062
8987.235461384898,3626.7625609788597,12.163864617035502,30.315378508714833
8987.235461384898,3832.2826889614544,12.003447395336394,43.790370554169385
8987.235461384898,4037.8028169440486,12.176613768593713,74.33573305416937
8987.235461384898,4243.322944926644,11.910213342574968,21.55450805416938
8987.235461384898,5476.443712822211,11.84117433853553,-9.95606694583062
8987.235461384898,5681.963840804806,11.972773728785008,88.61733305416939
8987.235461384898,5887.4839687874,12.11375056223576,47.616433054169384
8987.235461384898,6093.004096769995,12.015929126328652,23.880983054169377
8987.235461384898,6298.524224752589,12.33507472361405,29.684933054169377
8987.235461384898,7737.1651206307515,13.15050809968943,39.14743305416938
8987.235461384898,7942.685248613346,13.583533113157042,58.3410187684551
8987.235461384898,8148.205376595942,13.65157549599181,29.8108187684551
8987.235461384898,9381.32614449151,15.228488103020702,-7.766366945830619
8987.235461384898,9792.366400456698,15.665830569925191,-8.36793837440205
8987.235461384898,9997.886528439294,15.973946490665632,9.83408305416938
9100.878746990282,852.2408332138325,14.905849053518391,58.13998305416938
9100.878746990282,1057.7609611964272,14.817211346157285,25.01783305416938
9100.878746990282,1263.2810891790218,14.542400163821451,16.581787599623922
9100.878746990282,1468.8012171616165,14.360126213807007,1.3299638234001483
9100.878746990282,1674.3213451442111,14.072982051070296,14.117986387502715
9100.878746990282,1879.8414731268058,13.932546628000756,15.813049720836046
9100.878746990282,2085.3616011094,13.664365269342293,-4.067133612497287
9100.878746990282,3524.0024969875626,12.428500911882672,-1.6340447236083984
9100.878746990282,3729.5226249701573,12.34089227707098,31.331005781442105
9100.878746990282,3935.0427529527515,12.338127908421521,55.954733054169374
9100.878746990282,4140.562880935347,12.28938092239075,-1.6373312315449062
9100.878746990282,5373.683648830914,12.127552198958782,-8.69106694583062
9100.878746990282,5579.203776813509,12.114532728568031,50.782478508714846
9100.878746990282,5784.723904796103,12.382806344447397,-0.9403669458306201
9100.878746990282,6195.764160761292,12.430733966934895,37.44739972083604
9100.878746990282,7634.405056639454,13.3746740783968,6.471158054169379
9100.878746990282,7839.9251846220495,13.534311936143613,51.695370554169386
9100.878746990282,8045.445312604644,13.73928925223237,44.041619720836046
9100.878746990282,8250.965440587239,14.028923727911481,-8.244466945830622
9100.878746990282,9484.086208482806,15.483989037693716,6.076799720836049
9100.878746990282,9689.606336465402,15.73587727923822,-9.86576694583062
9100.878746990282,9895.126464447996,15.8610335198784,-0.5739469458306206
9214.522032595667,1160.5210251877245,14.77470703502814,42.05546305416938
9214.522032595667,1366.0411531703191,14.618393048506384,17.178805781442108
9214.522032595667,1571.5612811529138,14.434326595277348,-3.4534558347195086
9214.522032595667,1777.0814091355082,14.297153377074341,-1.3282169458306203
9214.522032595667,1982.601537118103,13.94413267361801,-6.6924919458306205
9214.522032595667,2188.1216651006976,13.999641355597628,-6.581166945830621
9214.522032595667,3421.242432996265,12.740557820168306,3.228333054169378
9214.522032595667,3626.7625609788597,12.777602165859193,55.347216387502705
9214.522032595667,3832.2826889614544,12.788328587600763,-6.73071694583062
9214.522032595667,4037.8028169440486,12.643507421363395,27.706333054169377
9214.522032595667,4243.322944926644,12.61014115487595,-11.197416945830621
9214.522032595667,5476.443712822211,12.535682871117666,49.90651876845509
9214.522032595667,5681.963840804806,12.511286455689982,-1.6361002791639532
9214.522032595667,5887.4839687874,12.5271755308041,9.642333054169379
9214.522032595667,6093.004096769995,12.551021890663279,9.81755305416938
9214.522032595667,6298.524224752589,12.80502294332695,3.654690197026524
9214.522032595667,7531.644992648157,13.551480830400926,-5.968066945830621
9214.522032595667,7737.1651206307515,13.68883051737641,17.384524720836044
9214.522032595667,7942.685248613346,13.871614458548946,26.895658054169377
9214.522032595667,8148.205376595942,14.014282562605308,20.46753305416938
9214.522032595667,8353.725504578537,14.318976241044336,-11.018481231544905
9214.522032595667,9381.32614449151,15.510722686638278,1.3423518041693803
9214.522032595667,9586.846272474104,15.708621281143065,-8.348552660116335
9214.522032595667,9792.366400456698,15.993276267564475,-1.8830752791639533
9214.522032595667,9997.886528439294,16.203916285783805,0.10644733988366564
9328.16531820105,1263.2810891790218,14.985369400135585,7.250314304169379
9328.16531820105,1468.8012171616165,14.677840860804869,0.9198282922646184
9328.16531820105,1674.3213451442111,14.530865206613598,20.76364555416938
9328.16531820105,1879.8414731268058,14.344052220921492,-5.167885127648802
9328.16531820105,2085.3616011094,14.076753957316972,-9.97661694583062
9328.16531820105,3318.482369004968,13.161961607147962,-0.699266945830621
9328.16531820105,3524.0024969875626,13.010945196937403,15.21433305416938
9328.16531820105,3729.5226249701573,13.05751195470438,0.5277330541693797
9328.16531820105,3935.0427529527515,12.863329803314397,-6.922426945830621
9328.16531820105,4140.562880935347,12.68421751705055,-4.899386945830621
9328.16531820105,4346.083008917941,12.887087135840853,-7.90496694583062
9328.16531820105,5373.683648830914,12.795963075270754,-5.014911390275064
9328.16531820105,5579.203776813509,12.676987854466779,20.896453054169378
9328.16531820105,5784.723904796103,12.882341079320293,11.925833054169377
9328.16531820105,5990.244032778698,12.829859123683002,7.566233054169379
9328.16531820105,6195.764160761292,12.858590149321559,16.188558054169377
9328.16531820105,6401.2842887438865,13.185278857934497,-5.29316694583062
9328.16531820105,7428.88492865686,13.82161869106495,-9.809800279163953
9328.16531820105,7634.405056639454,14.00687236651668,-5.5537669458306205
9328.16531820105,7839.9251846220495,14.11721884947849,2.9929330541693804
9328.16531820105,8045.445312604644,14.184551654126484,5.12785305416938
9328.16531820105,8250.965440587239,14.396725976626115,2.470804482740808
9328.16531820105,8456.485568569833,14.765131386592264,0.06103305416938021
9328.16531820105,9278.566080500212,15.560230486940247,-6.723191945830621
9328.16531820105,9484.086208482806,15.836885225379916,-6.700752660116335
9328.16531820105,9689.606336465402,16.0554179918595,-6.726600279163954
9328.16531820105,9895.126464447996,16.38153721276862,22.905833054169378
9441.808603806436,1160.5210251877245,15.17157382365243,1.3051830541693807
9441.808603806436,1366.0411531703191,15.052369970920116,14.600247339883666
9441.808603806436,1571.5612811529138,14.800133842491622,2.2307130541693794
9441.808603806436,1777.0814091355082,14.656491318944994,1.386366387502713
9441.808603806436,1982.601537118103,14.470003906357356,-2.1170669458306204
9441.808603806436,2188.1216651006976,14.287711765087849,-4.23436694583062
9441.808603806436,3215.7223050136704,13.619229452991648,-10.16926694583062
9441.808603806436,3421.242432996265,13.311406304110736,-3.22036694583062
9441.808603806436,3626.7625609788597,13.238637586970228,10.541974720836047
9441.808603806436,3832.2826889614544,13.175897259503952,-3.1909269458306193
9441.808603806436,4037.8028169440486,13.03588921022956,8.33560448274081
9441.808603806436,4243.322944926644,13.185278857934497,-6.461466945830621
9441.808603806436,5270.9235848396165,13.069376330450943,-9.62226694583062
9441.808603806436,5476.443712822211,12.884908758670338,-9.16427944583062
9441.808603806436,5681.963840804806,13.161721986681487,-9.55326694583062
9441.808603806436,5887.4839687874,13.169163203971172,3.7539997208360467
9441.808603806436,6093.004096769995,12.964378593695324,-5.30841694583062
9441.808603806436,6298.524224752589,13.265454137897873,-8.63631694583062
9441.808603806436,6504.0443527351845,13.44891904133365,-5.571116945830621
9441.808603806436,7326.124864665562,14.076843445647985,-5.65796694583062
9441.808603806436,7531.644992648157,13.988056671197809,-7.866700279163953
9441.808603806436,7737.1651206307515,14.201384742716003,-8.968850279163954
9441.808603806436,7942.685248613346,14.436353112811512,-6.587133612497287
9441.808603806436,8148.205376595942,14.640935339632087,-6.5766169458306205
9441.808603806436,8353.725504578537,14.843586132142272,10.870744818875261
9441.808603806436,8559.245632561131,15.034915148709286,21.118566387502714
9441.808603806436,8764.765760543725,15.375667083678222,-9.278266945830621
9441.808603806436,9175.806016508915,15.585473281381732,-8.083033612497287
9441.808603806436,9381.32614449151,15.952271718169877,-4.443424088687763
9441.808603806436,9586.846272474104,15.967908304754479,-4.097506945830621
9555.45188941182,1263.2810891790218,15.361431334375247,16.578310831947153
9555.45188941182,1468.8012171616165,15.238896737996168,-1.9117169458306202
9555.45188941182,1674.3213451442111,14.943177401836232,38.176333054169376
9555.45188941182,1879.8414731268058,14.731288875457723,7.32015805416938
9555.45188941182,2085.3616011094,14.615294159555956,-10.81006694583062
9555.45188941182,2290.8817290919947,14.371864942567887,-4.596600279163954
9555.45188941182,3112.9622410223733,13.977455792982434,-11.010000279163954
9555.45188941182,3318.482369004968,13.719476059595264,-6.076330582194257
9555.45188941182,3524.0024969875626,13.55128886009377,-0.6896544458306204
9555.45188941182,3729.5226249701573,13.401733937318957,-3.2511558347195093
9555.45188941182,3935.0427529527515,13.38632580709992,-8.582889168052843
9555.45188941182,4140.562880935347,13.280356374444997,-0.49215266011633496
9555.45188941182,4346.083008917941,13.150371354399606,-3.28666694583062
9555.45188941182,4551.603136900535,13.26091611470355,-7.7473669458306205
9555.45188941182,4757.12326488313,13.288975778865478,-8.59226694583062
9555.45188941182,4962.643392865724,13.346312335695188,-4.786166945830621
9555.45188941182,5168.163520848319,13.28499873032058,-9.216000279163953
9555.45188941182,5373.683648830914,13.124544615447078,13.63305305416938
9555.45188941182,5579.203776813509,13.26685664469538,1.4030901970265217
9555.45188941182,5784.723904796103,13.311644461689088,-4.04964194583062
9555.45188941182,6195.764160761292,13.39144622987321,-8.09831694583062
9555.45188941182,6401.2842887438865,13.622245075074067,-6.823516945830621
9555.45188941182,6606.804416726482,13.700324903597968,-5.26102694583062
9555.45188941182,6812.324544709076,13.905195816513439,9.905183054169381
9555.45188941182,7223.364800674265,14.021301842615431,-6.587041945830621
9555.45188941182,7428.88492865686,14.219376220452478,-3.07689771506139
9555.45188941182,7634.405056639454,14.27050856238612,-2.8082336124972866
9555.45188941182,7839.9251846220495,14.469118050334174,-7.10686694583062
9555.45188941182,8045.445312604644,14.662233605301735,-6.350116945830621
9555.45188941182,8250.965440587239,14.90584905351839,-4.99476694583062
9555.45188941182,8456.485568569833,15.085319370240537,-6.84516694583062
9555.45188941182,8662.005696552429,15.346377490345333,-6.13085444583062
9555.45188941182,8867.525824535023,15.451563420003353,-6.618866945830621
9555.45188941182,9073.045952517617,15.772125597079581,-0.2702669458306198
9555.45188941182,9278.566080500212,15.84535371661177,-8.63829194583062
9555.45188941182,9484.086208482806,16.167253523217774,0.7438430541693797
9555.45188941182,9689.606336465402,16.314321921942998,7.835683054169381
9555.45188941182,9895.126464447996,16.505477808413985,2.521833054169379
9669.095175017204,1366.0411531703191,15.407763657672488,5.16532055416938
9669.095175017204,1571.5612811529138,15.282729184277082,-2.8939812315449065
9669.095175017204,1777.0814091355082,15.075963667670807,1.262075911312236
9669.095175017204,1982.601537118103,14.947920125572674,-11.669366945830621
9669.095175017204,2188.1216651006976,14.560770188945877,-5.09956694583062
9669.095175017204,2393.641793083292,14.486755962727822,-5.855000279163953
9669.095175017204,2804.6820490484815,14.32428114889611,6.007473054169379
9669.095175017204,3010.2021770310757,14.147617574336651,2.6790187684550935
9669.095175017204,3215.7223050136704,13.947860056373672,-6.467633612497288
9669.095175017204,3421.242432996265,13.913837882226792,-3.4663526601163346
9669.095175017204,3626.7625609788597,13.843759101957835,3.0678239632602886
9669.095175017204,3832.2826889614544,13.6413233247401,-10.17734194583062
9669.095175017204,4037.8028169440486,13.591700677476945,-8.452646945830619
9669.095175017204,4243.322944926644,13.346312335695188,-1.0126669458306203
9669.095175017204,4448.843072909238,13.491480421229591,4.909769417805744
9669.095175017204,4654.363200891833,13.431124649739617,-6.6641955172591905
9669.095175017204,4859.883328874427,13.499984908185027,2.3572330541693796
9669.095175017204,5065.403456857022,13.451006046834317,-8.33476694583062
9669.095175017204,5270.9235848396165,13.552364932152793,6.527546387502713
9669.095175017204,5476.443712822211,13.509507519092503,-7.2272169458306195
9669.095175017204,5681.963840804806,13.596526126336505,-7.12229194583062
9669.095175017204,5887.4839687874,13.55907124615677,-9.811200279163954
9669.095175017204,6093.004096769995,13.676422488641526,10.054742145078468
9669.095175017204,6298.524224752589,13.60232053602945,-6.773816945830621
9669.095175017204,6504.0443527351845,13.835456170325738,2.6348580541693796
9669.095175017204,6709.564480717779,13.929217408392216,-8.696181231544907
9669.095175017204,6915.084608700374,14.190515019221303,-5.892600279163953
9669.095175017204,7120.604736682968,14.099006432885567,-5.3308169458306205
9669.095175017204,7326.124864665562,14.35598338623817,17.684233054169383
9669.095175017204,7531.644992648157,14.45824866990192,-5.19741694583062
9669.095175017204,7737.1651206307515,14.444204786265663,-6.37506694583062
9669.095175017204,7942.685248613346,14.926884589545534,-10.636516945830621
9669.095175017204,8148.205376595942,14.917244767969875,-3.286244723608397
9669.095175017204,8353.725504578537,15.179884446185554,1.936416387502712
9669.095175017204,8559.245632561131,15.402806424528187,-9.098333612497287
9669.095175017204,8764.765760543725,15.628824662316184,-4.286776036739711
9669.095175017204,8970.28588852632,15.783225159517084,-1.2524169458306205
9669.095175017204,9175.806016508915,16.010978992875025,-3.85000694583062
9669.095175017204,9381.32614449151,16.27032350160995,4.096778508714834
9669.095175017204,9586.846272474104,16.429307894848453,0.6961163875027134
9669.095175017204,9792.366400456698,16.59956474131141,-4.45361694583062
9782.738460622588,1468.8012171616165,15.491595242735196,9.903078508714835
9782.738460622588,1674.3213451442111,15.426626759884147,-3.1130544458306204
9782.738460622588,1879.8414731268058,15.207832391086342,9.67810805416938
9782.738460622588,2085.3616011094,15.0623979387222,-5.438450279163953
9782.738460622588,2290.8817290919947,14.926377385372916,5.958358054169381
9782.738460622588,2496.4018570745893,14.693720007674607,6.216933054169378
9782.738460622588,2701.921985057184,14.55170871824563,-7.9732002791639545
9782.738460622588,2907.4421130397786,14.451726311136387,-5.44747694583062
9782.738460622588,3318.482369004968,14.124628837059575,-8.744666945830621
9782.738460622588,3524.0024969875626,14.038824197732055,-3.6679069458306195
9782.738460622588,3729.5226249701573,13.949488400797065,3.20670805416938
9782.738460622588,3935.0427529527515,13.751469215892293,-2.0024169458306202
9782.738460622588,4140.562880935347,13.932748484091984,-6.72411694583062
9782.738460622588,4346.083008917941,13.895809859268033,-9.637833612497287
9782.738460622588,4551.603136900535,13.821326493306533,-8.19191694583062
9782.738460622588,4757.12326488313,13.652912055892873,-7.15746694583062
9782.738460622588,4962.643392865724,13.693206722996683,-4.135952660116335
9782.738460622588,5168.163520848319,13.630660039704088,-3.0749836124972867
9782.738460622588,5373.683648830914,13.754203743719376,-7.877806945830619
9782.738460622588,5579.203776813509,13.925495085452113,-3.517733612497287
9782.738460622588,5784.723904796103,13.836393898250522,-8.738933612497286
9782.738460622588,5990.244032778698,13.988459023406751,-8.69646694583062
9782.738460622588,6195.764160761292,13.94864145036081,0.039078508714834405
9782.738460622588,6401.2842887438865,14.027060099708065,-3.2017502791639543
9782.738460622588,6606.804416726482,14.080235955846883,1.1579663875027135
9782.738460622588,6812.324544709076,14.15391158468701,38.57363305416938
9782.738460622588,7017.844672691671,14.432571987707053,-7.33878694583062
9782.738460622588,7223.364800674265,14.361216454686133,-5.82171694583062
9782.738460622588,7428.88492865686,14.534835174712088,-4.259533612497288
9782.738460622588,7634.405056639454,14.722184500015658,-0.8703002791639536
9782.738460622588,7839.9251846220495,15.023651214596198,1.3396080541693798
9782.738460622588,8250.965440587239,15.279979438039224,-7.012286945830621
9782.738460622588,8456.485568569833,15.448505121406457,-2.9028169458306197
9782.738460622588,8662.005696552429,15.742639428505262,-0.810738374402049
9782.738460622588,8867.525824535023,15.868010467698866,10.724547339883662
9782.738460622588,9073.045952517617,15.983542634701807,15.21713305416938
9782.738460622588,9278.566080500212,16.210362331499446,37.186433054169385
9782.738460622588,9484.086208482806,16.483083837781976,5.07063305416938
9782.738460622588,9895.126464447996,16.855682456410843,-6.3324336124972875
9896.381746227973,749.4807692225354,16.530731065798893,9.98923305416938
9896.381746227973,955.0008972051298,16.368518694551287,-3.8163502791639536
9896.381746227973,1160.5210251877245,16.198487927336252,-5.3856669458306206
9896.381746227973,1366.0411531703191,15.883248884720238,1.306524720836047
9896.381746227973,1571.5612811529138,15.683130359517149,1.6829580541693794
9896.381746227973,1777.0814091355082,15.477140236592009,3.9290663875027136
9896.381746227973,1982.601537118103,15.199944852165391,42.77807055416938
9896.381746227973,2188.1216651006976,15.190725491341047,1.7100663875027127
9896.381746227973,2393.641793083292,15.083117692510404,9.82970805416938
9896.381746227973,2599.161921065887,14.915974342390527,-2.89321694583062
9896.381746227973,2804.6820490484815,14.769522814410696,-3.9189955172591917
9896.381746227973,3010.2021770310757,14.677063472278283,-2.393536945830621
9896.381746227973,3215.7223050136704,14.52059510227443,30.85213305416938
9896.381746227973,3421.242432996265,14.299391479861132,7.163077498613824
9896.381746227973,3626.7625609788597,14.400858329111932,0.5668886097249348
9896.381746227973,3832.2826889614544,14.249583202112282,-0.93186694583062
9896.381746227973,4037.8028169440486,14.175873645407586,-1.9496669458306197
9896.381746227973,4243.322944926644,14.099969857181463,-9.10926694583062
9896.381746227973,4448.843072909238,14.061956182218834,-1.7231169458306201
9896.381746227973,4654.363200891833,13.932524549308729,13.226916387502714
9896.381746227973,4859.883328874427,13.924697826646954,-3.3582544458306205
9896.381746227973,5065.403456857022,13.765751008548705,-6.31301694583062
9896.381746227973,5270.9235848396165,14.025174146957676,-2.69909194583062
9896.381746227973,5476.443712822211,13.929088327051042,-3.0369669458306205
9896.381746227973,5681.963840804806,14.020753698688134,-0.9556669458306205
9896.381746227973,5887.4839687874,14.065929390793366,-5.81346694583062
9896.381746227973,6093.004096769995,14.243820842459147,5.6475330541693785
9896.381746227973,6298.524224752589,14.314121154675725,-6.820066945830621
9896.381746227973,6504.0443527351845,14.374659973831662,9.423766387502713
9896.381746227973,6709.564480717779,14.353050253427389,1.9304473398836648
9896.381746227973,6915.084608700374,14.565599364856176,27.191408054169383
9896.381746227973,7120.604736682968,14.684808496237432,-1.251552660116335
9896.381746227973,7326.124864665562,14.74560446803693,7.747447339883664
9896.381746227973,7531.644992648157,14.86345040755965,16.929283054169378
9896.381746227973,7737.1651206307515,15.021021846132891,8.665416387502713
9896.381746227973,8148.205376595942,15.362118970631954,-8.81286694583062
9896.381746227973,8353.725504578537,15.392698881465428,-5.617316945830621
9896.381746227973,8764.765760543725,15.924635977095411,85.76929972083605
9896.381746227973,9381.32614449151,16.419786655652764,6.754983054169379
10010.025031833356,852.2408332138325,16.546483689950033,1.6073080541693796
10010.025031833356,1057.7609611964272,16.309827167025343,-3.6286891680528424
10010.025031833356,1263.2810891790218,16.243525529429824,15.278749720836046
10010.025031833356,1468.8012171616165,15.88721920166848,-0.08895583471950906
10010.025031833356,1674.3213451442111,15.745783349104618,8.919970554169378
10010.025031833356,1879.8414731268058,15.659969477264662,4.950533054169378
10010.025031833356,2085.3616011094,15.508286478954266,26.775833054169375
10010.025031833356,2290.8817290919947,15.33082932301746,-0.5674419458306206
10010.025031833356,2496.4018570745893,15.205154557852643,-1.3951544458306202
10010.025031833356,2701.921985057184,15.080548491343281,-6.226039673103347
10010.025031833356,2907.4421130397786,14.931865775512343,-0.44660444583061976
10010.025031833356,3112.9622410223733,14.74503414625661,6.929513054169378
10010.025031833356,3318.482369004968,14.664755967272933,12.380908054169378
10010.025031833356,3524.0024969875626,14.514941455556762,8.59473930416938
10010.025031833356,3729.5226249701573,14.409453340281818,-0.5712033094669838
10010.025031833356,3935.0427529527515,14.405134579904614,-5.0897487640124375
10010.025031833356,4140.562880935347,14.277873511895036,-6.512333612497287
10010.025031833356,4346.083008917941,14.328606893985757,-6.27756694583062
10010.025031833356,4551.603136900535,14.234875029663979,1.7139473398836653
10010.025031833356,4757.12326488313,14.376296791444267,1.6562130541693798
10010.025031833356,4962.643392865724,14.021737367329541,-4.10036694583062
10010.025031833356,5168.163520848319,14.308060295286158,-2.633500279163954
10010.025031833356,5373.683648830914,14.291729647404786,3.3845268041693806
10010.025031833356,5579.203776813509,14.393417707070537,-5.687224088687763
10010.025031833356,5784.723904796103,14.311263960220447,-4.80166694583062
10010.025031833356,5990.244032778698,14.25240693733285,21.407533054169377
10010.025031833356,6195.764160761292,14.376486377384728,-5.877400279163954
10010.025031833356,6401.2842887438865,14.431460665906833,-6.98874194583062
10010.025031833356,6606.804416726482,14.640825164288586,-3.621433612497287
10010.025031833356,6812.324544709076,14.686920515315913,-6.395266945830621
10010.025031833356,7017.844672691671,14.702674218244704,18.206613054169377
10010.025031833356,7223.364800674265,14.842742445436963,-5.34881694583062
10010.025031833356,7428.88492865686,14.933896434887913,-5.04476694583062
10123.668317438742,749.4807692225354,16.847817370596054,9.97205805416938
10123.668317438742,955.0008972051298,16.554899873291966,1.8001407464770725
10123.668317438742,1160.5210251877245,16.475424447008386,3.9205759113122363
10123.668317438742,1366.0411531703191,16.15461747355512,0.520383054169381
10123.668317438742,1571.5612811529138,16.01479163282396,1.70660305416938
10123.668317438742,1777.0814091355082,15.868807069263074,5.973583054169379
10123.668317438742,1982.601537118103,15.793099918810714,6.837220554169379
10123.668317438742,2188.1216651006976,15.672470798104248,13.77718305416938
10123.668317438742,2393.641793083292,15.488273724734569,7.0107561310924575
10123.668317438742,2599.161921065887,15.259239848744086,-7.220233612497286
10123.668317438742,2804.6820490484815,15.057556646904738,0.31690805416937984
10123.668317438742,3010.2021770310757,15.072741979666839,-6.390133612497287
10123.668317438742,3215.7223050136704,14.858885035299547,-6.495289168052842
10123.668317438742,3421.242432996265,14.853129097065487,-7.351116945830621
10123.668317438742,3626.7625609788597,14.719633513095449,-7.80982694583062
10123.668317438742,3832.2826889614544,14.5915138900864,0.2674730541693796
10123.668317438742,4037.8028169440486,14.566061540942904,-7.92751694583062
10123.668317438742,4243.322944926644,14.599022970408944,5.38761083194716
10123.668317438742,4448.843072909238,14.515881269296372,-7.5345502791639545
10123.668317438742,4654.363200891833,14.425374564655238,0.5028580541693795
10123.668317438742,4859.883328874427,14.357600568942892,-8.057600279163953
10123.668317438742,5065.403456857022,14.42284390431275,-3.1577169458306207
10123.668317438742,5270.9235848396165,14.427914742338908,-0.9948369458306201
10123.668317438742,5476.443712822211,14.472579093130895,-0.5076669458306199
10123.668317438742,5681.963840804806,14.64624339318948,11.751733054169378
10123.668317438742,5887.4839687874,14.77924248820039,-8.18126694583062
10123.668317438742,6298.524224752589,14.58755788733526,-7.487000279163953
10123.668317438742,6504.0443527351845,14.630418204758271,-7.7088669458306205
10123.668317438742,6709.564480717779,14.694312791928915,-7.03906694583062
10123.668317438742,6915.084608700374,14.789825814406486,-2.3362169458306203
10237.311603044125,852.2408332138325,16.903816707071034,0.9063330541693801
10237.311603044125,1057.7609611964272,16.734991951346373,12.67989305416938
10237.311603044125,1263.2810891790218,16.547321038375063,-1.4040002791639539
10237.311603044125,1468.8012171616165,16.307853742465916,5.671833054169379
10237.311603044125,1674.3213451442111,16.1012479092732,6.274866387502715
10237.311603044125,1879.8414731268058,15.90461840664045,3.273208054169379
10237.311603044125,2085.3616011094,15.88712078550243,5.827299720836046
10237.311603044125,2290.8817290919947,15.742269525031814,-0.1904502791639536
10237.311603044125,2496.4018570745893,15.63567150857753,-7.54656694583062
10237.311603044125,2701.921985057184,15.565061278299442,-5.09116694583062
10237.311603044125,2907.4421130397786,15.340990525043779,-8.00256694583062
10237.311603044125,3112.9622410223733,15.100658456971969,-8.000500279163953
10237.311603044125,3318.482369004968,15.031506980349327,-7.32521694583062
10237.311603044125,3524.0024969875626,14.884813517491251,-6.411566945830621
10237.311603044125,3729.5226249701573,14.870789826806488,1.0408663875027129
10237.311603044125,3935.0427529527515,14.804893981786414,-4.614233612497286
10237.311603044125,4140.562880935347,14.850815587914175,-6.77338694583062
10237.311603044125,4346.083008917941,14.758031988017747,-7.76486694583062
10237.311603044125,4551.603136900535,14.58755788733526,-7.355533612497287
10237.311603044125,4757.12326488313,14.747557671126494,-2.392053612497287
10237.311603044125,4962.643392865724,14.673014596205364,-8.72106694583062
10237.311603044125,5168.163520848319,14.683663694067139,-6.82221694583062
10237.311603044125,5373.683648830914,14.552667691748212,-2.3508294458306205
10237.311603044125,5579.203776813509,14.73123949425639,-4.24467944583062
10237.311603044125,5784.723904796103,14.86338476541987,-3.7346069458306204
10237.311603044125,5990.244032778698,14.905554584297445,-3.6482669458306205
10237.311603044125,6195.764160761292,14.897960727508213,-2.3724544458306203
10237.311603044125,6401.2842887438865,15.110587351462414,-4.87476694583062
10237.311603044125,6606.804416726482,15.197607098006063,1.8405830541693788
10237.311603044125,6812.324544709076,15.273003137952166,-7.374533612497287
10237.311603044125,7017.844672691671,15.361990095326123,0.6003830541693804
10237.311603044125,7223.364800674265,15.592140727903029,-5.909800279163953
10350.95488864951,749.4807692225354,17.103142679747517,5.659275911312237
10350.95488864951,955.0008972051298,17.010199417492284,5.2889497208360465
10350.95488864951,1160.5210251877245,16.783201221313604,-1.6649891680528426
10350.95488864951,1366.0411531703191,16.52447916528002,2.490633054169379
10350.95488864951,1982.601537118103,16.050314950463466,2.32118305416938
10350.95488864951,2188.1216651006976,15.950450664829368,9.564733054169379
10350.95488864951,2393.641793083292,15.886825318305073,-5.272255834719509
10350.95488864951,2599.161921065887,15.758895937741178,0.10286638750271286
10350.95488864951,2804.6820490484815,15.615668686716866,-8.36291694583062
10350.95488864951,3215.7223050136704,15.197607098006062,-8.17476694583062
10350.95488864951,3832.2826889614544,15.000182259968739,-6.80846694583062
10350.95488864951,4037.8028169440486,15.06059795022306,-3.6353469458306193
10350.95488864951,4243.322944926644,15.016049016238075,-5.52146694583062
10350.95488864951,4448.843072909238,14.89471033479444,-7.07296694583062
10350.95488864951,4654.363200891833,14.826736339742771,-0.58949194583062
10350.95488864951,4859.883328874427,14.783370840189528,-6.721006945830621
10350.95488864951,5476.443712822211,14.77924248820039,2.80984555416938
10350.95488864951,5681.963840804806,14.922363497602117,0.8387330541693796
10350.95488864951,5887.4839687874,14.937358796802863,-6.41866694583062
10350.95488864951,6093.004096769995,15.040454337212838,9.275177498613825
10350.95488864951,6298.524224752589,15.14101490842248,-7.529252660116334
10350.95488864951,6504.0443527351845,15.13203714558563,16.998999720836046
10350.95488864951,6709.564480717779,15.341402862108314,-3.287933612497286
10350.95488864951,6915.084608700374,15.497416982027598,2.464155276391601
10350.95488864951,7120.604736682968,15.538182904594374,8.978116387502714
10350.95488864951,7326.124864665562,15.665771510945557,-7.13344194583062
10350.95488864951,7531.644992648157,15.921091983645589,14.186833054169382
10350.95488864951,7737.1651206307515,16.068688548202815,-0.17918361249728662
10350.95488864951,8353.725504578537,16.56235905135738,43.10189972083604
10464.598174254894,852.2408332138325,17.295328350151138,11.806444165280489
10464.598174254894,1057.7609611964272,17.17333270761123,9.853033054169378
10464.598174254894,2085.3616011094,16.19165611692651,1.066199720836047
10464.598174254894,2290.8817290919947,16.200934895030006,5.583590197026522
10464.598174254894,2496.4018570745893,15.983758208261873,7.01478305416938
10464.598174254894,2701.921985057184,15.859691530190718,-6.68139194583062
10464.598174254894,3524.0024969875626,15.259541557991218,-8.08156694583062
10464.598174254894,3935.0427529527515,15.135542845285729,35.04093305416938
10464.598174254894,4140.562880935347,15.310830264311585,-7.66686694583062
10464.598174254894,4346.083008917941,15.17696227801101,-2.15456694583062
10464.598174254894,4551.603136900535,15.15610113679066,-8.039833612497286
10464.598174254894,4757.12326488313,15.143696804607703,-4.591296945830621
10464.598174254894,5784.723904796103,15.280057040519365,-7.29256694583062
10464.598174254894,5990.244032778698,15.401222366548394,8.244610831947158
10464.598174254894,6195.764160761292,15.356668146218574,-6.69031694583062
10464.598174254894,6401.2842887438865,15.471847397290144,-6.18984694583062
10464.598174254894,6606.804416726482,15.47717194233644,3.5889330541693787
10464.598174254894,6812.324544709076,15.65379887462781,5.851990197026521
10464.598174254894,7017.844672691671,15.797480251673175,-2.0980269458306204
10464.598174254894,7223.364800674265,15.81204791739151,10.388544165280491
10464.598174254894,7428.88492865686,15.90740129556327,-6.279409802973477
10464.598174254894,7634.405056639454,16.055446012136144,-1.9872780569417314
10464.598174254894,7839.9251846220495,16.172490851514574,3.76094416528049
10464.598174254894,8045.445312604644,16.448227008663803,-5.660833612497288
10464.598174254894,8250.965440587239,16.634584080526505,1.4465830541693796
10464.598174254894,8456.485568569833,16.787314526024943,-6.02696694583062
10464.598174254894,8662.005696552429,16.843340241856595,9.576108054169378
10464.598174254894,8867.525824535023,17.155179571708707,-3.0891669458306206
10578.241459860279,749.4807692225354,17.550564203992373,3.17979555416938
10578.241459860279,955.0008972051298,17.363622037887673,5.369573054169379
10578.241459860279,2188.1216651006976,16.360731475645075,-7.427533612497287
10578.241459860279,2393.641793083292,16.27585566123124,-5.433266945830621
10578.241459860279,2599.161921065887,16.042628513839322,0.09871305416938014
10578.241459860279,2804.6820490484815,16.051969522574723,-3.81601694583062
10578.241459860279,4037.8028169440486,15.423085948306625,-8.62711694583062
10578.241459860279,4243.322944926644,15.463730990895133,-6.2935169458306195
10578.241459860279,4448.843072909238,15.46405200674353,-6.24066694583062
10578.241459860279,4654.363200891833,15.412644637828674,-1.8073455172591915
10578.241459860279,5887.4839687874,15.382428252670769,-7.1057069458306215
10578.241459860279,6093.004096769995,15.463966402517292,-7.641633612497287
10578.241459860279,6298.524224752589,15.732543475594776,-1.3131002791639528
10578.241459860279,6504.0443527351845,15.619023731754103,-3.999200279163954
10578.241459860279,6709.564480717779,15.845511920823299,21.241499720836046
10578.241459860279,6915.084608700374,15.870567086557706,5.521014872351197
10578.241459860279,7120.604736682968,15.858593876598528,-1.7660002791639535
10578.241459860279,7326.124864665562,16.014157758341028,-0.44308916805284265
10578.241459860279,7531.644992648157,16.27571067800832,-8.151866945830621
10578.241459860279,7737.1651206307515,16.41214318406482,2.2836997208360463
10578.241459860279,7942.685248613346,16.6472512901765,-8.41071694583062
10578.241459860279,8148.205376595942,16.631253869501744,-4.0270669458306205
10578.241459860279,8353.725504578537,16.737461113737513,-1.6748669458306198
10578.241459860279,8559.245632561131,16.99812934391262,-7.809466945830621
10578.241459860279,8764.765760543725,17.17606054108878,-3.31896694583062
10578.241459860279,8970.28588852632,17.27500175844422,3.886778054169379
10578.241459860279,9175.806016508915,17.60132435604323,-6.10456694583062
10578.241459860279,9792.366400456698,18.106227233408955,-4.347550279163953
10691.884745465662,852.2408332138325,17.51889124468327,3.9790997208360466
10691.884745465662,2290.8817290919947,16.467475094681905,6.560033054169378
10691.884745465662,2496.4018570745893,16.46099747320807,-1.292816945830621
10691.884745465662,2701.921985057184,16.320272557384367,-7.417750279163953
10691.884745465662,4140.562880935347,15.720131389039482,-5.747521491285166
10691.884745465662,4346.083008917941,15.658265999592059,-0.30533361249728735
10691.884745465662,4551.603136900535,15.625657063432854,-0.6659669458306204
10691.884745465662,5990.244032778698,15.781680832328657,6.702253054169378
10691.884745465662,6195.764160761292,15.69171227609627,-1.9344526601163348
10691.884745465662,6401.2842887438865,15.837485697304356,-6.22314694583062
10691.884745465662,6606.804416726482,16.08732327308217,-7.047976945830621
10691.884745465662,6812.324544709076,15.914761278101913,-5.29041694583062
10691.884745465662,7017.844672691671,15.96413477306939,37.74583305416938
10691.884745465662,7428.88492865686,16.213986358416633,-4.72200694583062
10691.884745465662,7634.405056639454,16.420783076054715,-7.48216694583062
10691.884745465662,7839.9251846220495,16.753991448134993,-4.9401669458306205
10691.884745465662,8045.445312604644,16.73153265041013,-4.004846945830621
10691.884745465662,8250.965440587239,16.91967601117744,-4.3758240886877635
10691.884745465662,8456.485568569833,17.050320631270356,2.13080805416938
10691.884745465662,8662.005696552429,17.13980386874916,-5.492833612497286
10691.884745465662,8867.525824535023,17.354784689046596,-3.157619577409567
10691.884745465662,9073.045952517617,17.610978947884558,-5.63826694583062
10691.884745465662,9278.566080500212,17.831776760004562,-0.27419194583061984
10691.884745465662,9484.086208482806,18.010287176353483,-1.5269669458306208
10691.884745465662,9689.606336465402,18.155954384333683,-2.959081231544906
10691.884745465662,9895.126464447996,18.328103449540883,-5.40782694583062
10805.528031071046,749.4807692225354,17.964790218402044,-3.285700279163953
10805.528031071046,955.0008972051298,17.761297330656564,0.14504669053301586
10805.528031071046,2188.1216651006976,16.880100281463932,-6.86228694583062
10805.528031071046,2393.641793083292,16.731362549634206,-7.82052694583062
10805.528031071046,2599.161921065887,16.371974852047583,-9.071866945830621
10805.528031071046,4243.322944926644,16.006358725901524,-5.151633612497286
10805.528031071046,4448.843072909238,15.921176209606747,11.672966387502713
10805.528031071046,4654.363200891833,15.944259412287892,-6.28806694583062
10805.528031071046,6093.004096769995,15.845511920823299,-7.933666945830621
10805.528031071046,6298.524224752589,16.14544924098016,12.866133054169381
10805.528031071046,6504.0443527351845,16.240872004623053,-6.78617694583062
10805.528031071046,6709.564480717779,16.20817444676149,-5.79326694583062
10805.528031071046,7737.1651206307515,16.63508888884129,-0.19765266011633478
10805.528031071046,7942.685248613346,16.95073191029601,-0.20159194583062057
10805.528031071046,8148.205376595942,17.039611380360363,-6.706583612497287
10805.528031071046,8353.725504578537,17.285192741212274,20.44249305416938
10805.528031071046,8559.245632561131,17.313574098857497,1.2805130541693792
10805.528031071046,8764.765760543725,17.46398010318427,-2.4805336124972874
10805.528031071046,8970.28588852632,17.609946769073595,-7.02863569583062
10805.528031071046,9175.806016508915,17.768599158526197,-4.18282694583062
10805.528031071046,9381.32614449151,18.06155489642264,-1.3021284842921583
10805.528031071046,9586.846272474104,18.194487871140765,-3.220833612497287
10805.528031071046,9792.366400456698,18.327369227066704,-2.418184337134968
10919.171316676431,852.2408332138325,17.962403600068168,8.281459720836047
10919.171316676431,2290.8817290919947,16.806192413608358,-8.37456694583062
10919.171316676431,2496.4018570745893,16.895411925574198,-1.1336669458306203
10919.171316676431,2701.921985057184,16.653688535975892,-2.3632026601163347
10919.171316676431,4140.562880935347,16.169334663107872,-7.5224919458306205
10919.171316676431,4346.083008917941,16.28868807279362,67.79676638750271
10919.171316676431,4551.603136900535,16.195134232884836,5.84298305416938
10919.171316676431,6195.764160761292,16.314352895918375,-7.36996694583062
10919.171316676431,6401.2842887438865,16.414510558703114,-4.663041945830621
10919.171316676431,6606.804416726482,16.198487927336252,-8.53886694583062
10919.171316676431,7839.9251846220495,17.04581222124183,-3.6230419458306202
10919.171316676431,8045.445312604644,17.16613878372665,-1.1224169458306203
10919.171316676431,8250.965440587239,17.281277968420802,0.08199305416937933
10919.171316676431,8456.485568569833,17.440159761135018,12.017414872351198
10919.171316676431,8662.005696552429,17.51323064914368,-4.88206694583062
10919.171316676431,9073.045952517617,17.862968496404825,-4.46149194583062
10919.171316676431,9278.566080500212,18.004623719643252,-4.516900279163954
10919.171316676431,9484.086208482806,18.245467356453425,-3.4480624003760743
10919.171316676431,9689.606336465402,18.399746430696183,-1.4109169458306208
10919.171316676431,9895.126464447996,18.639700724654578,-3.51266694583062
11032.814602281815,749.4807692225354,18.165524220983226,2.1667530541693782
11032.814602281815,955.0008972051298,18.04087037585896,8.654940197026521
11032.814602281815,2188.1216651006976,17.227118891262865,-7.199516945830621
11032.814602281815,2393.641793083292,17.177781799102856,-6.75834194583062
11032.814602281815,2599.161921065887,16.871070015750814,0.17331638750271328
11032.814602281815,4243.322944926644,16.448322840817283,4.653788609724936
11032.814602281815,4448.843072909238,16.39373073903798,19.781149720836044
11032.814602281815,6298.524224752589,16.517940668115642,-1.3484447236083978
11032.814602281815,6504.0443527351845,16.55273554526965,-7.8567169458306205
11032.814602281815,7942.685248613346,17.208927271226422,-6.026300279163952
11032.814602281815,8148.205376595942,17.401604506749816,12.639778508714834
11032.814602281815,8353.725504578537,17.60609366630811,20.55613305416938
11032.814602281815,8559.245632561131,17.61474042769397,-4.7810336124972865
11032.814602281815,9175.806016508915,17.99896026293302,-6.256466945830621
11032.814602281815,9381.32614449151,18.2816962995907,-5.02804694583062
11032.814602281815,9586.846272474104,18.452158756469505,24.00291083194716
11032.814602281815,9792.366400456698,18.626269949399497,3.627439720836046
11032.814602281815,9997.886528439294,18.90446074434854,0.7937530541693792
11146.4578878872,646.7207052312381,18.442080506742407,-7.145866945830621
11146.4578878872,852.2408332138325,18.325641529325335,3.300921943058268
11146.4578878872,2085.3616011094,17.52362109734461,-4.60726694583062
11146.4578878872,2290.8817290919947,17.295184221033328,5.397255276391601
11146.4578878872,2496.4018570745893,17.18229035225049,-5.45631694583062
11146.4578878872,2701.921985057184,17.17297488969608,-4.559450279163953
11146.4578878872,4140.562880935347,16.5497733652165,3.284166387502714
11146.4578878872,4346.083008917941,16.505425014584443,18.714533054169383
11146.4578878872,4551.603136900535,16.609371559068006,12.808775911312239
11146.4578878872,6401.2842887438865,16.749697997189696,-4.808852660116335
11146.4578878872,8045.445312604644,17.57751655108885,-2.9825780569417315
11146.4578878872,8250.965440587239,17.760248006709602,8.339410831947156
11146.4578878872,8456.485568569833,17.68879803510155,-1.7556169458306203
11146.4578878872,9484.086208482806,18.417543139606043,-7.767700279163953
11146.4578878872,9689.606336465402,18.605301654145492,0.7256080541693795
11146.4578878872,9895.126464447996,18.928559401284577,-4.733976036739711
11260.101173492583,749.4807692225354,18.509748948164358,-1.0669851276488018
11260.101173492583,955.0008972051298,18.394251108261166,5.096513054169379
11260.101173492583,1982.601537118103,17.73236118039594,37.70473305416938
11260.101173492583,2188.1216651006976,17.607908478456334,-0.4493669458306198
11260.101173492583,2393.641793083292,17.460138860912664,-4.84319194583062
11260.101173492583,2599.161921065887,17.30242077672551,-6.900083612497287
11260.101173492583,2804.6820490484815,17.430563242835333,-0.8283336124972873
11260.101173492583,4037.8028169440486,16.990934294377993,-4.83796694583062
11260.101173492583,4243.322944926644,16.78126561532889,-6.7659002791639535
11260.101173492583,4448.843072909238,16.715882066243143,11.088199720836046
11260.101173492583,6298.524224752589,16.939841863960357,0.7080205541693798
11260.101173492583,6504.0443527351845,16.99594493639764,-4.5215383744020485
11260.101173492583,7942.685248613346,17.775636132270357,-8.06361694583062
11260.101173492583,8148.205376595942,17.80523578789362,6.245878508714833
11260.101173492583,8353.725504578537,17.970806821941693,3.94703305416938
11260.101173492583,9792.366400456698,18.95192579400733,-1.0384569458306203
11260.101173492583,9997.886528439294,19.173381694418612,3.6826430541693798
11373.744459097969,646.7207052312381,18.794418208287002,-1.1943305821942565
11373.744459097969,852.2408332138325,18.50775267728094,3.478783054169379
11373.744459097969,1057.7609611964272,18.505878789629072,4.12335305416938
11373.744459097969,1879.8414731268058,18.037188595727084,-0.042516945830620934
11373.744459097969,2085.3616011094,17.81431925789019,-3.2233919458306204
11373.744459097969,2290.8817290919947,17.75836059037659,-7.18206694583062
11373.744459097969,2496.4018570745893,17.698298828086386,-6.148422501386175
11373.744459097969,2701.921985057184,17.406773558470757,-4.593500279163952
11373.744459097969,2907.4421130397786,17.460226745260922,7.02893305416938
11373.744459097969,3935.0427529527515,17.218537162399528,-8.781666945830619
11373.744459097969,4140.562880935347,17.027209982494142,-4.18471694583062
11373.744459097969,4346.083008917941,16.944982572091355,-5.5991419458306195
11373.744459097969,4551.603136900535,17.049899988909686,27.319633054169383
11373.744459097969,6195.764160761292,17.193876063575818,27.281449720836047
11373.744459097969,6401.2842887438865,17.205801302568958,2.04648305416938
11373.744459097969,6606.804416726482,17.40683244089486,-6.695266945830621
11373.744459097969,8045.445312604644,17.879064129441286,-0.9101610634776789
11373.744459097969,8250.965440587239,18.0104223994607,0.5992630541693797
11373.744459097969,8456.485568569833,18.114590926885835,-5.80836694583062
11373.744459097969,9895.126464447996,19.239593984550815,-5.71733694583062
11487.387744703352,543.9606412399407,19.024447269025412,3.0327497208360454
11487.387744703352,749.4807692225354,18.893776507678403,10.96128305416938
11487.387744703352,955.0008972051298,18.854108149461812,-8.61876694583062
11487.387744703352,1160.5210251877245,18.599719253786652,-2.37516694583062
11487.387744703352,1366.0411531703191,18.581091682888964,36.535433054169374
11487.387744703352,1571.5612811529138,18.417543139606043,-8.199766945830621
11487.387744703352,1777.0814091355082,18.180535211832613,-6.865816945830621
11487.387744703352,1982.601537118103,18.058426558390458,-7.882816945830621
11487.387744703352,2188.1216651006976,17.882310204141184,-7.573366945830619
11487.387744703352,2393.641793083292,17.8516672993289,12.969833054169381
11487.387744703352,2599.161921065887,17.815812103677388,9.202883054169378
11487.387744703352,2804.6820490484815,17.688624490301727,-6.46884194583062
11487.387744703352,3832.2826889614544,17.51326951223395,-7.95286694583062
11487.387744703352,4037.8028169440486,17.251560436719828,-6.621400279163954
11487.387744703352,4243.322944926644,17.137026435806188,36.04177305416938
11487.387744703352,4448.843072909238,17.233288569846987,-4.193533612497286
11487.387744703352,4654.363200891833,17.219984104509397,-5.477136945830621
11487.387744703352,6093.004096769995,17.31748863907347,-5.13396694583062
11487.387744703352,6298.524224752589,17.329235984476124,-2.64291694583062
11487.387744703352,6504.0443527351845,17.442002273522714,-4.724412400376075
11487.387744703352,7942.685248613346,18.08538533225213,-3.70082694583062
11487.387744703352,8148.205376595942,18.223957264040365,49.744099720836054
11487.387744703352,8353.725504578537,18.251486383184194,-1.7776169458306204
11487.387744703352,8559.245632561131,18.417515516487093,-6.592791945830621
11487.387744703352,9997.886528439294,19.45396973538271,-5.644626945830621
11601.031030308737,646.7207052312381,19.103261581545734,1.9717705541693795
11601.031030308737,852.2408332138325,18.910198257960005,2.9596057814421073
11601.031030308737,1057.7609611964272,18.844489326692344,2.2986930541693793
11601.031030308737,1263.2810891790218,18.58092782770175,-2.63976694583062
11601.031030308737,1468.8012171616165,18.597304277741824,-6.43386694583062
11601.031030308737,1674.3213451442111,18.359672629708772,8.49848305416938
11601.031030308737,1879.8414731268058,18.332230779871647,2.6740473398836646
11601.031030308737,2085.3616011094,18.147798311073036,0.08819305416937909
11601.031030308737,2290.8817290919947,18.07530395783938,-3.0704169458306207
11601.031030308737,2496.4018570745893,17.953179248819698,9.281049720836046
11601.031030308737,2701.921985057184,17.84445231784323,-5.86656694583062
11601.031030308737,2907.4421130397786,17.74102765038949,-2.6062669458306207
11601.031030308737,3729.5226249701573,17.630482249062666,-7.9866669458306205
11601.031030308737,3935.0427529527515,17.459729178420776,-5.0896169458306195
11601.031030308737,4140.562880935347,17.539616011814246,-4.50361694583062
11601.031030308737,4346.083008917941,17.51326951223395,-3.965866945830621
11601.031030308737,4551.603136900535,17.36506800780262,7.560266387502712
11601.031030308737,4757.12326488313,17.439384076522803,2.9519997208360462
11601.031030308737,5784.723904796103,17.383023226675117,2.9793497208360464
11601.031030308737,6195.764160761292,17.530950434558292,-4.52146694583062
11601.031030308737,6401.2842887438865,17.49542501101435,10.51909305416938
11601.031030308737,6606.804416726482,17.62496991464333,-3.6589214912851658
11601.031030308737,7839.9251846220495,18.201492011161168,-5.10692694583062
11601.031030308737,8045.445312604644,18.2148367565083,-4.98782694583062
11601.031030308737,8250.965440587239,18.43379089188782,-7.126900279163952
11601.031030308737,8456.485568569833,18.525225045099262,-4.035886945830621
11601.031030308737,8662.005696552429,18.686202036297445,-4.96161694583062
11601.031030308737,9895.126464447996,19.438040011985255,-5.423430582194257
11714.67431591412,543.9606412399407,19.369291414437757,14.617313054169381
11714.67431591412,749.4807692225354,19.156836053994212,11.32206638750271
11714.67431591412,955.0008972051298,19.049234493612833,9.09831305416938
11714.67431591412,1160.5210251877245,18.9433639188717,10.719799720836045
11714.67431591412,1366.0411531703191,18.86119381421745,-2.5498419458306194
11714.67431591412,1571.5612811529138,18.54855725639177,2.8364830541693804
11714.67431591412,1777.0814091355082,18.63378261616075,-7.58821694583062
11714.67431591412,1982.601537118103,18.373522709928142,4.112233054169379
11714.67431591412,2188.1216651006976,18.34025344787268,1.4355663875027131
11714.67431591412,2393.641793083292,18.04993137332511,-3.9173669458306204
11714.67431591412,2599.161921065887,18.235133959938818,-3.1420669458306207
11714.67431591412,2804.6820490484815,18.079043645214746,16.96113305416938
11714.67431591412,3010.2021770310757,18.117553941802573,-6.72186694583062
11714.67431591412,3626.7625609788597,17.805853981061126,-5.02606694583062
11714.67431591412,3832.2826889614544,17.621583988800186,-1.146633612497287
11714.67431591412,4037.8028169440486,17.552847704706725,16.195758054169378
11714.67431591412,4243.322944926644,17.678097639444864,-2.5004469458306198
11714.67431591412,4448.843072909238,17.533343035723703,11.849504482740809
11714.67431591412,4654.363200891833,17.579049507935004,8.14058305416938
11714.67431591412,4859.883328874427,17.58358543601733,-5.63896694583062
11714.67431591412,5270.9235848396165,17.68879803510155,-7.61456694583062
11714.67431591412,5476.443712822211,17.706246372751966,-5.982066945830621
11714.67431591412,5681.963840804806,17.50148223068439,-1.6014669458306205
11714.67431591412,5887.4839687874,17.649573324829287,27.18409972083605
11714.67431591412,6093.004096769995,17.73066058655632,40.713175911312234
11714.67431591412,6504.0443527351845,17.83612922794522,-2.3528336124972875
11714.67431591412,6709.564480717779,17.930582110168405,0.1361330541693794
11714.67431591412,6915.084608700374,18.027277546484182,-7.654333612497287
11714.67431591412,7531.644992648157,18.318378268641002,-4.594726945830621
11714.67431591412,7737.1651206307515,18.341337699553907,6.948253054169379
11714.67431591412,7942.685248613346,18.3966991954389,-0.4566669458306203
11714.67431591412,8148.205376595942,18.48020140297315,18.40809972083605
11714.67431591412,8353.725504578537,18.629577546858435,-3.8723269458306193
11714.67431591412,8559.245632561131,18.781515722385553,-0.899394218557893
11714.67431591412,9586.846272474104,19.557319624133978,29.56503305416938
11714.67431591412,9792.366400456698,19.562044166908727,-0.7499812315449063
11714.67431591412,9997.886528439294,19.67112574849982,-5.879883612497287
11828.317601519506,646.7207052312381,19.399481990231095,11.11112305416938
11828.317601519506,852.2408332138325,19.30758589391483,5.315749720836045
11828.317601519506,1057.7609611964272,19.074195999500038,20.748418768455092
11828.317601519506,1263.2810891790218,19.02436396836988,-4.65010694583062
11828.317601519506,1468.8012171616165,18.82233078394206,0.03773305416937944
11828.317601519506,1674.3213451442111,18.61351687259468,-8.35326694583062
11828.317601519506,1879.8414731268058,18.73899969385962,-5.939106945830621
11828.317601519506,2085.3616011094,18.4992901026867,-5.45176694583062
11828.317601519506,2290.8817290919947,18.554823191633677,15.588433054169382
11828.317601519506,2496.4018570745893,18.36771680961791,1.6301130541693798
11828.317601519506,2701.921985057184,18.285049184143173,42.95603305416938
11828.317601519506,2907.4421130397786,18.209617290565646,16.581463054169383
11828.317601519506,3112.9622410223733,18.077985263645644,-4.80036694583062
11828.317601519506,3318.482369004968,18.1680737845481,-5.58586694583062
11828.317601519506,3524.0024969875626,18.100371033635792,18.549453054169383
11828.317601519506,3729.5226249701573,18.032941003194413,-6.83106694583062
11828.317601519506,3935.0427529527515,17.99318322366104,37.50373305416937
11828.317601519506,4140.562880935347,17.884933303103796,-4.868200279163954
11828.317601519506,4346.083008917941,17.74102765038949,9.239399720836047
11828.317601519506,4551.603136900535,17.75836059037659,2.039933054169379
11828.317601519506,4757.12326488313,17.731052047956414,5.35303305416938
11828.317601519506,4962.643392865724,17.82153235284676,16.634399720836043
11828.317601519506,5168.163520848319,17.84477656524099,1.1324830541693796
11828.317601519506,5373.683648830914,17.78852089070486,-5.726941945830621
11828.317601519506,5579.203776813509,17.801440269158757,-2.0614869458306204
11828.317601519506,5784.723904796103,17.84460497603967,48.70383305416937
11828.317601519506,5990.244032778698,17.827577554138326,-1.8482669458306198
11828.317601519506,6195.764160761292,17.90754825600293,3.76853305416938
11828.317601519506,6401.2842887438865,17.904744873153998,-3.7381919458306205
11828.317601519506,6606.804416726482,17.95325466458754,-1.4104336124972872
11828.317601519506,6812.324544709076,18.106302342169958,-6.898600279163953
11828.317601519506,7017.844672691671,18.249524029674152,-0.26505444583062054
11828.317601519506,7223.364800674265,18.36134364094493,1.1349330541693798
11828.317601519506,7428.88492865686,18.346933016364684,-4.375903309466984
11828.317601519506,7634.405056639454,18.478859874817122,-4.48014194583062
11828.317601519506,7839.9251846220495,18.450186426953888,-5.18070694583062
11828.317601519506,8045.445312604644,18.61286397914324,-1.3008669458306201
11828.317601519506,8250.965440587239,18.666928074633386,17.489033054169383
11828.317601519506,8456.485568569833,18.838219466701936,-2.5470169458306198
11828.317601519506,8662.005696552429,18.95548929556002,-7.744895517259191
11828.317601519506,8867.525824535023,19.221346701549802,-7.12176694583062
11828.317601519506,9484.086208482806,19.666259040147516,-8.69636694583062
11828.317601519506,9689.606336465402,19.643982989505265,-0.051850279163953385
11828.317601519506,9895.126464447996,19.725028901216834,1.9033163875027121
11828.317601519506,10100.64659243059,19.929090034088663,-6.63556694583062
11941.96088712489,543.9606412399407,19.739862025706355,3.896833054169379
11941.96088712489,749.4807692225354,19.554777252551546,12.363833054169378
11941.96088712489,955.0008972051298,19.404191423538627,9.76600805416938
11941.96088712489,1160.5210251877245,19.167424864787023,-8.33386694583062
11941.96088712489,1366.0411531703191,19.08207500907745,-5.86069194583062
11941.96088712489,1777.0814091355082,18.909372252664557,-3.9749669458306203
11941.96088712489,1982.601537118103,18.8937231589953,-7.4706669458306205
11941.96088712489,2188.1216651006976,18.6546109664259,-0.8152891680528425
11941.96088712489,2393.641793083292,18.60749429978395,-5.292000279163954
11941.96088712489,2599.161921065887,18.57097049702662,-0.5925669458306203
11941.96088712489,2804.6820490484815,18.45974899077954,-3.3784383744020485
11941.96088712489,3010.2021770310757,18.235059468303778,23.06693305416938
11941.96088712489,3215.7223050136704,18.318400491914446,-8.15676694583062
11941.96088712489,3421.242432996265,18.25178726633394,-7.16036694583062
11941.96088712489,3626.7625609788597,18.03265878258367,14.264399720836048
11941.96088712489,3832.2826889614544,18.026957465019525,12.079516387502713
11941.96088712489,4037.8028169440486,18.1680737845481,2.5353330541693806
11941.96088712489,4243.322944926644,18.02150071117219,-5.770000279163955
11941.96088712489,4448.843072909238,17.985820711218842,-0.61609194583062
11941.96088712489,4654.363200891833,18.08042016856147,-0.5959002791639532
11941.96088712489,4859.883328874427,17.827577554138326,-5.05536694583062
11941.96088712489,5065.403456857022,17.97146568897913,-4.687352660116334
11941.96088712489,5270.9235848396165,18.04954653875111,13.238813054169379
11941.96088712489,5476.443712822211,17.995979778357626,22.500786900323227
11941.96088712489,5681.963840804806,17.98413721044575,27.266718768455092
11941.96088712489,5887.4839687874,18.091049505433997,12.19842194305827
11941.96088712489,6093.004096769995,18.13038013105236,-4.63370694583062
11941.96088712489,6298.524224752589,18.11972379752081,6.857804482740809
11941.96088712489,6504.0443527351845,18.359755966984192,-5.07306694583062
11941.96088712489,6915.084608700374,18.351484871970243,-1.6979669458306201
11941.96088712489,7120.604736682968,18.29049682656728,-1.432033612497287
11941.96088712489,7326.124864665562,18.456869347823314,6.747673054169378
11941.96088712489,7531.644992648157,18.515743109990776,-3.470000279163954
11941.96088712489,7737.1651206307515,18.637690957868585,-1.2346169458306202
11941.96088712489,7942.685248613346,18.790446083004646,-8.16136694583062
11941.96088712489,8148.205376595942,18.8855782822527,-3.5070294458306206
11941.96088712489,8353.725504578537,18.976499359259662,-5.15899194583062
11941.96088712489,8559.245632561131,19.045742569264917,-2.54622694583062
11941.96088712489,8764.765760543725,19.220167537175225,-7.2191098029734775
11941.96088712489,8970.28588852632,19.396900536973924,-6.81785694583062
11941.96088712489,9175.806016508915,19.56224295567227,-4.9573669458306195
11941.96088712489,9381.32614449151,19.584680417941094,-2.93696694583062
11941.96088712489,9586.846272474104,19.74389834948689,10.47110448274081
11941.96088712489,9792.366400456698,19.8671449136083,-3.28451694583062
11941.96088712489,9997.886528439294,20.03527870711201,-6.036895517259191
12055.604172730275,441.20057724864347,19.74723726084619,-6.879866945830621
12055.604172730275,646.7207052312381,19.631607405815124,-2.6529669458306198
12055.604172730275,852.2408332138325,19.606721946118736,8.94606638750271
12055.604172730275,1057.7609611964272,19.4378829196647,5.891742145078471
12055.604172730275,1263.2810891790218,19.384343752727702,0.14903305416937976
12055.604172730275,1674.3213451442111,19.107259383948247,18.713633054169378
12055.604172730275,1879.8414731268058,19.011823225965685,-6.7408669458306205
12055.604172730275,2290.8817290919947,18.860249717392193,3.8965930541693803
12055.604172730275,2701.921985057184,18.637325954930866,17.46702305416938
12055.604172730275,2907.4421130397786,18.483269929814444,-7.857500279163953
12055.604172730275,3112.9622410223733,18.493638445889342,-3.4803336124972866
12055.604172730275,3318.482369004968,18.388916940854973,-4.805909802973477
12055.604172730275,3524.0024969875626,18.436822076547518,-2.9868124003760745
12055.604172730275,3729.5226249701573,18.285093879124194,-1.6432669458306197
12055.604172730275,3935.0427529527515,18.25164759451825,10.729483054169378
12055.604172730275,4140.562880935347,18.155387646061094,8.469958054169382
12055.604172730275,4346.083008917941,18.1880123154628,-4.090686945830621
12055.604172730275,4551.603136900535,18.251619660155114,3.0098830541693804
12055.604172730275,4757.12326488313,18.226443851680266,7.05673305416938
12055.604172730275,4962.643392865724,18.150944048607894,-4.612366945830621
12055.604172730275,5168.163520848319,18.104226853877453,-0.6927225013861755
12055.604172730275,5373.683648830914,18.213785956630748,4.85448305416938
12055.604172730275,5579.203776813509,18.189324141517794,-5.959252660116334
12055.604172730275,5990.244032778698,18.201491928741337,17.48706638750271
12055.604172730275,6195.764160761292,18.201603872243457,46.88903305416938
12055.604172730275,6401.2842887438865,18.354284047431506,-1.87100694583062
12055.604172730275,6606.804416726482,18.359755966984192,-6.97271694583062
12055.604172730275,6812.324544709076,18.493565307228256,-1.4943669458306206
12055.604172730275,7017.844672691671,18.46132437777572,-1.8629336124972873
12055.604172730275,7223.364800674265,18.68454819523595,-3.47072694583062
12055.604172730275,7428.88492865686,18.649560791145113,-6.25944194583062
12055.604172730275,7634.405056639454,18.885404101242695,-6.50389194583062
12055.604172730275,7839.9251846220495,18.80644210118218,0.35513305416938046
12055.604172730275,8045.445312604644,19.05066996392671,-2.67741694583062
12055.604172730275,8250.965440587239,19.04693594057103,-3.45061694583062
12055.604172730275,8456.485568569833,19.26748360463379,-0.8582669458306196
12055.604172730275,8662.005696552429,19.3703093014625,7.223420554169378
12055.604172730275,8867.525824535023,19.41189696531981,-5.150141945830621
12055.604172730275,9073.045952517617,19.50229416882795,2.034158054169379
12055.604172730275,9278.566080500212,19.623190256807177,-1.423444723608398
12055.604172730275,9484.086208482806,19.710477258577736,-5.743750279163954
12055.604172730275,9689.606336465402,19.842171294886395,-6.024366945830621
12055.604172730275,9895.126464447996,20.09188070499569,6.20995305416938
12169.247458335658,543.9606412399407,19.904673406030682,15.706266387502714
12169.247458335658,749.4807692225354,19.821156936476875,4.74733305416938
12169.247458335658,955.0008972051298,19.661772846860913,0.8942616255979511
12169.247458335658,1777.0814091355082,19.12092287184865,-5.607016945830621
12169.247458335658,1982.601537118103,19.19036229767201,-5.980450279163954
12169.247458335658,2188.1216651006976,19.144226254383945,-5.7508169458306195
12169.247458335658,2393.641793083292,18.964654032098704,-6.765400279163953
12169.247458335658,2599.161921065887,18.956798391864673,3.7410330541693795
12169.247458335658,2804.6820490484815,18.720315042773656,4.381620554169379
12169.247458335658,3010.2021770310757,18.671556778602508,-3.07466694583062
12169.247458335658,3215.7223050136704,18.56476985124463,-6.421766945830621
12169.247458335658,3421.242432996265,18.447338936937296,-6.235912400376074
12169.247458335658,3626.7625609788597,18.468431619584155,-4.5102002791639535
12169.247458335658,3832.2826889614544,18.517471614989415,-3.8378447236083977
12169.247458335658,4037.8028169440486,18.466353069483638,-0.9583269458306205
12169.247458335658,4243.322944926644,18.4415559847492,-3.4310919458306204
12169.247458335658,4448.843072909238,18.384569252026044,-5.01016694583062
12169.247458335658,4654.363200891833,18.42704845904242,-1.93966694583062
12169.247458335658,4859.883328874427,18.403324701395142,-5.603050279163955
12169.247458335658,5065.403456857022,18.377753052834443,-3.9617969458306206
12169.247458335658,5270.9235848396165,18.33477631933722,-2.66046694583062
12169.247458335658,5476.443712822211,18.379313075868655,25.018223963260287
12169.247458335658,5681.963840804806,18.403390508420838,-2.703600279163954
12169.247458335658,5887.4839687874,18.33455439854848,-1.3365669458306195
12169.247458335658,6093.004096769995,18.444929302192875,-3.9609669458306205
12169.247458335658,6298.524224752589,18.532235424747437,-6.65466694583062
12169.247458335658,6504.0443527351845,18.593669264651098,-3.6315469458306198
12169.247458335658,6709.564480717779,18.537566798504077,-2.9804336124972877
12169.247458335658,6915.084608700374,18.661665460430836,-5.96604194583062
12169.247458335658,7120.604736682968,18.76052705667599,-4.120683612497287
12169.247458335658,7326.124864665562,18.80633476576452,-4.69068694583062
12169.247458335658,7531.644992648157,18.93291278737636,-3.47200694583062
12169.247458335658,7737.1651206307515,19.008307903779052,-3.94714694583062
12169.247458335658,7942.685248613346,19.126060549337506,-5.994050279163954
12169.247458335658,8148.205376595942,19.26459478548105,-2.693600279163953
12169.247458335658,8353.725504578537,19.35104309590713,-4.387333612497287
12169.247458335658,8559.245632561131,19.49870849184115,-0.23089194583061978
12169.247458335658,8764.765760543725,19.498876941055745,-5.527226945830621
12169.247458335658,8970.28588852632,19.60864722896423,37.28431876845509
12169.247458335658,9175.806016508915,19.739563784596488,3.753683054169379
12169.247458335658,9381.32614449151,19.86236729818682,0.88459305416938
12169.247458335658,9586.846272474104,19.93602371282162,-7.8438169458306195
12169.247458335658,9792.366400456698,20.173463337016546,-0.93681694583062
12169.247458335658,9997.886528439294,20.315070881885735,-5.337503309466984
12282.890743941043,646.7207052312381,20.031846688783205,18.700683054169378
12282.890743941043,852.2408332138325,19.866342686158188,3.7661997208360467
12282.890743941043,2085.3616011094,19.209001670434343,-4.117752660116335
12282.890743941043,2290.8817290919947,19.06912593597774,10.029833054169378
12282.890743941043,2496.4018570745893,19.10526246283837,-3.04126694583062
12282.890743941043,2701.921985057184,18.995724780393697,6.362799720836045
12282.890743941043,2907.4421130397786,18.77971051394118,-2.604633612497287
12282.890743941043,3729.5226249701573,18.576365971615086,-0.010409802973476903
12282.890743941043,3935.0427529527515,18.661647517630797,0.7888330541693799
12282.890743941043,4140.562880935347,18.616018858691167,-5.83426694583062
12282.890743941043,4346.083008917941,18.60773732674063,10.13143305416938
12282.890743941043,4551.603136900535,18.536124089157152,-3.02454194583062
12282.890743941043,4757.12326488313,18.616628623184198,-4.785096945830619
12282.890743941043,4962.643392865724,18.499426962597123,-3.96401694583062
12282.890743941043,5168.163520848319,18.378981527032877,-5.464766945830621
12282.890743941043,5373.683648830914,18.446298610322216,-1.14786694583062
12282.890743941043,5579.203776813509,18.5862045838697,-3.2476336124972875
12282.890743941043,5784.723904796103,18.54855725639177,-7.13196694583062
12282.890743941043,5990.244032778698,18.726318048399452,-5.31806694583062
12282.890743941043,6195.764160761292,18.681154262742478,-3.7157469458306203
12282.890743941043,6401.2842887438865,18.665006324893966,-3.5738869458306204
12282.890743941043,6606.804416726482,18.82667070695287,1.5423759113122368
12282.890743941043,6812.324544709076,18.860314374248635,-5.855726945830621
12282.890743941043,7017.844672691671,18.93293361450611,-3.213686945830621
12282.890743941043,7223.364800674265,18.98981329232528,-1.6776669458306206
12282.890743941043,7428.88492865686,19.095967757071005,-3.0455269458306202
12282.890743941043,7634.405056639454,19.12102764398087,-6.98536694583062
12282.890743941043,7839.9251846220495,19.190154904503743,-2.794850279163954
12282.890743941043,8045.445312604644,19.151959124518303,2.8639330541693795
12282.890743941043,8250.965440587239,19.413646441985254,-3.108055834719509
12282.890743941043,8456.485568569833,19.493140508275626,-1.6988669458306203
12282.890743941043,8867.525824535023,19.747187472233023,-8.863866945830619
12282.890743941043,9073.045952517617,19.68100951042718,-8.84976694583062
12282.890743941043,9278.566080500212,20.00795219957238,-6.10386694583062
12282.890743941043,9484.086208482806,20.086330714942314,-4.526066945830619
12282.890743941043,9689.606336465402,20.18081575162554,5.883116387502713
12282.890743941043,9895.126464447996,20.389712673726923,-2.590300279163954
12282.890743941043,10100.64659243059,20.531593934638128,-8.96266694583062
12396.534029546427,543.9606412399407,20.250403399034013,2.6716455541693795
12396.534029546427,749.4807692225354,20.105097810556426,3.915655276391602
12396.534029546427,2188.1216651006976,19.255678309010378,31.571683054169384
12396.534029546427,2393.641793083292,19.274895750397196,2.95397305416938
12396.534029546427,2599.161921065887,19.174834489852422,-3.686106945830621
12396.534029546427,3832.2826889614544,18.726462010294494,-4.9844169458306204
12396.534029546427,4037.8028169440486,18.77874425306396,1.517723963260289
12396.534029546427,4243.322944926644,18.76941193666591,9.673763823400149
12396.534029546427,4448.843072909238,18.686202036297445,24.975733054169375
12396.534029546427,4654.363200891833,18.73543370713026,-4.66698694583062
12396.534029546427,4859.883328874427,18.594061758771254,-6.13204694583062
12396.534029546427,5476.443712822211,18.653939754472788,-6.2759669458306195
12396.534029546427,5681.963840804806,18.65399405709981,-2.81991694583062
12396.534029546427,5887.4839687874,18.838165798993103,-4.43356694583062
12396.534029546427,6093.004096769995,18.790151389144672,-0.0728419458306202
12396.534029546427,6298.524224752589,18.927899891113153,-3.988500279163954
12396.534029546427,6504.0443527351845,18.864451006062463,0.8877330541693794
12396.534029546427,6709.564480717779,18.974248451787254,-5.94982944583062
12396.534029546427,6915.084608700374,18.917449485768913,-7.08839194583062
12396.534029546427,7120.604736682968,19.020720661623365,-3.028152660116334
12396.534029546427,7326.124864665562,19.05871045584235,-1.2576336124972876
12396.534029546427,7531.644992648157,19.28266412678243,-4.60056694583062
12396.534029546427,7737.1651206307515,19.37155930788856,-1.5545669458306197
12396.534029546427,7942.685248613346,19.4082363567551,-2.76519194583062
12396.534029546427,8148.205376595942,19.5096937290469,-1.2188169458306197
12396.534029546427,8353.725504578537,19.562182426312308,-4.1059469458306195
12396.534029546427,8559.245632561131,19.702985605249122,-5.01482944583062
12396.534029546427,8764.765760543725,19.92610167942709,-5.15670694583062
12396.534029546427,8970.28588852632,19.963934028554107,-1.5345113902750644
12396.534029546427,9175.806016508915,20.043726455002073,-7.69570694583062
12396.534029546427,9381.32614449151,20.205072042515745,-7.208366945830621
12396.534029546427,9586.846272474104,20.289592661908085,-5.164024088687762
12396.534029546427,9792.366400456698,20.40127017425921,-3.02569194583062
12396.534029546427,9997.886528439294,20.538934149837964,-0.8295447236083984
12510.17731515181,441.20057724864347,20.384062734786667,7.85405805416938
12510.17731515181,646.7207052312381,20.261850395860066,10.91652194305827
12510.17731515181,2085.3616011094,19.449811247653344,-2.19111694583062
12510.17731515181,2290.8817290919947,19.497746151673862,-6.2552526601163345
12510.17731515181,2496.4018570745893,19.414923662988933,-0.5407869458306201
12510.17731515181,2701.921985057184,19.270043873497098,-6.683300279163954
12510.17731515181,4140.562880935347,18.97990211528829,-1.3409794458306203
12510.17731515181,4346.083008917941,18.82868625704601,5.83345305416938
12510.17731515181,4551.603136900535,18.877575492161615,3.640383054169378
12510.17731515181,4757.12326488313,18.774450064827107,-7.22926694583062
12510.17731515181,5784.723904796103,18.85940437704844,-4.578033612497287
12510.17731515181,5990.244032778698,18.901534448656374,-2.2778169458306206
12510.17731515181,6195.764160761292,19.011823225965685,-2.8019669458306193
12510.17731515181,6401.2842887438865,19.011190520662414,-6.392733612497287
12510.17731515181,6606.804416726482,19.116768314203497,-4.74184194583062
12510.17731515181,6812.324544709076,19.027499153970933,-8.20226694583062
12510.17731515181,7428.88492865686,19.229079571684164,-1.067266945830621
12510.17731515181,7634.405056639454,19.41955173980177,-5.063304445830621
12510.17731515181,7839.9251846220495,19.5769649500363,-4.768579445830619
12510.17731515181,8045.445312604644,19.6237304773051,-3.9120002791639528
12510.17731515181,8250.965440587239,19.75456270737286,-5.83586694583062
12510.17731515181,8456.485568569833,19.88074746978828,-3.005500279163954
12510.17731515181,8662.005696552429,19.85672326433757,-3.1099169458306206
12510.17731515181,8867.525824535023,20.07827882992046,-7.5557812315449056
12510.17731515181,9073.045952517617,20.097001597920265,2.3899080541693793
12510.17731515181,9278.566080500212,20.261958733280867,-3.180120791984466
12510.17731515181,9484.086208482806,20.38575656183601,-3.83876694583062
12510.17731515181,9689.606336465402,20.561419509888356,-5.65246694583062
12510.17731515181,9895.126464447996,20.662729878942706,-4.21156694583062
12623.820600757195,749.4807692225354,20.380336569085774,2.7680530541693797
12623.820600757195,2188.1216651006976,19.592072140732977,-7.619166945830621
12623.820600757195,2393.641793083292,19.56517287327489,12.346003054169381
12623.820600757195,2599.161921065887,19.431665761309656,0.47090305416937966
12623.820600757195,4037.8028169440486,19.077789325791812,0.28498305416937897
12623.820600757195,4243.322944926644,19.11465250064655,-7.64554694583062
12623.820600757195,4448.843072909238,19.058534763449824,11.434416387502713
12623.820600757195,5887.4839687874,19.027428876901393,-4.386600279163954
12623.820600757195,6093.004096769995,19.2238896158983,-1.8825669458306205
12623.820600757195,6298.524224752589,19.232686335528776,-5.54326694583062
12623.820600757195,6504.0443527351845,19.271091014978012,-5.09936694583062
12623.820600757195,7737.1651206307515,19.678940265724894,-5.6989419458306205
12623.820600757195,7942.685248613346,19.76180571756439,-4.0874336124972865
12623.820600757195,8148.205376595942,19.80534654246261,-1.6658669458306203
12623.820600757195,8353.725504578537,19.93709755842362,-5.02282694583062
12623.820600757195,8559.245632561131,20.055899053857736,-4.153009802973477
12623.820600757195,8764.765760543725,20.075840934615087,-5.16525444583062
12623.820600757195,8970.28588852632,20.13618966740836,-6.77206694583062
12623.820600757195,9175.806016508915,20.29750919449995,-7.042181231544906
12623.820600757195,9381.32614449151,20.391831386462016,-4.84408694583062
12623.820600757195,9586.846272474104,20.564120920587502,-4.49110694583062
12623.820600757195,9792.366400456698,20.78000402674175,6.25893305416938
12623.820600757195,9997.886528439294,20.84098603459016,-1.7986336124972864
12737.463886362579,441.20057724864347,20.663784735544258,15.774213054169376
12737.463886362579,646.7207052312381,20.616162628218536,3.2808330541693795
12737.463886362579,2290.8817290919947,19.838385571346326,-6.7995419458306205
12737.463886362579,2496.4018570745893,19.695381457374562,-2.9657169458306205
12737.463886362579,4140.562880935347,19.33097394932885,2.976549720836046
12737.463886362579,4346.083008917941,19.24438944456938,-2.6254169458306205
12737.463886362579,4551.603136900535,19.231241656698927,-4.731633612497287
12737.463886362579,5990.244032778698,19.38549382629725,-5.08186694583062
12737.463886362579,6195.764160761292,19.3815608739903,-4.584000279163954
12737.463886362579,6401.2842887438865,19.38400117172634,-4.048666945830621
12737.463886362579,7839.9251846220495,19.8421221601983,-5.822016945830621
12737.463886362579,8045.445312604644,19.92580870478589,-4.162786945830621
12737.463886362579,8250.965440587239,20.043687933378344,-5.074606945830619
12737.463886362579,8456.485568569833,20.078059362059044,-2.6988383744020488
12737.463886362579,8662.005696552429,20.159375176130627,-3.0974812315449056
12737.463886362579,9689.606336465402,20.757746289404288,3.3835176695539935
12737.463886362579,9895.126464447996,20.90249703709626,-2.277411390275065
12851.107171967964,543.9606412399407,20.809830841773838,7.7328330541693795
12851.107171967964,2188.1216651006976,20.043761613552103,-4.128333612497287
12851.107171967964,2393.641793083292,19.920983486854354,-3.1078207919844663
12851.107171967964,2599.161921065887,19.84944727961198,-7.111566945830621
12851.107171967964,4243.322944926644,19.462152010881326,-2.2607169458306204
12851.107171967964,4448.843072909238,19.454971363802805,-3.4707294458306204
12851.107171967964,6093.004096769995,19.54502851627139,-5.326881231544905
12851.107171967964,6298.524224752589,19.596854382214957,-4.858078056941732
12851.107171967964,7942.685248613346,20.03344945932223,-4.765052660116334
12851.107171967964,8148.205376595942,20.149905474576062,-5.1805502791639535
12851.107171967964,8353.725504578537,20.283579877143968,-5.296800279163954
12851.107171967964,8559.245632561131,20.199635420611877,-6.8300669458306205
12851.107171967964,9792.366400456698,21.010375819364477,-3.138152660116335
12851.107171967964,9997.886528439294,21.10560227404515,-2.0541113902750645
12964.750457573347,441.20057724864347,20.99386924142618,13.26257305416938
12964.750457573347,646.7207052312381,20.92604119312067,-0.7040669458306208
12964.750457573347,2085.3616011094,20.283658491095444,-7.1585669458306205
12964.750457573347,2290.8817290919947,20.143223254144058,-6.0720419458306205
12964.750457573347,2496.4018570745893,20.02327850155645,-5.00576694583062
12964.750457573347,4140.562880935347,19.594438022767697,1.0590830541693796
12964.750457573347,4346.083008917941,19.568190564819712,0.6810488436430642
12964.750457573347,4551.603136900535,19.61438181879743,-6.88136694583062
12964.750457573347,5990.244032778698,19.65139720303618,-4.4409669458306205
12964.750457573347,6195.764160761292,19.736522928127577,-1.8349469458306202
12964.750457573347,6401.2842887438865,19.677196768402183,-0.9048419458306203
12964.750457573347,8045.445312604644,20.265862266576278,-2.7617544458306202
12964.750457573347,8250.965440587239,20.40827935703669,-5.56656694583062
12964.750457573347,8456.485568569833,20.435631170701303,-5.83906694583062
12964.750457573347,9689.606336465402,20.970837751551716,-7.39171694583062
12964.750457573347,9895.126464447996,21.125511502315508,0.29931305416938014
13078.393743178733,338.44051325734614,21.212308015293008,-4.90986694583062
13078.393743178733,543.9606412399407,21.00521280338125,18.54147749861382
13078.393743178733,749.4807692225354,20.963913206316064,-2.7459169458306203
13078.393743178733,1982.601537118103,20.531593934638128,18.102933054169377
13078.393743178733,2188.1216651006976,20.33665391825166,-4.22051694583062
13078.393743178733,2393.641793083292,20.086619790899974,-4.76016694583062
13078.393743178733,4037.8028169440486,19.837718501033628,-2.8072098029734773
13078.393743178733,4243.322944926644,19.803333068482548,-3.6955336124972873
13078.393743178733,4448.843072909238,19.763333458484432,-4.81698694583062
13078.393743178733,5887.4839687874,19.846956438452658,-6.403833612497287
13078.393743178733,6093.004096769995,19.827619325435222,-2.06332694583062
13078.393743178733,6298.524224752589,19.902314027108748,-4.928883612497287
13078.393743178733,7942.685248613346,20.358029984893065,-1.67064194583062
13078.393743178733,8148.205376595942,20.430818844175647,2.7260663875027125
13078.393743178733,8353.725504578537,20.580483870037135,-3.7263669458306197
13078.393743178733,9792.366400456698,21.240272258207845,1.1254330541693802
13078.393743178733,9997.886528439294,21.3074690752333,-5.9521336124972875
13192.037028784116,441.20057724864347,21.276200733158902,20.604647339883662
13192.037028784116,646.7207052312381,21.09679969017356,-1.16006694583062
13192.037028784116,852.2408332138325,21.00538217599912,6.135649720836045
13192.037028784116,1879.8414731268058,20.666757493836315,-8.49486694583062
13192.037028784116,2085.3616011094,20.481577835156976,-2.6073336124972877
13192.037028784116,2496.4018570745893,20.394517958396722,-7.150116945830621
13192.037028784116,2701.921985057184,20.35776799660211,-5.1301336124972865
13192.037028784116,3935.0427529527515,20.063631448852885,-4.87398694583062
13192.037028784116,4140.562880935347,20.00367439628302,-4.14940694583062
13192.037028784116,4346.083008917941,19.964435440423586,-2.08551694583062
13192.037028784116,5990.244032778698,20.041304729941157,2.66648305416938
13192.037028784116,6195.764160761292,19.97555339279019,-4.63704194583062
13192.037028784116,6401.2842887438865,19.972255905020457,-5.25576694583062
13192.037028784116,8045.445312604644,20.566620296877637,1.9563130541693798
13192.037028784116,8250.965440587239,20.619285400615155,8.938024720836047
13192.037028784116,8456.485568569833,20.746982239426494,-7.03416694583062
13192.037028784116,9895.126464447996,21.44463043616129,-2.3015904752423855
13305.680314389501,338.44051325734614,21.52985780745386,16.96093305416938
13305.680314389501,543.9606412399407,21.31585810887894,20.723293054169382
13305.680314389501,749.4807692225354,21.22764643380921,45.563933054169375
13305.680314389501,955.0008972051298,21.158645996235585,26.917453054169375
13305.680314389501,1160.5210251877245,21.138497610463062,11.015233054169379
13305.680314389501,1571.5612811529138,20.9838082500086,5.20273305416938
13305.680314389501,1982.601537118103,20.72520835426628,-2.9380069458306206
13305.680314389501,2188.1216651006976,20.686775684108476,-1.7386669458306196
13305.680314389501,2393.641793083292,20.55855006481152,-0.012441945830619972
13305.680314389501,2599.161921065887,20.449565400023715,-6.276538374402049
13305.680314389501,2804.6820490484815,20.504396398380635,-8.14266694583062
13305.680314389501,3832.2826889614544,20.227769767554683,45.722733054169375
13305.680314389501,4037.8028169440486,20.11673640601679,-3.62516694583062
13305.680314389501,4243.322944926644,20.14314354715395,-5.968433612497287
13305.680314389501,4448.843072909238,20.090167321071814,-4.147412400376075
13305.680314389501,5887.4839687874,20.16650945720559,-2.1699669458306206
13305.680314389501,6093.004096769995,20.154850359615747,0.08918305416937973
13305.680314389501,6298.524224752589,20.191004606715072,1.4547130541693796
13305.680314389501,7942.685248613346,20.666689198964498,-1.60776694583062
13305.680314389501,8148.205376595942,20.739072158700104,-2.143338374402049
13305.680314389501,8353.725504578537,20.799898623057665,-5.323259253522928
13305.680314389501,9792.366400456698,21.475473783934053,0.5393663875027119
13305.680314389501,9997.886528439294,21.601497649274094,0.6470580541693791
13419.323599994885,441.20057724864347,21.489881340523528,0.9394130541693795
13419.323599994885,646.7207052312381,21.42120413525954,9.17255305416938
13419.323599994885,852.2408332138325,21.29729243964345,-0.3487780569417311
13419.323599994885,1057.7609611964272,21.221265411141196,5.428453054169379
13419.323599994885,1263.2810891790218,21.22764643380921,0.3888330541693801
13419.323599994885,1468.8012171616165,21.099985931998795,4.612673054169379
13419.323599994885,1674.3213451442111,20.970837751551716,-0.05621694583061965
13419.323599994885,1879.8414731268058,20.815578631028036,-5.018966945830621
13419.323599994885,2085.3616011094,20.826443114517172,-0.27811694583062074
13419.323599994885,2290.8817290919947,20.68017348750296,16.17493305416938
13419.323599994885,2496.4018570745893,20.639925506503022,-3.838566945830621
13419.323599994885,2701.921985057184,20.56076345295766,-2.089582330446005
13419.323599994885,2907.4421130397786,20.644336797839184,-7.59616694583062
13419.323599994885,3729.5226249701573,20.430352623214144,-3.0564669458306204
13419.323599994885,3935.0427529527515,20.297316726237113,-5.155022501386175
13419.323599994885,4140.562880935347,20.232284672303763,-4.452666945830621
13419.323599994885,4346.083008917941,20.228669406254312,-3.3319487640124383
13419.323599994885,4551.603136900535,20.295223361214962,-1.1362502791639537
13419.323599994885,5784.723904796103,20.241694452146767,-6.38846694583062
13419.323599994885,5990.244032778698,20.30322839427499,-3.6396812315449054
13419.323599994885,6195.764160761292,20.33911365910449,-4.23154694583062
13419.323599994885,6401.2842887438865,20.380804055900107,-5.06826694583062
13419.323599994885,7839.9251846220495,20.80792146121198,-6.33220694583062
13419.323599994885,8045.445312604644,20.89212152641447,-6.00569194583062
13419.323599994885,8250.965440587239,20.8933563605739,-0.030990022753697187
13419.323599994885,8456.485568569833,20.9838082500086,-7.87111694583062
13419.323599994885,9484.086208482806,21.446507499457784,-9.04082944583062
13419.323599994885,9895.126464447996,21.656045675615097,1.1097330541693802
13532.96688560027,338.44051325734614,21.705713336892572,13.18202055416938
13532.96688560027,543.9606412399407,21.502222413448894,-7.042666945830621
13532.96688560027,749.4807692225354,21.455576787827553,2.4044886097249343
13532.96688560027,955.0008972051298,21.27814973140376,-5.65156694583062
13532.96688560027,1160.5210251877245,21.257569194048763,-6.06109194583062
13532.96688560027,1366.0411531703191,21.151294473369273,-9.00086694583062
13532.96688560027,1571.5612811529138,21.164091336275483,-4.00131694583062
13532.96688560027,1777.0814091355082,21.06990148752821,-6.268400279163953
13532.96688560027,2188.1216651006976,20.99677874846548,-4.38391694583062
13532.96688560027,2393.641793083292,20.944721166765838,39.58743305416938
13532.96688560027,2599.161921065887,20.751700080353654,5.699394592630919
13532.96688560027,2804.6820490484815,20.728174361436288,1.9588205541693793
13532.96688560027,3010.2021770310757,20.668434493044643,-4.6608419458306205
13532.96688560027,3215.7223050136704,20.72699385713137,-6.71536694583062
13532.96688560027,3421.242432996265,20.648869502280785,-5.990933612497287
13532.96688560027,3626.7625609788597,20.521788346218557,-4.114395517259192
13532.96688560027,3832.2826889614544,20.49451144864998,53.42963305416937
13532.96688560027,4037.8028169440486,20.417391496602367,-6.38091694583062
13532.96688560027,4243.322944926644,20.399182940169958,-4.04446694583062
13532.96688560027,4448.843072909238,20.432169407060425,-4.380516945830619
13532.96688560027,4654.363200891833,20.517925889155293,-2.6152169458306203
13532.96688560027,5476.443712822211,20.517995166509383,-6.515966945830621
13532.96688560027,5681.963840804806,20.3876961375013,-3.7434169458306203
13532.96688560027,5887.4839687874,20.516104085464345,-3.517778056941731
13532.96688560027,6093.004096769995,20.572206809758338,-6.0053669458306205
13532.96688560027,6298.524224752589,20.57914376577223,0.6513330541693794
13532.96688560027,6504.0443527351845,20.493332644266737,-7.119486945830621
13532.96688560027,7737.1651206307515,20.915939986396797,1.28623305416938
13532.96688560027,7942.685248613346,20.892399551400683,-0.4420669458306197
13532.96688560027,8148.205376595942,20.957471528525232,-1.8932669458306206
13532.96688560027,8353.725504578537,21.086590250684186,-4.980633612497287
13532.96688560027,9586.846272474104,21.687771986354424,-8.87929194583062
13532.96688560027,9792.366400456698,21.760229573268933,-1.0700069458306203
13532.96688560027,9997.886528439294,21.848892226648154,-0.7319169458306205
13646.610171205653,235.6804492660488,21.82841274227104,-4.67666694583062
13646.610171205653,441.20057724864347,21.754811483571327,21.35346638750271
13646.610171205653,852.2408332138325,21.63948026127402,3.400158054169381
13646.610171205653,1057.7609611964272,21.513242269050707,5.902941387502712
13646.610171205653,1263.2810891790218,21.3846253755558,24.11103305416938
13646.610171205653,1468.8012171616165,21.30658638789658,12.31190448274081
13646.610171205653,1674.3213451442111,21.290733281872214,-4.65836694583062
13646.610171205653,2085.3616011094,21.17680235578223,-2.2878669458306202
13646.610171205653,2496.4018570745893,20.983790691221383,0.9911930541693799
13646.610171205653,2907.4421130397786,20.806633582232458,-6.65601694583062
13646.610171205653,3112.9622410223733,20.727765340948647,-4.080524088687763
13646.610171205653,3318.482369004968,20.711341864520286,-1.75986694583062
13646.610171205653,3524.0024969875626,20.690076946001028,-1.7475419458306203
13646.610171205653,3935.0427529527515,20.693589481169603,17.232633054169376
13646.610171205653,4140.562880935347,20.53674008580366,4.049713054169378
13646.610171205653,4346.083008917941,20.517902796703932,-5.7096169458306205
13646.610171205653,4551.603136900535,20.504396398380635,-3.0757336124972867
13646.610171205653,4757.12326488313,20.558699494193633,-4.44092694583062
13646.610171205653,4962.643392865724,20.688223083702944,-3.9380269458306203
13646.610171205653,5168.163520848319,20.707005474836247,-3.4405669458306196
13646.610171205653,5579.203776813509,20.53520462055721,-2.5944383744020487
13646.610171205653,5784.723904796103,20.615659149872524,-4.917622501386177
13646.610171205653,5990.244032778698,20.623534529767614,-3.8715869458306202
13646.610171205653,6195.764160761292,20.639811681716665,-4.46439194583062
13646.610171205653,6401.2842887438865,20.77336372503748,-1.8563669458306205
13646.610171205653,6606.804416726482,20.74555973282508,-1.8023369458306202
13646.610171205653,7634.405056639454,21.02688359129359,-1.7220669458306201
13646.610171205653,7839.9251846220495,21.099529102605675,-3.2041336124972872
13646.610171205653,8045.445312604644,21.156867365844747,-3.542833612497286
13646.610171205653,8250.965440587239,21.230569088797377,-4.900091945830621
13646.610171205653,8456.485568569833,21.428142930719954,-6.41456694583062
13646.610171205653,9689.606336465402,21.817810572929154,-3.5462002791639535
13646.610171205653,9895.126464447996,21.90401445598179,3.2164830541693803
13760.253456811039,338.44051325734614,21.937988841892455,24.61685613109245
13760.253456811039,543.9606412399407,21.82425247689551,9.527799720836049
13760.253456811039,749.4807692225354,21.778244938948742,20.131093054169376
13760.253456811039,955.0008972051298,21.62436050901691,9.088833054169378
13760.253456811039,1160.5210251877245,21.597783187316566,18.46684972083605
13760.253456811039,1366.0411531703191,21.49607666086876,-6.806716945830621
13760.253456811039,1571.5612811529138,21.368990730739686,-3.49326694583062
13760.253456811039,1777.0814091355082,21.37839668814339,-1.7029169458306206
13760.253456811039,2188.1216651006976,21.21903042895787,-3.3453336124972863
13760.253456811039,2393.641793083292,21.157649983122646,-6.57996694583062
13760.253456811039,2599.161921065887,21.11290388465064,-0.95716694583062
13760.253456811039,2804.6820490484815,21.04857359941778,-4.70726694583062
13760.253456811039,3010.2021770310757,20.91830245639761,-0.7278812315449061
13760.253456811039,3215.7223050136704,20.909796084244817,-4.709183612497287
13760.253456811039,3421.242432996265,20.91629531369526,-1.5574002791639534
13760.253456811039,3626.7625609788597,20.899645330383038,3.90336162559795
13760.253456811039,4037.8028169440486,20.819466679042772,8.462908054169379
13760.253456811039,4243.322944926644,20.78988668174897,0.6692830541693806
13760.253456811039,4448.843072909238,20.839678951084238,19.98723305416938
13760.253456811039,4654.363200891833,20.720331063032997,-6.195866945830621
13760.253456811039,4859.883328874427,20.687536266434712,-0.20278916805284217
13760.253456811039,5065.403456857022,20.762424048754742,-6.33936694583062
13760.253456811039,5270.9235848396165,20.693454090911498,-0.18721694583062032
13760.253456811039,5476.443712822211,20.643233975005142,-5.070366945830621
13760.253456811039,5681.963840804806,20.72699385713137,-7.029316945830621
13760.253456811039,5887.4839687874,20.823625222837045,-3.76786694583062
13760.253456811039,6093.004096769995,20.806029227472358,-4.20679194583062
13760.253456811039,6298.524224752589,20.839768049464972,-4.83776694583062
13760.253456811039,6504.0443527351845,20.707005474836247,-3.3064669458306195
13760.253456811039,6709.564480717779,20.893369025152136,-0.6579169458306202
13760.253456811039,6915.084608700374,21.029052169045627,-0.5901919458306201
13760.253456811039,7120.604736682968,21.070016811095478,2.880366387502713
13760.253456811039,7326.124864665562,21.129966368525587,-3.0436669458306205
13760.253456811039,7531.644992648157,21.114878558080672,-2.7490002791639534
13760.253456811039,7737.1651206307515,21.16844012956363,-0.8786294458306199
13760.253456811039,7942.685248613346,21.353481938493744,-3.62106694583062
13760.253456811039,8148.205376595942,21.267507446459316,0.8421330541693799
13760.253456811039,8353.725504578537,21.393968406674418,-2.47291694583062
13760.253456811039,8559.245632561131,21.465120873007855,-1.5456669458306203
13760.253456811039,8764.765760543725,21.643773866751314,2.17255305416938
13760.253456811039,9381.32614449151,21.90716790996647,-5.462566945830621
13760.253456811039,9586.846272474104,21.987046303803783,-7.4851169458306215
13760.253456811039,9792.366400456698,21.97905209531216,0.12433305416938027
13760.253456811039,9997.886528439294,22.139633651137245,-5.918281231544905
13873.896742416422,235.6804492660488,22.13165696791507,-5.36326694583062
13873.896742416422,441.20057724864347,21.950026812190135,19.114499720836047
13873.896742416422,646.7207052312381,21.92399347963884,5.231620554169379
13873.896742416422,852.2408332138325,21.839448423932758,16.032385995345848
13873.896742416422,1057.7609611964272,21.77559575763158,5.703804482740808
13873.896742416422,1263.2810891790218,21.63337597379047,-8.41791694583062
13873.896742416422,1468.8012171616165,21.604519534332745,2.153133054169379
13873.896742416422,1674.3213451442111,21.498346073789694,-6.17846694583062
13873.896742416422,2085.3616011094,21.39915897951809,-3.169100279163954
13873.896742416422,2290.8817290919947,21.302894738635338,1.2005330541693802
13873.896742416422,2496.4018570745893,21.15125155166954,-0.5103419458306209
13873.896742416422,2701.921985057184,21.183039992934177,28.723633054169383
13873.896742416422,2907.4421130397786,21.099962867285342,-6.042100279163954
13873.896742416422,3112.9622410223733,21.096117067180927,-4.901552660116335
13873.896742416422,3318.482369004968,21.03403571245325,-4.89514694583062
13873.896742416422,3524.0024969875626,21.087223666162764,-3.59526694583062
13873.896742416422,3729.5226249701573,21.025831330150208,-4.7637169458306206
13873.896742416422,3935.0427529527515,20.91814252246794,11.377508054169377
13873.896742416422,4140.562880935347,20.8985745877649,-1.4397169458306207
13873.896742416422,4346.083008917941,20.899848797654734,-2.9357383744020487
13873.896742416422,4551.603136900535,21.016234496150798,-4.945866945830621
13873.896742416422,4757.12326488313,20.746982239426494,-7.23996694583062
13873.896742416422,4962.643392865724,20.808631549676566,-4.06376694583062
13873.896742416422,5168.163520848319,20.778820048491205,-5.27892694583062
13873.896742416422,5373.683648830914,20.782352923254553,0.30609972083604636
13873.896742416422,5579.203776813509,20.92451558467866,-1.0279169458306203
13873.896742416422,5784.723904796103,20.939497849808664,-1.8027069458306202
13873.896742416422,5990.244032778698,20.911920655645048,-5.43186694583062
13873.896742416422,6195.764160761292,20.928717337557153,-2.66528694583062
13873.896742416422,6401.2842887438865,20.977147412908035,-1.8780169458306197
13873.896742416422,6606.804416726482,21.078548269766205,-5.552000279163953
13873.896742416422,6812.324544709076,20.97725715532811,-1.14926694583062
13873.896742416422,7017.844672691671,21.084508606580957,-7.137966945830621
13873.896742416422,7223.364800674265,21.13566301928735,0.3482030541693802
13873.896742416422,7428.88492865686,21.239949034177783,-3.1802669458306196
13873.896742416422,7634.405056639454,21.185276368786724,3.5115997208360468
13873.896742416422,7839.9251846220495,21.252700157017884,1.1766663875027128
13873.896742416422,8045.445312604644,21.465223978555336,-3.8703669458306207
13873.896742416422,8250.965440587239,21.465182672084424,-4.02096694583062
13873.896742416422,8456.485568569833,21.566364257542094,-2.46076694583062
13873.896742416422,8662.005696552429,21.616098664953707,-7.221100279163953
13873.896742416422,8867.525824535023,21.761895328472377,-0.627195517259192
13873.896742416422,9278.566080500212,21.934540542763965,0.24053305416937962
13873.896742416422,9484.086208482806,22.010380004651054,-0.7446836124972865
13873.896742416422,9895.126464447996,22.14285543761154,0.27428860972493513
13987.540028021807,338.44051325734614,22.185483560645075,11.579845554169381
13987.540028021807,543.9606412399407,22.05058148550316,17.36196638750271
13987.540028021807,749.4807692225354,22.01218132431016,8.314799720836048
13987.540028021807,955.0008972051298,21.880039555660286,11.74109555416938
13987.540028021807,1160.5210251877245,21.762909339291294,28.40275805416938
13987.540028021807,1366.0411531703191,21.70893566938245,-7.85546694583062
13987.540028021807,1571.5612811529138,21.617973167842194,-8.17651694583062
13987.540028021807,1777.0814091355082,21.615284527217177,-3.32426694583062
13987.540028021807,1982.601537118103,21.52057770076669,-0.5732169458306204
13987.540028021807,2188.1216651006976,21.40310297349086,-5.171816945830621
13987.540028021807,2393.641793083292,21.46526528502625,-2.92216694583062
13987.540028021807,2599.161921065887,21.390854062968206,-2.5700336124972867
13987.540028021807,2804.6820490484815,21.388278815287944,-1.9986869458306198
13987.540028021807,3010.2021770310757,21.22955194885522,0.4683080541693796
13987.540028021807,3215.7223050136704,21.200006281154682,-3.9459502791639536
13987.540028021807,3421.242432996265,21.13998958943901,-5.675354445830621
13987.540028021807,3626.7625609788597,21.09137374683098,-4.271300279163953
13987.540028021807,3832.2826889614544,21.11921582342829,-7.56421694583062
13987.540028021807,4243.322944926644,21.099985931998795,-4.05950694583062
13987.540028021807,4448.843072909238,21.022719745379238,-2.3761669458306205
13987.540028021807,4654.363200891833,21.132099179009955,-0.16576694583061968
13987.540028021807,4859.883328874427,20.97723531535424,-2.8389836124972874
13987.540028021807,5065.403456857022,21.046005615672897,1.2809330541693795
13987.540028021807,5270.9235848396165,20.996778748465477,-3.5538669458306202
13987.540028021807,5476.443712822211,21.021847012384978,-3.26596694583062
13987.540028021807,5681.963840804806,21.033009001269523,-4.03962694583062
13987.540028021807,5887.4839687874,21.11290388465064,-9.02096694583062
13987.540028021807,6093.004096769995,21.080435042370482,-0.9999169458306199
13987.540028021807,6298.524224752589,21.00539669981166,-3.71396694583062
13987.540028021807,6504.0443527351845,21.13849761046306,-5.345600279163953
13987.540028021807,6709.564480717779,21.214935414302463,0.7957330541693803
13987.540028021807,6915.084608700374,21.15737172114863,0.3538705541693796
13987.540028021807,7120.604736682968,21.403311437793032,2.4381330541693806
13987.540028021807,7326.124864665562,21.284223090965096,-0.5272169458306203
13987.540028021807,7531.644992648157,21.39365506463893,-2.0724169458306205
13987.540028021807,7942.685248613346,21.508368166029033,-5.997966945830621
13987.540028021807,8148.205376595942,21.547825978469714,-3.4096419458306197
13987.540028021807,8353.725504578537,21.636508886881355,-5.18061694583062
13987.540028021807,8559.245632561131,21.72628680084834,-2.54261694583062
13987.540028021807,8764.765760543725,21.72531175862381,3.3917830541693794
13987.540028021807,8970.28588852632,21.823610127589312,-3.31550694583062
13987.540028021807,9175.806016508915,21.992925207436542,-4.49776694583062
13987.540028021807,9381.32614449151,22.034185308488283,2.124088609724936
13987.540028021807,9586.846272474104,22.131392384388533,-4.059933612497287
13987.540028021807,9792.366400456698,22.339247067810934,-7.34526694583062
13987.540028021807,9997.886528439294,22.33261495631689,2.136241387502713
14101.18331362719,441.20057724864347,22.306592810636143,6.380818768455093
14101.18331362719,646.7207052312381,22.171823293275523,18.04500228493861
14101.18331362719,852.2408332138325,22.00446371104532,18.335699720836047
14101.18331362719,1057.7609611964272,21.91694385025129,-4.49076694583062
14101.18331362719,1263.2810891790218,21.9110782860804,-8.95336694583062
14101.18331362719,1468.8012171616165,21.84012709967387,9.50999305416938
14101.18331362719,1674.3213451442111,21.690824050467096,17.89758305416938
14101.18331362719,1879.8414731268058,21.6847599477059,-4.95406694583062
14101.18331362719,2085.3616011094,21.660785630229952,78.64503305416939
14101.18331362719,2290.8817290919947,21.618012553811077,-1.1749169458306206
14101.18331362719,2496.4018570745893,21.54511972587593,-5.07601694583062
14101.18331362719,2701.921985057184,21.526805423769446,-5.33046694583062
14101.18331362719,2907.4421130397786,21.321173011885737,-3.360681231544906
14101.18331362719,3112.9622410223733,21.311621318125937,-3.398833612497287
14101.18331362719,3318.482369004968,21.210698407800212,-2.39726694583062
14101.18331362719,3524.0024969875626,21.273856359661266,-6.646400279163953
14101.18331362719,3729.5226249701573,21.31979984364988,-0.9533002791639541
14101.18331362719,3935.0427529527515,21.230696396023735,-2.10384194583062
14101.18331362719,4346.083008917941,21.151037267070397,-4.45636694583062
14101.18331362719,4551.603136900535,21.25761162979088,-4.5266919458306205
14101.18331362719,4757.12326488313,21.276045427337323,1.499216387502713
14101.18331362719,4962.643392865724,21.169293694886367,0.12388305416937977
14101.18331362719,5168.163520848319,21.230001337922268,-2.51788694583062
14101.18331362719,5373.683648830914,21.130286872292928,-1.2874469458306201
14101.18331362719,5579.203776813509,21.22720859257327,-2.04320444583062
14101.18331362719,5784.723904796103,21.21976410670512,-4.62988694583062
14101.18331362719,5990.244032778698,21.214776731750725,-5.2442669458306215
14101.18331362719,6195.764160761292,21.35966867504943,-5.16059194583062
14101.18331362719,6401.2842887438865,21.20832367093341,-2.3891169458306196
14101.18331362719,6606.804416726482,21.362478308950134,-2.7230669458306203
14101.18331362719,6812.324544709076,21.240272258207845,1.6612330541693794
14101.18331362719,7017.844672691671,21.396159332989473,-1.6508891680528428
14101.18331362719,7223.364800674265,21.43603236736119,-1.0130586124972867
14101.18331362719,7428.88492865686,21.47399896205326,1.4968330541693797
14101.18331362719,7634.405056639454,21.56731303560981,-2.1780002791639532
14101.18331362719,7839.9251846220495,21.580186689143382,-0.6229069458306201
14101.18331362719,8045.445312604644,21.68783218416063,-2.0568169458306196
14101.18331362719,8250.965440587239,21.8165246909858,-3.3192169458306204
14101.18331362719,8456.485568569833,21.768893071904227,0.5877330541693802
14101.18331362719,8662.005696552429,21.891291549390647,-0.9167669458306195
14101.18331362719,8867.525824535023,21.93424612157069,2.74201305416938
14101.18331362719,9073.045952517617,22.068226495931587,-2.431750279163954
14101.18331362719,9278.566080500212,22.182037767979917,-3.2430955172591918
14101.18331362719,9484.086208482806,22.188606050158825,-4.8246002791639535
14101.18331362719,9689.606336465402,22.313050694618973,-1.6090669458306202
14101.18331362719,9895.126464447996,22.380112972550886,-0.4786836124972873
14101.18331362719,10100.64659243059,22.512776764736348,-7.84896694583062
14214.826599232576,338.44051325734614,22.4164387877288,18.002061625597953
14214.826599232576,543.9606412399407,22.30449597017815,18.692295554169377
14214.826599232576,749.4807692225354,22.15864748408946,18.2183148723512
14214.826599232576,1571.5612811529138,21.897615464765014,-8.723966945830622
14214.826599232576,1777.0814091355082,21.780860537130092,-8.736466945830621
14214.826599232576,1982.601537118103,21.784425725533044,27.24726638750271
14214.826599232576,2188.1216651006976,21.737697738786217,-3.9574269458306204
14214.826599232576,2393.641793083292,21.668386749679396,-2.6442669458306205
14214.826599232576,2599.161921065887,21.612130801937194,-0.6792794458306199
14214.826599232576,2804.6820490484815,21.46526528502625,-7.06226694583062
14214.826599232576,3421.242432996265,21.340940661955475,-7.095266945830621
14214.826599232576,3626.7625609788597,21.388362588003247,-6.019086945830621
14214.826599232576,3832.2826889614544,21.407463896067977,-4.717233612497287
14214.826599232576,4037.8028169440486,21.34503718575478,-6.723766945830621
14214.826599232576,4243.322944926644,21.336841960695953,-1.9067669458306202
14214.826599232576,4448.843072909238,21.34333106717615,-2.0331469458306204
14214.826599232576,4654.363200891833,21.387362321642975,-7.35956694583062
14214.826599232576,4859.883328874427,21.29363544714303,-3.62861694583062
14214.826599232576,5065.403456857022,21.257106690739363,-3.382600279163954
14214.826599232576,5270.9235848396165,21.301142179415077,1.4037663875027135
14214.826599232576,5476.443712822211,21.32784421076854,0.2824330541693799
14214.826599232576,5681.963840804806,21.37562097933786,-5.238446945830621
14214.826599232576,5887.4839687874,21.297046194071534,-0.6381669458306201
14214.826599232576,6093.004096769995,21.365897362461844,-2.60506694583062
14214.826599232576,6298.524224752589,21.363363936640155,-0.4329669458306206
14214.826599232576,6504.0443527351845,21.46779457285654,-1.20606694583062
14214.826599232576,6709.564480717779,21.452490260972862,1.8402663875027134
14214.826599232576,6915.084608700374,21.505068424935416,-3.3505544458306202
14214.826599232576,7120.604736682968,21.558451977559308,-4.67316694583062
14214.826599232576,7326.124864665562,21.56584365972678,-3.52522694583062
14214.826599232576,7531.644992648157,21.658117537112567,-1.1875269458306204
14214.826599232576,7737.1651206307515,21.702033947049756,-1.28946694583062
14214.826599232576,7942.685248613346,21.7592554411735,1.2006530541693796
14214.826599232576,8148.205376595942,21.88262624829223,-3.9463869458306204
14214.826599232576,8353.725504578537,21.875532616874885,-5.354666945830621
14214.826599232576,8559.245632561131,22.051001085151654,-2.3757669458306196
14214.826599232576,8764.765760543725,22.086916519903916,-0.9190526601163348
14214.826599232576,8970.28588852632,22.18855571137354,0.7568455541693798
14214.826599232576,9175.806016508915,22.24869237572601,-3.32826694583062
14214.826599232576,9381.32614449151,22.305396653596414,-2.944300279163954
14214.826599232576,9586.846272474104,22.375489090640404,0.4819930541693804
14214.826599232576,9792.366400456698,22.52912235760158,-5.127500279163955
14214.826599232576,9997.886528439294,22.544446184021808,0.4008057814421066
14328.46988483796,-175.35980669914034,22.739911101085706,-5.171466945830621
14328.46988483796,441.20057724864347,22.490665366567193,34.328458054169374
14328.46988483796,646.7207052312381,22.321455757547138,10.90535805416938
14328.46988483796,1468.8012171616165,22.074154554877744,-8.041266945830621
14328.46988483796,1674.3213451442111,21.969529979049952,-8.561312400376075
14328.46988483796,1879.8414731268058,21.922731269927493,-7.299033612497287
14328.46988483796,2085.3616011094,21.852793561449953,-3.802433612497287
14328.46988483796,2290.8817290919947,21.80041030195649,-6.753733612497288
14328.46988483796,2496.4018570745893,21.761600903661694,-0.17440694583062016
14328.46988483796,3729.5226249701573,21.502112262649515,-2.950350279163953
14328.46988483796,3935.0427529527515,21.487274464195355,-4.03046694583062
14328.46988483796,4140.562880935347,21.480609013241136,-2.0791669458306203
14328.46988483796,4346.083008917941,21.469114506659874,-5.544150279163953
14328.46988483796,4551.603136900535,21.483609763679198,-3.61060444583062
14328.46988483796,4757.12326488313,21.394895297282613,-6.512566945830621
14328.46988483796,5168.163520848319,21.328399385417207,-3.3971669458306195
14328.46988483796,5373.683648830914,21.37827131931626,0.6071330541693793
14328.46988483796,5579.203776813509,21.520330825720027,3.0145330541693793
14328.46988483796,5784.723904796103,21.531492379884014,-5.627566945830621
14328.46988483796,5990.244032778698,21.520557208161037,-2.3128419458306197
14328.46988483796,6195.764160761292,21.48993090828862,-5.584816945830621
14328.46988483796,6401.2842887438865,21.599777338072617,-0.5986794458306204
14328.46988483796,6606.804416726482,21.652117857740514,1.5861330541693792
14328.46988483796,6812.324544709076,21.645524191693163,0.11869555416937994
14328.46988483796,7017.844672691671,21.585791706470378,9.471699720836048
14328.46988483796,7223.364800674265,21.72949130391666,5.202018768455093
14328.46988483796,7428.88492865686,21.726827227142323,-1.1843669458306203
14328.46988483796,7634.405056639454,21.843684707504238,0.03969972083604597
14328.46988483796,8045.445312604644,21.940231546169347,0.7217830541693795
14328.46988483796,8250.965440587239,21.988117937674293,-3.48702694583062
14328.46988483796,8456.485568569833,22.12689002377217,-3.24378694583062
14328.46988483796,8662.005696552429,22.13428662024505,2.2992580541693797
14328.46988483796,8867.525824535023,22.21794664070011,3.98469305416938
14328.46988483796,9073.045952517617,22.300034133781555,3.3364473398836654
14328.46988483796,9278.566080500212,22.40091311068889,-4.860504445830621
14328.46988483796,9484.086208482806,22.512687660987297,-5.680041945830621
14328.46988483796,9689.606336465402,22.58288144698359,-3.376224088687763
14328.46988483796,9895.126464447996,22.63025608334842,-3.20942694583062
14442.113170443343,-72.59974270784306,22.750544979653768,-5.413866945830621
14442.113170443343,338.44051325734614,22.64923119857192,6.334510831947158
14442.113170443343,543.9606412399407,22.57104021788909,23.783405781442106
14442.113170443343,1777.0814091355082,22.059683636298935,-8.20574194583062
14442.113170443343,1982.601537118103,22.07318040697794,8.129354482740808
14442.113170443343,2188.1216651006976,21.935929421485767,-8.31654194583062
14442.113170443343,2393.641793083292,21.93882942388862,-5.66484694583062
14442.113170443343,3832.2826889614544,21.597556303082992,-2.7665669458306206
14442.113170443343,4037.8028169440486,21.655885934400064,-5.43876694583062
14442.113170443343,4243.322944926644,21.55818993498048,5.584290197026524
14442.113170443343,4448.843072909238,21.612079970837577,-2.6554419458306207
14442.113170443343,5476.443712822211,21.477598096657434,-3.1501669458306205
14442.113170443343,5681.963840804806,21.660408439528812,1.7090663875027132
14442.113170443343,5887.4839687874,21.720830705708895,-3.91042694583062
14442.113170443343,6093.004096769995,21.744958141452496,-4.97606694583062
14442.113170443343,6298.524224752589,21.676822088646094,-6.138300279163953
14442.113170443343,6504.0443527351845,21.68750945762468,2.4433739632602887
14442.113170443343,6709.564480717779,21.728921470223042,-0.37436694583061936
14442.113170443343,6915.084608700374,21.669821267345576,8.569258054169378
14442.113170443343,7120.604736682968,21.71138519807743,1.4853130541693795
14442.113170443343,7326.124864665562,21.79268902795986,2.27625805416938
14442.113170443343,7531.644992648157,21.927283819709217,1.2113730541693795
14442.113170443343,7737.1651206307515,21.957847660085516,-2.199521491285166
14442.113170443343,7942.685248613346,22.04460018074936,-0.7038419458306202
14442.113170443343,8148.205376595942,22.114254680613676,1.2232330541693806
14442.113170443343,8559.245632561131,22.205563388850784,-3.0366669458306204
14442.113170443343,8764.765760543725,22.259001629704382,-4.72252694583062
14442.113170443343,8970.28588852632,22.37454857069549,-4.031283612497287
14442.113170443343,9175.806016508915,22.47028593861603,3.91153305416938
14442.113170443343,9381.32614449151,22.5607374897046,-1.9641869458306203
14442.113170443343,9586.846272474104,22.56731833363732,-9.047300279163954
14442.113170443343,9792.366400456698,22.66478359157773,-1.2622336124972868
14442.113170443343,9997.886528439294,22.784582101052113,-4.420033612497287
14555.756456048728,235.6804492660488,22.830026414557665,9.27515805416938
14555.756456048728,441.20057724864347,22.691065353364372,5.80483305416938
14555.756456048728,2085.3616011094,22.165931541212654,-0.9568669458306207
14555.756456048728,2290.8817290919947,22.07833347985609,0.08308305416937978
14555.756456048728,3729.5226249701573,21.768893071904227,-8.23836694583062
14555.756456048728,3935.0427529527515,21.76150560663378,-6.696426945830621
14555.756456048728,4140.562880935347,21.738874345179195,-5.17694194583062
14555.756456048728,4346.083008917941,21.75094187406543,6.39128305416938
14555.756456048728,5784.723904796103,21.759390707601412,-1.3827225013861755
14555.756456048728,5990.244032778698,21.804636639700565,-0.0626336124972872
14555.756456048728,6401.2842887438865,21.918899038308254,10.444333054169379
14555.756456048728,6606.804416726482,21.79566104078117,-2.5496669458306203
14555.756456048728,7634.405056639454,22.09209638220218,4.70573305416938
14555.756456048728,7839.9251846220495,22.056713200327593,3.08133305416938
14555.756456048728,8045.445312604644,22.30190796677095,-0.3030669458306203
14555.756456048728,8250.965440587239,22.31523216228167,0.16047305416937938
14555.756456048728,8456.485568569833,22.424615689364828,-1.5881669458306202
14555.756456048728,8662.005696552429,22.335488780120738,-3.3364169458306194
14555.756456048728,9278.566080500212,22.586858030757657,-4.79602694583062
14555.756456048728,9484.086208482806,22.692135160858644,-4.662311390275065
14555.756456048728,9689.606336465402,22.806635642479243,-5.98136694583062
14555.756456048728,9895.126464447996,22.871090493336176,-1.7732869458306204
14669.399741654111,338.44051325734614,22.878471583704815,22.823566387502712
14669.399741654111,543.9606412399407,22.758819102006747,11.633133054169381
14669.399741654111,1982.601537118103,22.314682880149594,3.526316387502714
14669.399741654111,2188.1216651006976,22.219937430532276,-5.145166945830621
14669.399741654111,2393.641793083292,22.200002723396892,-3.0905383744020485
14669.399741654111,3832.2826889614544,22.00065563398562,-6.54476694583062
14669.399741654111,4037.8028169440486,21.846087262301356,-5.93916694583062
14669.399741654111,4243.322944926644,21.934530853749113,-5.41799194583062
14669.399741654111,5681.963840804806,21.804636639700565,-5.61176694583062
14669.399741654111,5887.4839687874,21.966373721593907,3.5673830541693796
14669.399741654111,6093.004096769995,21.955050639332384,-6.0400419458306205
14669.399741654111,6298.524224752589,21.981194236784468,-4.529591945830621
14669.399741654111,6504.0443527351845,21.905056432920134,-7.63711694583062
14669.399741654111,7737.1651206307515,22.177356398978514,1.2294330541693803
14669.399741654111,7942.685248613346,22.380173813437693,-3.0369669458306205
14669.399741654111,8148.205376595942,22.323944935273982,-2.425933612497287
14669.399741654111,8353.725504578537,22.423262851027125,0.511523054169379
14669.399741654111,8559.245632561131,22.363480917107623,1.293183054169381
14669.399741654111,9381.32614449151,22.690609249175772,-6.07906694583062
14669.399741654111,9586.846272474104,22.83336813056359,-3.97491694583062
14669.399741654111,9792.366400456698,22.89666975695898,6.419390197026522
14669.399741654111,9997.886528439294,22.971282612182534,-4.0792002791639534
14783.043027259497,30.160321283454266,23.04096367443929,-4.72584194583062
14783.043027259497,235.6804492660488,22.984739069135745,19.81973305416938
14783.043027259497,441.20057724864347,22.903430070271664,14.957633054169381
14783.043027259497,2085.3616011094,22.398245415350246,8.66234214507847
14783.043027259497,2290.8817290919947,22.337650745714466,-4.67656694583062
14783.043027259497,2496.4018570745893,22.251131103896427,-8.065816945830619
14783.043027259497,3935.0427529527515,22.087680813096572,-3.69435694583062
14783.043027259497,4140.562880935347,22.02189886810332,-1.6741502791639535
14783.043027259497,4346.083008917941,22.01624525344253,-6.754933612497287
14783.043027259497,5784.723904796103,21.991834049605913,2.016842145078471
14783.043027259497,6195.764160761292,22.041510813659364,-2.3924669458306203
14783.043027259497,6401.2842887438865,22.01611711784261,-6.58146694583062
14783.043027259497,7839.9251846220495,22.402412879972857,0.3285080541693799
14783.043027259497,8045.445312604644,22.463276031953733,1.4750830541693802
14783.043027259497,8250.965440587239,22.50302280560842,1.5705580541693798
14783.043027259497,8456.485568569833,22.49080839358456,-7.95736694583062
14783.043027259497,9689.606336465402,22.95209263351669,-2.897750279163953
14783.043027259497,9895.126464447996,23.04246228114421,-1.582530582194257
14896.68631286488,338.44051325734614,23.116771071887854,18.698699720836043
14896.68631286488,543.9606412399407,23.046960369912274,3.70463305416938
14896.68631286488,1982.601537118103,22.539459573791888,-5.362757854921529
14896.68631286488,2188.1216651006976,22.50500128373174,-2.7547002791639534
14896.68631286488,2393.641793083292,22.466354977957916,-3.2023869458306207
14896.68631286488,3832.2826889614544,22.202656969869313,-5.382324088687763
14896.68631286488,4037.8028169440486,22.184697556217838,-2.06196694583062
14896.68631286488,4243.322944926644,22.079815835216632,-4.97081694583062
14896.68631286488,5887.4839687874,22.15951485793856,-1.2540396731033474
14896.68631286488,6093.004096769995,22.145749290431716,-6.13114194583062
14896.68631286488,6298.524224752589,22.162106519291353,-3.3548113902750654
14896.68631286488,7737.1651206307515,22.404555331373242,-2.2317869458306205
14896.68631286488,7942.685248613346,22.55261283844835,2.0977997208360466
14896.68631286488,8148.205376595942,22.586466926852022,5.058968348287027
14896.68631286488,8353.725504578537,22.534673852888893,-2.38016694583062
14896.68631286488,9792.366400456698,23.101452934914317,-3.2010669458306205
14896.68631286488,9997.886528439294,23.182826789308837,12.241633054169379
15010.329598470265,441.20057724864347,23.17888474415977,11.38274305416938
15010.329598470265,646.7207052312381,23.074336551631976,-5.17811694583062
15010.329598470265,2085.3616011094,22.56730655526463,-4.75921694583062
15010.329598470265,2290.8817290919947,22.5418303162746,-2.8242336124972867
15010.329598470265,2496.4018570745893,22.621694392557526,-4.90556694583062
15010.329598470265,3729.5226249701573,22.41355960609784,-5.649366945830621
15010.329598470265,3935.0427529527515,22.228431386669723,-1.40831694583062
15010.329598470265,4140.562880935347,22.321005925946622,-5.86406694583062
15010.329598470265,4346.083008917941,22.2568060332031,-6.0594669458306205
15010.329598470265,5784.723904796103,22.26802589071438,18.39670805416938
15010.329598470265,5990.244032778698,22.299015342842992,-3.8689919458306203
15010.329598470265,6195.764160761292,22.293432915956988,7.656908054169379
15010.329598470265,7839.9251846220495,22.62479323593978,1.4178730541693805
15010.329598470265,8045.445312604644,22.64740773183916,-2.8172269458306203
15010.329598470265,8250.965440587239,22.76649579750586,-3.0334669458306203
15010.329598470265,9689.606336465402,23.174069357886875,-6.201926945830621
15010.329598470265,9895.126464447996,23.292866384041478,0.3606742306399681
15123.972884075649,132.9203852747516,23.37563780641449,-4.4466669458306205
15123.972884075649,338.44051325734614,23.292445346949627,16.61948305416938
15123.972884075649,543.9606412399407,23.230125897551734,30.32684843878477
15123.972884075649,749.4807692225354,23.236528249373013,-6.10116694583062
15123.972884075649,1777.0814091355082,22.84590869208302,-7.9668669458306205
15123.972884075649,1982.601537118103,22.76399193724727,-3.0922214912851658
15123.972884075649,2188.1216651006976,22.707347106912067,-0.3967869458306197
15123.972884075649,2393.641793083292,22.65168894253522,-2.7942869458306197
15123.972884075649,2599.161921065887,22.70780293411678,-1.7065669458306196
15123.972884075649,3626.7625609788597,22.488026552018006,-2.11132944583062
15123.972884075649,3832.2826889614544,22.437753080165002,-2.12928694583062
15123.972884075649,4037.8028169440486,22.43739410986174,-3.0033336124972867
15123.972884075649,4243.322944926644,22.446547495075766,0.8829830541693804
15123.972884075649,4448.843072909238,22.41355960609784,-7.90116694583062
15123.972884075649,5887.4839687874,22.394757936410624,2.225183054169379
15123.972884075649,6093.004096769995,22.424615689364828,-6.86046694583062
15123.972884075649,6298.524224752589,22.428084876748947,-2.3138225013861757
15123.972884075649,7737.1651206307515,22.755655992491313,-7.48686694583062
15123.972884075649,8148.205376595942,22.817961544008217,-5.50404194583062
15123.972884075649,9792.366400456698,23.336630705399894,-1.99716694583062
15123.972884075649,9997.886528439294,23.32633469319278,-2.4645669458306205
15237.616169681034,235.6804492660488,23.428036303349792,13.12814416528049
15237.616169681034,441.20057724864347,23.401458334629634,16.102978508714838
15237.616169681034,646.7207052312381,23.32119010980253,3.5293955541693784
15237.616169681034,852.2408332138325,23.266380267366163,4.267666387502714
15237.616169681034,1057.7609611964272,23.25654786677716,1.22578305416938
15237.616169681034,1468.8012171616165,23.14571205465865,2.3390330541693807
15237.616169681034,1674.3213451442111,23.046916674578878,-7.21996694583062
15237.616169681034,1879.8414731268058,22.929232405068177,-2.4940669458306197
15237.616169681034,2085.3616011094,22.895723932014008,-2.9276419458306204
15237.616169681034,2290.8817290919947,22.839564837944526,-0.6004752791639535
15237.616169681034,3524.0024969875626,22.691714125336524,0.3209330541693798
15237.616169681034,3729.5226249701573,22.553647299912463,-1.4610294458306203
15237.616169681034,3935.0427529527515,22.53995240257848,-5.1033169458306205
15237.616169681034,4140.562880935347,22.549135745481035,4.240383054169379
15237.616169681034,4346.083008917941,22.49560304789355,-1.2334746381383126
15237.616169681034,5784.723904796103,22.5281261113429,5.115973054169379
15237.616169681034,6195.764160761292,22.590223235908706,-1.8121044458306201
15237.616169681034,7839.9251846220495,22.877043175724015,-4.62376694583062
15237.616169681034,8045.445312604644,22.87725896844454,0.9255044827408083
15237.616169681034,8250.965440587239,22.91926064554121,-3.6230669458306206
15237.616169681034,9689.606336465402,23.434716804247273,-7.050624088687763
15237.616169681034,9895.126464447996,23.470087493474576,-3.989176036739711
15351.259455286418,132.9203852747516,23.483518354682843,-4.64946694583062
15351.259455286418,338.44051325734614,23.52232885753193,14.06873305416938
15351.259455286418,543.9606412399407,23.399644877494843,21.643975911312243
15351.259455286418,749.4807692225354,23.356021144443076,6.652283054169381
15351.259455286418,955.0008972051298,23.31868037853853,0.7718455541693798
15351.259455286418,1160.5210251877245,23.243222418280116,-7.856300279163953
15351.259455286418,1366.0411531703191,23.135543262845264,-8.21716694583062
15351.259455286418,1571.5612811529138,23.186152715361345,-7.305933612497287
15351.259455286418,1777.0814091355082,23.116760000504666,-3.5781336124972865
15351.259455286418,1982.601537118103,22.981505460684108,-5.061095517259192
15351.259455286418,2188.1216651006976,22.935433616700955,-1.4966812315449067
15351.259455286418,2393.641793083292,22.90444277565225,0.09371305416937972
15351.259455286418,2599.161921065887,22.90856153428547,-3.26746694583062
15351.259455286418,2804.6820490484815,22.866904699032823,-3.48696694583062
15351.259455286418,3421.242432996265,22.74832218557423,1.0695930541693794
15351.259455286418,3626.7625609788597,22.726785391439094,-1.6257069458306208
15351.259455286418,3832.2826889614544,22.664274585656653,-5.78916694583062
15351.259455286418,4037.8028169440486,22.65408097072715,-7.30096694583062
15351.259455286418,4243.322944926644,22.646939509284348,-3.7247033094669844
15351.259455286418,4448.843072909238,22.63792271135531,-8.376566945830621
15351.259455286418,4654.363200891833,22.73629763114144,1.3679663875027128
15351.259455286418,5681.963840804806,22.643133953664908,-2.68876694583062
15351.259455286418,5887.4839687874,22.714845683822208,-3.6045002791639535
15351.259455286418,6093.004096769995,22.589167695536013,-5.23656694583062
15351.259455286418,6298.524224752589,22.718062990354422,-1.7989469458306204
15351.259455286418,7737.1651206307515,23.04357097008449,-3.0483669458306206
15351.259455286418,7942.685248613346,22.984904266960655,-1.7323336124972872
15351.259455286418,8148.205376595942,23.074027224942732,-1.18929194583062
15351.259455286418,9792.366400456698,23.54633226546282,-5.7674502791639535
15464.902740891803,235.6804492660488,23.620900909115132,15.742475911312237
15464.902740891803,441.20057724864347,23.562290827907983,17.41811876845509
15464.902740891803,646.7207052312381,23.435905189192262,8.45885805416938
15464.902740891803,852.2408332138325,23.456115881218622,6.25539305416938
15464.902740891803,1057.7609611964272,23.326140204172567,4.172618768455094
15464.902740891803,1263.2810891790218,23.346166810073775,-8.605266945830621
15464.902740891803,1468.8012171616165,23.28155666620306,4.8970330541693805
15464.902740891803,1674.3213451442111,23.18692249290763,-4.308133612497287
15464.902740891803,2085.3616011094,23.158230412030573,0.3219080541693802
15464.902740891803,2290.8817290919947,22.96091808092464,-3.78566694583062
15464.902740891803,2496.4018570745893,23.058790942587354,-2.7976169458306206
15464.902740891803,2701.921985057184,22.986551864711238,-0.3032569458306208
15464.902740891803,2907.4421130397786,23.022973588020353,0.6771330541693796
15464.902740891803,3112.9622410223733,22.981647143440426,-7.02676694583062
15464.902740891803,3318.482369004968,22.877402702507723,-6.367833612497287
15464.902740891803,3524.0024969875626,22.84579586469216,-1.1964336124972867
15464.902740891803,3729.5226249701573,22.861655697295372,-1.6335669458306201
15464.902740891803,3935.0427529527515,22.87729037606252,-6.108466945830621
15464.902740891803,4140.562880935347,22.730797309780655,-5.3375502791639535
15464.902740891803,4346.083008917941,22.774198399851734,-2.7300419458306204
15464.902740891803,4551.603136900535,22.75868226083486,-0.5646469458306204
15464.902740891803,4757.12326488313,22.84052441803257,-1.59686694583062
15464.902740891803,4962.643392865724,22.856406695557922,0.33063305416937894
15464.902740891803,5373.683648830914,22.85426651316904,9.45031305416938
15464.902740891803,5579.203776813509,22.777801243845254,1.5761473398836647
15464.902740891803,5784.723904796103,22.768692592841255,-1.8239669458306205
15464.902740891803,5990.244032778698,22.81148536600022,-4.52559194583062
15464.902740891803,6195.764160761292,22.76649579750586,0.3785330541693792
15464.902740891803,6401.2842887438865,22.90253087541443,-0.9290469458306203
15464.902740891803,7634.405056639454,23.066225425881395,-2.033422501386175
15464.902740891803,7839.9251846220495,23.09448670041235,-2.6951419458306205
15464.902740891803,8045.445312604644,23.121984873760752,-5.803500279163953
15464.902740891803,8250.965440587239,23.14062765875196,3.9012830541693795
15464.902740891803,9689.606336465402,23.532001486911973,-2.0617169458306206
15464.902740891803,9895.126464447996,23.675571261267432,-7.08374194583062
15578.546026497186,132.9203852747516,23.73241844062224,-4.219866945830621
15578.546026497186,338.44051325734614,23.705766382637172,20.014693054169378
15578.546026497186,543.9606412399407,23.57622293486099,8.252953054169378
15578.546026497186,749.4807692225354,23.61437642581228,1.5480901970265226
15578.546026497186,955.0008972051298,23.509092439886512,1.3418997208360466
15578.546026497186,1160.5210251877245,23.486440491608718,-5.03181694583062
15578.546026497186,1366.0411531703191,23.473785732638344,4.35423305416938
15578.546026497186,1571.5612811529138,23.33477085790868,-3.9624002791639534
15578.546026497186,1777.0814091355082,23.2793914927721,-0.2379812315449061
15578.546026497186,1982.601537118103,23.211425115971373,-0.9380669458306197
15578.546026497186,2188.1216651006976,23.211425115971373,-0.6387169458306206
15578.546026497186,2393.641793083292,23.137063566608283,-3.2934469458306204
15578.546026497186,2599.161921065887,23.06895973440074,-0.9837169458306203
15578.546026497186,2804.6820490484815,23.082316178603115,-2.6509469458306203
15578.546026497186,3010.2021770310757,23.043483909668513,-1.1919225013861756
15578.546026497186,3215.7223050136704,23.00212601141275,-1.4671669458306205
15578.546026497186,3421.242432996265,22.946155754631075,2.8768130541693795
15578.546026497186,3626.7625609788597,22.939823464343867,0.10170805416938045
15578.546026497186,3832.2826889614544,22.971117116780785,-3.0493169458306197
15578.546026497186,4037.8028169440486,22.981481946317743,-5.34656694583062
15578.546026497186,4243.322944926644,22.803646133557415,-4.7911669458306205
15578.546026497186,4448.843072909238,22.866904699032823,-6.98506694583062
15578.546026497186,4654.363200891833,22.87017897946618,-2.6244002791639534
15578.546026497186,4859.883328874427,22.821255532943084,-2.702100279163954
15578.546026497186,5065.403456857022,22.892304085424637,1.8215330541693795
15578.546026497186,5270.9235848396165,22.887883947124358,0.5467080541693798
15578.546026497186,5476.443712822211,22.8675382705708,-0.9848336124972871
15578.546026497186,5681.963840804806,22.87716717740686,2.20603305416938
15578.546026497186,5887.4839687874,22.93335122046542,-2.9805033094669837
15578.546026497186,6093.004096769995,22.93123029868209,-3.316200279163954
15578.546026497186,6298.524224752589,22.9401225816249,-5.94526694583062
15578.546026497186,6504.0443527351845,23.053869661116558,-7.83756694583062
15578.546026497186,7531.644992648157,23.231507622692686,2.206283054169379
15578.546026497186,7737.1651206307515,23.16184118241098,4.848733054169379
15578.546026497186,7942.685248613346,23.238928652336682,3.3717330541693795
15578.546026497186,8148.205376595942,23.32125205222095,-3.09981694583062
15578.546026497186,8353.725504578537,23.30650257631179,-7.32426694583062
15578.546026497186,9586.846272474104,23.685097655841442,-3.6908823304460046
15578.546026497186,9792.366400456698,23.786339750819863,-0.08467944583062059
15692.189312102571,-175.35980669914034,24.064354771729953,-5.41966694583062
15692.189312102571,30.160321283454266,23.939950538813182,-5.09506694583062
15692.189312102571,235.6804492660488,23.831017327776472,19.512077498613824
15692.189312102571,441.20057724864347,23.827329328060785,14.300604482740807
15692.189312102571,646.7207052312381,23.69291896776308,0.42968305416938035
15692.189312102571,852.2408332138325,23.6423199908187,-4.916516945830621
15692.189312102571,1057.7609611964272,23.6007891187723,19.52633305416938
15692.189312102571,1263.2810891790218,23.5230884620669,1.221105781442107
15692.189312102571,1468.8012171616165,23.507069018698832,4.863761625597951
15692.189312102571,1674.3213451442111,23.476120825140967,-2.60840444583062
15692.189312102571,1879.8414731268058,23.37563780641449,-1.0814669458306199
15692.189312102571,2085.3616011094,23.312008430537958,-2.507724088687763
15692.189312102571,2290.8817290919947,23.25638074564556,-4.70976694583062
15692.189312102571,2496.4018570745893,23.165953543411042,-5.82556694583062
15692.189312102571,2701.921985057184,23.22221717887731,-6.60994694583062
15692.189312102571,2907.4421130397786,23.094803442147395,-4.504716945830621
15692.189312102571,3112.9622410223733,23.114990823272095,-2.026355834719509
15692.189312102571,3318.482369004968,23.143432230396968,-4.506331231544906
15692.189312102571,3524.0024969875626,23.06405960919136,-4.12766694583062
15692.189312102571,3935.0427529527515,23.02091384981394,-5.84768694583062
15692.189312102571,4140.562880935347,23.04641367864545,-6.851333612497288
15692.189312102571,4346.083008917941,22.898398709457524,-6.01656694583062
15692.189312102571,4551.603136900535,23.011473782799452,-3.67648694583062
15692.189312102571,4757.12326488313,23.010728899016176,-3.66686694583062
15692.189312102571,4962.643392865724,22.978192299687795,1.609066387502713
15692.189312102571,5168.163520848319,23.00968538510353,-3.4435669458306206
15692.189312102571,5373.683648830914,22.934133470029426,2.109990197026523
15692.189312102571,5579.203776813509,23.084553833528602,-4.33554194583062
15692.189312102571,5784.723904796103,23.019452904041895,-2.370900279163953
15692.189312102571,6195.764160761292,23.024080550707804,-4.066281231544906
15692.189312102571,6401.2842887438865,23.089556968382368,-2.80914194583062
15692.189312102571,6606.804416726482,23.140574174344845,-1.3737169458306202
15692.189312102571,6812.324544709076,23.196299760727243,-5.026200279163954
15692.189312102571,7428.88492865686,23.26324203568427,-2.733833612497287
15692.189312102571,7634.405056639454,23.28155666620306,0.22233305416937998
15692.189312102571,7839.9251846220495,23.276567484181314,-2.65376694583062
15692.189312102571,8045.445312604644,23.380557836879543,-1.20114194583062
15692.189312102571,8250.965440587239,23.434621378940125,-1.4492669458306202
15692.189312102571,8456.485568569833,23.546510430982035,-3.66596694583062
15692.189312102571,9484.086208482806,23.79607497984807,11.094733054169378
15692.189312102571,9689.606336465402,23.813528292709154,-5.585911390275064
15692.189312102571,9895.126464447996,23.876079021960997,-3.3381669458306207
15805.832597707955,-72.59974270784306,24.00089702079114,-4.99596694583062
15805.832597707955,132.9203852747516,23.978137438244644,18.945983054169382
15805.832597707955,338.44051325734614,23.922278747246335,4.050454482740808
15805.832597707955,543.9606412399407,23.90925775793189,0.7496330541693799
15805.832597707955,749.4807692225354,23.79808748721369,-8.478766945830621
15805.832597707955,955.0008972051298,23.752553696038596,-1.035781231544906
15805.832597707955,1160.5210251877245,23.71347437910975,28.464483054169378
15805.832597707955,1366.0411531703191,23.589599721606714,13.038913054169381
15805.832597707955,1571.5612811529138,23.57430017887815,-4.8746669458306195
15805.832597707955,1777.0814091355082,23.55767619783641,-4.135900279163953
15805.832597707955,1982.601537118103,23.361010035698925,-3.18441694583062
15805.832597707955,2188.1216651006976,23.46011160770147,-3.18588694583062
15805.832597707955,2393.641793083292,23.340456236190697,-3.779509802973478
15805.832597707955,2804.6820490484815,23.318252195813887,-5.232766945830621
15805.832597707955,3010.2021770310757,23.323699768101037,-5.005691945830621
15805.832597707955,3215.7223050136704,23.196083239380823,-7.03912694583062
15805.832597707955,3421.242432996265,23.206192578108,-4.490678056941731
15805.832597707955,3626.7625609788597,23.188649510677635,1.3300080541693795
15805.832597707955,3832.2826889614544,23.206404489291042,-1.9126669458306207
15805.832597707955,4037.8028169440486,23.16996352082106,-4.963686945830621
15805.832597707955,4243.322944926644,23.158950125346944,-4.505733612497287
15805.832597707955,4448.843072909238,23.110056629867476,-6.38176694583062
15805.832597707955,4654.363200891833,23.15060396571922,-3.1847669458306207
15805.832597707955,4859.883328874427,23.022973588020353,3.133933054169379
15805.832597707955,5065.403456857022,23.061333436705716,-3.4367669458306205
15805.832597707955,5270.9235848396165,23.08105069784322,-2.2809336124972868
15805.832597707955,5476.443712822211,23.090361168530844,-2.98618694583062
15805.832597707955,5681.963840804806,23.15567205071615,-3.05731694583062
15805.832597707955,5887.4839687874,23.022973588020353,-4.80046694583062
15805.832597707955,6093.004096769995,23.115205679218494,-5.17786694583062
15805.832597707955,6298.524224752589,23.14550832298737,-0.14289421855789317
15805.832597707955,6504.0443527351845,23.186131439351005,1.7676730541693797
15805.832597707955,6709.564480717779,23.153226684843528,-4.40529194583062
15805.832597707955,6915.084608700374,23.28319895834264,-2.074733612497287
15805.832597707955,7326.124864665562,23.322632774748627,-2.9404214912851656
15805.832597707955,7531.644992648157,23.286545848224804,-4.001666945830619
15805.832597707955,7737.1651206307515,23.346166810073775,-2.6455669458306197
15805.832597707955,7942.685248613346,23.434612541233705,1.0730330541693802
15805.832597707955,8148.205376595942,23.498117287749594,7.63308305416938
15805.832597707955,8353.725504578537,23.53780506454,6.384873054169381
15805.832597707955,8559.245632561131,23.600847968981707,-5.917516945830621
15805.832597707955,8764.765760543725,23.704103349934954,-8.37036694583062
15805.832597707955,9175.806016508915,23.824174017337157,6.233493054169379
15805.832597707955,9381.32614449151,23.82291579287488,1.0737663875027135
15805.832597707955,9586.846272474104,23.823716190813148,-4.34274194583062
15805.832597707955,9792.366400456698,23.928288200063058,-1.2243515612152351
15919.47588331334,-175.35980669914034,24.091345018514343,-5.60396694583062
15919.47588331334,235.6804492660488,24.03707255892883,3.8116330541693784
15919.47588331334,441.20057724864347,23.963451699129514,3.551723054169379
15919.47588331334,646.7207052312381,23.864280844067938,16.101233054169377
15919.47588331334,852.2408332138325,23.855754465748696,-5.21086694583062
15919.47588331334,1057.7609611964272,23.755350354940198,-0.4448780569417313
15919.47588331334,1263.2810891790218,23.65668067136521,17.188383054169382
15919.47588331334,1468.8012171616165,23.729234218494042,-8.31506694583062
15919.47588331334,1674.3213451442111,23.727699258841024,-5.29326694583062
15919.47588331334,1879.8414731268058,23.62779661962575,0.10220805416938017
15919.47588331334,2085.3616011094,23.522209444914477,-4.29076694583062
15919.47588331334,2290.8817290919947,23.527165172221952,-0.4189669458306202
15919.47588331334,2701.921985057184,23.502893609775157,-0.7582669458306199
15919.47588331334,2907.4421130397786,23.365728267544633,-4.18980694583062
15919.47588331334,3112.9622410223733,23.33625075163328,-2.3168169458306203
15919.47588331334,3318.482369004968,23.33178888751934,-2.3743526601163345
15919.47588331334,3524.0024969875626,23.264063084468365,-5.29009194583062
15919.47588331334,3729.5226249701573,23.301139266632614,-3.7066669458306203
15919.47588331334,3935.0427529527515,23.221402894128886,-4.422416945830619
15919.47588331334,4140.562880935347,23.276567484181314,-7.0781669458306204
15919.47588331334,4346.083008917941,23.276253229995067,-5.287500279163954
15919.47588331334,4551.603136900535,23.12537447103188,-0.8084669458306202
15919.47588331334,4757.12326488313,23.226138906615297,-5.24956694583062
15919.47588331334,4962.643392865724,23.20097244285598,0.1915580541693802
15919.47588331334,5168.163520848319,23.266526230820656,-2.6372502791639536
15919.47588331334,5373.683648830914,23.232928044568038,-4.19976694583062
15919.47588331334,5579.203776813509,23.251590129413998,-3.1235169458306205
15919.47588331334,5784.723904796103,23.23251174802875,-3.7331669458306194
15919.47588331334,5990.244032778698,23.251590129413998,-4.135166945830621
15919.47588331334,6401.2842887438865,23.340961012271038,-4.10201694583062
15919.47588331334,6606.804416726482,23.37579153725287,1.5643330541693796
15919.47588331334,6812.324544709076,23.313861738138414,-2.6908669458306202
15919.47588331334,7017.844672691671,23.402320475430425,3.3769901970265224
15919.47588331334,7223.364800674265,23.401824988730628,-2.1479002791639537
15919.47588331334,7428.88492865686,23.41018999044804,-4.327266945830621
15919.47588331334,7634.405056639454,23.495722778667982,-0.5264383744020485
15919.47588331334,7839.9251846220495,23.506941035700745,-2.1484526601163347
15919.47588331334,8045.445312604644,23.582840282991558,1.6152901970265228
15919.47588331334,8250.965440587239,23.58124018835806,0.6424705541693798
15919.47588331334,8456.485568569833,23.694347550589157,-5.56086694583062
15919.47588331334,8662.005696552429,23.702970292867477,-1.34741694583062
15919.47588331334,8867.525824535023,23.782061999119005,3.5800616255979514
15919.47588331334,9073.045952517617,23.86487815725844,8.49653305416938
15919.47588331334,9278.566080500212,23.908258994535213,-0.1596447236083982
15919.47588331334,9484.086208482806,23.952034677186468,-1.2908780569417313
15919.47588331334,9689.606336465402,24.0117133407005,4.605038317327275
15919.47588331334,9895.126464447996,24.053967837592975,1.4409455541693794
16033.119168918724,132.9203852747516,24.10034176744247,5.540233054169379
16033.119168918724,338.44051325734614,24.03720472078898,-4.51006694583062
16033.119168918724,543.9606412399407,24.043918647461158,6.04774555416938
16033.119168918724,1366.0411531703191,23.751238016336014,-8.169366945830621
16033.119168918724,1571.5612811529138,23.781684513418597,-6.173591945830619
16033.119168918724,1777.0814091355082,23.724381025678934,-2.7129169458306204
16033.119168918724,1982.601537118103,23.639713551580414,-5.5343419458306204
16033.119168918724,2188.1216651006976,23.613685483283298,-2.9164169458306204
16033.119168918724,2393.641793083292,23.66617675011704,-4.34826694583062
16033.119168918724,2599.161921065887,23.559347850202432,-5.0216002791639545
16033.119168918724,3010.2021770310757,23.405354540360765,-5.61446694583062
16033.119168918724,3215.7223050136704,23.502983598771845,-4.76436694583062
16033.119168918724,3421.242432996265,23.432087812359484,-3.86454194583062
16033.119168918724,3626.7625609788597,23.37133690728124,-4.124455834719509
16033.119168918724,3832.2826889614544,23.331292722413032,-4.536541945830621
16033.119168918724,4037.8028169440486,23.43473410927391,-5.8460669458306205
16033.119168918724,4243.322944926644,23.37215698647007,-6.582433612497287
16033.119168918724,4448.843072909238,23.271546857500987,-4.83761694583062
16033.119168918724,4654.363200891833,23.38236109349907,-6.31336694583062
16033.119168918724,4859.883328874427,23.303086587211144,0.10626638750271351
16033.119168918724,5065.403456857022,23.329351417347436,-0.5985336124972864
16033.119168918724,5270.9235848396165,23.31041915520559,-2.8037469458306203
16033.119168918724,5476.443712822211,23.377725601419854,-5.2073669458306195
16033.119168918724,5681.963840804806,23.385369561650812,-5.98921694583062
16033.119168918724,5887.4839687874,23.340946886959557,-3.86936694583062
16033.119168918724,6093.004096769995,23.429837514455052,-1.7167669458306198
16033.119168918724,6298.524224752589,23.419922323923355,-5.72926694583062
16033.119168918724,6504.0443527351845,23.405262823263392,-3.50131694583062
16033.119168918724,7120.604736682968,23.52454496805935,-2.50215444583062
16033.119168918724,7326.124864665562,23.541674116292015,8.86123305416938
16033.119168918724,7531.644992648157,23.554491728861418,2.8707997208360467
16033.119168918724,7737.1651206307515,23.63267764078695,-4.58996694583062
16033.119168918724,7942.685248613346,23.61656356116483,6.101613054169379
16033.119168918724,8148.205376595942,23.708764816526767,7.46738305416938
16033.119168918724,8353.725504578537,23.791337875124096,-2.8766240886877634
16033.119168918724,8559.245632561131,23.78231959118737,-1.2730002791639532
16033.119168918724,8764.765760543725,23.85701269021097,-1.6457669458306199
16033.119168918724,8970.28588852632,23.87961992471086,8.397353054169379
16033.119168918724,9175.806016508915,24.000761930445982,0.47823305416937956
16033.119168918724,9381.32614449151,23.983793492513797,1.2081955541693796
16033.119168918724,9586.846272474104,24.019086748148908,-5.766900279163953
16033.119168918724,9792.366400456698,24.12626079385627,1.253878508714834
16146.762454524109,30.160321283454266,24.260297160709744,-6.40091694583062
16146.762454524109,235.6804492660488,24.232100466360027,6.08687305416938
16146.762454524109,441.20057724864347,24.153878266644217,5.009279720836046
16146.762454524109,1468.8012171616165,23.946110923816324,-8.94646694583062
16146.762454524109,1674.3213451442111,23.824050860526874,-8.28232694583062
16146.762454524109,1879.8414731268058,23.79808748721369,-8.80766694583062
16146.762454524109,2085.3616011094,23.748411350665116,-2.477509802973478
16146.762454524109,2290.8817290919947,23.718952700299987,-6.717446945830621
16146.762454524109,2496.4018570745893,23.685168907620696,-6.326566945830621
16146.762454524109,2701.921985057184,23.57057316452616,-1.2961669458306204
16146.762454524109,2907.4421130397786,23.507819913461866,-0.9977669458306204
16146.762454524109,3112.9622410223733,23.502983598771845,-6.7042669458306205
16146.762454524109,3318.482369004968,23.507789917129635,-4.9866669458306205
16146.762454524109,3524.0024969875626,23.560880918657507,-7.115666945830621
16146.762454524109,3729.5226249701573,23.49286044726232,-4.0644169458306205
16146.762454524109,3935.0427529527515,23.43464908378806,-5.45518694583062
16146.762454524109,4140.562880935347,23.53431508662778,-3.56284194583062
16146.762454524109,4346.083008917941,23.439570136499555,-5.31616694583062
16146.762454524109,4551.603136900535,23.48998677182436,-3.63166694583062
16146.762454524109,4757.12326488313,23.48674256447619,0.4287330541693802
16146.762454524109,4962.643392865724,23.45432048854934,-5.53206694583062
16146.762454524109,5168.163520848319,23.424940919636192,1.4280330541693793
16146.762454524109,5373.683648830914,23.43473410927391,-0.9472169458306201
16146.762454524109,5579.203776813509,23.37579153725287,-0.42336694583061973
16146.762454524109,5784.723904796103,23.495609141407897,-4.140841945830621
16146.762454524109,5990.244032778698,23.515700650116585,-4.154433612497287
16146.762454524109,6195.764160761292,23.456723360263858,-6.76236694583062
16146.762454524109,6401.2842887438865,23.449333042340662,0.26613305416938005
16146.762454524109,6812.324544709076,23.551346745672056,-3.83146694583062
16146.762454524109,7017.844672691671,23.61822745258867,1.85023305416938
16146.762454524109,7428.88492865686,23.62798850703158,1.8161230541693805
16146.762454524109,7634.405056639454,23.599412792807318,0.2308330541693806
16146.762454524109,7839.9251846220495,23.75425115858565,-3.95786694583062
16146.762454524109,8045.445312604644,23.782414219864734,-3.8809002791639533
16146.762454524109,8250.965440587239,23.863191751327577,4.579933054169379
16146.762454524109,8456.485568569833,23.88766760882083,2.292699720836046
16146.762454524109,8662.005696552429,23.905066281315435,2.628847339883666
16146.762454524109,8867.525824535023,23.942120339535634,-2.0295269458306207
16146.762454524109,9073.045952517617,24.002770299351454,0.9883219430582688
16146.762454524109,9278.566080500212,24.061705933712958,-4.004766945830619
16146.762454524109,9484.086208482806,24.138341243354446,1.5959330541693806
16146.762454524109,9689.606336465402,24.233724892912278,-4.94906694583062
16146.762454524109,9895.126464447996,24.209847142221232,1.9688330541693795
16260.405740129492,132.9203852747516,24.330226740840033,-1.8661869458306195
16260.405740129492,338.44051325734614,24.289384056126178,-0.3866169458306203
16260.405740129492,543.9606412399407,24.200624934571067,3.80425805416938
16260.405740129492,1366.0411531703191,24.009995961442623,-8.591539673103348
16260.405740129492,1777.0814091355082,23.92753851222459,-6.534733612497287
16260.405740129492,1982.601537118103,23.826061354030568,-5.7572669458306205
16260.405740129492,2188.1216651006976,23.847445358891704,-3.4542836124972873
16260.405740129492,2393.641793083292,23.794400112008226,-5.92301694583062
16260.405740129492,2599.161921065887,23.685168907620696,-3.99306694583062
16260.405740129492,3421.242432996265,23.637630232652167,-8.414866945830621
16260.405740129492,3626.7625609788597,23.60165454326125,-5.1361419458306194
16260.405740129492,3832.2826889614544,23.627607914894696,-3.93776694583062
16260.405740129492,4037.8028169440486,23.567053945266952,-6.311433612497287
16260.405740129492,4243.322944926644,23.59737245154409,-4.930586945830621
16260.405740129492,4448.843072909238,23.615239117179986,-1.2048002791639536
16260.405740129492,5065.403456857022,23.596208389664966,-1.8970002791639538
16260.405740129492,5270.9235848396165,23.56639569728143,-5.63918694583062
16260.405740129492,5476.443712822211,23.599265715567967,-2.959925279163954
16260.405740129492,5681.963840804806,23.63436745359102,-2.8447169458306205
16260.405740129492,5887.4839687874,23.585883452055576,-1.7968869458306198
16260.405740129492,6093.004096769995,23.637548752163028,-4.80502694583062
16260.405740129492,6298.524224752589,23.591313700171497,-0.8207002791639532
16260.405740129492,6709.564480717779,23.71354171349738,-6.14356694583062
16260.405740129492,6915.084608700374,23.71036673471521,-4.861883612497286
16260.405740129492,7120.604736682968,23.685140050025996,-3.07916694583062
16260.405740129492,7326.124864665562,23.724741452889596,-2.11578694583062
16260.405740129492,7531.644992648157,23.787374105947436,-0.996724088687763
16260.405740129492,7737.1651206307515,23.81973231870593,-0.4462336124972864
16260.405740129492,7942.685248613346,23.9000170417345,-5.759516945830621
16260.405740129492,8148.205376595942,23.949443799046524,-1.86322694583062
16260.405740129492,8353.725504578537,23.94141384561542,1.599816387502713
16260.405740129492,8559.245632561131,23.96892487265056,-1.9894169458306203
16260.405740129492,8764.765760543725,24.024744838057597,6.937666387502712
16260.405740129492,8970.28588852632,24.12479258018211,-2.8789169458306203
16260.405740129492,9175.806016508915,24.121616782067928,-2.7621419458306202
16260.405740129492,9381.32614449151,24.218870000753682,-3.929133612497287
16260.405740129492,9586.846272474104,24.251330275196782,-5.379633612497287
16260.405740129492,9792.366400456698,24.29530227576606,-3.23866694583062
16374.049025734876,235.6804492660488,24.43030306242446,10.922599720836045
16374.049025734876,441.20057724864347,24.345524898241486,4.693583054169379
16374.049025734876,1468.8012171616165,24.06124931931619,-8.874600279163953
16374.049025734876,1674.3213451442111,24.00089702079114,-7.97846694583062
16374.049025734876,1879.8414731268058,24.01361772396137,-3.041109802973477
16374.049025734876,2085.3616011094,23.923078128553193,-3.8804169458306204
16374.049025734876,2290.8817290919947,23.934526430197288,-3.5032419458306197
16374.049025734876,3524.0024969875626,23.741856804184668,-3.73836694583062
16374.049025734876,3729.5226249701573,23.73708047099237,-3.457216945830621
16374.049025734876,3935.0427529527515,23.699384168153742,-3.5228169458306198
16374.049025734876,4140.562880935347,23.683460423185636,-5.702700279163953
16374.049025734876,4346.083008917941,23.692633798148904,-0.6744487640124384
16374.049025734876,4551.603136900535,23.642407412632775,-1.8452669458306197
16374.049025734876,4962.643392865724,23.57057316452616,-5.7843669458306195
16374.049025734876,5373.683648830914,23.64135872670164,1.2623130541693797
16374.049025734876,5579.203776813509,23.663815403737797,-1.775533612497287
16374.049025734876,5784.723904796103,23.689866375453388,-4.16862944583062
16374.049025734876,5990.244032778698,23.68487976453288,-6.549816945830621
16374.049025734876,6195.764160761292,23.672507469284923,-3.101233612497287
16374.049025734876,6401.2842887438865,23.7446600139106,-5.163633612497287
16374.049025734876,6606.804416726482,23.70095722874748,-3.724000279163953
16374.049025734876,6812.324544709076,23.722980077059812,-5.37351694583062
16374.049025734876,7017.844672691671,23.77223214276941,-7.877816945830621
16374.049025734876,7223.364800674265,23.81357240052318,-0.2707502791639535
16374.049025734876,7428.88492865686,23.85833444715604,-2.59211694583062
16374.049025734876,7634.405056639454,23.826061354030568,-7.2385669458306205
16374.049025734876,7839.9251846220495,23.936870346311615,-0.2657669458306202
16374.049025734876,8045.445312604644,23.983592036148966,-3.9380891680528425
16374.049025734876,8250.965440587239,24.01000085380974,-1.0186669458306206
16374.049025734876,8456.485568569833,24.10554381509011,1.9238130541693799
16374.049025734876,8662.005696552429,24.055304754749628,3.1219330541693804
16374.049025734876,8867.525824535023,24.1654092615643,-0.6436669458306203
16374.049025734876,9073.045952517617,24.226693603891288,3.2713130541693793
16374.049025734876,9278.566080500212,24.28542368197989,-1.0579669458306202
16374.049025734876,9484.086208482806,24.349422066333183,0.12435305416937989
16374.049025734876,9689.606336465402,24.393842614933096,0.12549972083604613
16374.049025734876,9895.126464447996,24.46623066182273,0.9365080541693795
16487.69231134026,132.9203852747516,24.543155344230705,18.242499720836047
16487.69231134026,338.44051325734614,24.438131580954135,31.18545805416938
16487.69231134026,1571.5612811529138,24.183274720445553,-9.035024088687763
16487.69231134026,2188.1216651006976,24.00089702079114,-4.89256694583062
16487.69231134026,2393.641793083292,23.932373624856815,-6.71561694583062
16487.69231134026,3626.7625609788597,23.881728934677383,-8.04306694583062
16487.69231134026,3832.2826889614544,23.852035822959255,-5.47138694583062
16487.69231134026,4037.8028169440486,23.796042034427927,-3.9047069458306205
16487.69231134026,4243.322944926644,23.792061187587873,-0.09758512764880214
16487.69231134026,4448.843072909238,23.68991694699661,2.2534830541693793
16487.69231134026,5476.443712822211,23.741771077068044,-2.25736694583062
16487.69231134026,5681.963840804806,23.75121896586565,3.6319663875027133
16487.69231134026,5887.4839687874,23.791606984012883,-6.626033612497288
16487.69231134026,6093.004096769995,23.863108262459228,-4.835666945830621
16487.69231134026,6298.524224752589,23.73871068299719,-3.25666694583062
16487.69231134026,6504.0443527351845,23.788762864941397,-7.980166945830621
16487.69231134026,7326.124864665562,23.913947388646307,-2.02696694583062
16487.69231134026,7531.644992648157,24.02031313490426,0.4648187684550941
16487.69231134026,7942.685248613346,24.141526576346113,-6.00750694583062
16487.69231134026,8148.205376595942,24.13156745635694,-2.26411694583062
16487.69231134026,8353.725504578537,24.154006470482514,0.42603305416937953
16487.69231134026,8559.245632561131,24.157314823941007,1.4168705541693796
16487.69231134026,8764.765760543725,24.18071697996318,-2.1551002791639537
16487.69231134026,8970.28588852632,24.225038518082282,5.707266387502713
16487.69231134026,9175.806016508915,24.33393134080578,0.16041876845509379
16487.69231134026,9381.32614449151,24.434175097426444,-4.85031694583062
16487.69231134026,9586.846272474104,24.46482710906172,0.5148930541693805
16487.69231134026,9792.366400456698,24.495695935751463,1.15021305416938
16601.335596945646,30.160321283454266,24.629350786002874,-5.56886694583062
16601.335596945646,235.6804492660488,24.606462294246846,9.14669019702652
16601.335596945646,1468.8012171616165,24.31637556172603,-9.047126945830621
16601.335596945646,1674.3213451442111,24.198504978548563,-8.202266945830619
16601.335596945646,1879.8414731268058,24.16280477404448,-3.164148764012438
16601.335596945646,2085.3616011094,24.20130935080074,-1.111233612497287
16601.335596945646,2290.8817290919947,24.225038518082282,-6.004166945830621
16601.335596945646,3729.5226249701573,23.97961245885728,-3.4143669458306203
16601.335596945646,4140.562880935347,23.88037862501564,-2.8121802791639534
16601.335596945646,5579.203776813509,23.890747893596103,-2.66829194583062
16601.335596945646,5784.723904796103,23.859395556494768,-5.23148694583062
16601.335596945646,5990.244032778698,23.978083071956902,-4.29901694583062
16601.335596945646,6195.764160761292,23.942316280985334,-4.035786945830621
16601.335596945646,6401.2842887438865,23.927794525203645,-6.29026694583062
16601.335596945646,7428.88492865686,24.01221626902133,-3.3891419458306205
16601.335596945646,7634.405056639454,24.16295049707987,-3.1861869458306202
16601.335596945646,7839.9251846220495,24.225038518082282,-5.98256694583062
16601.335596945646,8045.445312604644,24.198321339146453,-1.87164694583062
16601.335596945646,8250.965440587239,24.23876184185906,-1.4216955172591912
16601.335596945646,8456.485568569833,24.23091495852019,8.766799720836046
16601.335596945646,9073.045952517617,24.339045761864366,-6.75596694583062
16601.335596945646,9278.566080500212,24.425527910594568,-3.4638336124972873
16601.335596945646,9484.086208482806,24.50104603013904,2.4790163875027136
16601.335596945646,9689.606336465402,24.53231015527507,-2.91124194583062
16601.335596945646,9895.126464447996,24.650187444964327,-4.24516694583062
16714.97888255103,132.9203852747516,24.711124647323995,5.599216387502714
16714.97888255103,338.44051325734614,24.654304203825344,2.6069930541693793
16714.97888255103,1571.5612811529138,24.354595476318273,-8.945886945830619
16714.97888255103,1777.0814091355082,24.334551684064493,-7.741016945830619
16714.97888255103,1982.601537118103,24.273480827624105,-2.58791694583062
16714.97888255103,2188.1216651006976,24.254352946362047,-4.425733612497287
16714.97888255103,3626.7625609788597,24.0597498611615,-6.03746694583062
16714.97888255103,3832.2826889614544,24.054956590497206,-5.34844194583062
16714.97888255103,4037.8028169440486,24.038002638396545,-4.87427694583062
16714.97888255103,5681.963840804806,24.013588570978904,1.2108930541693803
16714.97888255103,5887.4839687874,24.047158160791785,-3.7456044458306197
16714.97888255103,6093.004096769995,24.073298252605888,-5.43166694583062
16714.97888255103,6298.524224752589,24.01605213714271,-5.562266945830619
16714.97888255103,7531.644992648157,24.217603095599582,6.450783054169379
16714.97888255103,7737.1651206307515,24.251508049433504,-0.4574669458306211
16714.97888255103,7942.685248613346,24.255902605071626,5.013383054169379
16714.97888255103,8148.205376595942,24.299721756194252,-2.28247694583062
16714.97888255103,8353.725504578537,24.266156568227235,1.7101663875027129
16714.97888255103,9381.32614449151,24.597121732093694,-2.420883612497287
16714.97888255103,9586.846272474104,24.61533625137217,6.313033054169378
16714.97888255103,9792.366400456698,24.677607395945035,0.20159305416938017
16828.622168156413,235.6804492660488,24.78256665665625,32.19958305416938
16828.622168156413,441.20057724864347,24.700191720825263,1.0290330541693802
16828.622168156413,1468.8012171616165,24.499597507326175,-4.009600279163954
16828.622168156413,1879.8414731268058,24.368609543487462,-4.014795517259192
16828.622168156413,2085.3616011094,24.41694601138729,-4.79546694583062
16828.622168156413,3729.5226249701573,24.11381052966928,-2.06181694583062
16828.622168156413,3935.0427529527515,24.14511462276003,-4.29526694583062
16828.622168156413,4140.562880935347,24.095552600444265,-4.54641694583062
16828.622168156413,5579.203776813509,24.00089702079114,0.6746330541693801
16828.622168156413,5990.244032778698,24.153928202170206,12.112033054169377
16828.622168156413,7634.405056639454,24.26598766935547,1.559466387502713
16828.622168156413,7839.9251846220495,24.391077899469323,5.12683305416938
16828.622168156413,9484.086208482806,24.686348665644708,0.08627591131223689
16828.622168156413,9689.606336465402,24.745582656914728,3.8973955541693797
16942.265453761796,132.9203852747516,24.819566566239562,3.1028830541693795
16942.265453761796,338.44051325734614,24.82359786685368,-1.0862419458306205
16942.265453761796,543.9606412399407,24.844041295283045,-8.73076694583062
16942.265453761796,1777.0814091355082,24.481251288910027,0.21155805416938023
16942.265453761796,1982.601537118103,24.42558503726609,-5.30686694583062
16942.265453761796,2188.1216651006976,24.40231912522064,-3.4449669458306205
16942.265453761796,3010.2021770310757,24.233878728119773,-8.32376694583062
16942.265453761796,3626.7625609788597,24.27777425848903,-5.40289194583062
16942.265453761796,3832.2826889614544,24.255749845445695,-3.32871694583062
16942.265453761796,4037.8028169440486,24.220864557984523,-4.538011390275064
16942.265453761796,5681.963840804806,24.152881944798487,0.97290805416938
16942.265453761796,5887.4839687874,24.202912174146057,-3.03261694583062
16942.265453761796,6093.004096769995,24.213569873967522,-4.143909802973478
16942.265453761796,7737.1651206307515,24.356422804788046,0.2629330541693804
16942.265453761796,7942.685248613346,24.422705361973154,4.4529663875027135
16942.265453761796,8148.205376595942,24.46846276845128,-0.21341694583061996
16942.265453761796,9381.32614449151,24.8602993931504,-8.24696694583062
16942.265453761796,9586.846272474104,24.753872737332635,1.8550830541693797
16942.265453761796,9792.366400456698,24.852061371527448,-2.7577169458306203
17055.908739367183,235.6804492660488,24.98109415970577,10.202313054169379
17055.908739367183,441.20057724864347,24.923617733934577,19.912366387502715
17055.908739367183,1674.3213451442111,24.631253787920528,-8.22124194583062
17055.908739367183,1879.8414731268058,24.55761422278974,-3.58854194583062
17055.908739367183,2085.3616011094,24.573213494060354,-5.545600279163954
17055.908739367183,3729.5226249701573,24.346211598289386,-1.116183612497287
17055.908739367183,3935.0427529527515,24.301093910128888,-3.81326694583062
17055.908739367183,4140.562880935347,24.40835595122693,-7.02766694583062
17055.908739367183,5579.203776813509,24.356422804788046,-8.148066945830621
17055.908739367183,5784.723904796103,24.341925259781323,-0.15203361249728728
17055.908739367183,5990.244032778698,24.315792991781176,-0.713400279163953
17055.908739367183,7839.9251846220495,24.48557014404125,-7.29741694583062
17055.908739367183,8045.445312604644,24.593005220395504,-4.90521694583062
17055.908739367183,9484.086208482806,24.862878586713748,-5.980025279163954
17055.908739367183,9689.606336465402,24.953941730261963,8.634873054169379
17169.552024972567,132.9203852747516,25.035672772197227,34.25918305416938
17169.552024972567,338.44051325734614,25.015318609354104,9.996604482740809
17169.552024972567,543.9606412399407,24.976394421750637,14.77739305416938
17169.552024972567,1571.5612811529138,24.787909495197038,3.575490197026523
17169.552024972567,1777.0814091355082,24.658563720542148,-0.5110669458306205
17169.552024972567,1982.601537118103,24.654410087306474,-6.14476694583062
17169.552024972567,2188.1216651006976,24.6416135301988,-5.665316945830621
17169.552024972567,3626.7625609788597,24.412454852370068,-2.25191694583062
17169.552024972567,3832.2826889614544,24.50262943174375,-6.12206694583062
17169.552024972567,4037.8028169440486,24.410586181821948,-2.971024088687763
17169.552024972567,4243.322944926644,24.459884730262793,-6.723041945830619
17169.552024972567,5681.963840804806,24.370443476051687,-5.729333612497286
17169.552024972567,5887.4839687874,24.451355217747157,-5.30726694583062
17169.552024972567,6093.004096769995,24.402994346792866,0.27317920801553364
17169.552024972567,7737.1651206307515,24.604068484749273,1.28249305416938
17169.552024972567,7942.685248613346,24.64315708818441,1.491966387502713
17169.552024972567,8148.205376595942,24.700191720825263,-0.9755669458306198
17169.552024972567,9381.32614449151,25.013122517879466,-7.169400279163955
17169.552024972567,9586.846272474104,25.004237496850976,-2.5007113902750646
17169.552024972567,9792.366400456698,25.036999257745325,42.032266387502716
17283.19531057795,30.160321283454266,25.036999257745325,3.5183552763916017
17283.19531057795,235.6804492660488,25.036999257745325,5.997573054169381
17283.19531057795,441.20057724864347,25.02406602365131,4.34080805416938
17283.19531057795,646.7207052312381,25.036999257745325,6.415493054169379
17283.19531057795,852.2408332138325,25.03434628664913,7.824633054169378
17283.19531057795,1057.7609611964272,24.957201204653497,25.64393305416938
17283.19531057795,1263.2810891790218,24.94111524505168,-7.617633612497286
17283.19531057795,1468.8012171616165,24.849388012779315,-8.46306694583062
17283.19531057795,1674.3213451442111,24.852126679373946,2.64423305416938
17283.19531057795,1879.8414731268058,24.82356515035003,0.8555330541693795
17283.19531057795,2085.3616011094,24.720643668455157,-4.594033612497287
17283.19531057795,2290.8817290919947,24.782722338287066,-2.8674669458306203
17283.19531057795,3524.0024969875626,24.583881266842447,-2.42196694583062
17283.19531057795,3729.5226249701573,24.52801551863717,-6.047616945830621
17283.19531057795,3935.0427529527515,24.506022124174923,-4.4550669458306205
17283.19531057795,5579.203776813509,24.489780932761274,-4.01079194583062
17283.19531057795,5784.723904796103,24.47411708072241,-3.874433612497287
17283.19531057795,5990.244032778698,24.56623773344202,-1.8655669458306203
17283.19531057795,7634.405056639454,24.704175018363145,-3.2047169458306204
17283.19531057795,7839.9251846220495,24.662763187741007,-2.71786694583062
17283.19531057795,8045.445312604644,24.763543536036437,1.7226694178057438
17283.19531057795,9484.086208482806,25.018400604044455,1.6909330541693794
17283.19531057795,9689.606336465402,25.03611493404659,1.4560663875027129
17396.838596183334,132.9203852747516,25.036999257745325,12.12358305416938
17396.838596183334,338.44051325734614,25.036999257745325,10.80777055416938
17396.838596183334,543.9606412399407,25.036999257745325,12.456799720836045
17396.838596183334,749.4807692225354,25.029040344456703,-1.79681694583062
17396.838596183334,955.0008972051298,25.029028406159235,-0.31845266011633455
17396.838596183334,1160.5210251877245,25.00910127719402,2.978183054169379
17396.838596183334,1366.0411531703191,24.978102437774815,15.483933054169377
17396.838596183334,1571.5612811529138,24.989203993972456,-6.97726694583062
17396.838596183334,1777.0814091355082,24.86836351307292,-5.7900169458306205
17396.838596183334,1982.601537118103,24.819566566239562,-5.76136694583062
17396.838596183334,2188.1216651006976,24.81041197068026,-4.0370780569417315
17396.838596183334,2393.641793083292,24.800481839954696,-2.618300279163954
17396.838596183334,2599.161921065887,24.835912246349363,-7.54026694583062
17396.838596183334,3421.242432996265,24.641880436654674,-4.72781694583062
17396.838596183334,3626.7625609788597,24.58308350374525,-4.31034194583062
17396.838596183334,3832.2826889614544,24.53662822521544,-6.9683669458306206
17396.838596183334,4037.8028169440486,24.64383525853537,-5.034304445830621
17396.838596183334,4243.322944926644,24.57550056366575,-6.53202694583062
17396.838596183334,4448.843072909238,24.662763187741007,-7.58016694583062
17396.838596183334,5476.443712822211,24.654410087306474,9.33863305416938
17396.838596183334,5681.963840804806,24.55542140193995,-5.1330419458306205
17396.838596183334,6093.004096769995,24.63951301986258,-4.781191945830621
17396.838596183334,7531.644992648157,24.81139372618466,-4.50636694583062
17396.838596183334,7737.1651206307515,24.823631090706403,-4.607816945830621
17396.838596183334,7942.685248613346,24.81139372618466,4.422283054169379
17396.838596183334,8148.205376595942,24.86842844208408,4.2387663875027135
17396.838596183334,9381.32614449151,25.036999257745325,0.809547339883666
17396.838596183334,9586.846272474104,25.036999257745325,-3.6909919458306195
17396.838596183334,9792.366400456698,25.036999257745325,-5.612233612497287
17510.48188178872,30.160321283454266,25.036999257745325,-1.306433612497287
17510.48188178872,235.6804492660488,25.036999257745325,-0.2631669458306198
17510.48188178872,441.20057724864347,25.036999257745325,15.09846162559795
17510.48188178872,646.7207052312381,25.036999257745325,-0.47014694583061994
17510.48188178872,852.2408332138325,25.036999257745325,2.6976930541693798
17510.48188178872,1057.7609611964272,25.036999257745325,6.262053054169381
17510.48188178872,1263.2810891790218,25.010462582776395,-7.65496694583062
17510.48188178872,1468.8012171616165,24.989150200429588,2.8001044827408075
17510.48188178872,1674.3213451442111,24.925029285449863,-6.943566945830621
17510.48188178872,1879.8414731268058,24.939682718814847,-5.840516945830621
17510.48188178872,2290.8817290919947,24.85372649230053,-1.9357469458306202
17510.48188178872,2496.4018570745893,24.844041295283045,6.714333054169378
17510.48188178872,3318.482369004968,24.817435139797055,-5.30669194583062
17510.48188178872,3524.0024969875626,24.687730821118237,-6.179866945830621
17510.48188178872,3729.5226249701573,24.67111628817554,-7.0209669458306205
17510.48188178872,3935.0427529527515,24.772022134981064,-6.67526694583062
17510.48188178872,4140.562880935347,24.67111628817554,-5.76456694583062
17510.48188178872,5373.683648830914,24.751896866803044,-3.1695419458306198
17510.48188178872,5579.203776813509,24.720778264734744,-4.05776694583062
17510.48188178872,5784.723904796103,24.77039663049927,1.8692330541693796
17510.48188178872,6195.764160761292,24.782722338287066,-6.95731694583062
17510.48188178872,7428.88492865686,24.868421227749504,-1.3339669458306203
17510.48188178872,7634.405056639454,24.933008340889856,-0.18816694583061944
17510.48188178872,7839.9251846220495,24.868356298738348,-3.426033612497287
17510.48188178872,8045.445312604644,24.911553013906133,4.9492830541693795
17510.48188178872,9278.566080500212,25.036999257745325,-4.69651694583062
17510.48188178872,9484.086208482806,25.036999257745325,4.302833054169379
17510.48188178872,9689.606336465402,25.036999257745325,4.267608054169379
17624.125167394104,132.9203852747516,25.036999257745325,15.384183054169378
17624.125167394104,338.44051325734614,25.036999257745325,-1.3310669458306208
17624.125167394104,543.9606412399407,25.036999257745325,40.685353054169376
17624.125167394104,749.4807692225354,25.036999257745325,9.06300805416938
17624.125167394104,955.0008972051298,25.036999257745325,3.77633305416938
17624.125167394104,1160.5210251877245,25.036999257745325,-8.39966694583062
17624.125167394104,1366.0411531703191,25.036999257745325,-3.912557854921529
17624.125167394104,1982.601537118103,25.029040344456703,-4.25431694583062
17624.125167394104,2188.1216651006976,24.925029285449863,-2.8068669458306204
17624.125167394104,2393.641793083292,25.029040344456735,-4.3578669458306205
17624.125167394104,2599.161921065887,24.884643253944,-6.97036694583062
17624.125167394104,2804.6820490484815,24.936997993773392,-6.70584194583062
17624.125167394104,3010.2021770310757,24.91275064756682,-2.1497419458306206
17624.125167394104,3421.242432996265,24.850072521579918,-2.70329194583062
17624.125167394104,3626.7625609788597,24.845996796217058,-0.60019194583062
17624.125167394104,3832.2826889614544,24.838446931723436,-5.961533612497287
17624.125167394104,4037.8028169440486,24.807307306157213,-4.48711694583062
17624.125167394104,4243.322944926644,24.852170344216724,-6.1402669458306205
17624.125167394104,4448.843072909238,24.76195596015025,-0.6520669458306196
17624.125167394104,4654.363200891833,24.835912246349363,-7.4950669458306205
17624.125167394104,5065.403456857022,24.835912246349363,3.6077330541693797
17624.125167394104,5270.9235848396165,24.852170344216724,-5.55196694583062
17624.125167394104,5476.443712822211,24.746733238475933,0.008118768455093977
17624.125167394104,5681.963840804806,24.75242123525379,0.5814330541693797
17624.125167394104,5887.4839687874,24.780668053655766,-1.7954919458306202
17624.125167394104,6093.004096769995,24.725045540407265,-1.06881694583062
17624.125167394104,6298.524224752589,24.821166101353565,-3.81072694583062
17624.125167394104,7326.124864665562,24.961159270847197,0.4122080541693798
17624.125167394104,7531.644992648157,24.930334394701415,1.25703305416938
17624.125167394104,7737.1651206307515,24.97315235877763,2.3462530541693796
17624.125167394104,7942.685248613346,25.007080086233515,0.29083305416937977
17624.125167394104,8148.205376595942,25.02106750315437,-4.9676669458306195
17624.125167394104,9381.32614449151,25.036999257745325,-0.8038669458306205
17624.125167394104,9586.846272474104,25.036999257745325,3.94133305416938
17737.768452999488,30.160321283454266,25.036999257745325,11.90225805416938
17737.768452999488,235.6804492660488,25.036999257745325,11.68543305416938
17737.768452999488,441.20057724864347,25.036999257745325,4.31897055416938
17737.768452999488,646.7207052312381,25.036999257745325,17.102833054169377
17737.768452999488,852.2408332138325,25.036999257745325,-6.62441694583062
17737.768452999488,1057.7609611964272,25.036999257745325,-1.3842669458306212
17737.768452999488,1263.2810891790218,25.036999257745325,-1.4413502791639539
17737.768452999488,1468.8012171616165,25.036999257745325,-6.332126945830621
17737.768452999488,1674.3213451442111,25.036999257745325,-4.6263069458306205
17737.768452999488,1879.8414731268058,25.036999257745325,-1.4786169458306206
17737.768452999488,2085.3616011094,25.036999257745325,-2.9410169458306203
17737.768452999488,2290.8817290919947,25.036999257745325,-4.26351694583062
17737.768452999488,2496.4018570745893,25.021050093137237,-4.65216694583062
17737.768452999488,2701.921985057184,24.981203296642718,-4.440066945830621
17737.768452999488,3112.9622410223733,24.965032936759183,-4.044800279163954
17737.768452999488,3318.482369004968,24.95432339087644,-6.237900279163955
17737.768452999488,3524.0024969875626,24.927696017675057,-4.88066694583062
17737.768452999488,3729.5226249701573,24.957180063417912,-1.97166694583062
17737.768452999488,3935.0427529527515,24.965201901983235,-5.500366945830621
17737.768452999488,4346.083008917941,24.880578729477158,-0.7297169458306207
17737.768452999488,4551.603136900535,24.868211505817264,-4.5324169458306205
17737.768452999488,4757.12326488313,24.839302574983343,-4.138481231544906
17737.768452999488,4962.643392865724,24.87653584801404,-3.96116694583062
17737.768452999488,5168.163520848319,24.85210491009178,3.46140805416938
17737.768452999488,5373.683648830914,24.833028128247417,-2.635200279163954
17737.768452999488,5784.723904796103,24.904814878134264,-4.59686694583062
17737.768452999488,6195.764160761292,24.84397560860121,-0.5449169458306198
17737.768452999488,6401.2842887438865,24.9233843965263,0.25801487235119747
17737.768452999488,6606.804416726482,24.989203993972456,-4.7473669458306205
17737.768452999488,7017.844672691671,25.036999257745325,7.829733054169379
17737.768452999488,7223.364800674265,25.025060887812394,1.0211130541693798
17737.768452999488,7428.88492865686,24.96319115703301,-2.8796169458306204
17737.768452999488,7634.405056639454,24.9891831019519,0.5246330541693798
17737.768452999488,7839.9251846220495,25.03381569242988,-0.19930694583061986
17737.768452999488,8045.445312604644,25.036999257745325,1.6193830541693792
17737.768452999488,8250.965440587239,25.036999257745325,5.2533580541693805
17737.768452999488,8867.525824535023,25.036999257745325,-1.4596669458306195
17737.768452999488,9073.045952517617,25.036999257745325,-8.38221694583062
17737.768452999488,9278.566080500212,25.036999257745325,1.999761625597951
17737.768452999488,9484.086208482806,25.036999257745325,4.266147339883665
17737.768452999488,9689.606336465402,25.036999257745325,1.7164330541693797
17851.41173860487,-72.59974270784306,25.036999257745325,30.408133054169376
17851.41173860487,132.9203852747516,25.036999257745325,13.81730305416938
17851.41173860487,338.44051325734614,25.036999257745325,1.838183054169379
17851.41173860487,543.9606412399407,25.036999257745325,16.39193305416938
17851.41173860487,749.4807692225354,25.036999257745325,23.819960326896652
17851.41173860487,955.0008972051298,25.036999257745325,41.83679305416938
17851.41173860487,1160.5210251877245,25.036999257745325,-1.8135269458306205
17851.41173860487,1366.0411531703191,25.036999257745325,23.63992194305827
17851.41173860487,1571.5612811529138,25.036999257745325,-4.87852694583062
17851.41173860487,1777.0814091355082,25.036999257745325,-4.10612694583062
17851.41173860487,2188.1216651006976,25.036999257745325,-3.42790694583062
17851.41173860487,2599.161921065887,25.036999257745325,-3.776066945830621
17851.41173860487,2804.6820490484815,25.00914306123515,-4.94586694583062
17851.41173860487,3010.2021770310757,25.027050616134563,-5.73544194583062
17851.41173860487,3421.242432996265,25.036999257745325,-5.098300279163953
17851.41173860487,3626.7625609788597,24.981014271597594,-3.12476694583062
17851.41173860487,3832.2826889614544,24.957158922182327,-5.913391945830621
17851.41173860487,4037.8028169440486,25.00497457898967,-6.25516694583062
17851.41173860487,4243.322944926644,24.997204691302198,-6.72516694583062
17851.41173860487,4448.843072909238,24.957003884230613,-2.08546694583062
17851.41173860487,4654.363200891833,24.978367931480165,-2.7495336124972862
17851.41173860487,4859.883328874427,24.979002527563154,-3.3038419458306203
17851.41173860487,5065.403456857022,24.945044788791147,-1.1724002791639536
17851.41173860487,5270.9235848396165,24.930965633759172,-3.37501694583062
17851.41173860487,5681.963840804806,25.036999257745325,-0.811166945830621
17851.41173860487,5887.4839687874,24.997112666725734,-0.6283269458306201
17851.41173860487,6093.004096769995,24.953158573517456,0.15213305416938017
17851.41173860487,6504.0443527351845,24.995966156956822,-2.7751526601163343
17851.41173860487,6709.564480717779,25.036999257745325,-6.745766945830621
17851.41173860487,6915.084608700374,25.036999257745325,-5.9115919458306205
17851.41173860487,7120.604736682968,25.036999257745325,-1.3790419458306198
17851.41173860487,7326.124864665562,25.03381569242988,-1.6175269458306203
17851.41173860487,7531.644992648157,25.036999257745325,-5.94141694583062
17851.41173860487,7737.1651206307515,25.036999257745325,1.02238305416938
17851.41173860487,7942.685248613346,25.036999257745325,-3.0315669458306203
17851.41173860487,8148.205376595942,25.036999257745325,4.83878305416938
17851.41173860487,8353.725504578537,25.036999257745325,-2.6485869458306204
17851.41173860487,8559.245632561131,25.036999257745325,3.859633054169379
17851.41173860487,8764.765760543725,25.036999257745325,-1.55122694583062
17851.41173860487,8970.28588852632,25.036999257745325,-4.45494694583062
17851.41173860487,9175.806016508915,25.036999257745325,6.315399720836047
17851.41173860487,9381.32614449151,25.036999257745325,1.0972330541693793
17851.41173860487,9586.846272474104,25.036999257745325,8.850023963260288
17965.055024210258,30.160321283454266,25.036999257745325,6.8938430541693805
17965.055024210258,235.6804492660488,25.036999257745325,-0.5552669458306196
17965.055024210258,441.20057724864347,25.036999257745325,0.5257997208360461
17965.055024210258,646.7207052312381,25.036999257745325,13.182504482740809
17965.055024210258,852.2408332138325,25.036999257745325,0.24503305416937984
17965.055024210258,1057.7609611964272,25.036999257745325,-2.267800279163953
17965.055024210258,1263.2810891790218,25.036999257745325,-3.2774383744020485
17965.055024210258,1468.8012171616165,25.036999257745325,-4.714933612497287
17965.055024210258,1879.8414731268058,25.036999257745325,-2.3970669458306206
17965.055024210258,2085.3616011094,25.036999257745325,-2.54766694583062
17965.055024210258,2290.8817290919947,25.036999257745325,-2.95844194583062
17965.055024210258,2496.4018570745893,25.036999257745325,-6.334750279163953
17965.055024210258,2701.921985057184,25.036999257745325,-4.60116694583062
17965.055024210258,2907.4421130397786,25.036999257745325,-6.62771694583062
17965.055024210258,3112.9622410223733,25.036999257745325,-4.68241694583062
17965.055024210258,3318.482369004968,25.036999257745325,-2.240266945830621
17965.055024210258,3729.5226249701573,25.036999257745325,-4.59616694583062
17965.055024210258,4140.562880935347,25.036999257745325,-6.48836694583062
17965.055024210258,4346.083008917941,25.0210814311681,-4.79651694583062
17965.055024210258,4551.603136900535,25.001710857711732,-4.183452660116335
17965.055024210258,4757.12326488313,25.036999257745325,-7.66366694583062
17965.055024210258,4962.643392865724,25.023071159490236,-4.15011694583062
17965.055024210258,5168.163520848319,25.036999257745325,-2.154966945830621
17965.055024210258,5373.683648830914,25.036999257745325,1.97653305416938
17965.055024210258,5990.244032778698,25.021081431168085,-1.809733612497287
17965.055024210258,6606.804416726482,25.036999257745325,-5.78216694583062
17965.055024210258,6812.324544709076,25.036999257745325,-2.1684169458306197
17965.055024210258,7017.844672691671,25.036999257745325,-4.55546694583062
17965.055024210258,7223.364800674265,25.036999257745325,-2.8550469458306207
17965.055024210258,7428.88492865686,25.036999257745325,-3.31934194583062
17965.055024210258,7634.405056639454,25.036999257745325,-0.403224088687763
17965.055024210258,7839.9251846220495,25.036999257745325,-2.366124088687763
17965.055024210258,8045.445312604644,25.036999257745325,-2.2748669458306208
17965.055024210258,8250.965440587239,25.036999257745325,-2.63479194583062
17965.055024210258,8456.485568569833,25.036999257745325,-1.1303113902750643
17965.055024210258,8662.005696552429,25.036999257745325,6.821718768455095
17965.055024210258,8867.525824535023,25.036999257745325,11.073593054169379
17965.055024210258,9073.045952517617,25.036999257745325,1.5675730541693798
17965.055024210258,9278.566080500212,25.036999257745325,-2.4280269458306196
17965.055024210258,9484.086208482806,25.036999257745325,2.36705805416938
17965.055024210258,9689.606336465402,25.036999257745325,5.012733054169379
18078.69830981564,132.9203852747516,25.036999257745325,13.579291877698791
18078.69830981564,338.44051325734614,25.036999257745325,23.40923305416938
18078.69830981564,543.9606412399407,25.036999257745325,-7.43476694583062
18078.69830981564,1160.5210251877245,25.036999257745325,-2.62984694583062
18078.69830981564,1366.0411531703191,25.036999257745325,-7.472052660116335
18078.69830981564,1571.5612811529138,25.036999257745325,-4.987204445830621
18078.69830981564,1777.0814091355082,25.036999257745325,-7.0258002791639536
18078.69830981564,1982.601537118103,25.036999257745325,-2.8716336124972863
18078.69830981564,2188.1216651006976,25.036999257745325,-5.12876694583062
18078.69830981564,2393.641793083292,25.036999257745325,-6.85416694583062
18078.69830981564,2599.161921065887,25.036999257745325,-6.3981002791639545
18078.69830981564,2804.6820490484815,25.036999257745325,-5.87711694583062
18078.69830981564,3215.7223050136704,25.036999257745325,-2.9173669458306204
18078.69830981564,3421.242432996265,25.036999257745325,-7.19191694583062
18078.69830981564,3626.7625609788597,25.036999257745325,-5.838616945830621
18078.69830981564,3832.2826889614544,25.036999257745325,-5.200900279163954
18078.69830981564,4243.322944926644,25.036999257745325,-6.302716945830619
18078.69830981564,4448.843072909238,25.036999257745325,-5.304033612497286
18078.69830981564,4859.883328874427,25.036999257745325,-3.16882694583062
18078.69830981564,5065.403456857022,25.036999257745325,-4.518850279163954
18078.69830981564,5476.443712822211,25.036999257745325,0.3204330541693796
18078.69830981564,5681.963840804806,25.036999257745325,-2.4184669458306196
18078.69830981564,5887.4839687874,25.036999257745325,-2.40666694583062
18078.69830981564,6093.004096769995,25.036999257745325,-1.0248669458306203
18078.69830981564,6298.524224752589,25.036999257745325,-0.16106694583062087
18078.69830981564,6504.0443527351845,25.036999257745325,-4.379866945830621
18078.69830981564,6915.084608700374,25.036999257745325,-2.8137669458306203
18078.69830981564,7120.604736682968,25.036999257745325,-2.8937169458306196
18078.69830981564,7326.124864665562,25.036999257745325,-1.0959284842921586
18078.69830981564,7531.644992648157,25.036999257745325,2.6794330541693796
18078.69830981564,7737.1651206307515,25.036999257745325,4.896233054169381
18078.69830981564,7942.685248613346,25.036999257745325,-2.4239069458306206
18078.69830981564,8148.205376595942,25.036999257745325,-1.85126694583062
18078.69830981564,8353.725504578537,25.036999257745325,-0.9468469458306208
18078.69830981564,8559.245632561131,25.036999257745325,-2.0971169458306202
18078.69830981564,8764.765760543725,25.036999257745325,10.770390197026524
18078.69830981564,8970.28588852632,25.036999257745325,-2.0197469458306205
18078.69830981564,9175.806016508915,25.036999257745325,-3.902891945830621
18078.69830981564,9381.32614449151,25.036999257745325,0.3545330541693798
18078.69830981564,9586.846272474104,25.036999257745325,0.5258473398836657
18192.341595421025,-175.35980669914034,25.036999257745325,-6.476366945830621
18192.341595421025,30.160321283454266,25.036999257745325,14.233123963260288
18192.341595421025,235.6804492660488,25.036999257745325,11.431794592630919
18192.341595421025,1263.2810891790218,25.036999257745325,-1.7798002791639533
18192.341595421025,1468.8012171616165,25.036999257745325,4.6398330541693795
18192.341595421025,1674.3213451442111,25.036999257745325,-7.794166945830621
18192.341595421025,1879.8414731268058,25.036999257745325,-3.70824194583062
18192.341595421025,2085.3616011094,25.036999257745325,-0.5879869458306203
18192.341595421025,2290.8817290919947,25.036999257745325,0.8234330541693797
18192.341595421025,2496.4018570745893,25.036999257745325,-5.30786694583062
18192.341595421025,2701.921985057184,25.036999257745325,-4.43796694583062
18192.341595421025,2907.4421130397786,25.036999257745325,-1.6319669458306194
18192.341595421025,3318.482369004968,25.036999257745325,-4.373209802973477
18192.341595421025,3524.0024969875626,25.036999257745325,-6.56756694583062
18192.341595421025,3729.5226249701573,25.036999257745325,-3.76949194583062
18192.341595421025,4346.083008917941,25.036999257745325,-7.3281669458306204
18192.341595421025,4962.643392865724,25.036999257745325,-1.1536469458306204
18192.341595421025,5168.163520848319,25.036999257745325,-1.0501269458306204
18192.341595421025,5373.683648830914,25.036999257745325,-2.4272002791639533
18192.341595421025,5579.203776813509,25.036999257745325,-3.6325669458306207
18192.341595421025,5784.723904796103,25.036999257745325,-8.68256694583062
18192.341595421025,5990.244032778698,25.036999257745325,-6.796633612497286
18192.341595421025,6195.764160761292,25.036999257745325,-6.31926694583062
18192.341595421025,6401.2842887438865,25.036999257745325,-5.164126945830621
18192.341595421025,6606.804416726482,25.036999257745325,0.781047339883665
18192.341595421025,6812.324544709076,25.036999257745325,-4.562366945830621
18192.341595421025,7017.844672691671,25.036999257745325,0.5299330541693799
18192.341595421025,7223.364800674265,25.036999257745325,-1.7411919458306202
18192.341595421025,7428.88492865686,25.036999257745325,2.47771305416938
18192.341595421025,7634.405056639454,25.036999257745325,3.01873305416938
18192.341595421025,7839.9251846220495,25.036999257745325,-2.2690669458306205
18192.341595421025,8045.445312604644,25.036999257745325,-3.9509669458306207
18192.341595421025,8250.965440587239,25.036999257745325,-0.11340027916395339
18192.341595421025,8456.485568569833,25.036999257745325,-6.44841694583062
18192.341595421025,8662.005696552429,25.036999257745325,1.0525830541693795
18192.341595421025,8867.525824535023,25.036999257745325,-0.038295517259191794
18192.341595421025,9073.045952517617,25.036999257745325,-1.874533612497287
18192.341595421025,9278.566080500212,25.036999257745325,3.8687830541693806
18192.341595421025,9484.086208482806,25.036999257745325,4.151033054169379
18192.341595421025,9689.606336465402,25.036999257745325,3.017373054169379
18305.98488102641,-72.59974270784306,25.036999257745325,-4.8616669458306205
18305.98488102641,132.9203852747516,25.036999257745325,4.596154482740808
18305.98488102641,1366.0411531703191,25.036999257745325,23.383683054169378
18305.98488102641,1571.5612811529138,25.036999257745325,-6.328350279163954
18305.98488102641,1777.0814091355082,25.036999257745325,-4.99351694583062
18305.98488102641,1982.601537118103,25.036999257745325,-5.45351694583062
18305.98488102641,2188.1216651006976,25.036999257745325,-2.8128919458306205
18305.98488102641,2393.641793083292,25.036999257745325,-3.41841694583062
18305.98488102641,3215.7223050136704,25.036999257745325,-1.8238669458306198
18305.98488102641,3421.242432996265,25.036999257745325,-5.04741694583062
18305.98488102641,3832.2826889614544,25.036999257745325,-6.0625169458306205
18305.98488102641,4243.322944926644,25.036999257745325,-7.566333612497286
18305.98488102641,4448.843072909238,25.036999257745325,-0.86476694583062
18305.98488102641,4859.883328874427,25.036999257745325,-4.217700279163953
18305.98488102641,5065.403456857022,25.036999257745325,-3.2100669458306204
18305.98488102641,5270.9235848396165,25.036999257745325,-1.3133169458306204
18305.98488102641,5476.443712822211,25.036999257745325,11.771566387502714
18305.98488102641,5681.963840804806,25.036999257745325,-7.30651694583062
18305.98488102641,5887.4839687874,25.036999257745325,-6.38356694583062
18305.98488102641,6093.004096769995,25.036999257745325,-5.277941945830621
18305.98488102641,6298.524224752589,25.036999257745325,-0.7969336124972859
18305.98488102641,6504.0443527351845,25.036999257745325,-5.894733612497287
18305.98488102641,6709.564480717779,25.036999257745325,-2.22429194583062
18305.98488102641,6915.084608700374,25.036999257745325,-1.9852669458306202
18305.98488102641,7120.604736682968,25.036999257745325,1.723033054169381
18305.98488102641,7326.124864665562,25.036999257745325,-3.3187169458306203
18305.98488102641,7531.644992648157,25.036999257745325,0.45449972083604645
18305.98488102641,7737.1651206307515,25.036999257745325,-2.3480002791639536
18305.98488102641,7942.685248613346,25.036999257745325,-4.70094194583062
18305.98488102641,8148.205376595942,25.036999257745325,-0.6323919458306206
18305.98488102641,8353.725504578537,25.036999257745325,-0.983212400376075
18305.98488102641,8559.245632561131,25.036999257745325,3.963177498613824
18305.98488102641,8764.765760543725,25.036999257745325,2.5977130541693794
18305.98488102641,8970.28588852632,25.036999257745325,-0.17644194583062012
18305.98488102641,9175.806016508915,25.036999257745325,21.83205805416938
18305.98488102641,9381.32614449151,25.036999257745325,-1.3395955172591916
18305.98488102641,9586.846272474104,25.036999257745325,2.93933305416938
18419.628166631792,30.160321283454266,25.036999257745325,11.3665148723512
18419.628166631792,235.6804492660488,25.036999257745325,20.11887305416938
18419.628166631792,1468.8012171616165,25.036999257745325,-5.499233612497288
18419.628166631792,1674.3213451442111,25.036999257745325,-4.986806945830621
18419.628166631792,1879.8414731268058,25.036999257745325,-4.727316945830619
18419.628166631792,2085.3616011094,25.036999257745325,-0.4369002791639532
18419.628166631792,2290.8817290919947,25.036999257745325,-4.4092002791639535
18419.628166631792,3318.482369004968,25.036999257745325,-3.53834194583062
18419.628166631792,3524.0024969875626,25.036999257745325,-4.52411694583062
18419.628166631792,3935.0427529527515,25.036999257745325,-5.72986694583062
18419.628166631792,4140.562880935347,25.036999257745325,-5.989905407369081
18419.628166631792,5373.683648830914,25.036999257745325,-4.35626694583062
18419.628166631792,5579.203776813509,25.036999257745325,-3.33546694583062
18419.628166631792,5784.723904796103,25.036999257745325,-6.90886694583062
18419.628166631792,5990.244032778698,25.036999257745325,-1.9477669458306206
18419.628166631792,6195.764160761292,25.036999257745325,2.59740805416938
18419.628166631792,6401.2842887438865,25.036999257745325,-2.081400279163953
18419.628166631792,6606.804416726482,25.036999257745325,-3.8490955172591925
18419.628166631792,6812.324544709076,25.036999257745325,-0.3649812315449055
18419.628166631792,7017.844672691671,25.036999257745325,-1.9505869458306209
18419.628166631792,7223.364800674265,25.036999257745325,0.6804163875027132
18419.628166631792,7428.88492865686,25.036999257745325,-0.7310669458306194
18419.628166631792,7634.405056639454,25.036999257745325,-6.5042169458306205
18419.628166631792,7839.9251846220495,25.036999257745325,1.2306955541693796
18419.628166631792,8045.445312604644,25.036999257745325,-4.92196694583062
18419.628166631792,8250.965440587239,25.036999257745325,-1.3767002791639538
18419.628166631792,8456.485568569833,25.036999257745325,-0.3295969458306203
18419.628166631792,8662.005696552429,25.036999257745325,8.689083054169378
18419.628166631792,8867.525824535023,25.036999257745325,-2.126950279163954
18419.628166631792,9073.045952517617,25.036999257745325,-1.7479447236083978
18419.628166631792,9278.566080500212,25.036999257745325,-1.515274088687763
18419.628166631792,9484.086208482806,25.036999257745325,-0.5982396731033472
18419.628166631792,9689.606336465402,25.036999257745325,-1.5289002791639537
18533.27145223718,-72.59974270784306,25.036999257745325,13.40363305416938
18533.27145223718,132.9203852747516,25.036999257745325,-0.11666694583061954
18533.27145223718,1571.5612811529138,25.036999257745325,1.9580930541693795
18533.27145223718,1777.0814091355082,25.036999257745325,-3.7819669458306207
18533.27145223718,2188.1216651006976,25.036999257745325,-4.28606694583062
18533.27145223718,3421.242432996265,25.036999257745325,67.58733305416939
18533.27145223718,3626.7625609788597,25.036999257745325,15.09463305416938
18533.27145223718,3832.2826889614544,25.036999257745325,-4.406600279163954
18533.27145223718,4037.8028169440486,25.036999257745325,-4.50696694583062
18533.27145223718,5681.963840804806,25.036999257745325,-3.9585169458306204
18533.27145223718,5887.4839687874,25.036999257745325,-5.24556694583062
18533.27145223718,6093.004096769995,25.036999257745325,-1.76113694583062
18533.27145223718,6298.524224752589,25.036999257745325,-4.151750279163953
18533.27145223718,6504.0443527351845,25.036999257745325,2.8916997208360473
18533.27145223718,6915.084608700374,25.036999257745325,1.06723305416938
18533.27145223718,7120.604736682968,25.036999257745325,-4.01251694583062
18533.27145223718,7326.124864665562,25.036999257745325,-3.5388269458306203
18533.27145223718,7737.1651206307515,25.036999257745325,-1.8956669458306203
18533.27145223718,8148.205376595942,25.036999257745325,0.22865305416938
18533.27145223718,8353.725504578537,25.036999257745325,6.00353305416938
18533.27145223718,8559.245632561131,25.036999257745325,-2.52896694583062
18533.27145223718,8764.765760543725,25.036999257745325,1.923566387502713
18533.27145223718,9175.806016508915,25.036999257745325,-0.35920694583061985
18533.27145223718,9381.32614449151,25.036999257745325,1.8540616255979516
18533.27145223718,9586.846272474104,25.036999257745325,22.705883054169384
18646.914737842562,30.160321283454266,25.036999257745325,1.0863616255979505
18646.914737842562,235.6804492660488,25.036999257745325,-5.28876694583062
18646.914737842562,1468.8012171616165,25.036999257745325,-6.7481169458306205
18646.914737842562,1674.3213451442111,25.036999257745325,1.83933305416938
18646.914737842562,1879.8414731268058,25.036999257745325,-2.3504955172591915
18646.914737842562,2085.3616011094,25.036999257745325,8.914658054169381
18646.914737842562,3524.0024969875626,25.036999257745325,-6.468500279163954
18646.914737842562,3729.5226249701573,25.036999257745325,-8.24126694583062
18646.914737842562,3935.0427529527515,25.036999257745325,-1.819566945830621
18646.914737842562,5579.203776813509,25.036999257745325,-6.402766945830621
18646.914737842562,5784.723904796103,25.036999257745325,-2.5648002791639537
18646.914737842562,5990.244032778698,25.036999257745325,-0.16692694583062034
18646.914737842562,6195.764160761292,25.036999257745325,-3.20501694583062
18646.914737842562,7223.364800674265,25.036999257745325,-5.90231694583062
18646.914737842562,7428.88492865686,25.036999257745325,5.862149720836047
18646.914737842562,7634.405056639454,25.036999257745325,1.0408663875027127
18646.914737842562,7839.9251846220495,25.036999257745325,-0.3509002791639529
18646.914737842562,8045.445312604644,25.036999257745325,-2.5140869458306194
18646.914737842562,8250.965440587239,25.036999257745325,2.7531330541693793
18646.914737842562,9278.566080500212,25.036999257745325,0.07127305416937943
18646.914737842562,9484.086208482806,25.036999257745325,1.3279580541693803
18646.914737842562,9689.606336465402,25.036999257745325,-3.40086694583062
18760.558023447946,-72.59974270784306,25.036999257745325,8.700233054169379
18760.558023447946,132.9203852747516,25.036999257745325,-7.116746945830622
18760.558023447946,1366.0411531703191,25.036999257745325,-8.379766945830621
18760.558023447946,1571.5612811529138,25.036999257745325,-8.382333612497288
18760.558023447946,1982.601537118103,25.036999257745325,-0.03970027916395343
18760.558023447946,3626.7625609788597,25.036999257745325,-5.73526694583062
18760.558023447946,3832.2826889614544,25.036999257745325,-7.16486694583062
18760.558023447946,4037.8028169440486,25.036999257745325,-3.9782419458306206
18760.558023447946,5476.443712822211,25.036999257745325,-3.35724194583062
18760.558023447946,5681.963840804806,25.036999257745325,2.03823305416938
18760.558023447946,5887.4839687874,25.036999257745325,0.7920080541693797
18760.558023447946,6093.004096769995,25.036999257745325,-6.50056694583062
18760.558023447946,7326.124864665562,25.036999257745325,0.06443305416937999
18760.558023447946,7531.644992648157,25.036999257745325,0.979099720836046
18760.558023447946,7737.1651206307515,25.036999257745325,-3.03032694583062
18760.558023447946,7942.685248613346,25.036999257745325,-5.048500279163954
18760.558023447946,8148.205376595942,25.036999257745325,3.87533305416938
18760.558023447946,9381.32614449151,25.036999257745325,11.468266387502714
18760.558023447946,9586.846272474104,25.036999257745325,-6.4325669458306205
18874.20130905333,-175.35980669914034,25.036999257745325,-1.3690669458306202
18874.20130905333,30.160321283454266,25.036999257745325,4.82133305416938
18874.20130905333,1468.8012171616165,25.036999257745325,2.4338759113122372
18874.20130905333,1674.3213451442111,25.036999257745325,-1.2276869458306199
18874.20130905333,1879.8414731268058,25.036999257745325,-6.57466694583062
18874.20130905333,3524.0024969875626,25.036999257745325,-6.61431694583062
18874.20130905333,3729.5226249701573,25.036999257745325,-5.249100279163954
18874.20130905333,3935.0427529527515,25.036999257745325,-4.08845444583062
18874.20130905333,5579.203776813509,25.036999257745325,0.6689330541693798
18874.20130905333,5784.723904796103,25.036999257745325,-4.59896694583062
18874.20130905333,5990.244032778698,25.036999257745325,0.3647330541693798
18874.20130905333,7428.88492865686,25.036999257745325,-3.1700569458306207
18874.20130905333,7634.405056639454,25.036999257745325,-2.6084919458306204
18874.20130905333,7839.9251846220495,25.036999257745325,-3.5757919458306207
18874.20130905333,8045.445312604644,25.036999257745325,-2.3965669458306196
18874.20130905333,9484.086208482806,25.036999257745325,5.34851305416938
18987.844594658716,-72.59974270784306,25.036999257745325,-0.28093361249728704
18987.844594658716,132.9203852747516,25.036999257745325,3.3680330541693793
18987.844594658716,1366.0411531703191,25.036999257745325,-6.93076694583062
18987.844594658716,1571.5612811529138,25.036999257745325,-6.17370694583062
18987.844594658716,1777.0814091355082,25.036999257745325,-3.76210694583062
18987.844594658716,1982.601537118103,25.036999257745325,-3.4793669458306202
18987.844594658716,3626.7625609788597,25.036999257745325,-2.7550336124972863
18987.844594658716,3832.2826889614544,25.036999257745325,-3.84846694583062
18987.844594658716,4037.8028169440486,25.036999257745325,-1.5883669458306198
18987.844594658716,5476.443712822211,25.036999257745325,-4.0417336124972865
18987.844594658716,5681.963840804806,25.036999257745325,-3.7772069458306206
18987.844594658716,5887.4839687874,25.036999257745325,-3.5353044458306195
18987.844594658716,6093.004096769995,25.036999257745325,-5.48106694583062
18987.844594658716,7531.644992648157,25.036999257745325,-2.52866694583062
18987.844594658716,7737.1651206307515,25.036999257745325,-0.6905419458306201
18987.844594658716,7942.685248613346,25.036999257745325,0.6958663875027131
18987.844594658716,8148.205376595942,25.036999257745325,-6.04596694583062
18987.844594658716,9381.32614449151,25.036999257745325,-0.8739002791639532
18987.844594658716,9586.846272474104,25.036999257745325,0.4256930541693798
19101.4878802641,-175.35980669914034,25.036999257745325,9.296566387502715
19101.4878802641,30.160321283454266,25.036999257745325,-5.388866945830621
19101.4878802641,235.6804492660488,25.036999257745325,19.169733054169377
19101.4878802641,1263.2810891790218,25.036999257745325,-5.560726945830621
19101.4878802641,1468.8012171616165,25.036999257745325,-7.595966945830621
19101.4878802641,1674.3213451442111,25.036999257745325,-5.85496694583062
19101.4878802641,2085.3616011094,25.036999257745325,-1.2999669458306202
19101.4878802641,3524.0024969875626,25.036999257745325,-4.566333612497287
19101.4878802641,3729.5226249701573,25.036999257745325,-5.71186694583062
19101.4878802641,3935.0427529527515,25.036999257745325,-4.745416945830621
19101.4878802641,5579.203776813509,25.036999257745325,-1.8157098029734773
19101.4878802641,5784.723904796103,25.036999257745325,-5.35921694583062
19101.4878802641,5990.244032778698,25.036999257745325,-1.5785098029734772
19101.4878802641,7428.88492865686,25.036999257745325,-1.2589669458306207
19101.4878802641,7634.405056639454,25.036999257745325,-7.10901694583062
19101.4878802641,7839.9251846220495,25.036999257745325,2.55001305416938
19101.4878802641,8045.445312604644,25.036999257745325,-1.5504002791639533
19101.4878802641,9484.086208482806,25.036999257745325,-3.69711694583062
19215.131165869483,-278.11987069043766,25.036999257745325,27.445333054169375
19215.131165869483,-72.59974270784306,25.036999257745325,-0.4497836124972867
19215.131165869483,132.9203852747516,25.036999257745325,0.43672055416937905
19215.131165869483,338.44051325734614,25.036999257745325,-7.488033612497286
19215.131165869483,1160.5210251877245,25.036999257745325,6.6960663875027135
19215.131165869483,1366.0411531703191,25.036999257745325,-7.08702694583062
19215.131165869483,1571.5612811529138,25.036999257745325,-5.73066694583062
19215.131165869483,1777.0814091355082,25.036999257745325,-1.61891694583062
19215.131165869483,1982.601537118103,25.036999257745325,-3.5952336124972866
19215.131165869483,3626.7625609788597,25.036999257745325,-4.544633612497287
19215.131165869483,3832.2826889614544,25.036999257745325,-4.19226694583062
19215.131165869483,4037.8028169440486,25.036999257745325,-2.6445002791639536
19215.131165869483,5476.443712822211,25.036999257745325,-4.604633612497287
19215.131165869483,5681.963840804806,25.036999257745325,-2.5408669458306203
19215.131165869483,5887.4839687874,25.036999257745325,7.200342145078469
19215.131165869483,7326.124864665562,25.036999257745325,-5.1158919458306205
19215.131165869483,7531.644992648157,25.036999257745325,-0.4358502791639536
19215.131165869483,7737.1651206307515,25.036999257745325,-1.3715419458306202
19215.131165869483,7942.685248613346,25.036999257745325,-4.835833612497287
19215.131165869483,9586.846272474104,25.036999257745325,2.852853054169379
19328.774451474867,-380.87993468173494,25.036999257745325,-5.38286694583062
19328.774451474867,-175.35980669914034,25.036999257745325,26.72927305416938
19328.774451474867,30.160321283454266,25.036999257745325,-0.4268669458306202
19328.774451474867,235.6804492660488,25.036999257745325,-4.85731694583062
19328.774451474867,441.20057724864347,25.036999257745325,-6.10301694583062
19328.774451474867,1057.7609611964272,25.036999257745325,-6.10316694583062
19328.774451474867,1263.2810891790218,25.036999257745325,-4.941991945830621
19328.774451474867,1468.8012171616165,25.036999257745325,9.98915805416938
19328.774451474867,1879.8414731268058,25.036999257745325,-3.2283669458306203
19328.774451474867,2085.3616011094,25.036999257745325,-6.895900279163953
19328.774451474867,2290.8817290919947,25.036999257745325,-4.597433612497286
19328.774451474867,3318.482369004968,25.036999257745325,-4.78206694583062
19328.774451474867,3524.0024969875626,25.036999257745325,-6.290566945830619
19328.774451474867,3729.5226249701573,25.036999257745325,-3.81536694583062
19328.774451474867,3935.0427529527515,25.036999257745325,-4.5371336124972865
19328.774451474867,4140.562880935347,25.036999257745325,-6.82746694583062
19328.774451474867,5373.683648830914,25.036999257745325,0.37423305416937946
19328.774451474867,5579.203776813509,25.036999257745325,-2.5618169458306204
19328.774451474867,5784.723904796103,25.036999257745325,-1.90876694583062
19328.774451474867,5990.244032778698,25.036999257745325,-2.467338374402049
19328.774451474867,7428.88492865686,25.036999257745325,-4.557704445830621
19328.774451474867,7634.405056639454,25.036999257745325,-3.1513469458306202
19328.774451474867,7839.9251846220495,25.036999257745325,3.643783054169379
19328.774451474867,8045.445312604644,25.036999257745325,-3.43418694583062
19328.774451474867,9484.086208482806,25.036999257745325,-2.22715694583062
19442.417737080254,-278.11987069043766,25.036999257745325,2.622333054169379
19442.417737080254,-72.59974270784306,25.036999257745325,28.22278305416938
19442.417737080254,132.9203852747516,25.036999257745325,-2.1773669458306206
19442.417737080254,338.44051325734614,25.036999257745325,-5.204566945830621
19442.417737080254,543.9606412399407,25.036999257745325,-4.995246945830621
19442.417737080254,749.4807692225354,25.036999257745325,7.02003305416938
19442.417737080254,955.0008972051298,25.036999257745325,-2.52859194583062
19442.417737080254,1160.5210251877245,25.036999257745325,-1.5959002791639538
19442.417737080254,1366.0411531703191,25.036999257745325,18.59416638750271
19442.417737080254,1571.5612811529138,25.036999257745325,-8.79356694583062
19442.417737080254,1777.0814091355082,25.036999257745325,-4.06492694583062
19442.417737080254,1982.601537118103,25.036999257745325,-4.113491945830621
19442.417737080254,2188.1216651006976,25.036999257745325,-1.2458669458306204
19442.417737080254,3215.7223050136704,25.036999257745325,-4.035836945830621
19442.417737080254,3421.242432996265,25.036999257745325,-4.830546945830621
19442.417737080254,3626.7625609788597,25.036999257745325,-5.2496169458306206
19442.417737080254,3832.2826889614544,25.036999257745325,-2.58126694583062
19442.417737080254,5270.9235848396165,25.036999257745325,-7.086866945830621
19442.417737080254,5476.443712822211,25.036999257745325,0.27233305416937936
19442.417737080254,5681.963840804806,25.036999257745325,-0.44640694583062057
19442.417737080254,5887.4839687874,25.036999257745325,3.8341997208360468
19442.417737080254,6093.004096769995,25.036999257745325,-0.024566945830619913
19442.417737080254,7326.124864665562,25.036999257745325,-1.8771812315449057
19442.417737080254,7531.644992648157,25.036999257745325,-2.478133612497287
19442.417737080254,7737.1651206307515,25.036999257745325,-1.7003669458306199
19442.417737080254,7942.685248613346,25.036999257745325,-1.9838002791639535
19442.417737080254,8148.205376595942,25.036999257745325,-5.117633612497286
19442.417737080254,9381.32614449151,25.036999257745325,-6.413700279163955
19442.417737080254,9586.846272474104,25.036999257745325,5.291091387502713
19556.061022685637,-175.35980669914034,25.036999257745325,3.1209997208360463
19556.061022685637,30.160321283454266,25.036999257745325,-0.01758694583062024
19556.061022685637,235.6804492660488,25.036999257745325,9.120166387502714
19556.061022685637,441.20057724864347,25.036999257745325,2.075299720836046
19556.061022685637,646.7207052312381,25.036999257745325,-0.41466694583062014
19556.061022685637,852.2408332138325,25.036999257745325,5.324117669553995
19556.061022685637,1057.7609611964272,25.036999257745325,8.10583305416938
19556.061022685637,1263.2810891790218,25.036999257745325,4.56035305416938
19556.061022685637,1468.8012171616165,25.036999257745325,-7.16736694583062
19556.061022685637,1674.3213451442111,25.036999257745325,-1.5520669458306209
19556.061022685637,1879.8414731268058,25.036999257745325,2.228383054169379
19556.061022685637,2085.3616011094,25.036999257745325,-4.83511694583062
19556.061022685637,2290.8817290919947,25.036999257745325,0.6231663875027129
19556.061022685637,2907.4421130397786,25.036999257745325,0.27020805416937943
19556.061022685637,3112.9622410223733,25.036999257745325,-3.0918919458306204
19556.061022685637,3524.0024969875626,25.036999257745325,-6.822033612497287
19556.061022685637,3729.5226249701573,25.036999257745325,-5.75366694583062
19556.061022685637,3935.0427529527515,25.036999257745325,-1.70560694583062
19556.061022685637,4140.562880935347,25.036999257745325,1.9866580541693803
19556.061022685637,5168.163520848319,25.036999257745325,-3.5741669458306204
19556.061022685637,5373.683648830914,25.036999257745325,1.823747339883665
19556.061022685637,5579.203776813509,25.036999257745325,15.828366387502715
19556.061022685637,5784.723904796103,25.036999257745325,-3.7078169458306207
19556.061022685637,5990.244032778698,25.036999257745325,1.0940663875027121
19556.061022685637,6195.764160761292,25.036999257745325,-5.961150279163953
19556.061022685637,7223.364800674265,25.036999257745325,0.3242497208360467
19556.061022685637,7428.88492865686,25.036999257745325,-3.0937469458306204
19556.061022685637,7634.405056639454,25.036999257745325,-2.897226945830621
19556.061022685637,7839.9251846220495,25.036999257745325,7.74318305416938
19556.061022685637,8045.445312604644,25.036999257745325,-0.4529812315449056
19556.061022685637,8250.965440587239,25.036999257745325,-6.63346694583062
19556.061022685637,9278.566080500212,25.036999257745325,-7.85576694583062
19556.061022685637,9484.086208482806,25.036999257745325,-2.60012694583062
19556.061022685637,9689.606336465402,25.036999257745325,-3.07856694583062
19669.70430829102,132.9203852747516,25.036999257745325,6.4840330541693785
19669.70430829102,338.44051325734614,25.036999257745325,-0.84306694583062
19669.70430829102,543.9606412399407,25.036999257745325,-3.335595517259191
19669.70430829102,749.4807692225354,25.036999257745325,14.68130448274081
19669.70430829102,955.0008972051298,25.036999257745325,4.26023305416938
19669.70430829102,1160.5210251877245,25.036999257745325,-3.367024088687763
19669.70430829102,1366.0411531703191,25.036999257745325,-4.8895812315449065
19669.70430829102,1571.5612811529138,25.036999257745325,-5.89536694583062
19669.70430829102,1777.0814091355082,25.036999257745325,8.620070554169379
19669.70430829102,1982.601537118103,25.036999257745325,-3.11336694583062
19669.70430829102,2188.1216651006976,25.036999257745325,-1.5449002791639534
19669.70430829102,2393.641793083292,25.036999257745325,-0.6042669458306202
19669.70430829102,2599.161921065887,25.036999257745325,-3.568433612497287
19669.70430829102,2804.6820490484815,25.036999257745325,-5.87936694583062
19669.70430829102,3010.2021770310757,25.036999257745325,-3.16369194583062
19669.70430829102,3215.7223050136704,25.036999257745325,2.2209330541693797
19669.70430829102,3421.242432996265,25.036999257745325,-7.19091694583062
19669.70430829102,3626.7625609788597,25.036999257745325,-2.08109194583062
19669.70430829102,3832.2826889614544,25.036999257745325,-5.211116945830621
19669.70430829102,4037.8028169440486,25.036999257745325,-4.73246694583062
19669.70430829102,4243.322944926644,25.036999257745325,-2.78686694583062
19669.70430829102,4448.843072909238,25.036999257745325,-2.5679002791639536
19669.70430829102,5065.403456857022,25.036999257745325,3.5957330541693806
19669.70430829102,5270.9235848396165,25.036999257745325,-4.840666945830621
19669.70430829102,5476.443712822211,25.036999257745325,0.4083955541693798
19669.70430829102,5681.963840804806,25.036999257745325,-2.62461694583062
19669.70430829102,5887.4839687874,25.036999257745325,-1.2141669458306212
19669.70430829102,6093.004096769995,25.036999257745325,-2.803609802973478
19669.70430829102,6298.524224752589,25.036999257745325,-5.56296694583062
19669.70430829102,6504.0443527351845,25.036999257745325,9.414233054169381
19669.70430829102,6915.084608700374,25.036999257745325,-3.7831169458306206
19669.70430829102,7120.604736682968,25.036999257745325,3.7708663875027124
19669.70430829102,7326.124864665562,25.036999257745325,0.9515997208360467
19669.70430829102,7531.644992648157,25.036999257745325,-2.447994218557893
19669.70430829102,7737.1651206307515,25.036999257745325,2.339923963260288
19669.70430829102,7942.685248613346,25.036999257745325,3.84975805416938
19669.70430829102,8148.205376595942,25.036999257745325,3.1994330541693796
19669.70430829102,8353.725504578537,25.036999257745325,-4.99906694583062
19669.70430829102,8559.245632561131,25.036999257745325,-4.187066945830621
19669.70430829102,8764.765760543725,25.036999257745325,-3.4979269458306197
19669.70430829102,8970.28588852632,25.036999257745325,-2.83516694583062
19669.70430829102,9175.806016508915,25.036999257745325,2.0611580541693804
19669.70430829102,9381.32614449151,25.036999257745325,-4.34090694583062
19669.70430829102,9586.846272474104,25.036999257745325,3.74374416528049
19783.347593896404,646.7207052312381,25.036999257745325,-2.10626694583062
19783.347593896404,852.2408332138325,25.036999257745325,-6.55816694583062
19783.347593896404,1263.2810891790218,25.036999257745325,-2.7677269458306197
19783.347593896404,1468.8012171616165,25.036999257745325,-4.30836694583062
19783.347593896404,1674.3213451442111,25.036999257745325,5.304118768455095
19783.347593896404,1879.8414731268058,25.036999257745325,2.6764730541693793
19783.347593896404,2085.3616011094,25.036999257745325,3.8866473398836656
19783.347593896404,2290.8817290919947,25.036999257745325,-5.307100279163953
19783.347593896404,2496.4018570745893,25.036999257745325,-3.79615444583062
19783.347593896404,2701.921985057184,25.036999257745325,-2.40251694583062
19783.347593896404,2907.4421130397786,25.036999257745325,-1.5103225013861756
19783.347593896404,3112.9622410223733,25.036999257745325,-3.72830694583062
19783.347593896404,3318.482369004968,25.036999257745325,-3.4702919458306205
19783.347593896404,3524.0024969875626,25.036999257745325,-2.6425955172591915
19783.347593896404,3729.5226249701573,25.036999257745325,-8.515533612497288
19783.347593896404,3935.0427529527515,25.036999257745325,-2.75498694583062
19783.347593896404,4140.562880935347,25.036999257745325,-3.2574240886877632
19783.347593896404,4346.083008917941,25.036999257745325,-4.94741694583062
19783.347593896404,4551.603136900535,25.036999257745325,-4.44630444583062
19783.347593896404,4757.12326488313,25.036999257745325,-2.46211694583062
19783.347593896404,4962.643392865724,25.036999257745325,-1.9261669458306203
19783.347593896404,5168.163520848319,25.036999257745325,1.5504759113122373
19783.347593896404,5373.683648830914,25.036999257745325,0.5041997208360458
19783.347593896404,5579.203776813509,25.036999257745325,0.1304759113122369
19783.347593896404,5784.723904796103,25.036999257745325,-3.1805294458306204
19783.347593896404,5990.244032778698,25.036999257745325,2.79873305416938
19783.347593896404,6195.764160761292,25.036999257745325,-4.7921544458306204
19783.347593896404,6401.2842887438865,25.036999257745325,-2.2667240886877633
19783.347593896404,6606.804416726482,25.036999257745325,-0.42364694583062035
19783.347593896404,6812.324544709076,25.036999257745325,-3.4449669458306196
19783.347593896404,7017.844672691671,25.036999257745325,-3.09062694583062
19783.347593896404,7223.364800674265,25.036999257745325,-3.7921002791639533
19783.347593896404,7428.88492865686,25.036999257745325,-0.8721919458306202
19783.347593896404,7634.405056639454,25.036999257745325,-3.6849544458306203
19783.347593896404,7839.9251846220495,25.036999257745325,-2.6679794458306207
19783.347593896404,8045.445312604644,25.036999257745325,1.73563305416938
19783.347593896404,8250.965440587239,25.036999257745325,0.6272747208360467
19783.347593896404,8456.485568569833,25.036999257745325,-4.191900279163954
19783.347593896404,8662.005696552429,25.036999257745325,-2.2193225013861753
19783.347593896404,8867.525824535023,25.036999257745325,-4.675666945830621
19783.347593896404,9073.045952517617,25.036999257745325,-1.2441669458306204
19783.347593896404,9278.566080500212,25.036999257745325,1.1272830541693795
19783.347593896404,9484.086208482806,25.036999257745325,-1.7530919458306202
19783.347593896404,9689.606336465402,25.036999257745325,-6.31226694583062
19896.990879501787,1366.0411531703191,25.036999257745325,-4.87401694583062
19896.990879501787,1777.0814091355082,25.036999257745325,-1.33571694583062
19896.990879501787,1982.601537118103,25.036999257745325,-6.8693169458306205
19896.990879501787,2188.1216651006976,25.036999257745325,5.4656330541693805
19896.990879501787,2393.641793083292,25.036999257745325,3.552499720836045
19896.990879501787,2599.161921065887,25.036999257745325,-5.058983612497286
19896.990879501787,2804.6820490484815,25.036999257745325,-4.134891945830621
19896.990879501787,3010.2021770310757,25.036999257745325,1.003466387502712
19896.990879501787,3215.7223050136704,25.036999257745325,13.95748305416938
19896.990879501787,3421.242432996265,25.036999257745325,-6.18376694583062
19896.990879501787,3626.7625609788597,25.036999257745325,-8.22276694583062
19896.990879501787,3832.2826889614544,25.036999257745325,-6.03160694583062
19896.990879501787,4037.8028169440486,25.036999257745325,-3.90079194583062
19896.990879501787,4243.322944926644,25.036999257745325,-6.283366945830621
19896.990879501787,4448.843072909238,25.036999257745325,-6.027626945830621
19896.990879501787,4654.363200891833,25.036999257745325,-2.06306694583062
19896.990879501787,4859.883328874427,25.036999257745325,0.297521943058269
19896.990879501787,5065.403456857022,25.036999257745325,11.242299720836046
19896.990879501787,5270.9235848396165,25.036999257745325,-6.35944194583062
19896.990879501787,5476.443712822211,25.036999257745325,-3.5700240886877626
19896.990879501787,5681.963840804806,25.036999257745325,-1.3267169458306203
19896.990879501787,5887.4839687874,25.036999257745325,-4.2168419458306206
19896.990879501787,6093.004096769995,25.036999257745325,5.7890463875027125
19896.990879501787,6298.524224752589,25.036999257745325,2.26372305416938
19896.990879501787,6504.0443527351845,25.036999257745325,12.796213054169382
19896.990879501787,6709.564480717779,25.036999257745325,4.09163305416938
19896.990879501787,6915.084608700374,25.036999257745325,-1.3915419458306206
19896.990879501787,7120.604736682968,25.036999257745325,-3.94320694583062
19896.990879501787,7326.124864665562,25.036999257745325,-6.422538374402049
19896.990879501787,7531.644992648157,25.036999257745325,-5.33458694583062
19896.990879501787,7737.1651206307515,25.036999257745325,-5.977950279163953
19896.990879501787,7942.685248613346,25.036999257745325,-4.137000279163954
19896.990879501787,8148.205376595942,25.036999257745325,-2.3047361765998504
19896.990879501787,8353.725504578537,25.036999257745325,-2.5116336124972864
19896.990879501787,8559.245632561131,25.036999257745325,-1.5858919458306198
19896.990879501787,8764.765760543725,25.036999257745325,-5.02941694583062
19896.990879501787,8970.28588852632,25.036999257745325,-7.63686694583062
19896.990879501787,9175.806016508915,25.036999257745325,12.93210805416938
19896.990879501787,9381.32614449151,25.036999257745325,-2.10341694583062
19896.990879501787,9586.846272474104,25.036999257745325,-5.103300279163953
20010.634165107174,1879.8414731268058,25.036999257745325,-5.90096694583062
20010.634165107174,2496.4018570745893,25.036999257745325,-7.77376694583062
20010.634165107174,2701.921985057184,25.036999257745325,-7.6886669458306205
20010.634165107174,2907.4421130397786,25.036999257745325,-8.06376694583062
20010.634165107174,3112.9622410223733,25.036999257745325,0.28639972083604626
20010.634165107174,3318.482369004968,25.036999257745325,-7.72806694583062
20010.634165107174,3524.0024969875626,25.036999257745325,-2.0719002791639536
20010.634165107174,3729.5226249701573,25.036999257745325,2.21523305416938
20010.634165107174,3935.0427529527515,25.036999257745325,13.637410831947157
20010.634165107174,4346.083008917941,25.036999257745325,-8.091600279163954
20010.634165107174,4551.603136900535,25.036999257745325,13.80173305416938
20010.634165107174,4757.12326488313,25.036999257745325,8.22418305416938
20010.634165107174,4962.643392865724,25.036999257745325,1.1393930541693802
20010.634165107174,5373.683648830914,25.036999257745325,-6.07626694583062
20010.634165107174,5579.203776813509,25.036999257745325,-7.23681694583062
20010.634165107174,5784.723904796103,25.036999257745325,-4.1179336124972865
20010.634165107174,5990.244032778698,25.036999257745325,-1.8058669458306198
20010.634165107174,6195.764160761292,25.036999257745325,-5.23451694583062
20010.634165107174,6401.2842887438865,25.036999257745325,6.93848305416938
20010.634165107174,6606.804416726482,25.036999257745325,-1.3935669458306201
20010.634165107174,6812.324544709076,25.036999257745325,-2.0790336124972866
20010.634165107174,7017.844672691671,25.036999257745325,1.7347997208360468
20010.634165107174,7223.364800674265,25.036999257745325,-2.4079569458306205
20010.634165107174,7428.88492865686,25.036999257745325,-5.56658694583062
20010.634165107174,7634.405056639454,25.036999257745325,-1.1402669458306196
20010.634165107174,8045.445312604644,25.036999257745325,-2.8911669458306197
20010.634165107174,8250.965440587239,25.036999257745325,8.69761083194716
20010.634165107174,9278.566080500212,25.036999257745325,-4.48999194583062
20010.634165107174,9484.086208482806,25.036999257745325,0.11427591131223698
20010.634165107174,9689.606336465402,25.036999257745325,-1.4853169458306201
20124.277450712558,4037.8028169440486,25.036999257745325,-7.74121694583062
20124.277450712558,5270.9235848396165,25.036999257745325,93.47498305416937
20124.277450712558,5887.4839687874,25.036999257745325,-3.70306694583062
20124.277450712558,6093.004096769995,25.036999257745325,-4.04741694583062
20124.277450712558,6709.564480717779,25.036999257745325,-6.0072669458306205
20124.277450712558,6915.084608700374,25.036999257745325,1.559016387502712
20124.277450712558,7120.604736682968,25.036999257745325,-4.97466694583062
20124.277450712558,8148.205376595942,25.036999257745325,-4.058852660116335
20124.277450712558,9586.846272474104,25.036999257745325,-0.16916694583062064
20237.92073631794,1879.8414731268058,25.036999257745325,-5.26266694583062
20237.92073631794,8250.965440587239,25.036999257745325,-0.5670169458306207
20237.92073631794,9484.086208482806,25.036999257745325,-1.100066945830621
20237.92073631794,9689.606336465402,25.036999257745325,0.6372330541693803
