time_s,3.65mm_measured_mean_C,3.65mm_measured_sem_C,3.65mm_model_C,5.65mm_measured_mean_C,5.65mm_measured_sem_C,5.65mm_model_C,7.65mm_measured_mean_C,7.65mm_measured_sem_C,7.65mm_model_C,9.65mm_measured_mean_C,9.65mm_measured_sem_C,9.65mm_model_C,11.65mm_measured_mean_C,11.65mm_measured_sem_C,11.65mm_model_C,13.65mm_measured_mean_C,13.65mm_measured_sem_C,13.65mm_model_C
0,28.44473015873018,1.0841784013696623,29.22712380952383,28.80715873015875,1.136170970153259,29.22712380952383,28.79357142857145,1.1386170972631215,29.22712380952383,28.701873015873037,1.1504051832567064,29.22712380952383,27.42763492063494,0.8588345626466559,29.22712380952383,29.245333333333352,1.1162856333700317,29.22712380952383
1,28.449047619047644,1.081777254321215,29.223653355256786,28.81315873015875,1.132302383677894,29.227123390964703,28.796396825396844,1.1338470948800394,29.227123809494955,28.70609523809526,1.145643128389729,29.227123809523857,27.43644444444446,0.8596877416257245,29.227123809523764,29.248761904761924,1.112280167414616,29.227123809523835
2,28.448650793650813,1.0794843948992239,29.196666863698685,28.815714285714307,1.1288649019002468,29.227103623898728,28.799396825396844,1.128772907584136,29.22712380476621,28.70998412698415,1.1411417315562167,29.227123809523203,27.446000000000016,0.8606858789138779,29.22712380952372,29.254730158730183,1.107726008679432,29.227123809523864
3,28.44500000000002,1.0789404659667428,29.132706320273645,28.819428571428592,1.1276789080127039,29.22691448705035,28.803365079365097,1.1229509083234273,29.22712367326781,28.713809523809545,1.137776879494935,29.227123809480748,27.454476190476214,0.8620680916017159,29.22712380952368,29.25971428571431,1.1027826677296388,29.227123809523892
4,28.4329523809524,1.0722219521106897,29.032155640147554,28.824730158730176,1.1248762872545661,29.22610832167983,28.807222222222247,1.1187284530778137,29.227122293772993,28.717238095238116,1.1336829696109016,29.22712380853299,27.464825396825415,0.8640259373177266,29.227123809523288,29.264111111111134,1.0992647024795297,29.227123809523913
5,28.405698412698438,1.0668318134391128,28.894789901180157,28.829111111111132,1.1211319519198084,29.22393607980584,28.812539682539704,1.1147571673696768,29.227114466969933,28.72157142857145,1.1296428639176204,29.227123798067208,27.475730158730176,0.8655718186217942,29.227123809516097,29.26885714285716,1.0942515981668504,29.22712380952393
6,28.347444444444466,1.0588636546331396,28.71666168398743,28.832238095238115,1.1158545837173504,29.219480702587106,28.815079365079384,1.1096945605150486,29.22708505495217,28.72738095238097,1.124362709222273,29.227123727681526,27.48404761904764,0.8664068475011183,29.2271238094343,29.2743650793651,1.0911839757272157,29.227123809523892
7,28.268174603174618,1.0555378858766917,28.49239119299122,28.83803174603177,1.1119187288247352,29.211754548696177,28.818222222222243,1.1070710488176714,29.22700202170206,28.73333333333336,1.1201959386835347,29.227123398452534,27.489873015873034,0.8666367282171268,29.22712380881855,29.27698412698415,1.0884121008306413,29.22712380952326
8,28.15104761904764,1.0352282614418833,28.21746065089518,28.838603174603197,1.1072967881840463,29.19971815798506,28.820238095238114,1.1025920134610754,29.226810759121918,28.73639682539685,1.1150852921946077,29.227122226054963,27.4893015873016,0.8653343921451854,29.227123805458135,29.282095238095263,1.0859800562347746,29.227123809517945
9,28.001126984127,1.0207061293631623,27.890086326295148,28.835777777777803,1.1036998371667266,29.182270737465014,28.821539682539697,1.098032353178567,29.22643065923856,28.739920634920654,1.110724195785367,29.22711883723456,27.48379365079367,0.8620640409405738,29.227123791229662,29.284984126984153,1.081879192330495,29.227123809485338
10,27.80407936507939,0.999702714818065,27.512300612705243,28.82587301587304,1.1006061974038097,29.158260326453373,28.822555555555578,1.0942866310015,29.22575344004726,28.741317460317486,1.108479511385076,29.22711050643605,27.475761904761924,0.8594474784732163,29.22712374205936,29.28693650793653,1.0785612355709309,29.227123809327537
11,27.58714285714288,0.9896819507132846,27.089681076506054,28.81079365079367,1.0976181201433046,29.12653236029845,28.822587301587323,1.0887787750330455,29.22464246873783,28.74342857142859,1.1042187324395005,29.227092475398305,27.469555555555576,0.8568314431351557,29.22712359790657,29.290793650793674,1.0746725164610325,29.22712380869866
12,27.335190476190494,0.9564269916334552,26.629813041946306,28.791126984127004,1.0899480211636234,29.086010317953182,28.821063492063512,1.0820876704922737,29.22293288312324,28.74615873015875,1.1003412943131665,29.227057210625656,27.463777777777796,0.8555562481959688,29.227123228463626,29.293857142857163,1.0708767796051555,29.227123806566734
13,27.065476190476208,0.9321412199705901,26.141416169239978,28.768190476190494,1.0832361079692947,29.035783394077445,28.820666666666686,1.0783790055761577,29.220432920696584,28.74861904761907,1.097565046015186,29.22699364812999,27.45720634920637,0.8561907257328474,29.227122381027424,29.29461904761907,1.0674606285477812,29.227123800257456
14,26.75615873015875,0.8957840619613052,25.633688704105783,28.73579365079367,1.0759351025610955,28.9751769733017,28.818666666666687,1.074329883773396,29.216927060644398,28.750015873015894,1.0950014169162647,29.226886467267878,27.450142857142875,0.8590935162658946,29.227120608426613,29.295444444444467,1.0643671267229526,29.227123783612825
15,26.443333333333353,0.879387254892018,25.114600754399873,28.699809523809545,1.0711634903123248,28.903796083818275,28.815333333333356,1.0710933246234482,29.21218130590782,28.7525396825397,1.0921975082728161,29.22671543553564,27.441460317460336,0.8606163066731105,29.227117176550482,29.29603174603177,1.0603385336752016,29.22712374379564
16,26.10647619047621,0.8385571702275209,24.589540763107475,28.654158730158752,1.061898417780658,28.82153684356716,28.811619047619065,1.0663229275364345,29.205950434252784,28.752333333333354,1.0896100473002415,29.22645487280931,27.434539682539704,0.8624042954486401,29.227110952646907,29.298507936507956,1.0576464324454096,29.22712365620404
17,25.770761904761923,0.8117220815755277,24.061712365761963,28.603698412698435,1.0532222789175443,28.728559493705884,28.807714285714308,1.0602989385085084,29.19798660557458,28.753857142857168,1.0842746888621124,29.226073289146388,27.43311111111113,0.8607791362134595,29.22710027708912,29.300984126984147,1.0553355988752895,29.227123476942026
18,25.411238095238115,0.7662972924644844,23.53479331270444,28.544079365079387,1.0408262395918582,28.625228811789384,28.80163492063494,1.0526945580041238,29.188048403761552,28.755730158730177,1.0800577254712902,29.22553324763943,27.433714285714306,0.8565322123767449,29.227082822820435,29.305873015873033,1.0516032788244178,29.22712313232846
19,25.060444444444467,0.7425971896269383,23.011220966884526,28.478317460317484,1.0302646869959433,28.512051946798575,28.792682539682563,1.0449195364919281,29.17590923621744,28.756714285714306,1.0749281798505135,29.224791489867638,27.43633333333335,0.8503659160808656,29.227055448181204,29.309158730158753,1.047950728999546,29.22712250501615
20,24.69174603174605,0.6957680266355921,22.492723171522425,28.40357142857145,1.014717302543734,28.389632631666654,28.782031746031766,1.0361489539756792,29.161364160432072,28.758380952380975,1.0713987914732652,29.22379933730142,27.439873015873033,0.8454015814766465,29.22701405017861,29.311920634920654,1.04396181303235,29.2271214164321
21,24.33422222222224,0.6649319302810507,21.981433712367437,28.327714285714308,1.0004394072399287,28.25863270257612,28.76858730158732,1.0264665640954156,29.144234689646492,28.759920634920658,1.0675782443859172,29.222503351968385,27.440492063492083,0.8418773752698079,29.226953426235458,29.31463492063494,1.0408859773230956,29.22711960543467
22,23.95596825396827,0.6107503837429232,21.479361004118914,28.237031746031764,0.9825477558198459,28.119744214008875,28.751809523809545,1.0178108438370077,29.124371605471755,28.75915873015875,1.065273680261272,29.220846211187297,27.436841269841285,0.8404473947732856,29.226867152781566,29.31779365079367,1.0386989908536572,29.227116703305033
23,23.587936507936522,0.5821013633625345,20.988046854743207,28.146365079365097,0.9704012488523772,27.973674995988073,28.73671428571431,1.0089012017638976,29.10165605316331,28.75974603174605,1.0614758092749863,29.218767731820673,27.4333650793651,0.8392552331888495,29.22674748854033,29.32000000000002,1.0361428516716689,29.227112205438164
24,23.20903174603176,0.5317355924111493,20.507950498464695,28.04857142857145,0.9517545658363435,27.821140798464047,28.717587301587326,0.9980990663675122,29.075999323864867,28.76071428571431,1.0574992377983397,29.216205972668565,27.428238095238115,0.8399647794329437,29.226585308993887,29.32457142857145,1.0331897961898728,29.22710544035154
25,22.84669841269843,0.4979169430607382,20.03901510572275,27.94757142857145,0.9343656730019321,27.662851463676603,28.693507936507956,0.9869131542076524,29.047341764732128,28.75950793650796,1.0520353538448626,29.213098347930583,27.42431746031748,0.838703585276501,29.226370076459613,29.326666666666686,1.0291273258980413,29.22709553686586
26,22.470206349206364,0.44322723086572885,19.58297774130811,27.83717460317462,0.9121074565782697,27.499493476103723,28.66769841269843,0.9736969633915956,29.015651144642632,28.758063492063513,1.0461488357281392,29.20938269657549,27.420460317460336,0.8348441154808098,29.22608984780022,29.32853968253971,1.025107118762851,29.227081390504214
27,22.109936507936524,0.41596453342959727,19.14290229697338,27.73109523809526,0.8958109999852827,27.33172365065786,28.642920634920657,0.9622879958457623,28.98092061555047,28.75641269841272,1.0402074973004978,29.204998267785,27.416476190476207,0.8310733781920411,29.225731319377857,29.329857142857165,1.0197973465928976,29.22706163028322
28,21.742317460317476,0.3684015279760205,18.71969346065025,27.613682539682557,0.8733770628011481,27.160185889778827,28.612777777777797,0.9497574469899537,28.94316635809746,28.75447619047621,1.0373156206772283,29.199886597108218,27.41180952380954,0.8268263739188004,29.225279906757,29.332222222222242,1.0160963540459491,29.227034587117192
29,21.395952380952394,0.34133140123992606,18.310654419605886,27.498190476190498,0.8547493968223102,26.985527279146226,28.583253968253985,0.9363748729789182,28.902425157058484,28.752365079365102,1.033434702193935,29.19399225903557,27.411349206349225,0.8215443462618314,29.224719855053184,29.335222222222246,1.0129582968769717,29.226998265020995
30,21.040523809523823,0.29408382785867815,17.915176381122933,27.372507936507958,0.8299171676529108,26.808376531183438,28.54717460317462,0.9207884845927057,28.858752253691986,28.749603174603195,1.029949465379039,29.18726349022619,27.41231746031748,0.8156288209999412,29.224034374775204,29.33825396825399,1.0111352074076752,29.22695031618669
31,20.696095238095253,0.27226303225035725,17.53166529381087,27.249984126984145,0.8113287638582438,26.629308798589943,28.512571428571448,0.9073074120632346,28.812219521314898,28.74466666666669,1.02596980207483,29.179652686132112,27.41514285714287,0.8077775792480894,29.22320579747556,29.341238095238115,1.0090599533318094,29.226888020838008
32,20.338253968253984,0.22570888134534212,17.16023225971047,27.121587301587322,0.7842625608967254,26.44883114172244,28.477539682539703,0.8897152679366008,28.762913586157595,28.738507936507958,1.020072045657597,29.171116781781965,27.419047619047635,0.7995548038463296,29.2222157454262,29.343476190476213,1.006899393065218,29.226808272555605
33,19.99579365079366,0.20028448084618442,16.799918561740984,26.999555555555578,0.762152539240868,26.267382668488583,28.442793650793664,0.8742946524655227,28.71093356898162,28.731206349206374,1.012970742479604,29.161617530565973,27.419333333333356,0.795128617119684,29.221045309802975,29.34541269841272,1.002756638994285,29.22670756953489
34,19.640095238095252,0.1663131647918127,16.44875469777124,26.866444444444465,0.732744652573826,26.085345549296562,28.401079365079386,0.8565970803563839,28.65638848372159,28.722333333333353,1.0075626912106161,29.151121690966534,27.41906349206351,0.7951142287019545,29.219675232408424,29.348666666666688,0.9991932539454823,29.226582012005924
35,19.301492063492077,0.16241296135972894,16.10736832912063,26.737095238095254,0.7117641608781019,25.903043652564374,28.36142857142859,0.8424527363601807,28.599394566513343,28.71515873015875,1.0006212183565513,29.139601124757974,27.41838095238097,0.7982145699134239,29.218086086656047,29.351650793650816,0.9949921471498643,29.226427305827258
36,18.9583015873016,0.15616803297265974,15.774830419987595,26.59879365079367,0.6840237949283776,25.720746865520088,28.31300000000002,0.8248186997014392,28.54007276556369,28.707317460317483,0.9950388971811623,29.127032807185145,27.41406349206351,0.7999375076372968,29.21625845421396,29.353603174603194,0.9910781162206649,29.22623877207293
37,18.63307936507938,0.17153951509962678,15.452711144635417,26.46614285714288,0.6614915125411823,25.5386848906863,28.265952380952402,0.8078694248197419,28.478546460712067,28.70049206349209,0.9878519483744929,29.113398751617456,27.408000000000015,0.7985954568514061,29.214173094253734,29.35573015873018,0.9859331343334962,29.22601136227316
38,18.291603174603186,0.19668563714441986,15.139405672914267,26.322238095238117,0.6310640625926934,25.357062699802736,28.212698412698433,0.7881827507798309,28.41493949743578,28.69182539682542,0.9809922762473419,29.09868585537025,27.396365079365097,0.7951632948061067,29.211811102666,29.35490476190478,0.98146771523026,29.22573967884323
39,17.96366666666668,0.22463929935524382,14.833709685399391,26.180714285714302,0.6098589337897777,25.176071152166543,28.160634920634937,0.7710537568442069,28.349374658029074,28.681174603174625,0.9744959416990965,29.082885677126285,27.380174603174623,0.7919456609876527,29.209154058962397,29.353238095238115,0.977694542813667,29.225418000141143
40,17.624555555555567,0.25802567787124936,14.537297831732708,26.03100000000002,0.5819309368544789,24.995874927446422,28.104507936507957,0.7518544718816177,28.281972636786165,28.66739682539685,0.9684881756814964,29.065994159484262,27.36538095238097,0.7900259460706673,29.20618415895942,29.351492063492085,0.974963951630567,29.22504030952723
41,17.301492063492073,0.2927523071271934,14.247586665930315,25.886904761904777,0.5610453092240127,24.81661657415837,28.053079365079384,0.7359926336007301,28.212851385996334,28.65228571428574,0.9621763678306552,29.048011312792728,27.350730158730176,0.7909126450141872,29.202884331774328,29.34966666666669,0.9729071112729802,29.224600327752995
42,16.967857142857156,0.3408432564572923,13.96491044398951,25.737301587301605,0.5321104157813664,24.638422143473367,27.997603174603196,0.7176430696800555,28.14212561779873,28.637015873015894,0.9565093063645577,29.02894087737106,27.339460317460336,0.7907339942642276,29.199238340165778,29.34944444444446,0.9700298463172583,29.224091547980226
43,16.653412698412712,0.37747142807416056,13.689681270976967,25.59693650793653,0.5107087433253374,24.461391900547877,27.946365079365105,0.7024003555745209,28.06990642155181,28.625206349206366,0.9505285673346302,29.00878997894559,27.3313650793651,0.7916039967238204,29.19523086380721,29.351285714285734,0.965025932626932,29.223507272722514
44,16.329952380952392,0.42307393895527273,13.419250030575427,25.450428571428585,0.4804525463372377,24.285609964213904,27.891507936507953,0.6835014650375592,27.99630095066671,28.613079365079386,0.9436359122807001,28.987568787848016,27.321285714285732,0.7912805350250951,29.19084756564686,29.353301587301605,0.9613368794902115,29.222840652010387
45,16.0248888888889,0.4616693724662904,13.154970295927363,25.309158730158753,0.4572776721955005,24.11114289754939,27.838682539682555,0.6681973155867356,27.921412134515737,28.600079365079385,0.937530335244495,28.965290188597283,27.31173015873018,0.7918180293698639,29.18607514201743,29.354396825396847,0.9579465449691823,29.222084722107297
46,15.70414285714287,0.5171541837164721,12.89643259862281,25.158174603174626,0.425576342422877,23.938034128963626,27.779253968253986,0.6505531655943286,27.845338455582425,28.58212698412701,0.9299093569776081,28.94196946341702,27.30057142857145,0.7901410548891358,29.18090135755226,29.351920634920656,0.9543963775351709,29.22123244414747
47,15.395428571428582,0.5575218823346182,12.641932674455788,25.01122222222224,0.40383399927073177,23.76631784644773,27.723047619047637,0.6362518831451464,27.768173745458075,28.56333333333335,0.9240728102151842,28.917623991277377,27.285396825396845,0.7893285225448898,29.175315066219763,29.348571428571447,0.9511209013631385,29.220276742124582
48,15.075920634920648,0.6069063344667148,12.39453048566318,24.85811111111113,0.3739442749069719,23.596016429536082,27.66161904761907,0.6180078196551805,27.690007012701454,28.54384126984129,0.916171443361251,28.892272963034355,27.270095238095255,0.7872860387929589,29.169306219911547,29.34628571428573,0.9464151996659448,29.219210539729882
49,14.773603174603187,0.6465067480766483,12.15146585994149,24.711285714285737,0.350169939307414,23.427147757820336,27.601523809523826,0.6030797208162982,27.610922375912423,28.523380952380972,0.9098917858626651,28.86593711253578,27.254730158730172,0.7884173021171297,29.16286586604029,29.345174603174623,0.9418010440645953,29.21802679561488
50,14.463825396825408,0.7062407956755564,11.911812183245999,24.558238095238114,0.3180265121556097,23.259735251335808,27.539714285714307,0.5839624796394085,27.53099909872167,28.502619047619067,0.9020393439757053,28.838638463638798,27.23693650793653,0.7876730074668454,29.155986135554553,29.344634920634935,0.9399598004998967,29.216718536732117
51,14.171190476190487,0.7467167110496765,11.679947308973615,24.41285714285716,0.29699053253804836,23.09378764838753,27.48101587301589,0.5723191501466565,27.45031178036575,28.482841269841288,0.8961884900933313,28.810400093815982,27.22058730158732,0.7846426768023227,29.148660222688445,29.345777777777798,0.937572953607267,29.215278889483926
52,13.871873015873026,0.7950199759482248,11.451939581916816,24.26041269841272,0.26730746751063506,22.929314694230342,27.419571428571448,0.5570262942779332,27.3689306190329,28.461047619047637,0.8879827151150853,28.781245915880316,27.207666666666682,0.778035555112296,29.140882357663397,29.3433650793651,0.9345883181995113,29.213701108480652
53,13.591634920634931,0.834610204677354,11.226262302097922,24.116412698412717,0.24387000479580023,22.76634038355534,27.362126984127002,0.5440809182496905,27.28692163189118,28.4421904761905,0.8814880537843237,28.751200479842492,27.198539682539703,0.7720820161794583,29.13264777346937,29.343492063492082,0.9307617108088859,29.211978602773595
54,13.299698412698424,0.8913460081378227,11.008167592794626,23.96320634920637,0.2121993820146213,22.604869977191516,27.298126984127006,0.5285740971856944,27.204346979951506,28.423904761904783,0.8734411554323649,28.72028879593974,27.189984126984143,0.7690119321089073,29.12395266778743,29.34225396825399,0.9268128391432144,29.210104959484337
55,13.021920634920646,0.930239151271775,10.794960291006689,23.816523809523826,0.19089483358789924,22.444903994663964,27.238523809523826,0.5190657605683567,27.121265319221607,28.404666666666685,0.8692232607894858,28.68853617883386,27.1819523809524,0.7701851369149617,29.114794161068343,29.340507936507958,0.9244365804000074,29.208073964800793
56,12.739333333333342,0.9817059534235039,10.584343021651916,23.66446031746033,0.1616469991387469,22.286464808095882,27.17173015873018,0.5061342831427621,27.03773198200156,28.38230158730161,0.8628004888428695,28.655968112971824,27.168126984127003,0.7691980335157045,29.10517025173412,29.33752380952383,0.9229645341875841,29.20587962235174
57,12.473222222222233,1.0228302977963648,10.379917829463317,23.520793650793667,0.13945180528222914,22.129568471216714,27.107222222222237,0.49851312202331166,26.95379921552552,28.3583650793651,0.8574407358647501,28.622610137871522,27.153746031746053,0.7661535354345809,29.09507976941269,29.334396825396848,0.920784504952349,29.203516169007404
58,12.200142857142865,1.0790738354735645,10.18056522369365,23.367523809523828,0.10851080178631241,21.974222003638264,27.0407777777778,0.4888508045359963,26.869516554478082,28.333507936507957,0.8489774563204795,28.588487750795412,27.14400000000002,0.7630939712244658,29.084522327045747,29.330333333333353,0.9194868927182026,29.20097808818465
59,11.942825396825405,1.1204729559425972,9.984342931047287,23.220841269841287,0.08961947072978838,21.820443649619097,26.97909523809526,0.48436490978932684,26.784931080175344,28.309047619047643,0.8429946515935145,28.553626325466002,27.137031746031766,0.7605134480806467,29.073498272619332,29.32768253968256,0.9167127724267078,29.198260120760967
60,11.679507936507946,1.1701298622084002,9.79371766139188,23.069095238095258,0.0633021465164507,21.668249471779358,26.916873015873033,0.4784534217087098,26.700087610886396,28.28634920634923,0.8371062077018915,28.518051046216826,27.131444444444465,0.7597388780109928,29.06200864116003,29.325920634920653,0.9142126497480966,29.195357273723403
61,11.43185714285715,1.2093468808852483,9.605861234746746,22.925269841269856,0.044348891046589144,21.51764961317555,26.859412698412722,0.4764929058149899,26.615028932963796,28.264523809523833,0.8322359595486333,28.481786855800298,27.124634920634943,0.7591517212342067,29.050055107540132,29.323492063492083,0.9120540954162112,29.19226482669561
62,11.17438095238096,1.2633034856680256,9.419898385721849,22.7783650793651,0.02919501160205193,21.3686510039152,26.79222222222224,0.47133337930488706,26.529795970062043,28.240238095238112,0.8244536279139653,28.44485841474444,27.112952380952404,0.7556846910119207,29.037639940546487,29.321555555555577,0.9073994043486844,29.188978336498668
63,10.930095238095246,1.3019131024686104,9.239920383983636,22.64533333333335,0.04308985321088255,21.221240782208735,26.731111111111133,0.4697963923762557,26.444427864346196,28.216349206349225,0.818231119567678,28.407290070533424,27.098444444444464,0.751681800096706,29.024765958581025,29.31914285714288,0.903742418520069,29.185493639909907
64,10.679095238095245,1.3502769870655962,9.065398682816157,22.505730158730174,0.06499366986638701,21.075400154003685,26.664777777777797,0.4661698337869803,26.358961933227647,28.19131746031748,0.8083653477230127,28.36910583450177,27.078507936507958,0.7454133281142842,29.011436487272437,29.31614285714288,0.9001082226861621,29.181806854788118
65,10.444349206349214,1.3891455353806996,8.891132063443637,22.374587301587315,0.08620628344626961,20.931137144939996,26.59825396825399,0.46560754151543865,26.273433499028002,28.164396825396846,0.8000520364469607,28.33032936355203,27.057809523809542,0.7371510309829404,28.99765531919404,29.311349206349224,0.8949768034480017,29.17791437973463
66,10.199396825396834,1.4410499083995547,8.717161277596475,22.234746031746045,0.1162065768617294,20.788456938194805,26.533174603174626,0.4658710502649109,26.18787588996771,28.137825396825416,0.7909992591123912,28.29098394307907,27.039555555555577,0.7254717287923053,28.983426675795837,29.30765079365082,0.8896724580655868,29.173812892457494
67,9.967444444444451,1.4780358333498436,8.549258062978252,22.098523809523826,0.13885115224301892,20.647323372137038,26.471190476190497,0.46931094373002163,26.10232069736183,28.113507936507958,0.7841894821182921,28.251092468620243,27.02161904761907,0.7138079846865454,28.968755171563576,29.302444444444465,0.8858248370729441,29.16949934700104
68,9.728301587301594,1.523782361943768,8.386823850395446,21.955253968253984,0.1689609666877129,20.507690452540512,26.40388888888891,0.4722930324393996,26.016797820179118,28.086761904761925,0.7767453718162369,28.210677427447845,27.005698412698433,0.7043675351622738,28.953645780317714,29.299777777777795,0.8814632368361575,29.164970969995313
69,9.504984126984134,1.5622810557008522,8.221979788287479,21.825063492063506,0.19443964943877168,20.36955278779675,26.342111111111127,0.4796010454131662,25.9313351469533,28.062777777777796,0.7698506188272142,28.169760882470317,26.990238095238112,0.6957850104746517,28.9381038034941,29.29788888888891,0.8784751761846125,29.160225256069893
70,9.27238095238096,1.6149891319905134,8.057948667040465,21.687825396825414,0.22514134694074422,20.232902860701902,26.270777777777795,0.4872689718158051,25.845958445805895,28.032857142857164,0.7607218615018867,28.128364456828837,26.97201587301589,0.6905581518587082,28.922134840236225,29.29373015873018,0.8756706801564522,29.155259962563978
71,9.052571428571435,1.6547650498999478,7.903541348859204,21.55785714285716,0.24762742812436267,20.097684147520777,26.201349206349224,0.4986355542616237,25.76069166881469,28.004190476190498,0.7546196836612536,28.086509315680505,26.956142857142876,0.6877757972196432,28.905744759149286,29.288857142857164,0.872798460085395,29.15007310365038
72,8.826793650793658,1.699092207564381,7.753842519445996,21.42228571428573,0.2746851052195567,19.9638633945755,26.135920634920655,0.5065400279835849,25.675557035748927,27.973555555555578,0.7460825604106118,28.044216146179405,26.9393650793651,0.6826720157797221,28.888939671562326,29.28300000000002,0.8693839536164358,29.14466294397674
73,8.616634920634926,1.732877080265258,7.600813069429577,21.29385714285716,0.2958919334506761,19.83147291002303,26.07328571428573,0.5169693217855614,25.59057484413671,27.94596825396827,0.7395261870654108,28.001505139332135,26.92273015873018,0.6791683068763275,28.87172590612067,29.277841269841293,0.8662764917689303,29.1390279919133
74,8.39580952380953,1.7797482324685874,7.4461637176595135,21.15477777777779,0.3249236346508973,19.700529176352614,26.005317460317475,0.5305270631425244,25.505763801481255,27.915349206349223,0.7317306426781056,27.95839597370856,26.906936507936525,0.675577710468854,28.85410998454368,29.27288888888891,0.8626541845528156,29.133166992483478
75,8.193079365079372,1.8105405924296425,7.3008964693421206,21.027000000000015,0.3460904497314456,19.57097100911142,25.94623809523811,0.5443049393207924,25.42114177249502,27.890015873015894,0.7263113926567911,27.914907800670875,26.895126984127003,0.6694410673506525,28.836098598432645,29.270349206349227,0.8602476459402146,29.127078920041182
76,7.9835555555555615,1.8485290714898466,7.1612856342304285,20.89558730158732,0.37283452498178477,19.44274274485411,25.88239682539685,0.5586886345951567,25.336725878592926,27.862444444444463,0.7195165423211061,27.871059236549314,26.88461904761907,0.6639246347552721,28.817698587055588,29.26606349206351,0.8573463785420655,29.120762970748313
77,7.785428571428578,1.8801497847650157,7.020662338015694,20.770476190476206,0.3943989839984222,19.31586414553279,25.82206349206351,0.573364788683429,25.25253190511907,27.83641269841272,0.7165002081290204,27.826868366144847,26.87611111111113,0.6569800766489274,28.798916916088444,29.25931746031748,0.8556198357629223,29.114218554896055
78,7.578333333333339,1.9248954881269906,6.875714787440785,20.642539682539695,0.4242827270246805,19.190366978007262,25.75969841269843,0.5898347497375726,25.168574204385294,27.80584126984129,0.7108696224030323,27.782352751728506,26.86685714285716,0.6503466027463379,28.779760657389186,29.25374603174605,0.8525680828255655,29.107445289107304
79,7.381555555555561,1.9589956638119366,6.738077470420204,20.520968253968267,0.4460926840821711,19.066211735453166,25.698984126984147,0.6084088552092268,25.08486637176938,27.7781904761905,0.7073936773924493,27.737529438896072,26.858079365079387,0.6475652786580336,28.760236969954168,29.248650793650814,0.850630970439591,29.10044298845249
80,7.178492063492068,2.0015567872124906,6.606068506512622,20.395047619047634,0.4707779645568825,18.943331699932056,25.636936507936525,0.6265890724464045,25.001421603601703,27.74815873015875,0.7013524739879092,27.692414960758338,26.84601587301589,0.6467926545418266,28.740353082156876,29.240920634920656,0.8485104962416776,29.093211658509773
81,6.991888888888894,2.0333896281068773,6.476004290951733,20.277380952380966,0.49029196493962024,18.82172023704727,25.577174603174623,0.6447879143738265,24.918252209807765,27.719349206349225,0.6975662265789475,27.647025347813866,26.837873015873033,0.6483017143851928,28.720116275253343,29.234539682539705,0.8471479060376407,29.08575148740097
82,6.794444444444449,2.076936380015382,6.341058366172789,20.152888888888903,0.5161950757814556,18.70140600265481,25.51058730158732,0.6657598948504876,24.83536923314722,27.689079365079383,0.6910400769905138,27.601376142755395,26.827301587301605,0.6469336384259864,28.69953386810037,29.22682539682542,0.8446601293952353,29.078062837835528
83,6.602714285714289,2.115219352703855,6.207443538904606,20.035746031746047,0.5340063131690581,18.58237445064775,25.447380952380968,0.6834798786504487,24.752782857314333,27.65942857142859,0.6852685660079402,27.55548241211082,26.816984126984142,0.6421745972894608,28.678613203079767,29.2181904761905,0.8413919319912438,29.070146239194475
84,6.418428571428575,2.147863238677803,6.081122794342928,19.914380952380967,0.557134719788629,18.46454787980001,25.383634920634936,0.7019749336751197,24.67050290549284,27.6287777777778,0.6774160870924535,27.50935875277253,26.803428571428594,0.6364846791460141,28.65736163322374,29.210904761904782,0.8369837195475238,29.062002379684476
85,6.261238095238099,2.1599016786712397,5.957636234684806,19.80090476190478,0.5758803520647165,18.34787978495579,25.32574603174605,0.7197555814314771,24.588538556975738,27.600507936507956,0.6722361699045917,27.463019299983085,26.78790476190478,0.6317362791382513,28.63578651045766,29.205746031746056,0.8352917551374217,29.053632098590313
86,6.102317460317464,2.172066396391948,5.832844190091071,19.679650793650808,0.6009757248587404,18.232382681418642,25.265634920634938,0.7382718796993093,24.50689771079692,27.569079365079386,0.665860533776344,27.416477739572297,26.765507936507955,0.627126385107067,28.61389517482975,29.197476190476213,0.832737450900055,29.045036378651815
87,5.952857142857147,2.1743054174551726,5.707415120640171,19.563301587301606,0.6202136809826962,18.11806572960249,25.20638095238097,0.7570688977554181,24.4255870400127,27.537555555555574,0.6615029437733528,27.36974731774124,26.746333333333354,0.6230756357950378,28.591694944642025,29.188031746031765,0.8303437286659953,29.03621633858805
88,5.808142857142862,2.171944531432388,5.589290384724571,19.444507936507954,0.6438570943337579,18.00489172008102,25.1449523809524,0.7771851631225223,24.344612616225362,27.507603174603194,0.6571475157031417,27.322840843003736,26.727000000000018,0.618405132405397,28.569193107435154,29.17979365079367,0.8272080816701749,29.02717322578736
89,5.6735079365079395,2.1656909734637138,5.475263333027748,19.33392063492065,0.6636029616062276,17.892834508856915,25.086111111111126,0.7974893049339293,24.263980190170134,27.479444444444464,0.6535841073933336,27.275770685324165,26.710619047619065,0.6130309739782257,28.54639691172697,29.172428571428593,0.8233606103241815,29.017908409178045
90,5.540492063492068,2.1595106897158987,5.361260947094531,19.21539682539684,0.6897442559195022,17.781920713070658,25.023714285714302,0.8202218479281065,24.183695009911826,27.449031746031764,0.6504523481728993,27.228548780530307,26.690873015873038,0.6058215097601629,28.523313559338305,29.163269841269862,0.8204908110855597,29.008423372290896
91,5.416857142857147,2.147239068908636,5.242489377683017,19.10280952380954,0.709754544351435,17.672181464297523,24.964777777777797,0.8408370538464576,24.103761940667123,27.41780952380954,0.6476224182918825,27.181186640739668,26.670238095238116,0.5983266657452261,28.499950198180102,29.15596825396828,0.820327913313666,28.998719706521076
92,5.283666666666671,2.1433156717532484,5.124532382196269,18.983000000000015,0.7343620634344074,17.56358861253265,24.901873015873036,0.8633069933266098,24.024186009014443,27.384063492063515,0.6436854301447269,27.13369536751031,26.644142857142878,0.5895562348443445,28.476313915491144,29.147698412698432,0.8184249757412764,28.98879910459232
93,5.152619047619051,2.143941746855029,5.012926710697594,18.87177777777779,0.7551304639839953,17.45605576261207,24.841142857142874,0.8851829708666575,23.94497257818952,27.35025396825399,0.6383222306118003,27.086085668989615,26.617936507936523,0.5807976845385424,28.45241173159482,29.138095238095257,0.815678024842918,28.978663354222707
94,5.018888888888893,2.1487121925515664,4.904261817177438,18.75746031746033,0.7823380207976535,17.349532434842597,24.77858730158732,0.9095287980139658,23.86612665707503,27.319888888888908,0.6318624860760087,27.038367884109245,26.592619047619063,0.5742465759650287,28.42825059426251,29.129920634920655,0.8122667816148776,28.96831433198966
95,4.890428571428575,2.1471883510337006,4.79560886718315,18.64823809523811,0.8001281874813041,17.244027451594448,24.720984126984145,0.9299451825672292,23.787652048750726,27.29128571428573,0.6297909478105145,26.99055200900334,26.569698412698433,0.5701465515102597,28.403837373792594,29.121365079365102,0.8095160790169333,28.95775399739212
96,4.760492063492067,2.146032004731366,4.68139432258491,18.538761904761916,0.8211028104913695,17.13955728003881,24.658936507936527,0.9538976028297289,23.70955135074371,27.261777777777798,0.6271864325012394,26.94264771373837,26.54701587301589,0.5658037983891616,28.37917885892341,29.109650793650815,0.8070990653163777,28.94698438711029
97,4.636698412698416,2.1419968652929144,4.576243667366924,18.431952380952396,0.8375851965330134,17.03608614286564,24.594746031746052,0.9775209216069963,23.631826630589785,27.22701587301589,0.6243083310066224,26.894664343714254,26.520619047619068,0.564804046314456,28.3542817536038,29.098396825396843,0.8056020149242364,28.936007609466557
98,4.508333333333336,2.1433670453296836,4.474144115483832,18.31873015873017,0.8592553044680541,16.933564295533007,24.526730158730174,1.0067550795121225,23.55447980517854,27.19130158730161,0.6200549193810397,26.846610913572032,26.490746031746053,0.5665199498830729,28.329152674445826,29.088539682539704,0.8024314148953706,28.924825839094662
99,4.385365079365083,2.137245346751194,4.37185029480512,18.21187301587303,0.8739231388156063,16.83200746005044,24.460761904761924,1.0322229774289449,23.47751236222516,27.155095238095257,0.6159332140028384,26.79849610510891,26.463571428571452,0.5696168926427445,28.303798148540768,29.07884126984129,0.7994393620061621,28.91344131182537
100,4.259333333333337,2.133372538436527,4.270472415013704,18.102047619047635,0.8929647037857144,16.731444191142046,24.398841269841284,1.0542476959109677,23.400925269070314,27.119333333333355,0.611839381350555,26.750328271556814,26.439095238095252,0.5722467601457908,28.278224611366483,29.068714285714307,0.7974252704676144,28.9018563197943
101,4.142126984126987,2.1249922917175286,4.1642508384209975,17.997333333333344,0.9071537936265316,16.631875046421186,24.34571428571431,1.0716668458155545,23.324719488264293,27.087746031746054,0.6116126103464471,26.7021154435908,26.419571428571448,0.5765382978771876,28.252438404690526,29.0579523809524,0.7950762899736779,28.890073206771223
102,4.02530158730159,2.1201502002820733,4.066905558890991,17.893666666666682,0.9283433814394514,16.533257773971368,24.290111111111127,1.090166146515899,23.248896399223185,27.057968253968273,0.6099110763365803,26.653865337000052,26.404555555555575,0.5794920797963823,28.22644577450556,29.045968253968272,0.7921723442078059,28.878094363702974
103,3.912523809523813,2.1095360820525184,3.971309424952345,17.79225396825398,0.9427834352035102,16.435548286771624,24.23600000000002,1.1075227991183267,23.17345761288898,27.02804761904764,0.6096251893615922,26.60558536700601,26.38811111111113,0.5823391724902061,28.20025286907028,29.03561904761907,0.7892668431271297,28.86592222445745
104,3.7983968253968285,2.103346698200141,3.874617011867477,17.687746031746045,0.9619587020603535,16.33875991776618,24.179047619047637,1.1271841956327977,23.09840439465025,26.99880952380954,0.6065946955888708,26.557282669653986,26.374412698412716,0.5822592030543154,28.173865737152695,29.024222222222246,0.7856002420040595,28.853559261754672
105,3.6915396825396853,2.0937560263937085,3.778328850905108,17.589126984126995,0.9788332605853867,16.242908945761307,24.12531746031748,1.1445089575194598,23.023737501197783,26.970158730158747,0.6057735385397439,26.508964122893925,26.361952380952403,0.5805472611674087,28.14729032662264,29.013063492063512,0.783212666121335,28.841007983272295
106,3.579968253968257,2.0875750872177004,3.6777031642645426,17.49009523809525,0.9988739718504098,16.147976367999473,24.061603174603192,1.168197237127556,22.949457591953834,26.935349206349226,0.6040730243065692,26.46063636025504,26.346682539682558,0.5752099970361684,28.120532483540828,29.00004761904764,0.7808148954666639,28.82827092791634
107,3.4726349206349227,2.076781992032103,3.5855948683258263,17.39709523809525,1.0125102416360976,16.053911496871276,24.006174603174617,1.187948739682347,22.87556546826943,26.90526984126986,0.6031855560826753,26.412305778859402,26.331984126984143,0.5726091748040648,28.093597951786123,28.987317460317485,0.7779500172099083,28.815350662252342
108,3.3630476190476215,2.0719732009797416,3.4971844972046426,17.301158730158743,1.0285614257058193,15.960665531447495,23.95126984126986,1.2046666692810073,22.802061767056514,26.874857142857163,0.6016304761070542,26.363978548281164,26.315761904761928,0.5721599294627697,28.06649237312924,28.976047619047637,0.7746635448436636,28.802249777097146
109,3.2587619047619074,2.0641554428787194,3.4068941790818044,17.210952380952392,1.0363170298680593,15.868262356841663,23.903936507936525,1.2186363844232468,22.728946430303193,26.845666666666688,0.6011992443176407,26.315660621341056,26.300000000000022,0.5769753201223023,28.03922128761953,28.96534920634923,0.7711695049674795,28.788970884274175
110,3.1539841269841298,2.0629996382531455,3.3148367896488025,17.11650793650795,1.0507358560809767,15.77673795699603,23.854412698412716,1.2361687619871635,22.656218720930614,26.814396825396845,0.601010649411028,26.26735774111563,26.28457142857145,0.5825001364112492,28.011790134203636,28.95300000000002,0.7688223263299137,28.77551661353512
111,3.0525396825396847,2.0562590363915136,3.220369490207833,17.027873015873027,1.0611205177011798,15.686077084519582,23.809507936507956,1.2506499185203217,22.58387792586694,26.78657142857145,0.6041235532353428,26.219075440332166,26.26822222222224,0.5875457508332844,27.98420425152823,28.94198412698415,0.769027903985016,28.761889609649074
112,2.9493174603174626,2.05144872326791,3.131327981154674,16.937904761904775,1.0746353576573962,15.59621816023818,23.75076190476192,1.271234545863638,22.51192378676428,26.75503174603176,0.6051254664810647,26.17081903883195,26.25215873015875,0.5907631434938697,27.95646887883416,28.932476190476212,0.7683636237825366,28.748092529657367
113,2.852190476190478,2.0422059359075644,3.050291120013995,16.85323809523811,1.0854260481356068,15.507100893728696,23.696730158730173,1.2888501972455082,22.440356100092345,26.72515873015875,0.6063576823557845,26.122593648385504,26.23711111111113,0.5937398657818891,27.928589156807003,28.92196825396827,0.7676209117771164,28.734128040290372
114,2.7507619047619065,2.0391941543025776,2.96791114311266,16.759571428571444,1.103803166709992,15.418756513850704,23.639047619047634,1.310712491096331,22.369173959202048,26.691126984127,0.606304864787721,26.07440418512196,26.21900000000002,0.5914193485209867,27.900570128316602,28.910380952380972,0.7644519979324128,28.719998815539427
115,2.651507936507938,2.0293284529660647,2.8828133687023327,16.670666666666676,1.11437396916811,15.331254084218509,23.586984126984145,1.329517367443953,22.298375686490754,26.657380952380972,0.6067145105850843,26.026255379702636,26.204476190476203,0.5903143409777716,27.872416739115607,28.899206349206366,0.7610619347868522,28.705707534374415
116,2.5535079365079385,2.0220271087129054,2.7955125960038494,16.58034920634922,1.1288740634125696,15.244606061296693,23.53684126984129,1.3519543929157027,22.227959781129893,26.622063492063514,0.6072535898606035,25.978151777825918,26.191238095238116,0.5863522993017507,27.844133838618443,28.887174603174625,0.7596984833394836,28.691256878595684
117,2.463333333333335,2.011688329299638,2.702081297450563,16.4968888888889,1.139746386879396,15.15875888687304,23.47439682539684,1.389997631915126,22.157925721601746,26.60223809523811,0.6115580272635682,25.93009773740299,26.176079365079385,0.5829643681414416,27.815726180780388,28.874444444444464,0.7604430429474287,28.67664953080971
118,2.3723174603174617,2.005816967843978,2.622599127051656,16.407174603174614,1.1560812065377823,15.073615713587017,23.40368253968256,1.4315701123753988,22.088273672509843,26.54849206349208,0.6101639572063581,25.88209743605189,26.157761904761923,0.5804966264616312,27.787198424977948,28.864111111111132,0.7584052022126833,28.661888172520054
119,2.2840158730158744,1.995790326338663,2.546864757824329,16.31634920634922,1.1734536532997075,14.989110502464413,23.485507936507958,1.3330826551010708,22.0190033634087,26.48373015873018,0.6105353550394004,25.834154892150263,26.13142857142859,0.5789227406852663,27.758555136833156,28.850698412698435,0.7554601268600388,28.646975482326912
120,2.192603174603176,1.9927566458006662,2.469411001644487,16.232650793650805,1.1850248653378068,14.905299872615876,23.663428571428586,1.1528511637434036,21.950113075577175,26.44596825396827,0.6122206240127959,25.7862739866259,26.097666666666687,0.5768800366797044,27.72980078910456,28.835968253968275,0.7510031690273641,28.631914134228577
121,2.1004920634920654,1.9880537618206273,2.3892198166697423,16.169126984126994,1.1762503603845846,14.82226130416919,23.839460317460336,0.9854091304869093,21.881599900989375,26.437523809523828,0.6147379035802667,25.73845846858659,26.06928571428573,0.5789558086937688,27.700939762864294,28.823698412698434,0.7475752622570703,28.616706796018065
122,2.0077301587301606,1.9884292857528056,2.305756619477327,16.11820634920636,1.1591054704208714,14.740004240316358,23.93134920634922,0.8928556657483381,21.813461153837693,26.4509523809524,0.6172878510106055,25.690711941163304,26.044238095238114,0.5799643198032958,27.671976349034026,28.809777777777796,0.7449587753503744,28.601356127770813
123,1.9198888888888905,1.983132805338051,2.2208199477887036,16.077888888888904,1.1294448988513992,14.658467661884854,23.88460317460319,0.9040756801700462,21.745695318876614,26.483492063492083,0.6258810028515099,25.64303784370827,26.02217460317462,0.5819562899881664,27.64291475006405,28.794857142857165,0.7430715965378146,28.585864780423183
124,1.83004761904762,1.9787696239051682,2.1478046678994818,16.02963492063493,1.1084374139435582,14.577553554887388,23.679031746031768,1.032410431742959,21.678301663554937,26.4777777777778,0.6270050904673015,25.59543945069532,26.002634920634936,0.5779942671773629,27.613759081392484,28.779571428571447,0.7373403389956403,28.570235394443984
125,1.74688888888889,1.971168264068508,2.0767397731036215,15.967492063492074,1.1021123065074645,14.497242526783467,23.56311111111113,1.0987111532549034,21.611279009708927,26.44169841269843,0.6252934829208778,25.547919890323527,25.97979365079367,0.5779092247563224,27.584513372494058,28.76323809523812,0.7330255832294911,28.55447059859885
126,1.66257142857143,1.9663043411193417,2.004354717807356,15.89646031746033,1.1036569749324099,14.41760849511332,23.488952380952398,1.1317154531811473,21.54462493696803,26.405174603174626,0.6241224359584975,25.500482166397443,25.958111111111133,0.5802528369162087,27.555181567674495,28.746952380952404,0.7296490510631193,28.53857300880095
127,1.5789841269841283,1.9570113137605916,1.9293947035784313,15.825920634920644,1.1028336039148927,14.338713870806137,23.431380952380966,1.154321762297927,21.47833642192825,26.36717460317462,0.6250540441234524,25.45312916516421,25.94274603174605,0.5861241283441249,27.525767526951288,28.732269841269858,0.7277063316785355,28.52254522703639
128,1.4954444444444455,1.9505778205350386,1.8513304266970316,15.753809523809537,1.1077285281437397,14.260557124439147,23.370317460317477,1.1791446739079747,21.412411162858074,26.332777777777796,0.6265526542287085,25.40586364624781,25.931873015873038,0.5891561450200747,27.496275027216598,28.71884126984129,0.727167391470451,28.506389840353165
129,1.4185555555555567,1.941244274189515,1.7684948773446976,15.685174603174616,1.1111285983884664,14.183076305010452,23.296714285714305,1.2161577735469742,21.346848135399835,26.29941269841272,0.6291207618419538,25.358688235181802,25.919587301587317,0.590616726960712,27.46670776357186,28.705349206349226,0.7268094215460994,28.490109419907565
130,1.3432857142857155,1.9356586274432457,1.6974129342947046,15.621904761904775,1.1128050462909682,14.106167692431134,23.19107936507938,1.2791354413033396,21.28164696640631,26.273079365079383,0.6300310957864298,25.311605433401837,25.90538095238097,0.5865482976855049,27.437069350587667,28.68915873015875,0.7243242438502784,28.47370652006734
131,1.2716507936507944,1.9271764036155494,1.6268973452756421,15.512269841269855,1.153192480989683,14.029775590335113,23.13211111111113,1.303055748209878,21.21680665396569,26.24931746031748,0.6314350476895797,25.264617643046595,25.887698412698427,0.5841781587745447,27.407363323412994,28.675126984127004,0.7218136519197723,28.45718367757225
132,1.1981269841269848,1.9201716429980824,1.5584831964075017,15.434000000000012,1.161005970025074,13.953934492709516,23.085301587301604,1.3143880654686855,21.152324595655944,26.2329523809524,0.6310111149661977,25.21772718856555,25.87046031746034,0.5816620498509729,27.377593138934856,28.659714285714305,0.7164452946082398,28.440543410750134
133,1.1255873015873026,1.910591634560856,1.4884550738333917,15.38579365079366,1.141487144908092,13.878700768573012,23.04969841269843,1.3173116294944465,21.08819687657356,26.217190476190495,0.6315936477698691,25.170936317715004,25.852984126984143,0.5840118304368482,27.347762177264926,28.643253968253987,0.7107595552482345,28.423788218784836
134,1.0474603174603183,1.90469818788932,1.4157420336054891,15.347111111111124,1.114861645468242,13.804104634192788,22.994158730158745,1.3330330915735138,21.024419486499777,26.19574603174605,0.6325596959650811,25.12424718054429,25.841555555555573,0.5893765466845522,27.317873743601286,28.628809523809547,0.7076244119517228,28.406920581034857
135,0.9713492063492071,1.893767321418997,1.3414651121244898,15.323666666666677,1.0723288253140435,13.730124545661587,22.919952380952395,1.3618475454181553,20.96098930774125,26.16100000000002,0.6341368622708374,25.07766180328369,25.82607936507938,0.6001509663523892,27.287931070170828,28.615476190476212,0.7094648255018278,28.38994295640565
136,0.895444444444445,1.8852257063733189,1.277615860891571,15.298619047619058,1.035068771290139,13.656700333627805,22.84426984126986,1.3930922092604454,20.89790419709831,26.118460317460336,0.6352009165087728,25.031182077230625,25.81066666666668,0.6095747306358589,27.25793731780598,28.60261904761907,0.7102869401973886,28.372857782780926
137,0.8220476190476198,1.8748437929388668,1.209225492594662,15.21615873015874,1.0495981674798818,13.583819717631023,22.77285714285716,1.42463687487221,20.83516227219639,26.07611111111113,0.6364996945593142,24.984809769073404,25.790412698412712,0.6203355164225633,27.22789557689814,28.591174603174622,0.7102151049779759,28.35566747651419
138,0.7471904761904767,1.8674778645145995,1.139216185267726,15.149222222222233,1.0510394906158216,13.511513959805095,22.70623809523811,1.4571797578064456,20.772761251531037,26.035079365079383,0.6373392064249304,24.938546542505687,25.765587301587317,0.6317040089317771,27.197808867846785,28.576761904761923,0.7080507511564078,28.33837443197325
139,0.6751428571428576,1.8575377756744145,1.0727726746824051,15.081444444444456,1.0518145751408432,13.43977192661407,22.648539682539695,1.4817743549889948,20.7106986200299,25.997285714285734,0.6394785119108906,24.892393975578255,25.738428571428585,0.64460096875441,27.167680141388843,28.56111111111113,0.706752399461524,28.320981021123135
140,0.6000793650793653,1.8503141712627935,1.0054271057879574,15.000603174603185,1.0651435058632444,13.368570770113768,22.585730158730172,1.5076560008941033,20.648972021718617,25.958761904761925,0.6410618175872392,24.84635356772651,25.708777777777794,0.6542087685706902,27.13751227916677,28.54526984126986,0.7056519071104161,28.303489593131985
141,0.5279682539682543,1.841874651009878,0.935451988008187,14.922698412698423,1.0751271416080637,13.297902302037896,22.525888888888904,1.531727465633019,20.587579194869054,25.920158730158747,0.6433342617063159,24.800426742191558,25.67955555555557,0.6592413952287662,27.10730809466075,28.529158730158752,0.7076005585897329,28.285902473990063
142,0.4534761904761908,1.8396558316672054,0.8799809404888105,14.842301587301598,1.0924374493538842,13.22774779732489,22.466936507936524,1.5610814332925185,20.52651779090817,25.881460317460338,0.6461285312236061,24.754614849444966,25.656428571428588,0.656217969451915,27.077070334403704,28.514571428571447,0.7068032250505082,28.268221966141017
143,0.38242857142857184,1.8352389356346064,0.8184426783332261,14.766587301587313,1.1054568511869804,13.158130589969673,22.412523809523822,1.5871049614723538,20.465785305134172,25.847650793650814,0.6504649196851382,24.708919170982636,25.637936507936526,0.6533912732495604,27.046801679350793,28.499904761904784,0.7055524753981371,28.25045034813078
144,0.3110952380952381,1.8355124890628431,0.7528718397169883,14.68977777777779,1.124218638316059,13.08911376901608,22.35758730158732,1.6142869366791595,20.405379197816014,25.814428571428593,0.6530204535648167,24.663340921297124,25.62388888888891,0.649931821142834,27.01650474632204,28.487063492063513,0.7016578760381028,28.232589874281718
145,0.24603174603174624,1.8328822620384932,0.6841647411829372,14.61715873015874,1.1391205935419644,13.020693120431384,22.304301587301605,1.6359719915135724,20.345297491422798,25.782634920634937,0.6570967975193273,24.617881248308407,25.61703174603176,0.6477078004855094,26.986182089470855,28.47492063492066,0.700395132153176,28.214642774398484
146,0.18098412698412714,1.8310377680119334,0.6181812492053105,14.540126984126994,1.1583642193416754,12.952794549018437,22.24876190476192,1.6587740742268948,20.28553917390637,25.748333333333353,0.6613486375643078,24.572541236830332,25.605428571428586,0.6468077311834395,26.955836201733675,28.462968253968274,0.698979161332311,28.196611253509435
147,0.11753968253968276,1.8254395603003137,0.5532257649985247,14.466698412698426,1.1723955108290225,12.88533984907743,22.198031746031763,1.6795788842805337,20.226103585791535,25.713841269841293,0.664790980587884,24.527321921107625,25.592317460317478,0.6437067415450981,26.925469516237442,28.448333333333352,0.6984969956342355,28.17849749164532
148,0.0528412698412701,1.8217678435623317,0.498266743672888,14.390507936507946,1.1897165469476885,12.818295965770226,22.149365079365094,1.7029779089516786,20.16698927728527,25.67933333333335,0.6661714878671763,24.482224303812327,25.57533333333335,0.6340339882542001,26.895084407724912,28.43500000000002,0.6971048064036798,28.16030364365474
149,-0.006761904761904747,1.8165518430915926,0.4454628662524253,14.321000000000012,1.202750382033398,12.7516898776775,22.104079365079382,1.7236291921665425,20.108193405434594,25.64958730158732,0.6677333984521183,24.437249367861725,25.559968253968268,0.6233469703562013,26.864683194151954,28.419555555555576,0.6966636202633515,28.14203183905487
150,-0.06853968253968253,1.8163233810614734,0.38726035591584584,14.248190476190487,1.2221312397593687,12.685636506339401,22.05558730158732,1.7452837440343996,20.049712132524068,25.619968253968278,0.6688483837865102,24.392398069184708,25.54309523809526,0.6104893320032683,26.83426813857928,28.40558730158732,0.6934425630932972,28.12368418191694
151,-0.13096825396825404,1.811908512674369,0.32528581540337625,14.176904761904773,1.2354584892906757,12.62020500286055,22.005873015873032,1.7646314331140647,19.9915419674879,25.588571428571452,0.6724403729533388,24.34767131300559,25.526349206349227,0.6017042339345754,26.803841451269744,28.39096825396828,0.6915425986769231,28.10526275078836
152,-0.19261904761904766,1.80977257082913,0.2597714214403198,14.102761904761914,1.2507035410898288,12.555356506155986,21.951777777777796,1.7851463571659614,19.93368116115984,25.553888888888906,0.6781650636943197,24.303069930835843,25.50706349206351,0.5992246037375013,26.77340529166048,28.37700000000002,0.6903689248920025,28.086769598656115
153,-0.2519523809523811,1.8034312624040265,0.19257739830220064,14.033873015873027,1.2617946493837287,12.49099018033039,21.90063492063494,1.8041283304559708,19.87612970643571,25.51965079365081,0.6859036253882437,24.258594678934433,25.488174603174617,0.6005294472646605,26.742961769839457,28.363444444444465,0.6891528623422235,28.06820675295475
154,-0.31069841269841286,1.7987805765601967,0.12761615986171185,13.961142857142868,1.2762421536563768,12.426991529023146,21.84647619047621,1.8245881242431845,19.818887915108238,25.484142857142874,0.6918630412704817,24.214246264581586,25.467365079365095,0.6000736918296823,26.71251294741772,28.348777777777798,0.6886999865353329,28.049576215616508
155,-0.3681428571428573,1.790467473594115,0.068224967213812,13.891682539682549,1.2842916904397261,12.363287724287877,21.797492063492076,1.8404617255090492,19.761954715313742,25.45273015873018,0.6965018413951025,24.170025383086813,25.45085714285716,0.6001295104619393,26.68206083810391,28.3337777777778,0.6905361207343197,28.030879963153264
156,-0.4254761904761906,1.7851228825969607,0.013398310216887865,13.821000000000012,1.2973491430381425,12.299932696368037,21.751476190476208,1.8552689831935443,19.705326709017847,25.42179365079367,0.6998659532237121,24.125932737863945,25.43609523809526,0.5992950753189861,26.651607408527223,28.320746031746054,0.691006646996248,28.012119946755366
157,-0.48122222222222266,1.7788840626045492,-0.04070537071900197,13.753000000000009,1.3075058931491688,12.237092384662754,21.708000000000013,1.8689802966340647,19.64899871413063,25.39349206349208,0.7027225385871357,24.081969026530427,25.424158730158748,0.5974414593113758,26.62115457968302,28.306777777777796,0.6910808738855685,27.993298092396433
158,-0.5348571428571433,1.7782928380864114,-0.09760145930697121,13.682460317460327,1.3243242696662365,12.174848592885906,21.661238095238115,1.8860520532834284,19.592965900195242,25.362222222222243,0.7066761777551315,24.03813489881374,25.410888888888906,0.5935297468052104,26.590704228879805,28.2923650793651,0.6897087280175981,27.974416300943158
159,-0.5875238095238099,1.7748206241537186,-0.1579851251446379,13.614920634920644,1.3371076029058224,12.113167560116125,21.615349206349222,1.9000567728983357,19.537225804779023,25.331841269841288,0.710159643903167,23.99443091410858,25.39638095238097,0.5901911607250963,26.56025819159824,28.277984126984148,0.6880843775346219,27.955476448279214
160,-0.6430476190476195,1.7729969480026215,-0.22178256765676965,13.543126984126994,1.351177869833742,12.051954243232856,21.566126984127,1.9130089751165047,19.481778361963094,25.298920634920652,0.7130382028404961,23.95085753140299,25.379206349206367,0.5833661424743792,26.529818262592926,28.261619047619064,0.6852390223583751,27.936480385454207
161,-0.6999523809523817,1.7684602635354036,-0.286746614038319,13.47420634920636,1.3610256048851315,11.991090139099994,21.51952380952383,1.9253159739105983,19.426624284029305,25.26896825396827,0.7162801791453774,23.907415141215637,25.35765079365081,0.5805669488623713,26.499386195990912,28.2459523809524,0.6846221527700475,27.91742993885974
162,-0.7555555555555563,1.7661842271869104,-0.34500262811068155,13.40538095238096,1.3742288889790573,11.930467953441083,21.471301587301607,1.9407405453067488,19.37176314848204,25.237984126984145,0.7190993129391029,23.864104116800927,25.334126984127,0.5796753987372899,26.468963704805887,28.232269841269858,0.6822519856936066,27.89832691042072
163,-0.807476190476191,1.7607516657869253,-0.40677799654439006,13.338920634920646,1.3836653516080462,11.87011977986572,21.42704761904763,1.9516423947632013,19.317192107543704,25.20996825396827,0.7213112253735116,23.820924849548277,25.31369841269843,0.5769404703904922,26.438552460692865,28.219555555555576,0.6818496083338205,27.879173077781076
164,-0.8572063492063496,1.7576505203611668,-0.45821819066838954,13.272777777777788,1.3972152515119856,11.810214943368857,21.382571428571442,1.9651395621853984,19.26290602880039,25.18063492063494,0.7242265216586055,23.777877745901318,25.295095238095257,0.5711773971785112,26.40815409459339,28.205365079365098,0.6795967371314239,27.859970194466072
165,-0.9061746031746036,1.7530091468771707,-0.5109162327428358,13.208349206349217,1.4070375735687088,11.750835967228246,21.33696825396827,1.9767199188150482,19.208899590341804,25.150444444444464,0.7272182528314304,23.7349631873782,25.276571428571447,0.5677629032313702,26.377770198296503,28.191634920634943,0.6794083807220921,27.840719990018695
166,-0.9555873015873021,1.7505159533830679,-0.5661867882196422,13.139888888888898,1.4189622176105685,11.691963501531694,21.290301587301602,1.9903541100128783,19.1551695287135,25.116571428571447,0.7313873629471328,23.69218148080037,25.25833333333335,0.5658116725805695,26.347402326301324,28.17684126984129,0.6776965913608032,27.821424170123606
167,-1.006349206349207,1.7463923220036333,-0.6243664377668654,13.075365079365087,1.42804284039151,11.63352876716953,21.24517460317462,2.0058288161901836,19.10171493411839,25.084539682539702,0.7376479598857499,23.649532835873952,25.236095238095256,0.570653142522054,26.317051997137725,28.161904761904783,0.6780962686143406,27.80208441673994
168,-1.058333333333334,1.7476050747678955,-0.6858605358781246,13.007666666666674,1.440813435794146,11.575439382795587,21.199238095238112,2.0233885031722094,19.04853594684401,25.0539523809524,0.7413558797489894,23.60701738596221,25.211285714285733,0.5757316400813661,26.286720693659333,28.14704761904764,0.6756992218417757,27.78270238825657
169,-1.1119206349206359,1.7480066185726968,-0.7461047244968609,12.942666666666675,1.4518711363871897,11.517593151380566,21.157746031746047,2.0374365369196936,18.99563212943549,25.02549206349208,0.7471111293218469,23.564635233987882,25.184952380952396,0.5844029480970487,26.25640986253482,28.134095238095256,0.6745896700795831,27.76327971966747
170,-1.1678571428571436,1.7477991663592045,-0.8025928562595026,12.873285714285723,1.4645800937797828,11.459964932323613,21.111666666666682,2.053222272779092,18.943001226359826,24.99620634920637,0.7537179753357144,23.52238649094402,25.156238095238113,0.5930183965056269,26.22612091369648,28.119000000000018,0.6737697352097798,27.74381802274968
171,-1.221492063492064,1.7438242728939732,-0.8531246510904728,12.807809523809533,1.4731260838114804,11.402714648443405,21.066523809523826,2.0652935113396995,18.890638830014527,24.965650793650813,0.7607298114685273,23.480271283872355,25.125047619047635,0.604423610543644,26.195855220476123,28.104190476190496,0.6749918635606031,27.72431888622422
172,-1.273825396825398,1.7408095677359987,-0.9054604311785188,12.742460317460328,1.483167712054551,11.345959754525834,21.022936507936524,2.0774589081354145,18.838539856259747,24.935126984127,0.7650440258913392,23.43828972949977,25.094460317460335,0.615026583091165,26.165614120640658,28.08785714285716,0.6758057138052266,27.70478387589104
173,-1.3217936507936519,1.7346944904820119,-0.9575004355109772,12.682777777777787,1.4897266953566193,11.289674340592015,20.98065079365081,2.0883246579608072,18.786700927509557,24.90717460317462,0.7699147390895773,23.396441891673614,25.0637142857143,0.6246055995193045,26.13539891792367,28.07314285714288,0.677294446452774,27.685214534745636
174,-1.3686190476190483,1.7309030850385365,-1.0108393814635905,12.61938095238096,1.5002852948644134,11.233773108612986,20.936793650793664,2.1006574258577464,18.735121050175703,24.879698412698428,0.7721218285774496,23.35472775626253,25.03168253968256,0.6294876681586539,26.1052108833255,28.05874603174605,0.6772536658009074,27.66561238309542
175,-1.4191587301587312,1.7226381151703762,-1.0665268395786789,12.558285714285724,1.508678550339327,11.178176671404382,20.898634920634937,2.112379373010515,18.68380026905042,24.85252380952383,0.776819450584076,23.313147245264386,24.99817460317462,0.6322858722826533,26.075051255643075,28.045301587301612,0.6784784521840816,27.64597891869198
176,-1.4720634920634932,1.7174547448784407,-1.1242096240814292,12.490746031746042,1.5203058346726777,11.122812573712245,20.85477777777779,2.124538623219647,18.632737969206417,24.821444444444467,0.7810329780000387,23.271700257689968,24.964047619047637,0.632789477075757,26.04492124128595,28.028746031746053,0.6787148221276478,27.62631561688252
177,-1.5227301587301598,1.7123776882425013,-1.1772547219749943,12.426666666666675,1.53208539599456,11.06765157235659,20.812634920634935,2.137538189239211,18.581931878135446,24.790539682539702,0.7866776476679562,23.23038670480207,24.930047619047638,0.6347961070341163,26.014822013985533,28.011174603174624,0.6786510687508378,27.60662393077043
178,-1.5756507936507944,1.711268984162106,-1.2297971880157992,12.358920634920644,1.5466918165749173,11.012823719240826,20.766793650793666,2.1530630486726574,18.53137792004757,24.756936507936526,0.791165424484012,23.189206516545426,24.899936507936527,0.6389928638651196,25.984754715059328,27.991920634920657,0.678352307886928,27.58690529136956
179,-1.6249206349206358,1.709793418261918,-1.2764117882606234,12.295126984126995,1.5565695176057301,10.95845047621016,20.72138095238097,2.1646876033869185,18.48107141423739,24.725682539682555,0.7959548164254562,23.148159617374912,24.874888888888904,0.6477159138185946,25.954720454445763,27.97388888888891,0.678238990878434,27.567161107744255
180,-1.6704603174603188,1.707719577670375,-1.3253697236262065,12.231841269841278,1.5675890682906808,10.90454245205352,20.677730158730174,2.176424139158016,18.431009169338576,24.69596825396827,0.7995006521379211,23.107245888645878,24.85203174603176,0.6565507295085741,25.92472031215495,27.956079365079386,0.6776900744342133,27.547392767140508
181,-1.71488888888889,1.7016281040032188,-1.377798379421827,12.172650793650803,1.5764974645497933,10.851040259733571,20.638603174603187,2.1876113476610124,18.381190372611815,24.66673015873018,0.8033753982331462,23.066465146466985,24.828365079365096,0.6641731516017815,25.894755339492047,27.940888888888907,0.6785407246372049,27.52760163512257
182,-1.7601428571428581,1.6995849275414068,-1.4324177959266364,12.109634920634926,1.5891002917416535,10.797846472660183,20.59814285714287,2.199986949215741,18.331615673932117,24.63476190476192,0.8084837674731477,23.025817155337506,24.806396825396842,0.6708374299297937,25.86482655958345,27.923603174603198,0.6779505877983251,27.50778905572771
183,-1.8040000000000012,1.6937422602902947,-1.4862819575605826,12.050841269841278,1.5980352927661463,10.744849806777422,20.56060317460319,2.211479334646531,18.28228549863628,24.605746031746047,0.8138521398992231,22.985301669803277,24.78460317460319,0.6736539914350436,25.834934967269437,27.907825396825416,0.6776951765584314,27.487956351640804
184,-1.8499523809523826,1.6903671087095578,-1.5367193327052053,11.989682539682548,1.6093203192331547,10.691988919989114,20.520793650793667,2.223766176344689,18.23319853681058,24.57631746031748,0.8173973043982921,22.944918475443902,24.763285714285733,0.6764070852478885,25.80508152893965,27.89211111111113,0.6763850068567672,27.468104824378802
185,-1.893476190476192,1.6871446072953944,-1.5877145314917713,11.930190476190484,1.6180354623337576,10.639400162795965,20.47966666666668,2.233797385707364,18.184351060971306,24.547539682539703,0.8217861592650414,22.90466740230796,24.73990476190478,0.680184816043267,25.77526718298067,27.87593650793653,0.6750461417746325,27.44823575447089
186,-1.9352539682539696,1.6840635169735476,-1.6373416773458296,11.869253968253977,1.6294235040824532,10.587250212973379,20.440047619047633,2.244622673319111,18.135738027402592,24.517698412698433,0.8268218055058572,22.864548301078894,24.714523809523826,0.6828473068296038,25.745492841104703,27.85831746031748,0.6738837226146202,27.42835040162821
187,-1.977619047619049,1.680552940759947,-1.6796828806281365,11.812714285714293,1.6384460216422227,10.535533948271109,20.400698412698425,2.2539874242421987,18.08735570070936,24.48885714285716,0.8310371990186026,22.824560995546864,24.6889523809524,0.68425057127727,25.715759390221553,27.842095238095258,0.6725277038692579,27.408450004910197
188,-2.0198253968253983,1.6812157123953315,-1.7243010552452969,11.752920634920644,1.6510296282039765,10.484186351281691,20.365269841269853,2.2653120769546256,18.039202976270527,24.458222222222236,0.8361216238481487,22.784705245643227,24.666920634920654,0.6862523915609723,25.686067694106672,27.825301587301606,0.6718453138367214,27.38853578290467
189,-2.0612698412698425,1.6810201904874342,-1.771992837223381,11.697238095238104,1.6610659674281916,10.433164632666655,20.330428571428584,2.2770361106007084,17.99128034306035,24.430476190476213,0.8416881373970536,22.744980750804213,24.647730158730173,0.6899296738802282,25.656418594203576,27.81057142857145,0.674061708374613,27.368608933936752
190,-2.1052063492063504,1.6836447993955328,-1.8231987349489585,11.637730158730166,1.6745564330345786,10.382412388235657,20.29309523809525,2.291917496394597,17.9435883364159,24.40330158730161,0.8471788425011917,22.705387189069977,24.630634920634936,0.693041423337799,25.626812909477476,27.796952380952405,0.6742874971952034,27.348670636309226
191,-2.146555555555557,1.6820631775090304,-1.8764132483950011,11.578968253968261,1.683228924341843,10.331848378075454,20.25365079365081,2.3050759559635803,17.89612659378078,24.37622222222224,0.8535446832644727,22.66592426088734,24.610984126984146,0.699119557700025,25.597251435897096,27.782571428571448,0.6755851185872431,27.328722048560632
192,-2.1887619047619062,1.680822798863444,-1.9245077957543817,11.51884126984128,1.6944248455801243,10.281480371238837,20.213206349206363,2.3189235754989412,17.84889324908842,24.34717460317462,0.8596095130878811,22.626591711801712,24.59039682539684,0.7050143693733681,25.567734946339638,27.767809523809547,0.6756134934950543,27.308764309720342
193,-2.229666666666668,1.6780327675614175,-1.967689640931324,11.463460317460326,1.70469799413174,10.231470553734757,20.172936507936523,2.3311750112294454,17.801884889984706,24.321380952380967,0.865814508229459,22.587389326315304,24.57600000000002,0.7063720297721642,25.538264191370455,27.75358730158732,0.6744729418643364,27.28879853954541
194,-2.267428571428573,1.6769782030259193,-2.01868970954189,11.4070634920635,1.7178105581322531,10.181888952156143,20.135111111111126,2.34557105368847,17.755098070916826,24.293936507936525,0.8724389988717443,22.54831689824665,24.56596825396827,0.7071246971818893,25.50883990077402,27.738539682539706,0.6731963637507987,27.268825838739676
195,-2.3033492063492083,1.6734276550404183,-2.0651604479134096,11.354047619047627,1.7260826845381534,10.132681735993751,20.100634920634935,2.3572838172271395,17.70853118997996,24.267857142857157,0.8782327040936719,22.509374195744584,24.56126984126986,0.7088974620782582,25.4794627852859,27.725412698412715,0.6739953001698507,27.248847289169518
196,-2.339190476190478,1.6741047428695333,-2.105581956402439,11.299825396825405,1.7355959404716037,10.083741030279931,20.06650793650795,2.3699303500730857,17.6621844924184,24.241634920634937,0.882970115857612,22.47056094786902,24.559682539682555,0.7063045880325561,25.45013353789352,27.71250793650795,0.6732453054946779,27.22886395409488
197,-2.3721428571428587,1.6737317636434093,-2.1484372874515114,11.25049206349207,1.7456268915189348,10.035006294890108,20.032857142857157,2.3818411085787203,17.616058432823746,24.217571428571446,0.8862470645426315,22.431876864177408,24.55822222222224,0.7037865786223328,25.420852834381503,27.699047619047636,0.6737042696411598,27.20887687842718
198,-2.4060634920634936,1.6771933851066807,-2.1936459440045746,11.197301587301595,1.7596356062026821,9.986466738169455,19.996571428571443,2.395605296571508,17.570152159299816,24.192126984127,0.8896249671982782,22.39332166860012,24.557539682539698,0.698338091072788,25.391621333332665,27.6859523809524,0.67349979307896,27.188887089011576
199,-2.4395714285714303,1.6778771413414435,-2.2404706262262772,11.146000000000008,1.7712998828917366,9.938100942903498,19.961841269841283,2.406970309915417,17.52446322951207,24.169412698412717,0.8938321978897261,22.354895117611225,24.560111111111127,0.6941952508907608,25.362439676158385,27.672984126984147,0.6726987997856522,27.168895594920446
200,-2.4700793650793673,1.6784518724356219,-2.2850249166788412,11.093619047619057,1.7845986330766768,9.8899812333062,19.928587301587314,2.4196129831355746,17.478988067154724,24.147714285714304,0.8986233314978649,22.316596989292524,24.56069841269843,0.6910272821759751,25.333308487613863,27.658666666666686,0.6714884083434963,27.148903387743484
201,-2.498190476190478,1.6772537187429462,-2.32889016445778,11.043222222222232,1.793787153195725,9.84230396463393,19.898841269841284,2.431446406641503,17.433722786145218,24.125365079365096,0.903770890142789,22.27842705227373,24.556047619047636,0.6921540080241433,25.304228376774876,27.645841269841288,0.6716238494217716,27.12891144186789
202,-2.5289365079365096,1.677280016640099,-2.3784120155611226,10.989777777777784,1.8033825262975147,9.795095619404275,19.86493650793652,2.445246365936051,17.388665047033054,24.100174603174622,0.9098102774714607,22.240385032741546,24.54582539682541,0.6954382046941704,25.27519993802795,27.630746031746053,0.6725684135083059,27.108920714752955
203,-2.561428571428573,1.6740047344903177,-2.424355462047625,10.940349206349213,1.811069971292416,9.748239404579516,19.82719047619049,2.4556156832810427,17.343815401750266,24.0749523809524,0.9144749965277228,22.20247060025206,24.53222222222224,0.6977477839575249,25.24622375155015,27.615920634920656,0.6730714036315129,27.088932147207487
204,-2.5958730158730177,1.672679310970714,-2.4706403612245285,10.888126984126991,1.8202668074875512,9.701585360412317,19.787952380952394,2.465847836604682,17.299176123183084,24.047158730158745,0.9187960385710371,22.164683389838775,24.520269841269855,0.6961142350352384,25.217300383038523,27.60258730158732,0.6721640598139859,27.068946663673586
205,-2.6310634920634937,1.669528412586429,-2.5086883115872296,10.836015873015882,1.82739539156352,9.65502548108671,19.74866666666668,2.474813845813171,17.25474865332583,24.01865079365081,0.9231772972985303,22.127023053608514,24.50542857142859,0.6974702755934162,25.188430382946724,27.58722222222224,0.670040598680462,27.048965172510027
206,-2.6656984126984145,1.6685808529969899,-2.54926802252321,10.779507936507946,1.8372938999462083,9.608529947979505,19.707952380952392,2.4850621267884834,17.210531741978926,23.991158730158748,0.9289222025023631,22.089489306664035,24.487571428571442,0.6954434747743349,25.15961428592348,27.570142857142873,0.6683429469849911,27.028988566260892
207,-2.698587301587303,1.6666158360351546,-2.591940725447822,10.725190476190484,1.8438792737774532,9.562128381754933,19.669888888888902,2.4943240783750844,17.166521206325644,23.964269841269857,0.9345860253613395,22.05208193276098,24.46542857142859,0.6953894828654071,25.13085261115747,27.553873015873037,0.6681785975291491,27.009017721896594
208,-2.7314126984127007,1.6653157668822332,-2.6316461327570937,10.668587301587309,1.8529755536348451,9.51591733962262,19.631285714285728,2.5042930107615335,17.122711057594145,23.93615873015875,0.9388070469770498,22.01480074278202,24.44185714285716,0.694513850318481,25.102145863794604,27.535793650793675,0.667136717697941,26.98905350102704
209,-2.7653968253968273,1.6640363555804238,-2.66918756143273,10.615333333333341,1.861848544395483,9.470155727598176,19.59128571428573,2.5135958353386094,17.0790952622705,23.91044444444446,0.942482515093646,21.977645507770358,24.419111111111125,0.6940572763810309,25.073494536846656,27.52006349206351,0.6651429243789251,26.969096750102285
210,-2.8005873015873033,1.6641581449242486,-2.708802623899953,10.561904761904769,1.8735386510818266,9.424950400671158,19.551412698412715,2.523744044423618,17.03567023614431,23.881666666666685,0.9453217799107855,21.940615899843518,24.39696825396827,0.6932838386819474,25.044899112580605,27.504095238095257,0.6636223455670437,26.949148300624795
211,-2.8354285714285736,1.6610793791097729,-2.758037538201727,10.51044444444445,1.8807968777057529,9.380219278641333,19.51180952380954,2.5336066860817485,16.99243683409055,23.853111111111122,0.9496762929948535,21.903711471842655,24.37057142857145,0.6960191812588741,25.016360062540215,27.48626984126986,0.6643538079302052,26.929208969390363
212,-2.8727619047619073,1.660603174982485,-2.8058977408412957,10.457126984126992,1.8900978435389728,9.33578692667673,19.473269841269857,2.543402407851352,16.949399455792307,23.824174603174622,0.9551758123254054,21.86693169586685,24.347428571428583,0.6961675218242604,24.98787784600566,27.46866666666668,0.6651560475928063,26.90927955875556
213,-2.908126984126986,1.658929524283866,-2.8550562196600175,10.40742857142858,1.8963889161748397,9.291454727386574,19.434793650793665,2.5564743603648417,16.906562938045735,23.794698412698427,0.9621569889070072,21.830276051397686,24.324476190476208,0.6962933761055509,24.95945290753849,27.451460317460334,0.6664360748219879,26.88936085690659
214,-2.9440952380952408,1.6603167370783594,-2.8989540320089144,10.353936507936515,1.9051919419976728,9.247068126969019,19.396380952380966,2.5710934968342456,16.86392937137227,23.762634920634937,0.9681311575771159,21.79374411800664,24.300698412698427,0.6948617389314151,24.931085674901826,27.430777777777795,0.6652297384650453,26.86945363809346
215,-2.982079365079367,1.6608999885552629,-2.935870121898811,10.299682539682548,1.9114777016829803,9.20255599449884,19.356968253968265,2.5835315790121656,16.82149626944113,23.73147619047621,0.9745278303175815,21.757335620230972,24.279428571428586,0.6941417339330676,24.902776558668464,27.412079365079382,0.6648588426690544,26.84955866280028
216,-3.0195714285714312,1.660923253166761,-2.971532740722944,10.243253968253976,1.9192106877295136,9.158065521887929,19.317000000000018,2.5923765565373342,16.779256569763433,23.698650793650813,0.9799411903055952,21.721050398146602,24.255952380952397,0.6930809691376622,24.874525954079434,27.393777777777796,0.6638670247540599,26.82967667784881
217,-3.0506666666666686,1.658870708634867,-3.0052895116256537,10.19274603174604,1.926194307358471,9.113987777107363,19.28255555555557,2.5993921158867224,16.737200772805675,23.67163492063494,0.9857382196823391,21.68488831404694,24.230206349206366,0.6950281235076878,24.846334244548398,27.378571428571448,0.6650941561790509,26.809808416465028
218,-3.082730158730161,1.658814095772516,-3.0392279662002433,10.141603174603183,1.938653483295632,9.070494759399457,19.24787301587303,2.605915727201071,16.695321507963794,23.6439523809524,0.991540144370724,21.648849135212217,24.20747619047621,0.696365039565855,24.818201805269855,27.36357142857145,0.6653594706965962,26.789954598360413
219,-3.1106666666666687,1.6567160618523018,-3.0773646238445505,10.094428571428578,1.947234768430928,9.027535542052922,19.211936507936525,2.61577092130095,16.65361743630245,23.618571428571446,0.9975849890007711,21.612932451723207,24.184603174603193,0.6995024699508725,24.79012900518354,27.34980952380954,0.6664320063199396,26.770115929877154
220,-3.1371746031746053,1.6563221800945371,-3.120443291286048,10.046095238095246,1.9561141897537617,8.984988334864129,19.175936507936523,2.62596307990074,16.612092839782463,23.59292063492065,1.001595896750785,21.577137683018176,24.16525396825399,0.7031940525455265,24.76211620621798,27.33441269841272,0.6668212436063103,26.750293104217576
221,-3.1650317460317487,1.6558615691401282,-3.164114686163297,9.998301587301594,1.9628693430020139,8.942682784639464,19.141015873015885,2.6374863637986823,16.570754285747757,23.565968253968276,1.0077226948572764,21.54146417693398,24.151936507936522,0.7050654378176107,24.73416376007307,27.31911111111113,0.6691126626764682,26.73048680173596
222,-3.1957460317460344,1.657435854715607,-3.209939406082677,9.947460317460324,1.9734480449692617,8.900443675272408,19.105095238095252,2.6488319259976554,16.52960716222711,23.5377142857143,1.0143866348182828,21.505911344733402,24.14190476190478,0.7037563949919492,24.706272004175418,27.30373015873018,0.6715686656352722,26.71069769023516
223,-3.2238571428571454,1.658257382004841,-3.25846032411183,9.900349206349214,1.979960741064127,8.858136640418513,19.070015873015887,2.6592408828111687,16.488653223731053,23.511793650793667,1.0202038805669749,21.470478760976032,24.13455555555557,0.7002164185120503,24.678441258997655,27.289253968253988,0.6732626657048496,26.690926425202463
224,-3.252952380952383,1.6612426545265584,-3.2985522546829196,9.85153968253969,1.9920835860619404,8.815670731923296,19.034396825396836,2.670965634326487,16.447889523811902,23.48601587301589,1.0249055721610727,21.43516618644384,24.12614285714287,0.6935205578584803,24.650671828266837,27.273095238095255,0.6732011224907095,26.671173649944574
225,-3.280603174603177,1.6622780865841376,-3.331879490249905,9.805666666666674,2.0028529862813427,8.773200652927526,19.00361904761906,2.6803798468136657,16.40730867971693,23.464015873015892,1.0288427513004614,21.39997351118812,24.116047619047634,0.6870028880972548,24.622964002133596,27.258777777777798,0.6728250165514472,26.65143999563036
226,-3.3060793650793676,1.6647217664182814,-3.3622905180436375,9.758444444444452,2.01513514479835,8.731092933834564,18.97036507936509,2.6876084354482845,16.366900885244334,23.442412698412713,1.0311850261107767,21.364900642763843,24.10585714285716,0.6839433497512307,24.595318061983395,27.24642857142859,0.6716264416306919,26.631726081296264
227,-3.329825396825399,1.6646810669535848,-3.3934208256551064,9.713571428571436,2.0242589340418835,8.68948554529795,18.93876190476192,2.693912397478992,16.326658388912225,23.420349206349226,1.035683124630061,21.32994738071008,24.09339682539684,0.6846304360479578,24.567734284869243,27.23426984126986,0.6714906581298473,26.612032513889897
228,-3.35693650793651,1.6663286710186893,-3.428419533920772,9.666571428571435,2.0345496375152003,8.648351325848951,18.90544444444446,2.7024590132538506,16.286579081148062,23.397603174603194,1.0392735122952608,21.295113331244654,24.080476190476208,0.6822797208886553,24.540212945705296,27.219857142857162,0.6722465843301941,26.592359888412005
229,-3.383841269841272,1.667336195753558,-3.466942693018335,9.621523809523817,2.040453806808014,8.607597577053248,18.87114285714287,2.713692980811264,16.246666062546684,23.37357142857145,1.0430287182189575,21.260397910662046,24.067253968253983,0.6775986657875358,24.51275431626628,27.206126984127,0.671107639912335,26.572708788173998
230,-3.409206349206352,1.6714453384799437,-3.5061277644157105,9.578714285714293,2.0500984501552124,8.567075358926237,18.83392063492065,2.7330401112470106,16.20692479098594,23.347571428571445,1.0474702452041584,21.225800437984002,24.04879365079367,0.6741859380114262,24.485358661422993,27.1909523809524,0.6689415715536626,26.553079785136248
231,-3.4354920634920654,1.6749608148152435,-3.548312936947108,9.537587301587308,2.0571300420921648,8.526635796292352,18.804111111111126,2.744747959705571,16.16736004569366,23.322079365079386,1.053057665186533,21.191320263395813,24.032857142857157,0.6718064404454877,24.458026234352122,27.175984126984147,0.668173763802812,26.533473440254255
232,-3.463857142857145,1.6800243663423935,-3.5923594613195484,9.491444444444452,2.0681850506857646,8.486159933877964,18.77623809523811,2.750763456314011,16.12797366944132,23.300222222222242,1.054875103149729,21.156956867910058,24.021190476190494,0.673257001016692,24.43075727294347,27.161126984126998,0.6669361118382133,26.513890303753556
233,-3.4912222222222247,1.6818337273853587,-3.6354128329218707,9.444936507936514,2.0771568917841585,8.445626243084515,18.74877777777779,2.753110221442001,16.088763541830584,23.28147619047621,1.0596581445069713,21.122709895654594,24.010619047619063,0.6851359934743209,24.40355199897134,27.145333333333355,0.6686450616305589,26.494330915283097
234,-3.5184444444444467,1.6846626197411878,-3.673884821061159,9.394873015873022,2.086186454913886,8.405305976554903,18.719428571428583,2.758448529974235,16.049723991964317,23.262777777777796,1.0640068653319028,21.088579114291687,23.99834920634922,0.6970704166616408,24.376410620231372,27.127904761904784,0.6715523565957323,26.474795803948826
235,-3.544380952380955,1.6850798714278985,-3.7077856950246644,9.346682539682547,2.091126750262619,8.365354344410461,18.690587301587318,2.762816288324927,16.01084854345788,23.24263492063493,1.0679228998293118,21.05456432586615,23.983984126984144,0.7084761549135791,24.34933333453708,27.112365079365095,0.6748376251794004,26.455285488278303
236,-3.5694920634920657,1.6849089676528226,-3.741819701180773,9.301952380952388,2.0954341428843666,8.325776584054337,18.65473015873017,2.773567810210022,15.972133578351063,23.21873015873017,1.0724712278860868,21.020665270568983,23.968714285714302,0.7173428487554737,24.32232033378716,27.095571428571446,0.6752632817072693,26.435800476191947
237,-3.592238095238097,1.684292744935536,-3.7716059595427507,9.259174603174609,2.0977766451316184,8.28652776583643,18.619571428571444,2.7799244697374808,15.933579297075047,23.191000000000017,1.0782960621189601,20.986881575535765,23.955555555555573,0.7236919752780775,24.295371806451886,27.08149206349208,0.6758976743285644,26.416341265047038
238,-3.6178730158730183,1.6846473285430248,-3.8081706868239884,9.214460317460324,2.1046540090015884,8.247541082961282,18.584793650793667,2.7868432012258437,15.895188245037398,23.163809523809544,1.0813372463587916,20.953212775125902,23.94014285714287,0.7258382929504521,24.26848793770326,27.065333333333353,0.67455472897943,26.39690834178386
239,-3.6426507936507964,1.6834768516833534,-3.843454921820969,9.172507936507943,2.111053359336576,8.208723041216222,18.55231746031748,2.795340728265526,15.85696336118655,23.13796825396827,1.0862040702312585,20.91965838040326,23.927301587301603,0.7277433733710744,24.24166890764835,27.051095238095257,0.673742063480377,26.37750218315789
240,-3.666809523809526,1.6823295828691922,-3.8798925515769986,9.13001587301588,2.1188436215938555,8.169965111830047,18.520000000000014,2.804701163138862,15.818906429660165,23.111904761904782,1.0901841540748627,20.886217951794794,23.91528571428573,0.7279071611290675,24.214914889036635,27.037825396825415,0.6726210924724275,26.35812325600899
241,-3.6884444444444466,1.6822233086802343,-3.9200130071389077,9.092142857142864,2.124944474842585,8.131185649070579,18.492650793650807,2.8143958300823635,15.781016966534553,23.089333333333354,1.094597879134983,20.85289114004637,23.907428571428586,0.7249841862377311,24.188226045874625,27.023936507936526,0.6718934112713507,26.338772017512397
242,-3.710396825396828,1.681675923540735,-3.960016403104067,9.050349206349212,2.133708924797889,8.09241085226018,18.463809523809537,2.8264288459404088,15.743291703031156,23.068238095238115,1.0980700488582444,20.819677682615325,23.906936507936525,0.7148244668396175,24.161602533683464,27.009079365079383,0.6708983926893688,26.319448915377503
243,-3.7315873015873042,1.6805525933895684,-3.9971189058891787,9.009857142857149,2.1389533504436598,8.053951164677825,18.43455555555557,2.8349737644553117,15.705725173119859,23.04696825396827,1.1011141592888287,20.786577359460793,23.91238095238097,0.7014884030344608,24.135044501201165,26.993587301587315,0.6716824744139677,26.300154387994144
244,-3.7520317460317485,1.6807542185757771,-4.033590499044784,8.971317460317467,2.1461243738228126,8.01590097579931,18.403126984126995,2.842813271886817,15.668312507749372,23.0227142857143,1.1039928833421662,20.753589924993836,23.91269841269843,0.6876786360834356,24.108552092638206,26.975079365079385,0.6707641169814348,26.280888864554665
245,-3.7716825396825424,1.6806286504971173,-4.068536799771904,8.932142857142864,2.1532758171028714,7.978137406790089,18.37198412698414,2.8495521608243584,15.631052511599968,22.997682539682557,1.1081456940829981,20.720715048632297,23.91290476190478,0.6757160480753791,24.082125449357857,26.959984126984143,0.6705053076590016,26.2616527651891
246,-3.793492063492066,1.6814757569886019,-4.100273269560595,8.890190476190483,2.162691226957629,7.940577081732758,18.341698412698424,2.8582927205134356,15.593947097690782,22.972507936507952,1.1135309213824198,20.68795230452025,23.912444444444457,0.670433381757769,24.05576471011901,26.946428571428594,0.6705295236048169,26.24244650113954
247,-3.810333333333336,1.6828269409619987,-4.136693599650365,8.854555555555562,2.1705898791647362,7.903225583006406,18.316492063492078,2.868448807210407,15.556998618543618,22.94985714285716,1.120238066899449,20.655301220060714,23.90603174603176,0.666214813613865,24.029470009754927,26.93300000000002,0.6703096322024875,26.223270474974186
248,-3.829650793650796,1.6851955728999668,-4.1736160016823804,8.812349206349213,2.180851330287634,7.8660238717825095,18.289920634920644,2.8808761592085848,15.520208462718182,22.92758730158732,1.1251019842355254,20.622761344574457,23.89714285714287,0.6622212541273436,24.003241477065632,26.9199523809524,0.6699104084908557,26.204125080816652
249,-3.8489047619047647,1.688279422418952,-4.209040989468094,8.77296825396826,2.188975656221965,7.828835026643467,18.26396825396827,2.8910177263080175,15.483576860217022,22.908460317460335,1.129393863591513,20.590332293600156,23.887142857142873,0.6603838304175426,23.977079233154438,26.904904761904778,0.6695037201483779,26.18501070455369
250,-3.8678095238095267,1.6916472672949108,-4.242515027415659,8.733682539682547,2.199470708392671,7.791554313512617,18.232682539682553,2.898761870646857,15.447102220641748,22.885253968253988,1.133028235021311,20.558013756104128,23.869587301587316,0.660644371724042,23.950983391079262,26.88904761904764,0.6675357277672902,26.16592772399314
251,-3.8870476190476224,1.6930914889253648,-4.275579018888171,8.692682539682545,2.206700252933964,7.754255856447744,18.19219047619049,2.903485346739359,15.410780246068436,22.862984126984145,1.135863563559206,20.525805471558915,23.85303174603176,0.6620485405868837,23.924954056875134,26.874190476190496,0.6678076443756998,26.14687650896794
252,-3.907047619047622,1.6959200369507164,-4.310713795680814,8.649571428571434,2.2147079230520075,7.717348885746596,18.154587301587316,2.9050519931045073,15.374604489047536,22.839507936507953,1.1390850183425079,20.493707181551546,23.838904761904775,0.6646382542934898,23.898991331342533,26.860111111111127,0.6691138838185713,26.12785742140702
253,-3.925523809523812,1.698984786901417,-4.344562500764224,8.610936507936513,2.221152118141035,7.680959215312236,18.119841269841285,2.9060825559280836,15.338569978990916,22.812174603174622,1.144246690419579,20.461718564144956,23.818841269841286,0.667720576441657,23.87309531171824,26.84279365079367,0.6716989337091295,26.108870815406362
254,-3.950079365079368,1.7034363919578015,-4.378250061836561,8.564777777777785,2.22972074934406,7.644951849745922,18.08325396825398,2.9107643413533917,15.302676996716556,22.781761904761918,1.1499842494566999,20.42983918288624,23.79963492063494,0.6721307778735313,23.8472660923551,26.824047619047636,0.673833572401628,26.089917037328366
255,-3.974269841269844,1.7060397924710273,-4.412846136052415,8.519619047619054,2.2347209793688223,7.609162906886965,18.048253968253977,2.915456441672643,15.266930198651474,22.752476190476205,1.1554551932912427,20.398068498073666,23.780412698412714,0.679606273754726,23.821503763846994,26.805936507936526,0.6751326357374118,26.070996425939246
256,-3.9996349206349238,1.7086515231207453,-4.445634807398314,8.472349206349213,2.2420320056224288,7.573474477430044,18.01309523809525,2.9223788895606386,15.231334834092813,22.723253968253985,1.1616084550406267,20.366405949600267,23.759904761904778,0.6863326334577555,23.795808410779074,26.789365079365098,0.6747566882287266,26.05210931256981
257,-4.022746031746035,1.7078209048030601,-4.481729079053573,8.428158730158737,2.2467256676100034,7.5378664832057245,17.975428571428584,2.931786509418838,15.195893812707373,22.696317460317477,1.1657648893640058,20.33485105901746,23.740936507936524,0.6932039520031719,23.770180109230694,26.774523809523828,0.6755059781605272,26.033256021266542
258,-4.044746031746034,1.707784565437069,-4.5153893578943505,8.384396825396832,2.2529298345164297,7.502306946231632,17.940365079365094,2.9384434983500585,15.160606988621169,22.66803174603176,1.1695180401379506,20.303403487030934,23.722603174603194,0.7013604705856872,23.744618925565575,26.760126984127,0.6770999229202023,26.01443686889688
259,-4.065047619047622,1.7091021116266714,-4.549578133400334,8.344904761904768,2.2572105074919984,7.466711011047153,17.90766666666668,2.943573206276773,15.125471892581418,22.643095238095253,1.1730056363795034,20.27206302326395,23.702603174603187,0.7106041324508219,23.719124917428463,26.745809523809545,0.6795379087757658,25.99565216519214
260,-4.085523809523813,1.7103774127893232,-4.5842917652757444,8.303984126984133,2.265323157312149,7.431029333661319,17.87515873015874,2.9507466779051144,15.090484190242721,22.619523809523827,1.1759186315889014,20.240829528318958,23.684285714285732,0.7181162532186635,23.6936981366503,26.73084126984129,0.6808155442119509,25.97690221274448
261,-4.104301587301589,1.711688312769165,-4.617384304584928,8.26549206349207,2.2711025712505477,7.395541959219151,17.84398412698414,2.9570891141415676,15.055637788256218,22.59904761904764,1.1786213043799632,20.209702859875733,23.669523809523824,0.7247090405808547,23.668338632821804,26.717380952380967,0.6814679583306124,25.958187307002763
262,-4.125095238095241,1.7128365918779864,-4.646911883251183,8.221666666666673,2.280013803813091,7.360538448458939,17.813365079365095,2.9667906937733464,15.02092661184821,22.577333333333353,1.1824925060367006,20.178682801466948,23.65379365079367,0.7282207457375489,23.643046456117975,26.70309523809526,0.6808102432407932,25.939507736318763
263,-4.144285714285718,1.712270500701832,-4.673490264349829,8.181492063492069,2.2839552368777905,7.325932576700178,17.78550793650795,2.975611630100987,14.986348535752748,22.555428571428592,1.1849487769226423,20.14776900810656,23.636761904761922,0.7301761666310055,23.617821658378187,26.686809523809544,0.679839840971856,25.920863782076953
264,-4.164253968253972,1.7132745523884767,-4.705170644210695,8.141301587301593,2.290471385061346,7.291600842157922,17.75707936507938,2.9855947377820082,14.951906405527055,22.531968253968273,1.1882094242718517,20.116960999009283,23.62068253968256,0.732299622568116,23.592664292068473,26.669238095238114,0.6795239669191497,25.902255718907366
265,-4.184476190476193,1.7162988999099786,-4.737759724100097,8.102269841269846,2.295763170087842,7.257462442892702,17.72839682539684,2.993259068405557,14.917605130426177,22.50960317460319,1.1912171082731244,20.086258219726385,23.60476190476192,0.7350791201803875,23.567574407443146,26.653936507936532,0.6820708637226283,25.883683814948185
266,-4.206063492063495,1.7192838404144644,-4.77248825862846,8.060730158730165,2.3055849719730923,7.223431762285721,17.700015873015886,3.0051159545812407,14.88344879627094,22.486476190476207,1.195829837709304,20.05566014397827,23.58696825396827,0.7371998421092112,23.542552048992434,26.637126984127004,0.6849742370829525,25.86514833210374
267,-4.227285714285718,1.719919067687581,-4.810233025092002,8.02049206349207,2.311298488882715,7.189387390963056,17.67131746031747,3.0123125466257394,14.849439285428998,22.463793650793665,1.2002075234180711,20.025166355485286,23.56944444444446,0.7398143289843898,23.517597252745976,26.621650793650815,0.6877605954722222,25.84664952624303
268,-4.252142857142861,1.7208215338386363,-4.84414048417094,7.978666666666672,2.319146362586027,7.155197721835383,17.64257142857144,3.022433510062932,14.815575612805468,22.440492063492083,1.2049188787670209,19.9947765741087,23.551571428571446,0.7415610671593618,23.492710045682202,26.605634920634937,0.6897126705384173,25.82818764730501
269,-4.273253968253972,1.7228617547854201,-4.87700136860113,7.939857142857147,2.324870790060428,7.120863984398372,17.6167142857143,3.0324377402555354,14.781853389177984,22.42033333333335,1.2093755180311043,19.964490626144897,23.535031746031763,0.7439029290849947,23.467890447464445,26.59042857142859,0.6900674279935466,25.80976293931393
270,-4.293126984126988,1.7270336334524128,-4.908374268910124,7.901507936507943,2.3342835953461503,7.086562963708585,17.592793650793663,3.0448097774328744,14.748265197624315,22.40039682539684,1.214472400941257,19.934308373655607,23.52323809523811,0.7460596116038702,23.44313847366087,26.57488888888891,0.68780772833069,25.791375640344796
271,-4.310746031746035,1.7323393478981381,-4.9371962427006455,7.865507936507943,2.341232771726986,7.052759971113364,17.56723809523811,3.0555854722509905,14.714802848624794,22.379968253968272,1.2183073029015923,19.904229621342356,23.51244444444446,0.7503277602457581,23.418454139040577,26.559492063492087,0.6880070852157922,25.773025982497785
272,-4.328873015873019,1.7377098421022081,-4.965259183330642,7.826666666666672,2.351540890584451,7.019495390550975,17.541317460317472,3.0690873816594144,14.681461922947753,22.359206349206364,1.2244124653733128,19.874254029761616,23.498317460317477,0.7533803059289196,23.393837459538116,26.544333333333356,0.6872592323545311,25.754714191933385
273,-4.343809523809527,1.7398006931838566,-4.993747906721774,7.790857142857149,2.359601674751922,6.986590155002453,17.51631746031747,3.0794162214293515,14.64824479623932,22.336571428571443,1.2296284400293864,19.844381079698596,23.483634920634938,0.7544682050032308,23.369288451917935,26.529126984127004,0.6876541313288136,25.73644048899091
274,-4.362412698412702,1.743027125532664,-5.023052280668025,7.754650793650799,2.368820732907211,6.953892443486725,17.487063492063506,3.089698515568727,14.61515817555731,22.313111111111127,1.2352787137443446,19.81461012677561,23.46769841269843,0.7545686109372303,23.34480713099785,26.512825396825416,0.6892946181037086,25.718205088374276
275,-4.381444444444447,1.7441762538472882,-5.054089789564329,7.717190476190482,2.3751149589077203,6.921296326058855,17.454206349206363,3.095281102306022,14.582208665423863,22.291920634920654,1.2394800040839973,19.784940528666336,23.451888888888902,0.7564136337256012,23.320393505418533,26.497142857142876,0.6929994720990457,25.700008199355022
276,-4.401841269841273,1.7465522703908296,-5.081748887699753,7.677777777777784,2.3812717621240655,6.888724551739204,17.417158730158743,3.100597778457287,14.54940008340141,22.268460317460335,1.2439403843304577,19.755371770506144,23.43850793650795,0.7602320533931067,23.29604757388327,26.483555555555572,0.6945767861198492,25.681850025928824
277,-4.424539682539685,1.7502950536998907,-5.120527788666432,7.639142857142862,2.387131795876458,6.856100848485141,17.37636507936509,3.105152642704112,14.516732771477486,22.241539682539695,1.2490990665091979,19.725903523869302,23.422444444444455,0.7674707827457375,23.27176932377672,26.468238095238117,0.6964336920175347,25.663730766875087
278,-4.447936507936511,1.7567180889205145,-5.155915689336303,7.596714285714291,2.395256287443932,6.8232933743475455,17.338253968253984,3.1131902318607363,14.484203851517298,22.21555555555557,1.2565449183261357,19.69653562639796,23.404809523809536,0.7759542750942466,23.247558732929566,26.45325396825399,0.6963621535732692,25.645650615710313
279,-4.466015873015876,1.7619604114620713,-5.190981401197294,7.560111111111117,2.402937327983648,6.790226500654216,17.309285714285725,3.122310817893925,14.451807364693314,22.190365079365094,1.2627707104700228,19.667268006834245,23.391206349206367,0.7823683883162299,23.223415773780328,26.4393650793651,0.6970127937987031,25.627609760574444
280,-4.484317460317463,1.7663068007958505,-5.220500348635193,7.522095238095243,2.410164133501229,6.757325827854142,17.283158730158743,3.1303329454641586,14.419534380296747,22.167317460317477,1.2678492037409501,19.6381005859931,23.3787142857143,0.7837499355350827,23.19934041821972,26.425777777777796,0.6965010090306775,25.60960838412275
281,-4.502222222222225,1.7690561443818886,-5.246679695409373,7.485793650793656,2.4168560848956258,6.725007754584367,17.253206349206362,3.139243577536324,14.387375812875893,22.14406349206351,1.2736213150776845,19.60903317331348,23.3657142857143,0.7856919491774559,23.175332641310415,26.410873015873037,0.699057390579457,25.591646663496533
282,-4.52003174603175,1.7721416525021743,-5.272177863496061,7.445888888888894,2.4247137718781175,6.693200029900326,17.219761904761917,3.149555193852493,14.355328357410434,22.11669841269843,1.2800763619079314,19.580065382233098,23.349333333333348,0.7905836401440987,23.151392422574062,26.396492063492087,0.7008288756000137,25.57372477041522
283,-4.540063492063496,1.773484870115929,-5.298121468642342,7.406714285714291,2.433224792255076,6.6617369057636475,17.189904761904774,3.1570031342828155,14.323396260563593,22.087825396825412,1.2859303690651973,19.551196614227607,23.329396825396838,0.7993791266715852,23.12751974426799,26.37873015873018,0.7027741629154265,25.555842871385867
284,-4.559936507936512,1.7772267436124014,-5.324914153047008,7.367222222222227,2.4409983866149516,6.630485467221999,17.167047619047633,3.1623493219940078,14.291587447427704,22.068412698412715,1.2873898812027513,19.522426148304984,23.30828571428573,0.8092236591085774,23.103714587011794,26.362523809523832,0.7034484709790423,25.53800112798045
285,-4.577793650793654,1.780106813600143,-5.352476386645185,7.33196825396826,2.446578386689704,6.59934799784289,17.150079365079378,3.1634360241215584,14.259909167694586,22.056301587301604,1.28639086088326,19.493753295740778,23.28434920634922,0.8209776228641308,23.079976924295476,26.347714285714304,0.7047661556070843,25.52019969710304
286,-4.597888888888893,1.782759313456334,-5.380912221811453,7.291571428571434,2.452973824005208,6.568250251978879,17.13261904761906,3.164864027676551,14.228365754454392,22.044809523809544,1.2852526369908421,19.46517753258645,23.260476190476208,0.8299579550224623,23.05630671820921,26.334063492063517,0.704643174433263,25.502438731166844
287,-4.616888888888892,1.785560497998627,-5.4150552805357925,7.255031746031752,2.457896179638512,6.537110451958891,17.108539682539696,3.1705974683605644,14.196958136909172,22.029365079365096,1.2872448163357153,19.43669855281263,23.23668253968255,0.8377423216782509,23.03270391836126,26.319650793650812,0.7058107276889015,25.484718378131447
288,-4.637047619047624,1.7893161669830926,-5.448304754803914,7.21528571428572,2.4659475014932792,6.5057650801919396,17.076460317460327,3.1814233215606555,14.16568407304438,22.007571428571442,1.292311242285997,19.408316240452407,23.21596825396827,0.8438039724159587,23.00916846447254,26.3023650793651,0.7059934586583874,25.467038781405062
289,-4.657142857142861,1.7911454235191249,-5.486031566448344,7.177222222222227,2.4742301712935255,6.474130029126926,17.042396825396835,3.1949173212454767,14.134538054755916,21.978634920634935,1.3008120797284484,19.380030589985996,23.198428571428583,0.8475739099806104,22.985700291536986,26.284190476190492,0.7067003569815313,25.449400079672667
290,-4.676365079365083,1.7940499561466832,-5.51460542966385,7.1403174603174655,2.4815452580956143,6.442649704531718,17.008031746031758,3.2094083698015434,14.103511161269296,21.951714285714303,1.3086995492488278,19.351841603923916,23.18596825396827,0.849980732222745,22.96229933559101,26.26952380952383,0.7071241256671483,25.43180240674241
291,-4.6951428571428595,1.7937672027823963,-5.542362082297243,7.1042380952381,2.4851694469178938,6.411608421677804,16.97520634920636,3.219114968574748,14.072594003729693,21.92650793650795,1.3155825883376588,19.32374918344007,23.172507936507955,0.8530104248087792,22.938965538189517,26.25369841269843,0.7090178031262054,25.414245891496112
292,-4.713936507936512,1.79374928567903,-5.567259685741132,7.065793650793656,2.490169510137098,6.3809050931924665,16.942063492063504,3.2267739991627837,14.041782297693402,21.902095238095253,1.3208505617022719,19.29575303431462,23.158952380952396,0.856995789411351,22.915698848251182,26.240936507936524,0.7109016648754606,25.396730657990815
293,-4.730746031746035,1.791902235704562,-5.591006003965288,7.029698412698419,2.4951710219588947,6.350511212156586,16.90909523809525,3.2307009790951797,14.011077808358829,21.880365079365095,1.3242682251241897,19.26785263850931,23.14393650793652,0.8630444106909537,22.892499220655832,26.228841269841286,0.712551895888002,25.379256825705273
294,-4.749730158730162,1.7925239489568272,-5.614959004566058,6.990158730158735,2.5035524927894337,6.3203824314114,16.872857142857153,3.2363101511687407,13.980485362080387,21.857777777777795,1.3285334893409069,19.24004732316632,23.12984126984129,0.8710603968242361,22.869366611889962,26.213174603174622,0.7140823976950497,25.361824509875934
295,-4.766222222222226,1.7926064379896105,-5.6396936003713405,6.953047619047624,2.509163004242534,6.2904382757324555,16.84025396825398,3.2412020576918055,13.950010392238086,21.833317460317478,1.3319718134467349,19.21233638788696,23.113523809523826,0.8754751173094353,22.846300974170873,26.19725396825399,0.7158704950154475,25.34443382183584
296,-4.782587301587306,1.7929079775953298,-5.665300067771731,6.916222222222227,2.5150043439000735,6.2605981837894005,16.81007936507938,3.2486419036174254,13.919657414415816,21.810206349206368,1.3352539858023875,19.184719222086404,23.098587301587315,0.8819393263193593,22.82330225023665,26.182714285714308,0.7179855059100447,25.327084869266127
297,-4.799317460317464,1.7913900096128414,-5.694287562127709,6.880476190476195,2.5202726004041116,6.230790281285361,16.779634920634933,3.2581233480055456,13.889429004577112,21.78650793650795,1.340480947955509,19.157195372675073,23.083063492063506,0.8903803761088513,22.800370370690416,26.16661904761907,0.7207031902491999,25.309777756297347
298,-4.817095238095241,1.7918455606517874,-5.725089822749485,6.8446190476190525,2.52754307190752,6.200875981927523,16.748476190476204,3.268764269734974,13.859325305304893,21.763793650793673,1.3459190270825503,19.129764555260124,23.066063492063506,0.8976093268528987,22.777505254613697,26.152523809523828,0.7222208227790392,25.292512583449437
299,-4.8342539682539725,1.7901856401229173,-5.755925838148414,6.8095714285714335,2.5339082776387203,6.170693311625882,16.717793650793663,3.2771534840351824,13.829343644390208,21.740793650793666,1.3502634891190217,19.10242661895573,23.05269841269843,0.903255652764177,22.754706812900636,26.13900000000002,0.7235712186025806,25.275289447454696
300,-4.8528888888888915,1.7912543598433621,-5.78552270306539,6.774365079365084,2.5418174416203816,6.140586190740336,16.68561904761906,3.2843699079680198,13.79947787227242,21.717174603174616,1.354692828694351,19.07518147958716,23.045000000000016,0.9060512479686678,22.731974952984483,26.123761904761924,0.7241193483727878,25.258108441044214
301,-4.870285714285718,1.79208332823248,-5.8135305495580525,6.738888888888894,2.5476232946609527,6.110985255722361,16.65539682539684,3.288289583964142,13.769720120736864,21.695095238095252,1.356982790059258,19.048029031948502,23.03652380952383,0.9076938871358362,22.70930958343074,26.107920634920657,0.7252367842974184,25.240969652784344
302,-4.88755555555556,1.7958534784467772,-5.843866698180288,6.7028730158730205,2.557177988634754,6.08171994395961,16.62720634920636,3.296400900940733,13.740066608686705,21.673904761904776,1.3603679777065734,19.020969057650706,23.026587301587316,0.9147077615225934,22.686710617071004,26.09355555555557,0.7272494492269219,25.223873167026266
303,-4.901936507936511,1.799513949731541,-5.8751854679914866,6.669444444444449,2.563876357405815,6.052583730230551,16.599777777777792,3.3055972207591586,13.710519582477644,21.653238095238112,1.364415692581172,18.99400117759552,23.017253968253986,0.9267583660453362,22.664177971755027,26.07952380952383,0.7294477414856927,25.20681906399174
304,-4.915587301587306,1.80349972917011,-5.902073514413651,6.634730158730164,2.5713555651501867,6.023439586197853,16.57461904761906,3.3157279751648843,13.681083274731426,21.634285714285728,1.3674500359819477,18.967124895314065,23.00533333333335,0.9371655388273382,22.641711568487665,26.06639682539684,0.7305936172111713,25.18980741997429
305,-4.926746031746036,1.8060830889559465,-5.926357124605836,6.6033650793650835,2.5766419066279256,5.994311719699442,16.55534920634922,3.32710862926653,13.651759909632391,21.617047619047636,1.3715022061911928,18.94033970010236,22.99738095238097,0.9435005937307998,22.619311327806642,26.055984126984146,0.7311327890354946,25.17283830759919
306,-4.939365079365083,1.8073243868784035,-5.949586256673608,6.572206349206354,2.5840902325201434,5.9653172021008345,16.535920634920647,3.3374618537664893,13.622548741843078,21.600571428571442,1.3747173471592276,18.913645148567607,22.99149206349208,0.9445114492704543,22.596977166183535,26.044000000000022,0.7318639675301754,25.155911796069674
307,-4.953793650793654,1.8068012547733203,-5.972888420209283,6.5393809523809585,2.5888815545914254,5.93647046535596,16.5093015873016,3.3397521253463367,13.593447796265325,21.584158730158748,1.3766052632815386,18.88704087872442,22.984698412698425,0.9503488424776394,22.57470899408656,26.03168253968256,0.7343962768209104,25.139027951337955
308,-4.968777777777781,1.809059533240899,-6.001035977235456,6.505111111111116,2.5968131183006204,5.90768365450704,16.475380952380963,3.341264203742938,13.564455648872046,21.565888888888907,1.3791435680724133,18.860526574477102,22.978015873015888,0.9612344141214517,22.55250671614509,26.0193650793651,0.736701161879661,25.12218683617593
309,-4.984793650793654,1.8112839568760017,-6.02869326108356,6.4729047619047675,2.6020393860858952,5.878748147555932,16.43973015873017,3.3401473997117974,13.535571294029538,21.544714285714303,1.3802579406093893,18.834101926217624,22.976126984127003,0.9703022650250405,22.5303702326237,26.00692063492065,0.7388733432289614,25.105388510163447
310,-5.001222222222226,1.8140544147718092,-6.055730669851452,6.436968253968259,2.609040639189299,5.849832138737534,16.402412698412707,3.3404371497943024,13.506792340305362,21.52258730158732,1.3802580877368265,18.80776661193147,22.97414285714287,0.9751423130047466,22.508299441036215,25.99288888888891,0.7388983169909805,25.088633029638697
311,-5.016253968253972,1.8149254986455134,-6.080910226973945,6.4042380952381,2.6130441448524855,5.821504405104491,16.374015873015885,3.342658909956176,13.478114513267066,21.500031746031762,1.3793852622411502,18.781520286376928,22.971888888888902,0.9751733432486324,22.48629423717571,25.979888888888905,0.7378629544034438,25.071920447655675
312,-5.029412698412702,1.8147308757563851,-6.105258019465339,6.371301587301592,2.618627244810976,5.793620621208571,16.35109523809525,3.350507047061862,13.449536419937393,21.47831746031748,1.3788440118519236,18.755362557179783,22.96557142857144,0.9711211679040488,22.464354515417938,25.96538095238097,0.7370028357436492,25.055250813974013
313,-5.0420634920634955,1.8146938790825153,-6.129680213158345,6.339333333333339,2.6229231396810384,5.76593895965862,16.327555555555566,3.357159876387498,13.421062654493639,21.457888888888903,1.3800907989160387,18.72929296894149,22.955111111111126,0.9702226335639513,22.44248016834348,25.950269841269858,0.7377121342337524,25.038624175084177
314,-5.056444444444448,1.8168351637795006,-6.15471822729297,6.3057142857142905,2.631157320611027,5.738319172084002,16.303444444444455,3.3688847205369146,13.392700110466528,21.437317460317473,1.3836112750674698,18.703311047174044,22.941190476190496,0.9718250653651407,22.42067108570288,25.935031746031765,0.7380264905686337,25.022040574255218
315,-5.0705555555555595,1.8176338544030848,-6.1805356439476,6.275285714285719,2.6368740947731224,5.710680313402001,16.285317460317472,3.3793746940822187,13.364453548834277,21.418174603174617,1.3878764728189932,18.67741639410024,22.93009523809526,0.9719819198975426,22.398927153110915,25.921936507936525,0.7396254257873716,25.005500051585205
316,-5.087492063492067,1.8196964043573987,-6.210718243322726,6.241063492063496,2.6440754140936433,5.682968498018476,16.264587301587312,3.3914425130354204,13.336323956216326,21.398873015873033,1.3926930931293848,18.651608763751415,22.920000000000016,0.9702608633028272,22.377248251498358,25.907428571428586,0.7391364760034049,24.98900264403385
317,-5.105650793650798,1.8215078603622763,-6.240398095447088,6.208111111111116,2.6518319693945083,5.655135399094736,16.245047619047632,3.4032310467882065,13.308308828633628,21.37887301587303,1.3972201108074744,18.62588806503794,22.91001587301589,0.9685884038613817,22.35563425836178,25.893555555555576,0.7398540893785541,24.97254838542746
318,-5.122809523809527,1.8241383695825335,-6.267449455175691,6.172063492063496,2.6598089488237484,5.627188774995822,16.22046031746033,3.415784877565626,13.280403017526107,21.357126984126996,1.4033720653095223,18.600254298814175,22.897571428571442,0.9676886211864318,22.334085050892664,25.878222222222245,0.7400951060073344,24.95613730644744
319,-5.140396825396829,1.8253566359274898,-6.295901556807945,6.13655555555556,2.6638286328393592,5.599186555890796,16.19187301587303,3.4225019001437826,13.252599701890508,21.335349206349225,1.4075938874647842,18.57470746406388,22.8838888888889,0.9677226487834757,22.312600509904595,25.86146031746034,0.7400166676706252,24.939769434637764
320,-5.157142857142861,1.8276217364761829,-6.32246770055001,6.1018095238095285,2.6703861230367685,5.571096342625399,16.162603174603188,3.430613531765654,13.224891718610104,21.314682539682554,1.411428049914578,18.549247465910653,22.866111111111127,0.9697772150410627,22.291180522970546,25.844777777777797,0.7384779864407254,24.92344479447605
321,-5.169809523809527,1.8280039498494418,-6.347263201952237,6.071158730158733,2.673280164468834,5.543543646843943,16.139984126984135,3.4368885814336823,13.19727247890576,21.29958730158732,1.4147971608321883,18.52387404733835,22.850047619047633,0.972622432820362,22.2698249854857,25.830238095238116,0.7398297504918095,24.907163407538132
322,-5.185936507936512,1.8280086736004248,-6.369723869044262,6.038777777777782,2.677535728703402,5.516679548250082,16.111698412698427,3.444418239495084,13.169738876179723,21.280317460317477,1.4178913498821226,18.498586756388498,22.82976190476192,0.9755545784064236,22.24853379911653,25.815650793650814,0.7408418008914595,24.890925292752105
323,-5.201936507936511,1.8270156049306536,-6.391700506244217,6.008047619047623,2.6826191820191276,5.490191706017382,16.086904761904773,3.4533734357760495,13.142295719475138,21.26139682539684,1.420634890573734,18.47338496003147,22.811253968253983,0.9761692852261835,22.22730686788292,25.801158730158747,0.7430850893319026,24.874730466700864
324,-5.218936507936512,1.8275633742426756,-6.413893591389598,5.9772380952381,2.6888570859328764,5.46387218599639,16.062111111111122,3.464215748634377,13.114953295720333,21.241349206349224,1.426110956877225,18.448267932306262,22.795047619047637,0.9749981305096723,22.20614409275549,25.78701587301589,0.7460954722866863,24.858578943906398
325,-5.234841269841273,1.8278544052061148,-6.436681720579685,5.948412698412702,2.694451551946118,5.437605781834557,16.035555555555565,3.4706542098346387,13.0877212197411,21.22082539682541,1.4296869354631854,18.423235011819674,22.790952380952394,0.9721702004870565,22.18504536621259,25.775698412698432,0.7469601227937755,24.84247073702437
326,-5.250492063492067,1.8320453555196947,-6.460134885593047,5.9193809523809575,2.7046010491795256,5.411321263957781,16.007650793650807,3.47849100374564,13.060605000452787,21.20028571428573,1.4340499002482852,18.39828574984083,22.783888888888907,0.9671080157273818,22.164010568676243,25.762793650793668,0.7456781485564447,24.82640585689441
327,-5.264746031746036,1.8355469815127026,-6.484164782931113,5.892333333333338,2.7103973892325444,5.384968685671389,15.98209523809525,3.4852215919469973,13.033605645935546,21.184126984127,1.4379928927455776,18.373419969278164,22.776920634920653,0.9614785360623729,22.143039568537517,25.752253968253985,0.7450148975227704,24.810384312429033
328,-5.280380952380956,1.8403332688506189,-6.508737825011256,5.86134920634921,2.717319542925034,5.358510198516359,15.949365079365089,3.492911847131518,13.00672054415297,21.161365079365094,1.441961687227715,18.348637722361577,22.762285714285728,0.9588341162233766,22.122132226177303,25.740444444444464,0.7439997939338733,24.794406110375586
329,-5.2935079365079405,1.844067277572229,-6.533866176289439,5.831984126984132,2.7215584610274557,5.331916229766538,15.922047619047632,3.5025566834076742,12.979944522724486,21.138523809523825,1.4461060469995133,18.323939186332165,22.75119047619049,0.9574589006768185,22.101288400673536,25.726444444444464,0.7444540438342744,24.778471255034287
330,-5.30671428571429,1.8488712171965314,-6.565874169480826,5.801650793650798,2.7280396126141477,5.3051396840436595,15.893523809523822,3.5145634218359674,12.953270721242708,21.11534920634922,1.4522325514434349,18.299324543663317,22.74038095238097,0.9567330718773591,22.08050795687697,25.712412698412717,0.745573808117594,24.76257974803927
331,-5.319523809523814,1.8518143575871726,-6.596273357745086,5.771206349206353,2.733049382177723,5.27809039405759,15.863698412698424,3.522416839476911,12.926691105542398,21.09280952380954,1.4578592188169763,18.274793877147363,22.73698412698414,0.9591777946888365,22.059790770659472,25.699285714285732,0.7471442881409117,24.746731588294832
332,-5.331650793650798,1.8545493503190917,-6.622095254146849,5.743682539682545,2.7396024833343753,5.2515170282501735,15.833238095238107,3.530699444857474,12.900196574768733,21.072269841269854,1.4629281011470554,18.250347091662977,22.732476190476206,0.9599716092425729,22.039136731009467,25.68549206349208,0.7489615962538659,24.730926772109978
333,-5.344174603174608,1.8562769772928058,-6.645216843795378,5.719015873015877,2.7431040944182783,5.2255910590851755,15.80457142857144,3.538115333212179,12.873780542214499,21.054523809523825,1.468699520642326,18.225983861700865,22.72849206349208,0.9603736770899487,22.01854573865985,25.674428571428592,0.7517539073817938,24.71516529351278
334,-5.357301587301591,1.8601498363589495,-6.666833620074946,5.691031746031751,2.748697756165512,5.199989252925898,15.773412698412708,3.5473497458596834,12.847444912839562,21.034126984127,1.4744162428716125,18.201703614937813,22.722873015873034,0.9624829930797479,21.998017701677643,25.662936507936525,0.7536270504477278,24.699447144673602
335,-5.368809523809528,1.8620824615806855,-6.687056294422029,5.664746031746035,2.7514503631323364,5.174540421709094,15.745809523809536,3.554351391578333,12.821198000643001,21.01365079365081,1.4775984863020475,18.177505596764778,22.71622222222224,0.9653394432088471,21.977552528892005,25.65003174603176,0.755462914321805,24.683772316337652
336,-5.381079365079369,1.8654683314090472,-6.706865347165878,5.635015873015877,2.7556022378735388,5.1491981865080225,15.717587301587313,3.5616492931403014,12.795048212549665,20.99196825396827,1.479826620641924,18.153389025768004,22.70069841269843,0.9687628201022664,21.957150122537595,25.636031746031765,0.7561179417919687,24.66814079816454
337,-5.395682539682544,1.8679364527019742,-6.729455369739637,5.605000000000004,2.7580441523814065,5.123929433780414,15.692000000000013,3.568096330331425,12.769000907715442,20.9715396825397,1.4823764296947968,18.129353258468825,22.68655555555557,0.9749732559594811,21.936810372159538,25.623301587301608,0.7574063664111024,24.652552578892692
338,-5.409857142857146,1.8693734559776538,-6.751368012106127,5.575793650793655,2.761831132205929,5.0986891159110055,15.665285714285725,3.5779300835175234,12.743058355233122,20.952888888888904,1.4851243874531581,18.105397875451413,22.673952380952397,0.9759156248766101,21.916533151887137,25.609809523809542,0.7583733193215629,24.637007646286932
339,-5.425746031746036,1.8711997429334344,-6.7734887473660805,5.5485238095238145,2.765981825875458,5.0734280627629085,15.641666666666678,3.587054426202394,12.717220432391299,20.93373015873017,1.489097199273389,18.081522674067426,22.66242857142859,0.9743070638787924,21.896318321987405,25.59704761904764,0.7595903478840679,24.621505986884042
340,-5.44292063492064,1.8732778944382182,-6.796059078971744,5.519285714285719,2.7698193177371815,5.048099710376827,15.614063492063503,3.5940574209063496,12.69148509299477,20.916793650793668,1.4919737104869104,18.057727604431296,22.65619047619049,0.9703027280059633,21.876165733836334,25.58390476190478,0.7604402099607644,24.606047585610295
341,-5.45734920634921,1.8730281052196767,-6.819142152923317,5.492333333333337,2.7709078479060456,5.0226653741728695,15.585809523809536,3.597037082865594,12.66584862957007,20.899587301587317,1.493037113359709,18.034012687444598,22.651365079365092,0.9631702540421415,21.856075236320482,25.56731746031748,0.7620663848085204,24.590632425382566
342,-5.472253968253971,1.8743097656891259,-6.846286958024515,5.463380952380956,2.7729583735327576,4.997055278669003,15.555793650793662,3.600650894518595,12.640305897567076,20.8807142857143,1.4946217999945342,18.01037793605533,22.64523809523811,0.9556276591738452,21.836046681652835,25.548714285714308,0.7647839680345419,24.575260486803984
343,-5.485507936507941,1.8740015658298377,-6.871908991556701,5.437285714285719,2.7725176582905453,4.971739099986656,15.531412698412709,3.6045633479245907,12.614850550237572,20.86303174603176,1.495686107771481,17.986823287404892,22.64922222222224,0.9492320488106653,21.81607992924944,25.534412698412712,0.7666285509273713,24.559931748028138
344,-5.495666666666671,1.874155454444089,-6.895681622152249,5.412111111111115,2.7755244647946693,4.946972451246839,15.509761904761916,3.6129922606595506,12.589477268749507,20.845047619047634,1.4974748458095068,17.963348548064868,22.65123809523811,0.9410620827221855,21.796174847091503,25.522206349206368,0.7684230877740055,24.544646184811565
345,-5.505428571428577,1.874736955899971,-6.92144394646634,5.389238095238099,2.782102152373884,4.922445976618936,15.487412698412712,3.6210743621410515,12.56418670231273,20.827444444444456,1.5005927630318625,17.939953362423697,22.651301587301603,0.9369071375429572,21.776331310582748,25.512746031746047,0.7690634596301362,24.529403770722855
346,-5.517253968253972,1.8775173718859277,-6.943202690661274,5.362015873015877,2.789648984376758,4.89809111186347,15.457333333333343,3.628614601772076,12.538984531042692,20.809095238095253,1.504065001620785,17.91663723938826,22.648714285714306,0.9376251194914941,21.756549199307567,25.502571428571446,0.7699076998011856,24.51420447744218
347,-5.526984126984131,1.8790682444690878,-6.964250043427559,5.3351111111111145,2.7942382688127125,4.8738523659998725,15.425714285714298,3.6304728654484384,12.513876747288933,20.79034920634922,1.5045694251854338,17.893399653021834,22.645761904761923,0.93728595057048,21.736828392549114,25.490936507936528,0.7709758647821566,24.499048275070876
348,-5.53919047619048,1.8813696856758115,-6.985428766159309,5.306158730158734,2.799205728281985,4.849646479939919,15.3938888888889,3.6346018310670014,12.488867441155437,20.771095238095253,1.5064748418010825,17.870240160477763,22.64384126984129,0.9380645395562568,21.717168765039474,25.477142857142876,0.7708539090224397,24.483935132375322
349,-5.5497301587301635,1.8826948176797058,-7.007047899494815,5.279571428571433,2.8034022641647645,4.825405545904117,15.367730158730168,3.6411014449858814,12.463958268413885,20.753888888888905,1.5078284429114308,17.847158469573245,22.649111111111125,0.9388696675835738,21.69757018461945,25.464412698412715,0.7704973638531857,24.468865016912872
350,-5.556142857142862,1.8864358431911217,-7.02832939354717,5.253952380952385,2.810357137511677,4.801088074370148,15.347015873015883,3.6508455668841444,12.43914832322649,20.735476190476206,1.5116797262846962,17.824154439417295,22.654857142857157,0.9395918462239626,21.678032512723593,25.453539682539702,0.7706122833547654,24.453837895026226
351,-5.561682539682543,1.890336737156582,-7.048702975725704,5.230730158730164,2.8179742913710073,4.776707230209621,15.328269841269853,3.6609012394984886,12.414434396367279,20.718126984127,1.517543144697756,17.801228032439543,22.66317460317462,0.9396164703553599,21.658555607306663,25.444238095238116,0.7713576339126462,24.438853731738476
352,-5.566126984126988,1.896398899584202,-7.068743761866087,5.207492063492068,2.8269807884350606,4.752293277389838,15.30963492063493,3.672888717977105,12.389811733043599,20.699460317460332,1.5243758769774967,17.77837924205618,22.66566666666668,0.9422206730242265,21.63913932688615,25.43309523809525,0.7736037533490692,24.423912490614953
353,-5.570253968253972,1.9009031859615038,-7.089664182227353,5.181079365079369,2.8338702239531233,4.72783948070397,15.288571428571439,3.6803665470486693,12.36527512229672,20.68007936507938,1.5300110355678604,17.755608017420233,22.66144444444446,0.9450640895108369,21.619783534170086,25.4205396825397,0.7767960148113916,24.40901413366481
354,-5.577603174603179,1.9037624473747434,-7.113089720141137,5.1523333333333365,2.839872758719006,4.703480585073369,15.265952380952392,3.6912018712024244,12.340819609813286,20.660952380952395,1.535032414389845,17.73291420342146,22.65366666666668,0.9484619382847722,21.600488098097625,25.4089523809524,0.7787778819522226,24.394158621334473
355,-5.58755555555556,1.9047717542073404,-7.137539618467713,5.121904761904766,2.844972923420579,4.679852797185695,15.241920634920648,3.7008827551405323,12.316441311596732,20.643682539682555,1.5378356334882164,17.71029750701301,22.644936507936524,0.9518247202400058,21.58125289373544,25.394904761904783,0.7808723279721171,24.379345912607278
356,-5.599333333333337,1.9051838112101833,-7.158827950347912,5.0911587301587335,2.849477337248019,4.656624552569465,15.220809523809535,3.7106048624449786,12.292141459213349,20.624650793650805,1.5409148084705955,17.68775749290326,22.634142857142873,0.9529848930330466,21.562077800111226,25.381333333333348,0.7814342435204233,24.36457596518441
357,-5.612031746031751,1.9043026597826922,-7.17928040357825,5.0604126984127005,2.8533498697961783,4.633482136008511,15.198174603174614,3.72054829887248,12.267927804059886,20.605142857142873,1.5449004263338386,17.665293624161837,22.625793650793668,0.9513068333119837,21.54296269656548,25.36792063492065,0.7828025665202364,24.349848735694952
358,-5.624761904761908,1.9049618266113804,-7.200116201641696,5.032142857142861,2.858975737625202,4.610298072051889,15.17741269841271,3.7325685875845527,12.243808792516868,20.586984126984138,1.5513342421003387,17.642905369112256,22.62047619047621,0.9507487636806133,21.52390745857585,25.354952380952398,0.784379408634204,24.33516417987269
359,-5.63439682539683,1.9064571115860338,-7.222643426971863,5.0056984126984165,2.8628799427131995,4.587020135415823,15.157587301587313,3.7426100893193848,12.219788727692332,20.56890476190478,1.5579761953883726,17.6205923325587,22.61487301587303,0.9520466656711333,21.504911954409426,25.34026984126986,0.7853626756957045,24.320522252646224
360,-5.647492063492067,1.911804877766704,-7.251578990332393,4.978571428571432,2.868208508129655,4.563705658517193,15.140968253968262,3.755195847067932,12.195867096245678,20.553047619047636,1.5615308352730972,17.598354323902743,22.605000000000018,0.9534513032950901,21.48597604412122,25.327285714285733,0.7851124549345947,24.305922908113146
361,-5.663761904761908,1.9209845083918522,-7.288015504793587,4.952793650793655,2.872575828661174,4.540447998005443,15.124777777777789,3.766114186634212,12.172040246984698,20.53880952380954,1.5652967352028133,17.576191325844725,22.59339682539684,0.9565589999750981,21.46709958167871,25.312634920634938,0.7864173431399724,24.291366099407032
362,-5.686317460317465,1.9338917553709065,-7.333771239102838,4.92814285714286,2.878675572708753,4.517195184242649,15.109301587301596,3.777272038543428,12.148303884582694,20.526253968253982,1.5696504048029487,17.554103398457052,22.58080952380954,0.9606069230542765,21.448282419486244,25.298238095238116,0.7885361922769374,24.27685177850687
363,-5.713841269841274,1.9460320612263153,-7.387941671762238,4.902492063492067,2.8832399961736472,4.493827160299103,15.089857142857154,3.7853070509727,12.124654304558398,20.511412698412713,1.5729923859826174,17.53209057851295,22.57042857142859,0.964600442857717,21.429524413404916,25.28511111111113,0.7906653179435273,24.262379896065763
364,-5.7514444444444495,1.9625579580550294,-7.449140653058765,4.875714285714289,2.888391928125594,4.470218314846979,15.065238095238106,3.7908564598476397,12.101087558603291,20.497015873015886,1.576234593046177,17.510152815099875,22.565285714285732,0.966879265072696,21.4108254263206,25.27333333333335,0.7914984731225995,24.247950401332687
365,-5.793650793650798,1.9800551295861837,-7.519975231718495,4.852476190476193,2.8917353554285072,4.44623561103049,15.037761904761917,3.7927117484263917,12.077597953538238,20.482206349206365,1.5790373801373436,17.48828994230377,22.56426984126986,0.9679009425390099,21.392185329237105,25.261174603174624,0.7930541936996617,24.23356324220602
366,-5.8503174603174655,1.999416772923249,-7.598124111761813,4.825523809523813,2.8960092888679387,4.422541991755896,15.01226984126985,3.7981111869335025,12.05417719211014,20.46492063492065,1.5815989833606041,17.466501661816967,22.55847619047621,0.9654219259406343,21.37360399997674,25.249873015873035,0.7934639330817368,24.21921836540838
367,-5.921492063492067,2.0181483360306385,-7.6970367352349855,4.800571428571432,2.8962614619164353,4.39919964815756,14.986460317460327,3.8025037391922365,12.030817343665717,20.449412698412715,1.584825698486437,17.44478751154101,22.551000000000016,0.9605705555236844,21.35508132015178,25.238460317460337,0.7941471013255137,24.204915716731932
