"","Channel 1 Last (C)","Channel 3 Last (C)","Channel 4 Last (C)","Channel 5 Last (C)","Channel 6 Last (C)"
"00:00:00","28.812","29.460","28.367","28.709","28.382"
"00:00:01","28.808","29.448","28.252","28.653","28.326"
"00:00:02","28.830","29.456","28.355","28.668","28.363"
"00:00:03","28.848","29.455","28.377","28.661","28.366"
"00:00:04","28.866","29.470","28.425","28.646","28.370"
"00:00:05","28.874","29.451","28.223","28.572","28.322"
"00:00:06","28.892","29.437","28.255","28.590","28.329"
"00:00:07","28.877","29.421","28.259","28.634","28.365"
"00:00:08","28.906","29.451","28.365","28.634","28.365"
"00:00:09","28.873","29.414","28.225","28.641","28.395"
"00:00:10","28.924","29.439","28.369","28.670","28.424"
"00:00:11","28.924","29.439","28.383","28.667","28.442"
"00:00:12","28.931","29.428","28.273","28.600","28.361"
"00:00:13","28.939","29.439","28.343","28.619","28.413"
"00:00:14","28.938","29.417","28.232","28.600","28.398"
"00:00:15","22.316","28.695","27.548","28.611","28.412"
"00:00:16","-19.314","23.842","25.340","28.534","28.416"
"00:00:17","-30.963","20.130","25.075","28.467","28.331"
"00:00:18","-44.096","10.183","23.724","28.537","28.423"
"00:00:19","-50.917","-0.230","21.225","28.349","28.430"
"00:00:20","-53.072","-3.557","20.512","28.308","28.444"
"00:00:21","-56.444","-8.274","19.632","28.234","28.382"
"00:00:22","-58.654","-11.637","18.026","28.112","28.355"
"00:00:23","-61.006","-13.942","16.662","27.987","28.291"
"00:00:24","-62.484","-15.699","16.387","28.009","28.322"
"00:00:25","-64.537","-17.645","15.425","28.001","28.391"
"00:00:26","-65.265","-18.587","14.477","27.876","28.388"
"00:00:27","-66.435","-20.233","12.518","27.626","28.358"
"00:00:28","-67.475","-21.597","11.154","27.452","28.299"
"00:00:29","-67.909","-22.189","10.414","27.338","28.258"
"00:00:30","-68.282","-23.048","10.388","27.400","28.291"
"00:00:31","-68.429","-23.888","10.213","27.352","28.224"
"00:00:32","-68.893","-24.365","9.510","27.282","28.221"
"00:00:33","-69.413","-25.245","8.132","27.153","28.261"
"00:00:34","-69.959","-26.097","6.457","26.921","28.143"
"00:00:35","-70.083","-26.452","5.755","26.792","28.132"
"00:00:36","-70.334","-27.003","5.714","26.833","28.120"
"00:00:37","-70.549","-27.410","6.119","26.891","28.271"
"00:00:38","-70.867","-27.860","4.790","26.641","28.179"
"00:00:39","-71.073","-28.561","2.887","26.287","28.039"
"00:00:40","-71.668","-29.117","2.282","26.158","27.936"
"00:00:41","-71.749","-29.390","2.462","26.070","27.946"
"00:00:42","-71.924","-29.875","2.394","25.845","27.902"
"00:00:43","-72.323","-30.359","2.109","25.698","27.843"
"00:00:44","-72.390","-30.548","1.782","25.642","27.839"
"00:00:45","-72.681","-31.014","-0.484","25.443","27.787"
"00:00:46","-73.017","-31.504","-2.023","25.189","27.699"
"00:00:47","-73.093","-31.737","-2.757","25.046","27.651"
"00:00:48","-73.371","-32.083","-3.103","24.983","27.643"
"00:00:49","-73.671","-32.448","-3.662","24.895","27.632"
"00:00:50","-74.011","-32.718","-4.392","24.777","27.554"
"00:00:51","-73.971","-33.060","-5.157","24.497","27.470"
"00:00:52","-74.240","-33.321","-4.993","24.585","27.543"
"00:00:53","-73.860","-33.345","-4.609","24.581","27.624"
"00:00:54","-74.370","-33.851","-5.967","24.191","27.440"
"00:00:55","-74.778","-34.193","-6.693","24.021","27.355"
"00:00:56","-74.679","-34.342","-7.100","23.867","27.333"
"00:00:57","-74.554","-34.478","-6.374","23.970","27.502"
"00:00:58","-75.033","-34.876","-7.248","23.594","27.240"
"00:00:59","-75.056","-35.049","-7.967","23.447","27.229"
"00:01:00","-75.373","-35.419","-9.066","23.230","27.211"
"00:01:01","-75.633","-35.712","-9.823","22.961","27.034"
"00:01:02","-75.678","-35.901","-10.611","22.663","26.912"
"00:01:03","-75.835","-36.098","-10.623","22.596","26.879"
"00:01:04","-75.889","-36.263","-10.063","22.681","27.030"
"00:01:05","-76.140","-36.428","-10.322","22.589","27.008"
"00:01:06","-76.189","-36.721","-11.226","22.361","26.934"
"00:01:07","-76.529","-36.922","-11.411","22.221","26.768"
"00:01:08","-76.256","-36.974","-11.581","22.121","26.787"
"00:01:09","-76.579","-37.308","-12.438","21.794","26.658"
"00:01:10","-76.794","-37.581","-13.156","21.565","26.624"
"00:01:11","-76.731","-37.653","-13.102","21.514","26.621"
"00:01:12","-77.103","-37.838","-13.103","21.414","26.451"
"00:01:13","-77.022","-37.955","-13.099","21.348","26.458"
"00:01:14","-77.090","-38.100","-13.493","21.189","26.440"
"00:01:15","-77.394","-38.393","-14.427","20.796","26.281"
"00:01:16","-77.404","-38.610","-15.118","20.593","26.230"
"00:01:17","-77.444","-38.711","-15.269","20.512","26.230"
"00:01:18","-77.435","-38.900","-15.428","20.350","26.160"
"00:01:19","-77.614","-39.085","-15.779","20.188","26.134"
"00:01:20","-77.668","-39.177","-16.045","20.037","26.038"
"00:01:21","-77.829","-39.314","-16.003","19.907","25.828"
"00:01:22","-77.924","-39.419","-16.262","19.684","25.736"
"00:01:23","-77.897","-39.523","-16.467","19.546","25.725"
"00:01:24","-77.955","-39.716","-17.023","19.308","25.647"
"00:01:25","-78.219","-39.953","-17.370","19.152","25.588"
"00:01:26","-78.219","-39.977","-17.116","19.137","25.537"
"00:01:27","-78.434","-40.100","-16.826","19.304","25.614"
"00:01:28","-78.184","-40.195","-16.791","19.211","25.695"
"00:01:29","-78.242","-40.327","-16.984","19.085","25.684"
"00:01:30","-78.506","-40.619","-18.297","18.569","25.382"
"00:01:31","-78.323","-40.636","-17.845","18.713","25.522"
"00:01:32","-78.542","-40.833","-18.587","18.383","25.360"
"00:01:33","-78.569","-40.986","-19.027","18.219","25.297"
"00:01:34","-78.484","-41.101","-19.397","17.873","25.161"
"00:01:35","-78.677","-41.204","-19.606","17.795","25.113"
"00:01:36","-78.739","-41.369","-20.177","17.535","24.984"
"00:01:37","-78.663","-41.480","-20.260","17.472","25.006"
"00:01:38","-78.614","-41.529","-20.138","17.390","24.951"
"00:01:39","-78.516","-41.534","-19.545","17.416","24.991"
"00:01:40","-78.565","-41.686","-19.560","17.308","24.944"
"00:01:41","-78.578","-41.793","-19.946","17.163","24.881"
"00:01:42","-78.892","-41.941","-20.193","17.134","24.888"
"00:01:43","-78.954","-42.040","-20.300","16.922","24.741"
"00:01:44","-78.990","-42.176","-21.029","16.617","24.546"
"00:01:45","-79.044","-42.213","-21.151","16.487","24.447"
"00:01:46","-79.245","-42.390","-21.581","16.275","24.359"
"00:01:47","-79.174","-42.427","-21.739","16.167","24.351"
"00:01:48","-79.147","-42.575","-21.778","16.074","24.289"
"00:01:49","-79.161","-42.555","-20.635","16.368","24.480"
"00:01:50","-79.420","-42.637","-20.844","16.171","24.318"
"00:01:51","-79.487","-42.830","-21.861","15.788","24.204"
"00:01:52","-79.590","-42.987","-22.492","15.539","24.123"
"00:01:53","-79.706","-43.061","-22.594","15.532","24.141"
"00:01:54","-79.840","-43.102","-22.393","15.487","23.968"
"00:01:55","-79.881","-43.230","-23.016","15.168","23.895"
"00:01:56","-79.889","-43.308","-23.225","15.075","23.862"
"00:01:57","-79.840","-43.209","-22.212","15.231","23.921"
"00:01:58","-80.094","-43.402","-23.055","14.826","23.700"
"00:01:59","-80.066","-43.448","-23.051","14.826","23.733"
"00:02:00","-80.306","-43.522","-22.444","14.889","23.685"
"00:02:01","-80.371","-43.559","-21.908","15.130","23.847"
"00:02:02","-80.486","-43.604","-21.676","15.220","23.998"
"00:02:03","-80.301","-43.785","-22.468","14.789","23.862"
"00:02:04","-80.744","-43.917","-22.984","14.495","23.505"
"00:02:05","-80.767","-43.913","-22.933","14.402","23.446"
"00:02:06","-80.712","-43.913","-22.629","14.265","23.343"
"00:02:07","-80.523","-44.086","-23.422","13.990","23.310"
"00:02:08","-80.578","-44.107","-23.402","13.964","23.310"
"00:02:09","-80.601","-44.189","-23.304","14.008","23.417"
"00:02:10","-80.850","-44.354","-24.005","13.588","23.148"
"00:02:11","-80.901","-44.444","-24.640","13.354","23.045"
"00:02:12","-80.915","-44.514","-24.530","13.406","23.034"
"00:02:13","-80.961","-44.522","-24.636","13.217","22.971"
"00:02:14","-81.026","-44.671","-25.480","12.919","22.861"
"00:02:15","-81.095","-44.765","-25.965","12.600","22.666"
"00:02:16","-81.187","-44.666","-24.770","12.771","22.648"
"00:02:17","-81.095","-44.600","-24.159","12.845","22.651"
"00:02:18","-80.924","-44.782","-24.778","12.622","22.710"
"00:02:19","-81.261","-45.045","-25.984","12.277","22.519"
"00:02:20","-81.353","-45.033","-25.716","12.340","22.548"
"00:02:21","-81.376","-45.152","-26.185","12.154","22.398"
"00:02:22","-81.349","-45.160","-26.201","11.961","22.339"
"00:02:23","-81.238","-45.152","-25.933","11.994","22.375"
"00:02:24","-81.302","-45.234","-25.929","11.928","22.372"
"00:02:25","-81.454","-45.333","-25.901","11.865","22.273"
"00:02:26","-81.436","-45.259","-25.227","11.905","22.247"
"00:02:27","-81.500","-45.263","-24.738","11.958","22.192"
"00:02:28","-81.449","-45.378","-25.361","11.742","22.203"
"00:02:29","-81.339","-45.448","-25.889","11.534","22.155"
"00:02:30","-81.436","-45.596","-26.165","11.437","22.137"
"00:02:31","-81.463","-45.616","-26.027","11.255","22.038"
"00:02:32","-81.417","-45.641","-25.995","11.203","21.986"
"00:02:33","-81.532","-45.752","-26.374","11.029","21.898"
"00:02:34","-81.532","-45.826","-26.551","10.918","21.902"
"00:02:35","-81.449","-45.900","-27.020","10.747","21.872"
"00:02:36","-81.412","-45.846","-26.141","10.784","21.747"
"00:02:37","-81.412","-45.929","-26.787","10.557","21.729"
"00:02:38","-81.314","-46.015","-27.209","10.338","21.553"
"00:02:39","-81.301","-45.920","-26.562","10.353","21.571"
"00:02:40","-81.245","-45.895","-25.939","10.484","21.737"
"00:02:41","-80.881","-45.809","-25.356","10.554","21.913"
"00:02:42","-81.088","-46.039","-25.513","10.480","21.873"
"00:02:43","-81.240","-46.138","-26.144","10.123","21.689"
"00:02:44","-81.046","-46.006","-25.209","10.354","21.840"
"00:02:45","-81.286","-46.158","-25.745","10.016","21.620"
"00:02:46","-81.318","-46.261","-26.321","9.791","21.542"
"00:02:47","-81.364","-46.294","-26.321","9.693","21.406"
"00:02:48","-81.622","-46.351","-26.482","9.442","21.256"
"00:02:49","-81.613","-46.392","-26.628","9.367","21.175"
"00:02:50","-81.696","-46.413","-26.565","9.326","21.171"
"00:02:51","-81.534","-46.384","-26.387","9.157","21.135"
"00:02:52","-81.511","-46.581","-27.625","8.778","20.991"
"00:02:53","-81.571","-46.548","-27.428","8.666","20.885"
"00:02:54","-81.607","-46.556","-27.077","8.718","20.936"
"00:02:55","-81.672","-46.729","-27.924","8.306","20.767"
"00:02:56","-81.723","-46.762","-28.212","8.152","20.708"
"00:02:57","-81.801","-46.811","-28.223","8.137","20.595"
"00:02:58","-81.939","-46.790","-27.427","8.201","20.576"
"00:02:59","-81.902","-46.757","-26.946","8.314","20.628"
"00:03:00","-82.003","-46.852","-27.308","8.160","20.602"
"00:03:01","-81.892","-46.896","-27.899","7.777","20.467"
"00:03:02","-82.044","-46.971","-28.361","7.575","20.349"
"00:03:03","-82.109","-47.020","-28.266","7.597","20.400"
"00:03:04","-82.224","-46.987","-27.533","7.691","20.349"
"00:03:05","-82.298","-47.040","-27.726","7.530","20.279"
"00:03:06","-82.265","-47.192","-28.967","7.226","20.283"
"00:03:07","-82.422","-47.241","-29.400","6.941","20.110"
"00:03:08","-82.431","-47.274","-29.527","6.896","20.118"
"00:03:09","-82.241","-47.249","-29.077","6.975","20.206"
"00:03:10","-82.329","-47.336","-29.369","6.697","20.055"
"00:03:11","-82.458","-47.335","-29.088","6.735","20.063"
"00:03:12","-82.485","-47.455","-29.877","6.368","19.882"
"00:03:13","-82.315","-47.512","-30.392","6.116","19.767"
"00:03:14","-82.310","-47.426","-29.589","6.364","19.886"
"00:03:15","-82.697","-47.549","-29.218","6.286","19.786"
"00:03:16","-84.200","-48.178","-29.596","6.057","19.708"
"00:03:17","-84.966","-48.483","-29.430","6.083","19.745"
"00:03:18","-86.511","-49.256","-29.698","5.937","19.560"
"00:03:19","-87.937","-49.902","-29.249","5.885","19.571"
"00:03:20","-88.426","-50.279","-29.410","5.892","19.631"
"00:03:21","-90.118","-51.142","-29.753","5.645","19.452"
"00:03:22","-92.518","-52.135","-29.981","5.626","19.482"
"00:03:23","-92.801","-52.526","-30.712","5.356","19.397"
"00:03:24","-84.227","-50.893","-31.455","5.146","19.334"
"00:03:25","-75.597","-47.246","-30.928","5.030","19.215"
"00:03:26","-72.442","-45.632","-30.185","5.162","19.368"
"00:03:27","-66.239","-42.767","-29.444","5.076","19.342"
"00:03:28","-61.062","-40.017","-28.644","4.884","19.119"
"00:03:29","-58.632","-38.651","-27.662","5.008","19.242"
"00:03:30","-54.334","-36.277","-26.656","5.069","19.376"
"00:03:31","-50.764","-34.063","-25.848","4.945","19.265"
"00:03:32","-49.023","-32.987","-25.501","4.957","19.262"
"00:03:33","-45.433","-30.870","-24.196","4.886","19.187"
"00:03:34","-42.177","-28.954","-22.918","4.968","19.176"
"00:03:35","-40.641","-28.063","-22.414","4.983","19.147"
"00:03:36","-37.982","-26.422","-22.232","4.605","18.898"
"00:03:37","-35.890","-24.755","-21.333","4.665","18.776"
"00:03:38","-34.825","-23.994","-20.627","4.710","18.787"
"00:03:39","-32.724","-22.543","-19.236","4.883","18.902"
"00:03:40","-30.623","-21.265","-18.764","4.643","18.806"
"00:03:41","-29.678","-20.674","-18.436","4.557","18.721"
"00:03:42","-27.919","-19.494","-17.502","4.531","18.620"
"00:03:43","-26.326","-18.413","-16.953","4.576","18.729"
"00:03:44","-25.478","-17.829","-16.355","4.606","18.788"
"00:03:45","-23.977","-16.887","-16.119","4.565","18.859"
"00:03:46","-22.541","-15.934","-15.717","4.408","18.714"
"00:03:47","-21.808","-15.493","-15.374","4.393","18.614"
"00:03:48","-20.558","-14.574","-14.327","4.524","18.614"
"00:03:49","-19.477","-13.709","-13.362","4.630","18.585"
"00:03:50","-18.902","-13.335","-12.980","4.615","18.540"
"00:03:51","-17.805","-12.559","-12.099","4.716","18.555"
"00:03:52","-16.847","-11.875","-11.281","5.107","18.894"
"00:03:53","-16.276","-11.489","-10.682","5.085","18.864"
"00:03:54","-15.291","-10.879","-10.365","4.923","18.771"
"00:03:55","-14.504","-10.303","-9.960","4.987","18.701"
"00:03:56","-14.121","-10.041","-9.842","5.018","18.753"
"00:03:57","-13.415","-9.515","-9.470","5.044","18.735"
"00:03:58","-12.623","-9.021","-9.067","5.040","18.705"
"00:03:59","-12.272","-8.789","-8.873","5.003","18.672"
"00:04:00","-11.600","-8.371","-8.812","4.947","18.598"
"00:04:01","-10.943","-7.914","-7.880","5.251","18.776"
"00:04:02","-10.626","-7.713","-7.637","5.214","18.717"
"00:04:03","-10.113","-7.344","-7.192","5.312","18.740"
"00:04:04","-9.625","-6.986","-6.614","5.447","18.736"
"00:04:05","-9.385","-6.796","-6.465","5.466","18.721"
"00:04:06","-8.864","-6.461","-6.218","5.473","18.725"
"00:04:07","-8.388","-6.161","-5.997","5.432","18.573"
"00:04:08","-8.198","-5.990","-5.849","5.489","18.562"
"00:04:09","-7.818","-5.689","-5.351","5.785","18.774"
"00:04:10","-7.339","-5.392","-5.039","5.767","18.730"
"00:04:11","-7.118","-5.267","-5.081","5.699","18.681"
"00:04:12","-6.783","-5.016","-4.856","5.884","18.745"
"00:04:13","-6.430","-4.787","-4.749","5.846","18.663"
"00:04:14","-6.239","-4.654","-4.548","5.892","18.626"
"00:04:15","-5.897","-4.415","-4.114","6.023","18.664"
"00:04:16","-5.619","-4.198","-3.707","6.177","18.671"
"00:04:17","-5.456","-4.110","-3.422","6.245","18.682"
"00:04:18","-5.114","-3.886","-2.920","6.399","18.664"
"00:04:19","-4.866","-3.707","-2.840","6.347","18.638"
"00:04:20","-4.725","-3.627","-2.715","6.339","18.627"
"00:04:21","-4.531","-3.452","-2.665","6.490","18.613"
"00:04:22","-4.246","-3.269","-2.357","6.591","18.665"
"00:04:23","-4.124","-3.197","-2.254","6.614","18.595"
"00:04:24","-3.850","-3.018","-1.809","6.832","18.662"
"00:04:25","-3.664","-2.881","-1.664","6.765","18.569"
"00:04:26","-3.565","-2.816","-1.645","6.843","18.643"
"00:04:27","-3.318","-2.656","-1.379","7.042","18.710"
"00:04:28","-3.173","-2.534","-1.025","7.226","18.759"
"00:04:29","-3.028","-2.451","-0.858","7.253","18.763"
"00:04:30","-2.842","-2.249","-0.588","7.347","18.748"
"00:04:31","-2.625","-2.070","-0.413","7.399","18.785"
"00:04:32","-2.515","-1.998","-0.398","7.354","18.766"
"00:04:33","-2.405","-1.857","-0.333","7.516","18.841"
"00:04:34","-2.214","-1.747","-0.317","7.445","18.760"
"00:04:35","-2.150","-1.678","-0.272","7.471","18.741"
"00:04:36","-2.001","-1.553","-0.150","7.576","18.774"
"00:04:37","-1.845","-1.401","0.171","7.948","18.968"
"00:04:38","-1.674","-1.328","0.295","7.974","18.972"
"00:04:39","-1.583","-1.222","0.449","7.930","18.942"
"00:04:40","-1.438","-1.149","0.483","7.870","18.820"
"00:04:41","-1.389","-1.092","0.577","7.979","18.850"
"00:04:42","-1.217","-0.940","0.817","8.257","18.991"
"00:04:43","-1.054","-0.845","0.915","8.201","18.943"
"00:04:44","-1.015","-0.810","0.968","8.253","18.921"
"00:04:45","-0.894","-0.696","1.103","8.362","19.025"
"00:04:46","-0.776","-0.601","1.208","8.456","19.059"
"00:04:47","-0.726","-0.559","1.242","8.423","19.010"
"00:04:48","-0.543","-0.448","1.363","8.539","19.115"
"00:04:49","-0.456","-0.384","1.438","8.554","19.040"
"00:04:50","-0.421","-0.338","1.472","8.495","18.996"
"00:04:51","-0.250","-0.243","1.562","8.592","19.048"
"00:04:52","-0.090","-0.132","1.675","8.649","19.030"
"00:04:53","-0.075","-0.113","1.709","8.623","19.038"
"00:04:54","0.028","-0.037","1.758","8.578","19.019"
"00:04:55","0.182","0.069","1.859","8.743","19.060"
"00:04:56","0.264","0.114","1.912","8.781","19.071"
"00:04:57","0.381","0.182","1.995","8.924","19.105"
"00:04:58","0.483","0.265","2.104","9.115","19.235"
"00:04:59","0.580","0.306","2.127","9.040","19.198"
"00:05:00","0.708","0.374","2.198","9.037","19.210"
"00:05:01","0.802","0.434","2.288","9.225","19.314"
"00:05:02","0.836","0.460","2.318","9.228","19.314"
"00:05:03","0.975","0.524","2.375","9.191","19.299"
"00:05:04","1.069","0.603","2.480","9.379","19.385"
"00:05:05","1.147","0.637","2.544","9.499","19.459"
"00:05:06","1.264","0.720","2.615","9.750","19.548"
"00:05:07","1.347","0.761","2.627","9.615","19.496"
"00:05:08","1.399","0.784","2.649","9.642","19.496"
"00:05:09","1.463","0.855","2.687","9.807","19.523"
"00:05:10","1.531","0.904","2.698","9.804","19.460"
"00:05:11","1.569","0.931","2.732","9.879","19.452"
"00:05:12","1.644","0.987","2.755","10.044","19.605"
"00:05:13","1.757","1.062","2.841","10.241","19.683"
"00:05:14","1.817","1.092","2.875","10.293","19.705"
"00:05:15","1.903","1.134","2.943","10.349","19.746"
"00:05:16","1.956","1.175","3.221","10.475","19.735"
"00:05:17","1.978","1.194","3.405","10.501","19.743"
"00:05:18","2.020","1.236","3.788","10.550","19.736"
"00:05:19","2.110","1.300","4.340","10.684","19.766"
"00:05:20","2.174","1.326","4.344","10.635","19.688"
"00:05:21","2.204","1.487","4.325","10.673","19.736"
"00:05:22","2.242","1.536","4.524","10.781","19.755"
"00:05:23","2.280","1.544","4.614","10.848","19.759"
"00:05:24","2.343","1.589","4.757","10.929","19.814"
"00:05:25","2.441","1.616","4.840","11.019","19.911"
"00:05:26","2.479","1.634","4.952","11.052","19.867"
"00:05:27","2.494","1.650","4.825","11.068","19.863"
"00:05:28","2.723","1.691","4.942","11.120","19.875"
"00:05:29","2.723","1.706","4.795","11.071","19.845"
"00:05:30","2.709","1.733","4.897","11.180","19.871"
"00:05:31","2.754","1.812","6.627","12.042","20.355"
"00:05:32","2.784","1.834","6.943","12.083","20.406"
"00:05:33","2.754","1.850","5.952","11.793","20.256"
"00:05:34","2.751","1.869","5.160","11.619","20.116"
"00:05:35","2.758","1.880","5.461","11.808","20.208"
"00:05:36","2.781","1.914","5.814","11.946","20.322"
"00:05:37","2.808","1.929","5.900","12.039","20.367"
"00:05:38","2.826","1.944","5.942","12.025","20.341"
"00:05:39","2.842","1.963","5.578","11.932","20.227"
"00:05:40","2.913","1.997","6.269","12.318","20.448"
"00:05:41","2.921","2.035","6.678","12.523","20.570"
"00:05:42","2.936","2.042","6.344","12.371","20.485"
"00:05:43","2.996","2.073","6.359","12.434","20.463"
"00:05:44","3.052","2.088","6.412","12.426","20.430"
"00:05:45","3.112","2.076","5.879","12.259","20.316"
"00:05:46","3.158","2.110","5.879","12.375","20.383"
"00:05:47","3.188","2.122","5.969","12.434","20.379"
"00:05:48","3.244","2.137","6.164","12.557","20.412"
"00:05:49","3.255","2.156","6.048","12.583","20.434"
"00:05:50","3.271","2.171","6.097","12.631","20.468"
"00:05:51","3.316","2.186","6.195","12.747","20.530"
"00:05:52","3.320","2.209","6.033","12.684","20.497"
"00:05:53","3.346","2.224","6.131","12.728","20.508"
"00:05:54","3.459","2.277","6.679","12.907","20.612"
"00:05:55","3.455","2.314","6.627","13.011","20.696"
"00:05:56","3.508","2.359","7.261","13.253","20.847"
"00:05:57","3.602","2.367","7.336","13.186","20.792"
"00:05:58","3.557","2.363","6.878","13.212","20.803"
"00:05:59","3.617","2.386","7.235","13.375","20.902"
"00:06:00","3.714","2.408","7.276","13.390","20.862"
"00:06:01","3.722","2.431","7.250","13.450","20.903"
"00:06:02","3.699","2.423","7.175","13.517","20.947"
"00:06:03","3.771","2.442","7.138","13.547","20.954"
"00:06:04","3.876","2.484","7.682","13.815","21.058"
"00:06:05","3.880","2.491","7.896","13.915","21.124"
"00:06:06","3.970","2.529","8.069","14.108","21.190"
"00:06:07","3.959","2.555","7.953","14.101","21.172"
"00:06:08","3.892","2.552","7.949","14.205","21.209"
"00:06:09","3.937","2.563","7.664","14.179","21.135"
"00:06:10","4.068","2.593","8.171","14.421","21.242"
"00:06:11","4.121","2.620","8.430","14.544","21.320"
"00:06:12","4.087","2.665","8.220","14.573","21.305"
"00:06:13","4.185","2.687","8.107","14.618","21.298"
"00:06:14","3.607","2.620","7.988","14.663","21.276"
"00:06:15","-36.383","1.126","6.846","14.689","21.313"
"00:06:16","-55.413","-10.553","5.698","14.693","21.357"
"00:06:17","-60.443","-16.274","5.454","14.827","21.379"
"00:06:18","-66.001","-22.959","3.383","14.634","21.302"
"00:06:19","-68.621","-26.488","2.155","14.704","21.310"
"00:06:20","-69.193","-27.501","2.231","14.783","21.310"
"00:06:21","-70.218","-29.211","1.379","14.738","21.295"
"00:06:22","-71.300","-30.570","0.178","14.735","21.248"
"00:06:23","-71.775","-31.068","0.219","14.891","21.299"
"00:06:24","-72.397","-32.128","-0.865","14.861","21.343"
"00:06:25","-72.844","-32.827","-0.512","15.047","21.402"
"00:06:26","-72.996","-33.265","-0.918","15.025","21.377"
"00:06:27","-72.929","-33.971","-1.568","14.947","21.424"
"00:06:28","-73.788","-34.823","-2.602","14.925","21.377"
"00:06:29","-74.096","-35.212","-3.107","14.877","21.311"
"00:06:30","-74.696","-35.855","1.744","14.940","21.395"
"00:06:31","-74.969","-36.505","0.197","14.650","21.230"
"00:06:32","-75.107","-36.830","-2.142","14.531","21.168"
"00:06:33","-75.644","-37.196","-3.430","14.784","21.322"
"00:06:34","-75.447","-37.481","-3.992","14.684","21.359"
"00:06:35","-75.675","-37.810","-5.159","14.513","21.275"
"00:06:36","-75.912","-38.264","-6.874","14.409","21.223"
"00:06:37","-76.010","-38.521","-7.562","14.510","21.323"
"00:06:38","-76.292","-38.693","-8.268","14.450","21.327"
"00:06:39","-76.301","-38.986","-9.033","14.417","21.338"
"00:06:40","-76.681","-39.187","-8.876","14.670","21.489"
"00:06:41","-76.873","-39.376","-9.481","14.585","21.526"
"00:06:42","-76.403","-39.415","-9.051","14.704","21.633"
"00:06:43","-76.891","-39.753","-9.671","14.715","21.544"
"00:06:44","-76.989","-39.877","-9.956","14.674","21.548"
"00:06:45","-77.325","-40.253","-11.387","14.522","21.519"
"00:06:46","-77.289","-40.302","-11.132","14.655","21.651"
"00:06:47","-77.262","-40.418","-11.426","14.514","21.574"
"00:06:48","-77.629","-40.768","-12.761","14.221","21.390"
"00:06:49","-77.652","-40.792","-12.248","14.533","21.629"
"00:06:50","-77.432","-40.879","-12.460","14.336","21.519"
"00:06:51","-77.813","-41.187","-13.499","14.054","21.372"
"00:06:52","-77.978","-41.450","-14.680","13.835","21.317"
"00:06:53","-77.861","-41.347","-13.857","14.043","21.431"
"00:06:54","-78.219","-41.562","-13.919","14.169","21.434"
"00:06:55","-78.376","-41.730","-14.309","14.240","21.549"
"00:06:56","-78.447","-41.841","-14.737","14.028","21.508"
"00:06:57","-78.277","-42.055","-15.625","13.712","21.431"
"00:06:58","-78.362","-42.228","-16.208","13.578","21.431"
"00:06:59","-78.671","-42.311","-15.926","13.705","21.427"
"00:07:00","-78.519","-42.331","-15.907","13.697","21.435"
"00:07:01","-78.425","-42.376","-15.648","13.672","21.347"
"00:07:02","-78.827","-42.487","-15.853","13.720","21.420"
"00:07:03","-78.894","-42.643","-16.281","13.497","21.303"
"00:07:04","-79.019","-42.837","-16.883","13.456","21.413"
"00:07:05","-78.890","-42.927","-17.590","13.152","21.295"
"00:07:06","-78.832","-43.010","-17.756","13.122","21.354"
"00:07:07","-78.813","-42.968","-17.080","13.100","21.207"
"00:07:08","-79.100","-42.993","-16.717","13.300","21.321"
"00:07:09","-79.077","-43.162","-17.211","13.133","21.251"
"00:07:10","-79.404","-43.248","-17.203","13.085","21.281"
"00:07:11","-79.409","-43.380","-17.856","12.880","21.214"
"00:07:12","-79.440","-43.520","-18.570","12.773","21.237"
"00:07:13","-79.475","-43.573","-18.296","12.825","21.351"
"00:07:14","-79.381","-43.664","-18.751","12.587","21.244"
"00:07:15","-79.444","-43.791","-19.017","12.502","21.174"
"00:07:16","-79.695","-43.923","-19.338","12.539","21.178"
"00:07:17","-79.780","-44.067","-20.238","12.271","21.160"
"00:07:18","-79.712","-44.092","-20.274","12.093","21.009"
"00:07:19","-79.847","-44.088","-19.905","12.238","21.101"
"00:07:20","-79.959","-44.178","-20.104","12.212","21.141"
"00:07:21","-79.815","-44.211","-20.183","12.019","21.108"
"00:07:22","-79.954","-44.297","-20.376","11.874","21.068"
"00:07:23","-80.040","-44.396","-20.636","11.792","21.061"
"00:07:24","-80.058","-44.532","-20.877","11.636","20.950"
"00:07:25","-80.022","-44.474","-20.510","11.636","20.980"
"00:07:26","-80.151","-44.594","-20.912","11.506","20.869"
"00:07:27","-80.243","-44.688","-21.299","11.540","20.954"
"00:07:28","-80.331","-44.804","-21.673","11.298","20.843"
"00:07:29","-80.298","-44.816","-21.491","11.354","20.851"
"00:07:30","-80.441","-44.890","-21.685","11.157","20.822"
"00:07:31","-80.483","-45.013","-22.276","11.020","20.862"
"00:07:32","-80.492","-45.137","-22.635","10.916","20.789"
"00:07:33","-80.584","-45.062","-22.102","10.934","20.822"
"00:07:34","-80.611","-45.194","-22.386","10.868","20.862"
"00:07:35","-80.538","-45.272","-22.859","10.682","20.778"
"00:07:36","-80.759","-45.342","-23.072","10.667","20.745"
"00:07:37","-80.782","-45.548","-24.377","10.221","20.645"
"00:07:38","-80.727","-45.433","-23.537","10.574","20.859"
"00:07:39","-80.731","-45.503","-23.245","10.481","20.822"
"00:07:40","-80.616","-45.544","-23.095","10.429","20.818"
"00:07:41","-80.750","-45.495","-22.339","10.552","20.811"
"00:07:42","-80.907","-45.601","-22.820","10.266","20.712"
"00:07:43","-80.888","-45.836","-24.322","9.806","20.616"
"00:07:44","-80.930","-45.857","-24.397","9.773","20.619"
"00:07:45","-80.759","-45.791","-23.687","9.754","20.546"
"00:07:46","-80.971","-45.972","-24.334","9.566","20.402"
"00:07:47","-81.188","-46.042","-24.684","9.656","20.524"
"00:07:48","-81.101","-46.096","-24.814","9.439","20.494"
"00:07:49","-81.271","-46.137","-24.960","9.165","20.325"
"00:07:50","-81.396","-46.178","-25.098","9.105","20.318"
"00:07:51","-81.363","-46.091","-24.042","9.420","20.480"
"00:07:52","-81.479","-46.248","-24.519","9.071","20.311"
"00:07:53","-81.456","-46.305","-24.755","8.955","20.314"
"00:07:54","-81.405","-46.342","-24.601","8.898","20.204"
"00:07:55","-81.479","-46.458","-25.362","8.707","20.160"
"00:07:56","-81.539","-46.429","-25.126","8.602","20.127"
"00:07:57","-81.548","-46.495","-25.489","8.388","20.016"
"00:07:58","-81.382","-46.544","-25.788","8.050","19.897"
"00:07:59","-81.345","-46.569","-25.867","8.020","19.949"
"00:08:00","-81.410","-46.701","-26.241","7.885","19.953"
"00:08:01","-81.543","-46.598","-25.126","8.155","19.983"
"00:08:02","-81.530","-46.610","-24.972","8.061","19.960"
"00:08:03","-81.299","-46.738","-25.768","7.652","19.908"
"00:08:04","-81.613","-46.816","-25.938","7.719","20.001"
"00:08:05","-81.405","-46.758","-25.638","7.689","19.990"
"00:08:06","-81.613","-46.985","-26.821","7.247","19.763"
"00:08:07","-81.866","-47.096","-27.424","7.070","19.730"
"00:08:08","-81.807","-47.001","-26.801","7.303","19.990"
"00:08:09","-81.687","-46.940","-25.410","7.562","19.960"
"00:08:10","-81.872","-46.961","-25.126","7.332","19.845"
"00:08:11","-81.895","-47.022","-25.493","7.171","19.841"
"00:08:12","-81.959","-47.055","-25.189","7.021","19.726"
"00:08:13","-81.885","-47.195","-26.344","6.518","19.484"
"00:08:14","-81.922","-47.175","-26.214","6.533","19.455"
"00:08:15","-81.904","-47.277","-26.703","6.447","19.477"
"00:08:16","-81.862","-47.150","-25.418","6.559","19.380"
"00:08:17","-81.973","-47.179","-25.442","6.394","19.313"
"00:08:18","-82.125","-47.475","-27.657","5.655","19.050"
"00:08:19","-81.982","-47.422","-27.164","5.827","19.128"
"00:08:20","-81.983","-47.376","-26.455","6.041","19.179"
"00:08:21","-82.093","-47.537","-27.098","5.910","19.232"
"00:08:22","-81.982","-47.566","-27.432","5.625","19.109"
"00:08:23","-82.061","-47.496","-26.774","5.760","19.146"
"00:08:24","-82.102","-47.413","-25.915","5.861","19.224"
"00:08:25","-82.185","-47.656","-27.216","5.347","18.916"
"00:08:26","-82.296","-47.677","-27.507","5.317","18.968"
"00:08:27","-82.139","-47.566","-26.904","5.275","18.927"
"00:08:28","-82.222","-47.833","-28.454","4.923","18.949"
"00:08:29","-82.278","-47.903","-28.741","4.802","18.901"
"00:08:30","-82.384","-47.871","-28.217","5.084","19.112"
"00:08:31","-82.587","-47.780","-27.263","5.257","19.202"
"00:08:32","-82.545","-47.821","-27.271","5.227","19.165"
"00:08:33","-82.509","-47.879","-27.480","4.821","18.815"
"00:08:34","-82.596","-47.974","-27.969","4.566","18.756"
"00:08:35","-82.560","-47.970","-27.867","4.566","18.711"
"00:08:36","-82.615","-48.015","-28.103","4.288","18.540"
"00:08:37","-82.772","-48.122","-28.770","4.040","18.339"
"00:08:38","-82.938","-48.073","-28.383","4.123","18.395"
"00:08:39","-82.814","-48.060","-28.356","3.826","18.276"
"00:08:40","-82.744","-48.106","-28.557","3.796","18.365"
"00:08:41","-82.814","-48.167","-28.647","3.736","18.343"
"00:08:42","-82.740","-48.143","-28.226","3.818","18.302"
"00:08:43","-82.906","-48.147","-27.761","3.845","18.443"
"00:08:44","-82.721","-48.221","-28.111","3.728","18.391"
"00:08:45","-82.717","-48.283","-28.411","3.465","18.313"
"00:08:46","-82.786","-48.382","-29.042","3.248","18.127"
"00:08:47","-82.920","-48.386","-29.101","3.060","17.986"
"00:08:48","-82.980","-48.357","-28.928","3.150","17.993"
"00:08:49","-83.096","-48.403","-28.944","3.048","17.952"
"00:08:50","-83.054","-48.341","-28.404","3.165","18.026"
"00:08:51","-82.865","-48.456","-28.873","2.755","17.710"
"00:08:52","-82.995","-48.440","-28.534","2.864","17.848"
"00:08:53","-82.944","-48.448","-28.672","2.800","17.837"
"00:08:54","-82.971","-48.407","-28.057","2.954","18.030"
"00:08:55","-82.986","-48.469","-27.982","2.751","17.859"
"00:08:56","-82.902","-48.547","-28.656","2.436","17.695"
"00:08:57","-82.921","-48.568","-28.605","2.481","17.669"
"00:08:58","-82.787","-48.515","-28.061","2.436","17.591"
"00:08:59","-82.967","-48.609","-28.605","2.181","17.483"
"00:09:00","-82.940","-48.626","-28.641","2.207","17.528"
"00:09:01","-82.880","-48.601","-28.129","2.285","17.535"
"00:09:02","-82.931","-48.675","-28.424","2.166","17.490"
"00:09:03","-82.996","-48.807","-29.280","1.921","17.379"
"00:09:04","-83.055","-48.799","-29.020","1.843","17.349"
"00:09:05","-83.037","-48.799","-29.020","1.794","17.286"
"00:09:06","-83.107","-48.972","-30.604","1.223","17.036"
"00:09:07","-83.199","-49.018","-30.982","1.302","17.025"
"00:09:08","-83.375","-49.018","-30.705","1.388","17.062"
"00:09:09","-83.370","-48.981","-30.203","1.324","17.010"
"00:09:10","-83.245","-49.043","-30.781","1.260","17.092"
"00:09:11","-83.324","-49.043","-30.504","1.421","17.233"
"00:09:12","-83.407","-48.977","-29.648","1.391","17.263"
"00:09:13","-83.578","-49.068","-30.091","1.279","17.251"
"00:09:14","-83.657","-49.109","-30.481","1.034","17.147"
"00:09:15","-83.611","-49.265","-31.597","0.805","17.047"
"00:09:16","-83.809","-49.200","-30.959","0.775","16.939"
"00:09:17","-83.768","-49.237","-31.276","0.700","16.920"
"00:09:18","-83.860","-49.208","-30.762","0.794","16.905"
"00:09:19","-83.800","-49.246","-31.128","0.636","16.831"
"00:09:20","-83.736","-49.258","-31.051","0.636","16.864"
"00:09:21","-83.718","-49.205","-30.385","0.745","17.020"
"00:09:22","-83.708","-49.246","-30.212","0.700","16.979"
"00:09:23","-83.768","-49.221","-29.842","0.700","16.912"
"00:09:24","-83.926","-49.238","-30.012","0.605","16.856"
"00:09:25","-83.847","-49.291","-30.385","0.609","17.012"
"00:09:26","-83.824","-49.378","-30.683","0.519","16.815"
"00:09:27","-84.092","-49.411","-30.860","0.444","16.711"
"00:09:28","-84.083","-49.444","-31.141","0.376","16.663"
"00:09:29","-84.042","-49.452","-31.133","0.391","16.629"
"00:09:30","-84.134","-49.424","-30.936","0.256","16.443"
"00:09:31","-84.240","-49.490","-31.322","0.222","16.458"
"00:09:32","-84.245","-49.457","-30.997","0.259","16.581"
"00:09:33","-84.217","-49.519","-31.093","0.218","16.629"
"00:09:34","-84.107","-49.482","-30.724","0.225","16.655"
"00:09:35","-84.148","-49.437","-30.407","0.188","16.636"
"00:09:36","-84.195","-49.573","-31.383","0.033","16.416"
"00:09:37","-84.130","-49.672","-32.198","-0.080","16.320"
"00:09:38","-84.108","-49.594","-31.680","-0.084","16.386"
"00:09:39","-83.993","-49.582","-31.295","-0.058","16.397"
"00:09:40","-83.997","-49.627","-31.255","-0.168","16.327"
"00:09:41","-83.979","-49.640","-31.191","-0.172","16.267"
"00:09:42","-83.993","-49.735","-32.055","-0.264","16.278"
"00:09:43","-83.979","-49.718","-31.854","-0.290","16.166"
"00:09:44","-84.086","-49.669","-31.216","-0.226","16.159"
"00:09:45","-84.160","-49.805","-32.417","-0.466","16.006"
"00:09:46","-84.100","-49.818","-32.686","-0.550","15.917"
"00:09:47","-84.151","-49.859","-32.730","-0.538","15.913"
"00:09:48","-84.295","-49.773","-31.642","-0.413","16.028"
"00:09:49","-84.073","-49.835","-32.088","-0.527","16.146"
"00:09:50","-84.014","-49.823","-32.016","-0.562","16.057"
"00:09:51","-83.936","-49.876","-32.374","-0.604","16.053"
"00:09:52","-83.908","-49.811","-31.258","-0.410","16.242"
"00:09:53","-83.913","-49.790","-30.972","-0.452","16.220"
"00:09:54","-84.074","-49.889","-31.660","-0.638","16.042"
"00:09:55","-83.918","-49.836","-31.250","-0.585","16.071"
"00:09:56","-83.927","-49.910","-31.620","-0.654","16.004"
"00:09:57","-83.881","-49.877","-31.222","-0.643","15.952"
"00:09:58","-83.946","-49.820","-30.339","-0.586","15.944"
"00:09:59","-83.988","-49.882","-30.845","-0.727","15.829"
"00:10:00","-83.910","-49.903","-31.010","-0.807","15.650"
"00:10:01","-83.818","-49.932","-31.123","-0.803","15.646"
"00:10:02","-83.873","-49.924","-30.938","-0.739","15.761"
"00:10:03","-83.763","-49.945","-31.272","-0.823","15.780"
"00:10:04","-83.717","-50.007","-31.806","-1.017","15.504"
"00:10:05","-83.763","-50.041","-31.995","-1.009","15.437"
"00:10:06","-83.708","-49.962","-31.341","-0.945","15.549"
"00:10:07","-83.625","-49.987","-31.478","-0.979","15.456"
"00:10:08","-83.667","-49.950","-30.968","-0.934","15.455"
"00:10:09","-83.926","-50.033","-31.542","-1.033","15.481"
"00:10:10","-83.783","-50.164","-32.836","-1.204","15.425"
"00:10:11","-83.936","-50.126","-32.145","-1.003","15.555"
"00:10:12","-84.088","-50.131","-32.137","-1.072","15.484"
"00:10:13","-84.038","-50.186","-32.535","-1.194","15.369"
"00:10:14","-84.006","-50.190","-32.572","-1.201","15.369"
"00:10:15","-84.047","-50.195","-32.435","-1.244","15.327"
"00:10:16","-84.191","-50.174","-32.167","-1.210","15.420"
"00:10:17","-84.136","-50.216","-32.548","-1.328","15.271"
"00:10:18","-84.053","-50.271","-33.195","-1.404","15.275"
"00:10:19","-84.062","-50.339","-33.774","-1.465","15.260"
"00:10:20","-84.072","-50.364","-34.099","-1.507","15.230"
"00:10:21","-84.344","-50.327","-33.485","-1.443","15.237"
"00:10:22","-84.391","-50.352","-33.746","-1.492","15.222"
"00:10:23","-84.455","-50.331","-33.373","-1.424","15.344"
"00:10:24","-84.414","-50.231","-32.393","-1.398","15.277"
"00:10:25","-84.392","-50.290","-32.639","-1.535","15.021"
"00:10:26","-84.406","-50.290","-32.595","-1.542","14.983"
"00:10:27","-84.462","-50.295","-32.254","-1.505","15.102"
"00:10:28","-84.462","-50.299","-32.399","-1.676","14.953"
"00:10:29","-84.462","-50.325","-32.463","-1.612","15.038"
"00:10:30","-84.509","-50.312","-32.323","-1.616","15.023"
"00:10:31","-84.297","-50.325","-32.154","-1.643","15.004"
"00:10:32","-84.343","-50.334","-32.102","-1.624","15.030"
"00:10:33","-84.357","-50.288","-31.416","-1.438","15.182"
"00:10:34","-84.104","-50.356","-31.950","-1.613","14.959"
"00:10:35","-84.183","-50.394","-32.264","-1.686","14.847"
"00:10:36","-84.082","-50.394","-32.385","-1.751","14.806"
"00:10:37","-83.962","-50.411","-32.413","-1.705","14.846"
"00:10:38","-84.017","-50.348","-31.879","-1.675","14.809"
"00:10:39","-84.119","-50.361","-31.666","-1.611","14.991"
"00:10:40","-84.212","-50.366","-31.370","-1.634","14.935"
"00:10:41","-84.152","-50.438","-32.037","-1.824","14.738"
"00:10:42","-84.088","-50.484","-32.796","-1.972","14.648"
"00:10:43","-84.042","-50.497","-33.021","-1.946","14.562"
"00:10:44","-84.264","-50.493","-32.732","-1.897","14.655"
"00:10:45","-84.347","-50.477","-32.616","-1.916","14.651"
"00:10:46","-84.458","-50.507","-32.552","-1.936","14.577"
"00:10:47","-84.542","-50.477","-32.203","-1.909","14.573"
"00:10:48","-84.510","-50.448","-31.934","-1.875","14.635"
"00:10:49","-84.625","-50.524","-32.605","-1.933","14.657"
"00:10:50","-84.755","-50.466","-32.292","-1.910","14.765"
"00:10:51","-84.746","-50.520","-32.385","-1.975","14.542"
"00:10:52","-84.654","-50.534","-32.469","-2.063","14.400"
"00:10:53","-84.696","-50.530","-32.413","-2.029","14.419"
"00:10:54","-84.816","-50.559","-32.462","-2.014","14.474"
"00:10:55","-84.637","-50.589","-32.864","-2.178","14.310"
"00:10:56","-84.743","-50.598","-32.820","-2.136","14.384"
"00:10:57","-84.448","-50.628","-33.154","-2.201","14.262"
"00:10:58","-84.250","-50.636","-33.214","-2.182","14.284"
"00:10:59","-84.260","-50.637","-32.998","-2.141","14.280"
"00:11:00","-84.242","-50.641","-32.805","-2.152","14.290"
"00:11:01","-84.205","-50.713","-33.408","-2.267","14.216"
"00:11:02","-84.261","-50.671","-33.135","-2.248","14.208"
"00:11:03","-84.386","-50.642","-32.726","-2.165","14.334"
"00:11:04","-84.238","-50.681","-32.983","-2.363","14.044"
"00:11:05","-84.215","-50.676","-33.039","-2.332","14.014"
"00:11:06","-84.391","-50.689","-32.851","-2.279","14.099"
"00:11:07","-84.364","-50.648","-32.599","-2.242","14.251"
"00:11:08","-84.466","-50.690","-32.868","-2.272","14.314"
"00:11:09","-84.461","-50.720","-33.193","-2.295","14.188"
"00:11:10","-84.656","-50.682","-32.523","-2.208","14.284"
"00:11:11","-84.725","-50.683","-32.367","-2.205","14.239"
"00:11:12","-84.855","-50.729","-32.853","-2.342","14.179"
"00:11:13","-84.869","-50.751","-32.882","-2.354","14.078"
"00:11:14","-84.828","-50.680","-32.432","-2.328","14.112"
"00:11:15","-84.893","-50.714","-32.541","-2.343","14.059"
"00:11:16","-84.903","-50.735","-32.373","-2.343","14.029"
"00:11:17","-84.926","-50.744","-32.369","-2.321","14.051"
"00:11:18","-84.719","-50.786","-33.012","-2.489","13.951"
"00:11:19","-84.761","-50.846","-33.623","-2.592","13.805"
"00:11:20","-84.830","-50.812","-33.386","-2.493","13.902"
"00:11:21","-84.835","-50.842","-33.495","-2.554","13.849"
"00:11:22","-84.790","-50.876","-33.909","-2.589","13.867"
"00:11:23","-84.763","-50.809","-33.275","-2.445","14.060"
"00:11:24","-84.680","-50.822","-32.970","-2.441","13.941"
"00:11:25","-84.676","-50.781","-32.400","-2.366","14.074"
"00:11:26","-84.648","-50.793","-32.693","-2.552","13.896"
"00:11:27","-84.506","-50.912","-33.437","-2.609","13.780"
"00:11:28","-84.543","-50.853","-32.995","-2.526","13.966"
"00:11:29","-84.460","-50.900","-33.317","-2.629","13.839"
"00:11:30","-84.327","-50.930","-33.767","-2.766","13.687"
"00:11:31","-84.277","-50.934","-34.001","-2.778","13.686"
"00:11:32","-84.286","-50.964","-34.218","-2.831","13.671"
"00:11:33","-84.194","-50.977","-34.230","-2.767","13.585"
"00:11:34","-84.167","-50.952","-34.223","-2.886","13.496"
"00:11:35","-84.204","-50.906","-33.946","-2.844","13.507"
"00:11:36","-84.228","-50.940","-34.235","-2.947","13.413"
"00:11:37","-84.431","-50.949","-34.055","-2.894","13.379"
"00:11:38","-84.625","-50.979","-34.115","-2.921","13.394"
"00:11:39","-84.658","-50.967","-33.734","-2.739","13.524"
"00:11:40","-84.589","-50.967","-33.923","-2.914","13.427"
"00:11:41","-84.751","-50.980","-33.931","-2.918","13.412"
"00:11:42","-84.691","-51.022","-34.305","-2.968","13.467"
"00:11:43","-84.775","-51.014","-34.137","-2.850","13.515"
"00:11:44","-84.821","-51.069","-34.744","-3.025","13.374"
"00:11:45","-84.781","-51.095","-35.283","-3.148","13.265"
"00:11:46","-84.680","-51.045","-35.094","-3.125","13.250"
"00:11:47","-84.749","-51.071","-35.287","-3.171","13.217"
"00:11:48","-84.860","-51.063","-34.898","-3.080","13.279"
"00:11:49","-84.870","-51.046","-34.308","-2.955","13.320"
"00:11:50","-84.898","-51.046","-34.268","-2.986","13.242"
"00:11:51","-84.977","-51.034","-33.923","-2.967","13.256"
"00:11:52","-84.918","-51.027","-33.896","-3.089","13.215"
"00:11:53","-84.964","-51.060","-34.165","-3.093","13.244"
"00:11:54","-84.965","-51.099","-34.326","-3.090","13.180"
"00:11:55","-84.859","-51.120","-34.560","-3.121","13.206"
"00:11:56","-84.850","-51.142","-34.934","-3.182","13.180"
"00:11:57","-84.869","-51.184","-35.243","-3.304","12.930"
"00:11:58","-84.990","-51.130","-34.653","-3.187","12.989"
"00:11:59","-85.013","-51.147","-34.826","-3.256","12.963"
"00:12:00","-84.875","-51.076","-34.437","-3.214","13.026"
"00:12:01","-84.756","-51.081","-34.369","-3.169","13.077"
"00:12:02","-84.936","-51.144","-34.534","-3.196","13.051"
"00:12:03","-84.964","-51.153","-34.700","-3.322","12.958"
"00:12:04","-84.942","-51.158","-34.804","-3.322","12.876"
"00:12:05","-85.039","-51.171","-34.777","-3.326","12.886"
"00:12:06","-85.169","-51.205","-34.745","-3.277","13.016"
"00:12:07","-85.040","-51.244","-35.416","-3.453","12.833"
"00:12:08","-85.026","-51.256","-35.573","-3.498","12.729"
"00:12:09","-85.004","-51.253","-35.570","-3.499","12.714"
"00:12:10","-84.995","-51.261","-35.706","-3.549","12.647"
"00:12:11","-85.019","-51.245","-35.590","-3.549","12.631"
"00:12:12","-84.890","-51.296","-35.904","-3.519","12.709"
"00:12:13","-85.098","-51.238","-34.985","-3.375","12.712"
"00:12:14","-85.251","-51.192","-34.475","-3.315","12.764"
"00:12:15","-85.085","-51.217","-34.500","-3.345","12.831"
"00:12:16","-84.929","-51.210","-34.247","-3.361","12.815"
"00:12:17","-84.846","-51.256","-34.541","-3.388","12.781"
"00:12:18","-84.662","-51.257","-34.429","-3.373","12.714"
"00:12:19","-84.672","-51.291","-34.799","-3.435","12.773"
"00:12:20","-84.617","-51.300","-34.980","-3.499","12.743"
"00:12:21","-84.512","-51.334","-35.535","-3.603","12.668"
"00:12:22","-84.448","-51.355","-35.884","-3.580","12.727"
"00:12:23","-84.457","-51.347","-35.844","-3.599","12.638"
"00:12:24","-84.509","-51.365","-36.034","-3.661","12.626"
"00:12:25","-84.726","-51.340","-35.544","-3.574","12.525"
"00:12:26","-84.726","-51.323","-35.416","-3.578","12.607"
"00:12:27","-84.588","-51.316","-35.393","-3.613","12.588"
"00:12:28","-84.658","-51.358","-35.550","-3.564","12.702"
"00:12:29","-84.728","-51.354","-35.494","-3.598","12.699"
"00:12:30","-84.788","-51.287","-34.940","-3.496","12.665"
"00:12:31","-84.738","-51.288","-34.507","-3.508","12.646"
"00:12:32","-84.808","-51.309","-34.652","-3.569","12.604"
"00:12:33","-84.864","-51.314","-34.536","-3.566","12.511"
"00:12:34","-84.943","-51.344","-34.737","-3.589","12.503"
"00:12:35","-84.855","-51.243","-34.163","-3.510","12.544"
"00:12:36","-84.801","-51.299","-34.425","-3.526","12.666"
"00:12:37","-84.861","-51.346","-34.626","-3.572","12.572"
"00:12:38","-84.880","-51.371","-34.964","-3.655","12.487"
"00:12:39","-84.867","-51.363","-34.980","-3.705","12.438"
"00:12:40","-84.835","-51.368","-35.069","-3.729","12.474"
"00:12:41","-84.919","-51.415","-35.307","-3.786","12.329"
"00:12:42","-84.984","-51.411","-35.263","-3.756","12.247"
"00:12:43","-85.082","-51.458","-35.653","-3.871","12.168"
"00:12:44","-85.082","-51.458","-35.577","-3.810","12.254"
"00:12:45","-84.995","-51.497","-35.871","-3.803","12.353"
"00:12:46","-84.926","-51.464","-35.924","-3.807","12.357"
"00:12:47","-85.019","-51.472","-35.823","-3.827","12.260"
"00:12:48","-85.259","-51.444","-35.113","-3.698","12.304"
"00:12:49","-85.292","-51.398","-34.579","-3.729","12.274"
"00:12:50","-85.307","-51.415","-34.700","-3.706","12.348"
"00:12:51","-85.210","-51.462","-35.155","-3.851","12.172"
"00:12:52","-85.271","-51.467","-34.842","-3.799","12.153"
"00:12:53","-85.368","-51.455","-34.883","-3.875","12.086"
"00:12:54","-85.304","-51.493","-35.136","-3.876","12.138"
"00:12:55","-85.194","-51.485","-35.136","-3.849","12.104"
"00:12:56","-85.259","-51.515","-35.305","-3.888","12.048"
"00:12:57","-85.305","-51.452","-34.784","-3.607","12.278"
"00:12:58","-85.361","-51.432","-34.491","-3.687","12.370"
"00:12:59","-85.357","-51.487","-34.893","-3.771","12.347"
"00:13:00","-85.224","-51.453","-35.054","-3.848","12.154"
"00:13:01","-85.239","-51.505","-35.107","-3.803","12.194"
"00:13:02","-85.225","-51.522","-35.469","-3.879","12.235"
"00:13:03","-85.226","-51.514","-35.678","-3.887","12.212"
"00:13:04","-85.060","-51.489","-35.715","-3.971","12.092"
"00:13:05","-85.079","-51.485","-35.776","-4.047","11.962"
"00:13:06","-85.121","-51.520","-35.985","-4.116","11.854"
"00:13:07","-85.228","-51.503","-35.656","-3.991","11.969"
"00:13:08","-85.164","-51.495","-35.536","-4.011","11.946"
"00:13:09","-85.169","-51.530","-35.597","-3.905","12.075"
"00:13:10","-85.147","-51.518","-35.405","-4.004","11.982"
"00:13:11","-85.179","-51.531","-35.542","-4.043","11.907"
"00:13:12","-85.171","-51.531","-35.542","-4.112","11.766"
"00:13:13","-85.730","-51.692","-35.615","-4.112","11.750"
"00:13:14","-86.514","-51.915","-35.242","-3.972","11.895"
"00:13:15","-87.811","-52.526","-35.423","-4.105","11.828"
"00:13:16","-89.242","-53.242","-35.950","-4.147","11.786"
"00:13:17","-89.884","-53.617","-36.151","-4.064","11.842"
"00:13:18","-91.336","-54.321","-36.091","-4.053","11.908"
"00:13:19","-92.774","-55.062","-36.304","-4.084","11.848"
"00:13:20","-93.623","-55.407","-36.048","-3.967","12.037"
"00:13:21","-95.406","-56.385","-36.988","-4.108","12.026"
"00:13:22","-96.973","-57.278","-37.479","-4.109","11.936"
"00:13:23","-92.786","-56.769","-37.688","-4.189","11.880"
"00:13:24","-82.543","-53.276","-37.753","-4.250","11.861"
"00:13:25","-75.612","-49.886","-37.267","-4.372","11.745"
"00:13:26","-72.587","-48.437","-36.954","-4.410","11.611"
"00:13:27","-67.082","-45.663","-35.822","-4.308","11.655"
"00:13:28","-62.369","-43.087","-34.698","-4.316","11.614"
"00:13:29","-60.221","-41.877","-34.224","-4.294","11.576"
"00:13:30","-56.360","-39.535","-32.888","-4.184","11.531"
"00:13:31","-52.803","-37.443","-31.840","-4.132","11.664"
"00:13:32","-51.112","-36.419","-31.205","-4.067","11.720"
"00:13:33","-47.906","-34.540","-30.327","-4.011","11.771"
"00:13:34","-43.119","-32.769","-29.257","-3.927","11.738"
"00:13:35","-43.786","-31.882","-28.669","-3.909","11.841"
"00:13:36","-40.860","-30.223","-27.578","-3.909","11.722"
"00:13:37","-38.843","-28.781","-26.719","-3.857","11.654"
"00:13:38","-37.820","-28.092","-26.235","-3.773","11.695"
"00:13:39","-35.856","-26.787","-25.329","-3.667","11.583"
"00:13:40","-34.097","-25.495","-24.143","-3.455","11.750"
"00:13:41","-33.230","-24.904","-23.646","-3.410","11.690"
"00:13:42","-31.520","-23.706","-22.811","-3.289","11.630"
"00:13:43","-29.864","-22.544","-22.004","-3.225","11.603"
"00:13:44","-29.064","-21.964","-21.475","-3.107","11.700"
"00:13:45","-27.496","-20.889","-20.747","-2.986","11.673"
"00:13:46","-26.054","-19.813","-19.890","-2.892","11.595"
"00:13:47","-25.403","-19.285","-19.346","-2.725","11.765"
"00:13:48","-24.036","-18.262","-18.482","-2.642","11.649"
"00:13:49","-22.838","-17.332","-17.711","-2.570","11.638"
"00:13:50","-22.271","-16.900","-17.336","-2.490","11.701"
"00:13:51","-21.124","-16.067","-16.572","-2.377","11.726"
"00:13:52","-19.893","-15.338","-15.770","-2.278","11.681"
"00:13:53","-19.477","-14.968","-15.524","-2.256","11.632"
"00:13:54","-18.531","-14.273","-15.057","-2.192","11.580"
"00:13:55","-17.636","-13.575","-14.440","-2.052","11.661"
"00:13:56","-17.212","-13.274","-14.124","-1.965","11.717"
"00:13:57","-16.425","-12.626","-13.201","-1.760","11.813"
"00:13:58","-15.619","-12.055","-12.692","-1.711","11.838"
"00:13:59","-15.267","-11.789","-12.453","-1.677","11.845"
"00:14:00","-14.554","-11.280","-12.103","-1.628","11.815"
"00:14:01","-13.948","-10.783","-11.620","-1.526","11.841"
"00:14:02","-13.663","-10.544","-11.382","-1.473","11.877"
"00:14:03","-13.084","-10.100","-10.795","-1.333","11.963"
"00:14:04","-12.498","-9.666","-10.386","-1.273","11.906"
"00:14:05","-12.209","-9.453","-10.178","-1.220","11.943"
"00:14:06","-11.642","-9.028","-9.317","-1.007","12.132"
"00:14:07","-11.145","-8.668","-9.116","-1.027","12.009"
"00:14:08","-10.886","-8.493","-9.025","-1.012","12.001"
"00:14:09","-10.420","-8.140","-8.726","-0.899","12.049"
"00:14:10","-9.965","-7.817","-8.380","-0.853","12.063"
"00:14:11","-9.760","-7.651","-8.206","-0.816","12.052"
"00:14:12","-9.339","-7.343","-7.849","-0.748","12.092"
"00:14:13","-8.944","-7.066","-7.598","-0.695","12.043"
"00:14:14","-8.777","-6.907","-7.386","-0.638","12.054"
"00:14:15","-8.416","-6.618","-6.976","-0.532","12.110"
"00:14:16","-8.048","-6.349","-6.604","-0.484","12.139"
"00:14:17","-7.881","-6.216","-6.441","-0.442","12.179"
"00:14:18","-7.536","-5.932","-5.940","-0.298","12.324"
"00:14:19","-7.194","-5.674","-5.735","-0.344","12.215"
"00:14:20","-7.043","-5.560","-5.678","-0.345","12.208"
"00:14:21","-6.777","-5.348","-5.462","-0.307","12.281"
"00:14:22","-6.512","-5.109","-5.329","-0.293","12.277"
"00:14:23","-6.352","-4.988","-5.280","-0.282","12.299"
"00:14:24","-6.083","-4.844","-5.091","-0.210","12.406"
"00:14:25","-5.836","-4.658","-4.719","-0.134","12.469"
"00:14:26","-5.730","-4.582","-4.658","-0.139","12.431"
"00:14:27","-5.507","-4.423","-4.469","-0.097","12.468"
"00:14:28","-5.268","-4.222","-4.150","-0.010","12.568"
"00:14:29","-5.173","-4.147","-3.983","0.031","12.594"
"00:14:30","-4.945","-3.999","-3.756","0.071","12.626"
"00:14:31","-4.756","-3.847","-3.513","0.127","12.752"
"00:14:32","-4.646","-3.791","-3.437","0.138","12.741"
"00:14:33","-4.430","-3.658","-3.236","0.164","12.681"
"00:14:34","-4.259","-3.533","-3.043","0.242","12.807"
"00:14:35","-4.161","-3.450","-2.831","0.260","12.921"
"00:14:36","-3.960","-3.310","-2.607","0.249","12.854"
"00:14:37","-3.755","-3.208","-2.512","0.244","12.813"
"00:14:38","-3.676","-3.170","-2.429","0.270","12.842"
"00:14:39","-3.501","-3.095","-2.243","0.300","12.923"
"00:14:40","-3.327","-2.996","-2.099","0.311","12.945"
"00:14:41","-3.255","-2.936","-1.997","0.329","12.948"
"00:14:42","-3.088","-2.803","-1.728","0.362","13.004"
"00:14:43","-2.971","-2.701","-1.519","0.410","13.092"
"00:14:44","-2.846","-2.660","-1.390","0.395","13.114"
"00:14:45","-2.695","-2.542","-1.292","0.413","13.065"
"00:14:46","-2.558","-2.421","-1.140","0.447","13.095"
"00:14:47","-2.498","-2.353","-1.000","0.540","13.306"
"00:14:48","-2.342","-2.198","-0.761","0.600","13.309"
"00:14:49","-2.191","-2.051","-0.583","0.674","13.413"
"00:14:50","-2.123","-1.978","-0.526","0.674","13.398"
"00:14:51","-1.983","-1.865","-0.390","0.647","13.356"
"00:14:52","-1.881","-1.740","-0.235","0.707","13.419"
"00:14:53","-1.786","-1.668","-0.147","0.714","13.441"
"00:14:54","-1.676","-1.562","-0.026","0.777","13.507"
"00:14:55","-1.570","-1.460","0.034","0.784","13.511"
"00:14:56","-1.491","-1.400","0.082","0.773","13.469"
"00:14:57","-1.400","-1.305","0.153","0.795","13.469"
"00:14:58","-1.271","-1.203","0.276","0.835","13.520"
"00:14:59","-1.218","-1.161","0.362","0.895","13.557"
"00:15:00","-1.094","-1.063","0.474","0.936","13.635"
"00:15:01","-0.976","-0.973","0.646","1.082","13.879"
"00:15:02","-0.923","-0.920","0.725","1.063","13.890"
"00:15:03","-0.818","-0.844","0.814","1.032","13.830"
"00:15:04","-0.727","-0.757","0.919","1.061","13.878"
"00:15:05","-0.674","-0.731","0.960","1.038","13.829"
"00:15:06","-0.587","-0.652","1.034","1.076","13.858"
"00:15:07","-0.443","-0.565","1.150","1.173","13.984"
"00:15:08","-0.409","-0.539","1.183","1.176","13.991"
"00:15:09","-0.326","-0.474","1.236","1.161","13.980"
"00:15:10","-0.243","-0.392","1.336","1.272","14.128"
"00:15:11","-0.187","-0.358","1.362","1.283","14.161"
"00:15:12","-0.081","-0.286","1.440","1.283","14.149"
"00:15:13","0.010","-0.207","1.496","1.267","14.096"
"00:15:14","0.040","-0.192","1.522","1.327","14.159"
"00:15:15","0.133","-0.124","1.585","1.338","14.110"
"00:15:16","0.226","-0.067","1.649","1.416","14.233"
"00:15:17","0.305","-0.026","1.682","1.446","14.258"
"00:15:18","0.387","0.026","1.734","1.460","14.239"
"00:15:19","0.491","0.097","1.794","1.542","14.365"
"00:15:20","0.540","0.123","1.827","1.579","14.387"
"00:15:21","0.659","0.186","1.883","1.613","14.405"
"00:15:22","0.723","0.242","1.950","1.635","14.416"
"00:15:23","0.764","0.264","1.965","1.623","14.434"
"00:15:24","0.804","0.328","2.006","1.690","14.512"
"00:15:25","0.864","0.387","2.061","1.712","14.496"
"00:15:26","0.909","0.413","2.076","1.742","14.533"
"00:15:27","0.964","0.473","2.113","1.869","14.648"
"00:15:28","1.020","0.528","2.161","1.808","14.625"
"00:15:29","1.042","0.551","2.183","1.785","14.617"
"00:15:30","1.226","0.595","2.209","1.852","14.624"
"00:15:31","1.356","0.651","2.242","1.949","14.753"
"00:15:32","1.382","0.677","2.257","1.960","14.783"
"00:15:33","1.416","0.725","2.264","2.020","14.868"
"00:15:34","1.449","0.762","2.271","1.963","14.845"
"00:15:35","1.460","0.777","2.278","2.041","14.859"
"00:15:36","1.474","0.818","2.285","2.037","14.840"
"00:15:37","1.481","0.847","2.296","2.059","14.836"
"00:15:38","1.492","0.865","2.303","2.157","14.884"
"00:15:39","1.559","0.906","2.306","2.246","14.943"
"00:15:40","1.608","0.954","2.309","2.219","14.917"
"00:15:41","1.641","0.962","2.309","2.294","14.980"
"00:15:42","1.723","1.003","2.339","2.406","15.087"
"00:15:43","1.760","1.043","2.379","2.436","15.112"
"00:15:44","1.805","1.050","2.402","2.439","15.127"
"00:15:45","1.842","1.099","2.484","2.510","15.160"
"00:15:46","1.879","1.109","2.532","2.498","15.159"
"00:15:47","1.905","1.135","2.558","2.486","15.174"
"00:15:48","1.949","1.161","2.606","2.692","15.351"
"00:15:49","1.994","1.202","2.617","2.684","15.321"
"00:15:50","2.020","1.217","2.639","2.725","15.343"
"00:15:51","2.079","1.257","2.717","2.777","15.369"
"00:15:52","2.124","1.272","2.777","2.942","15.450"
"00:15:53","2.146","1.287","2.897","2.934","15.465"
"00:15:54","2.228","1.320","2.942","3.013","15.449"
"00:15:55","2.262","1.357","3.177","3.181","15.508"
"00:15:56","2.280","1.379","3.436","3.267","15.527"
"00:15:57","2.302","1.409","3.927","3.511","15.660"
"00:15:58","2.354","1.438","3.942","3.450","15.567"
"00:15:59","2.380","1.457","3.983","3.510","15.607"
"00:16:00","2.406","1.486","4.054","3.581","15.640"
"00:16:01","2.439","1.516","4.121","3.671","15.699"
"00:16:02","2.465","1.542","4.203","3.734","15.732"
"00:16:03","2.491","1.557","4.173","3.786","15.713"
"00:16:04","2.521","1.575","4.375","4.037","15.888"
"00:16:05","2.536","1.597","4.532","4.183","15.962"
"00:16:06","2.580","1.638","4.596","4.164","15.958"
"00:16:07","2.613","1.675","4.790","4.306","16.094"
"00:16:08","2.647","1.667","4.801","4.370","16.124"
"00:16:09","2.688","1.686","4.602","4.399","16.131"
"00:16:10","2.714","1.711","3.292","4.519","16.227"
"00:16:11","2.736","1.715","3.209","4.553","16.234"
"00:16:12","2.773","1.741","3.227","4.590","16.241"
"00:16:13","2.806","1.759","3.302","4.627","16.207"
"00:16:14","2.825","1.763","3.316","4.694","16.222"
"00:16:15","2.862","1.788","3.425","4.967","16.396"
"00:16:16","2.884","1.803","3.586","5.083","16.462"
"00:16:17","2.902","1.818","3.754","5.215","16.585"
"00:16:18","2.950","1.839","3.919","5.225","16.547"
"00:16:19","2.988","1.858","4.091","5.273","16.584"
"00:16:20","3.010","1.865","4.350","5.378","16.654"
"00:16:21","3.028","1.891","4.770","5.622","16.728"
"00:16:22","3.069","1.909","5.054","5.629","16.705"
"00:16:23","3.095","1.920","5.152","5.655","16.727"
"00:16:24","3.132","1.938","5.369","5.823","16.831"
"00:16:25","3.169","1.953","5.582","5.961","16.856"
"00:16:26","3.180","1.953","5.586","5.976","16.845"
"00:16:27","3.191","1.971","5.702","6.149","16.937"
"00:16:28","3.209","2.000","5.904","6.403","17.074"
"00:16:29","3.213","2.019","5.907","6.403","17.059"
"00:16:30","3.231","2.045","6.252","6.774","17.278"
"00:16:31","3.234","2.036","6.233","6.683","17.129"
"00:16:32","3.237","2.051","6.210","6.661","17.102"
"00:16:33","3.233","2.058","6.131","6.791","17.173"
"00:16:34","3.248","2.077","6.187","6.960","17.276"
"00:16:35","3.248","2.084","6.172","6.982","17.269"
"00:16:36","3.240","2.091","6.119","7.076","17.279"
"00:16:37","3.235","2.106","6.227","7.323","17.387"
"00:16:38","3.261","2.120","6.264","7.390","17.435"
"00:16:39","3.276","2.135","6.260","7.435","17.404"
"00:16:40","3.287","2.179","6.361","7.750","17.616"
"00:16:41","3.309","2.187","6.379","7.776","17.623"
"00:16:42","3.320","2.217","6.383","7.775","17.593"
"00:16:43","3.383","2.231","6.450","7.902","17.618"
"00:16:44","3.439","2.238","6.442","7.970","17.648"
"00:16:45","3.447","2.272","6.419","7.981","17.651"
"00:16:46","3.480","2.320","6.423","8.130","17.707"
"00:16:47","3.502","2.327","6.516","8.280","17.766"
"00:16:48","3.513","2.334","6.564","8.336","17.788"
"00:16:49","3.543","2.364","6.647","8.471","17.850"
"00:16:50","3.561","2.375","6.755","8.587","17.902"
"00:16:51","3.557","2.386","6.890","8.808","18.009"
"00:16:52","3.571","2.397","7.058","9.044","18.150"
"00:16:53","3.597","2.396","7.096","9.010","18.135"
"00:16:54","3.608","2.426","7.114","9.062","18.142"
"00:16:55","3.619","2.440","7.173","9.196","18.253"
"00:16:56","3.593","2.451","7.215","9.287","18.312"
"00:16:57","3.581","2.466","7.191","9.316","18.293"
"00:16:58","3.588","2.488","7.093","9.304","18.289"
"00:16:59","3.621","2.499","7.146","9.420","18.356"
"00:17:00","3.598","2.499","7.145","9.533","18.419"
"00:17:01","3.639","2.532","7.299","9.735","18.515"
"00:17:02","3.646","2.539","7.317","9.798","18.544"
"00:17:03","3.620","2.561","7.332","9.911","18.640"
"00:17:04","3.657","2.583","7.313","9.865","18.610"
"00:17:05","3.675","2.587","7.313","9.869","18.636"
"00:17:06","3.701","2.602","7.312","9.879","18.647"
"00:17:07","3.731","2.620","7.285","9.890","18.676"
"00:17:08","3.750","2.620","7.327","9.954","18.732"
"00:17:09","3.768","2.623","7.364","10.066","18.798"
"00:17:10","3.813","2.653","7.521","10.288","18.906"
"00:17:11","3.823","2.656","7.547","10.347","18.979"
"00:17:12","3.883","2.671","7.599","10.392","19.068"
"00:17:13","0.989","2.517","7.497","10.558","19.120"
"00:17:14","-27.114","2.348","7.373","10.647","19.190"
"00:17:15","-53.754","-7.396","6.806","10.632","19.275"
"00:17:16","-66.378","-17.177","6.325","10.769","19.316"
"00:17:17","-69.852","-22.380","5.548","10.676","19.301"
"00:17:18","-74.175","-28.956","3.765","10.445","19.245"
"00:17:19","-76.167","-31.821","2.796","10.664","19.315"
"00:17:20","-76.637","-32.777","1.996","10.589","19.303"
"00:17:21","-77.609","-34.264","0.528","10.481","19.277"
"00:17:22","-78.285","-35.401","1.755","10.525","19.299"
"00:17:23","-78.773","-35.951","1.597","10.644","19.373"
"00:17:24","-79.198","-37.133","0.538","10.380","19.335"
"00:17:25","-79.141","-38.145","0.095","10.219","19.327"
"00:17:26","-79.481","-38.627","-0.060","10.093","19.257"
"00:17:27","-79.875","-39.483","-0.353","10.003","19.208"
"00:17:28","-80.195","-40.150","-0.684","10.282","19.334"
"00:17:29","-80.458","-40.632","-1.099","10.300","19.363"
"00:17:30","-80.823","-41.382","-1.529","10.337","19.370"
"00:17:31","-80.731","-41.967","-2.221","10.299","19.388"
"00:17:32","-81.198","-42.333","-2.879","10.332","19.462"
"00:17:33","-81.277","-42.927","-4.138","10.313","19.514"
"00:17:34","-81.526","-43.615","-9.228","9.922","19.291"
"00:17:35","-81.324","-43.837","-13.324","9.850","19.324"
"00:17:36","-81.629","-44.344","-19.273","9.865","19.390"
"00:17:37","-81.777","-44.809","-23.815","9.583","19.264"
"00:17:38","-82.081","-45.024","-25.381","9.695","19.293"
"00:17:39","-82.179","-45.313","-27.553","9.830","19.363"
"00:17:40","-82.392","-45.774","-30.078","9.458","19.277"
"00:17:41","-82.369","-45.968","-31.102","9.353","19.240"
"00:17:42","-82.467","-46.154","-31.782","9.746","19.388"
"00:17:43","-82.827","-46.426","-32.373","9.806","19.406"
"00:17:44","-82.767","-46.599","-32.979","9.633","19.387"
"00:17:45","-83.183","-46.986","-34.587","9.065","19.153"
"00:17:46","-83.161","-47.254","-35.973","8.795","19.093"
"00:17:47","-83.442","-47.403","-36.527","8.690","18.966"
"00:17:48","-83.355","-47.531","-36.905","8.933","19.159"
"00:17:49","-83.517","-47.717","-37.163","8.674","19.036"
"00:17:50","-83.808","-47.918","-38.059","8.276","18.857"
"00:17:51","-83.679","-48.079","-38.742","8.324","18.991"
"00:17:52","-84.035","-48.269","-39.309","8.061","18.823"
"00:17:53","-83.948","-48.331","-39.426","8.181","18.942"
"00:17:54","-84.096","-48.459","-39.466","8.432","19.053"
"00:17:55","-83.893","-48.620","-40.087","7.872","18.885"
"00:17:56","-84.115","-48.740","-40.528","7.831","18.941"
"00:17:57","-84.180","-48.888","-40.796","7.770","18.952"
"00:17:58","-84.208","-49.045","-41.204","7.537","18.884"
"00:17:59","-84.047","-49.091","-41.332","7.544","18.921"
"00:18:00","-83.872","-49.133","-41.097","7.702","19.084"
"00:18:01","-84.385","-49.318","-41.485","7.431","18.980"
"00:18:02","-84.293","-49.384","-41.814","7.314","18.954"
"00:18:03","-84.261","-49.582","-42.971","6.672","18.782"
"00:18:04","-84.483","-49.587","-42.536","7.208","19.023"
"00:18:05","-84.419","-49.678","-42.729","6.972","18.938"
"00:18:06","-84.405","-49.859","-43.314","6.675","18.900"
"00:18:07","-84.507","-49.967","-43.529","6.483","18.781"
"00:18:08","-84.484","-49.983","-43.652","6.453","18.818"
"00:18:09","-84.476","-50.114","-44.061","6.317","18.795"
"00:18:10","-84.670","-50.283","-44.724","6.046","18.713"
"00:18:11","-84.712","-50.338","-44.819","6.166","18.861"
"00:18:12","-84.247","-50.259","-44.169","6.173","18.942"
"00:18:13","-84.644","-50.516","-44.935","5.497","18.652"
"00:18:14","-84.741","-50.621","-45.602","5.231","18.541"
"00:18:15","-84.834","-50.702","-46.002","5.208","18.514"
"00:18:16","-84.816","-50.803","-46.661","4.896","18.347"
"00:18:17","-84.701","-50.820","-46.751","4.836","18.347"
"00:18:18","-84.913","-50.976","-47.534","4.599","18.264"
"00:18:19","-84.850","-51.023","-47.465","4.714","18.431"
"00:18:20","-84.878","-51.078","-47.519","4.688","18.460"
"00:18:21","-85.021","-51.209","-47.964","4.402","18.367"
"00:18:22","-84.966","-51.252","-47.902","4.353","18.397"
"00:18:23","-85.072","-51.353","-48.306","4.086","18.281"
"00:18:24","-85.018","-51.349","-47.866","4.405","18.485"
"00:18:25","-85.235","-51.556","-48.628","3.740","18.161"
"00:18:26","-85.295","-51.615","-49.044","3.620","18.109"
"00:18:27","-84.844","-51.464","-48.225","4.010","18.395"
"00:18:28","-85.190","-51.654","-48.304","3.901","18.276"
"00:18:29","-85.287","-51.675","-48.250","3.796","18.105"
"00:18:30","-85.532","-51.789","-48.605","3.360","17.963"
"00:18:31","-85.394","-51.933","-49.503","2.823","17.762"
"00:18:32","-85.533","-51.975","-49.622","2.886","17.699"
"00:18:33","-85.658","-51.954","-49.668","3.103","17.910"
"00:18:34","-85.695","-52.098","-50.250","2.589","17.657"
"00:18:35","-85.557","-52.111","-50.292","2.728","17.790"
"00:18:36","-85.696","-52.208","-50.348","2.705","17.872"
"00:18:37","-85.918","-52.305","-51.047","2.231","17.604"
"00:18:38","-85.964","-52.365","-51.325","2.032","17.466"
"00:18:39","-85.752","-52.323","-51.022","2.201","17.555"
"00:18:40","-86.127","-52.458","-51.578","1.915","17.476"
"00:18:41","-86.159","-52.496","-51.562","1.926","17.454"
"00:18:42","-86.077","-52.526","-51.693","1.644","17.242"
"00:18:43","-86.188","-52.573","-52.110","1.411","17.193"
"00:18:44","-86.198","-52.649","-52.481","1.223","17.111"
"00:18:45","-86.456","-52.742","-52.624","1.121","17.048"
"00:18:46","-86.438","-52.784","-52.890","1.095","17.151"
"00:18:47","-86.448","-52.823","-52.886","1.016","16.917"
"00:18:48","-86.540","-52.873","-53.290","0.749","16.876"
"00:18:49","-86.407","-52.903","-53.046","0.902","17.005"
"00:18:50","-86.532","-52.954","-53.101","0.861","16.886"
"00:18:51","-86.647","-53.013","-53.367","0.733","16.749"
"00:18:52","-86.625","-53.085","-53.704","0.466","16.388"
"00:18:53","-86.464","-53.081","-53.742","0.443","16.432"
"00:18:54","-86.528","-53.170","-54.104","0.458","16.503"
"00:18:55","-86.460","-53.191","-54.088","0.454","16.547"
"00:18:56","-86.423","-53.238","-54.118","0.431","16.539"
"00:18:57","-86.364","-53.293","-54.084","0.356","16.457"
"00:18:58","-86.323","-53.268","-53.668","0.442","16.523"
"00:18:59","-86.235","-53.306","-53.723","0.400","16.508"
"00:19:00","-86.134","-53.399","-53.980","0.340","16.504"
"00:19:01","-86.098","-53.438","-53.918","0.358","16.567"
"00:19:02","-86.066","-53.467","-54.095","0.287","16.422"
"00:19:03","-86.384","-53.522","-54.259","0.226","16.344"
"00:19:04","-86.311","-53.536","-54.184","0.248","16.354"
"00:19:05","-86.224","-53.544","-54.205","0.169","16.269"
"00:19:06","-86.409","-53.608","-54.319","0.143","16.242"
"00:19:07","-86.515","-53.672","-54.892","-0.042","16.097"
"00:19:08","-86.493","-53.689","-55.052","-0.042","16.160"
"00:19:09","-86.590","-53.706","-54.977","-0.043","16.122"
"00:19:10","-86.996","-53.744","-54.678","-0.104","15.966"
"00:19:11","-86.807","-53.774","-54.797","-0.127","15.999"
"00:19:12","-86.780","-53.829","-55.028","-0.264","15.936"
"00:19:13","-86.947","-53.850","-54.818","-0.215","16.043"
"00:19:14","-86.804","-53.834","-54.633","-0.230","15.939"
"00:19:15","-86.781","-53.897","-55.156","-0.345","16.050"
"00:19:16","-86.962","-53.898","-54.714","-0.292","16.157"
"00:19:17","-87.087","-53.986","-55.022","-0.460","15.927"
"00:19:18","-87.267","-54.037","-55.393","-0.593","15.815"
"00:19:19","-87.050","-54.096","-55.868","-0.734","15.837"
"00:19:20","-87.138","-54.101","-55.881","-0.662","16.012"
"00:19:21","-87.199","-54.181","-56.193","-0.780","15.937"
"00:19:22","-87.342","-54.131","-55.739","-0.666","15.940"
"00:19:23","-87.278","-54.144","-55.638","-0.815","15.862"
"00:19:24","-87.278","-54.208","-55.866","-0.857","15.713"
"00:19:25","-87.265","-54.275","-56.207","-1.082","15.523"
"00:19:26","-87.284","-54.284","-56.157","-1.044","15.541"
"00:19:27","-87.348","-54.242","-55.627","-0.976","15.682"
"00:19:28","-87.280","-54.348","-55.880","-1.128","15.604"
"00:19:29","-87.266","-54.382","-55.956","-1.178","15.633"
"00:19:30","-87.303","-54.378","-55.531","-1.151","15.574"
"00:19:31","-87.211","-54.365","-54.934","-1.155","15.432"
"00:19:32","-87.115","-54.357","-54.753","-1.171","15.473"
"00:19:33","-87.171","-54.488","-55.317","-1.395","15.391"
"00:19:34","-86.991","-54.535","-55.743","-1.472","15.420"
"00:19:35","-87.028","-54.556","-55.848","-1.499","15.275"
"00:19:36","-86.982","-54.586","-56.156","-1.662","15.119"
"00:19:37","-86.738","-54.637","-56.636","-1.685","15.356"
"00:19:38","-86.646","-54.662","-56.779","-1.655","15.434"
"00:19:39","-87.002","-54.683","-56.493","-1.659","15.308"
"00:19:40","-86.878","-54.756","-56.919","-1.922","15.021"
"00:19:41","-86.906","-54.777","-57.025","-1.934","15.002"
"00:19:42","-87.035","-54.752","-56.718","-1.850","15.102"
"00:19:43","-86.962","-54.735","-56.251","-1.797","15.276"
"00:19:44","-87.114","-54.795","-56.264","-1.931","15.050"
"00:19:45","-87.489","-54.745","-55.523","-1.707","15.280"
"00:19:46","-87.410","-54.808","-55.237","-1.874","15.175"
"00:19:47","-87.479","-54.846","-55.359","-1.893","15.220"
"00:19:48","-87.545","-54.956","-56.134","-2.175","15.030"
"00:19:49","-87.683","-54.973","-56.644","-2.198","14.874"
"00:19:50","-87.799","-54.952","-56.539","-2.118","14.877"
"00:19:51","-87.809","-55.016","-56.666","-2.297","14.628"
"00:19:52","-87.698","-55.054","-57.066","-2.415","14.572"
"00:19:53","-87.606","-54.982","-56.527","-2.180","14.824"
"00:19:54","-87.791","-55.079","-56.452","-2.344","14.661"
"00:19:55","-87.768","-55.105","-56.498","-2.481","14.564"
"00:19:56","-87.643","-55.147","-56.768","-2.580","14.426"
"00:19:57","-87.852","-55.198","-57.273","-2.690","14.263"
"00:19:58","-87.741","-55.181","-57.063","-2.656","14.359"
"00:19:59","-87.690","-55.219","-57.231","-2.766","14.203"
"00:20:00","-87.603","-55.228","-57.227","-2.710","14.359"
"00:20:01","-87.682","-55.287","-57.691","-2.950","14.039"
"00:20:02","-87.728","-55.250","-57.333","-2.817","14.128"
"00:20:03","-87.839","-55.313","-57.169","-2.840","14.165"
"00:20:04","-87.540","-55.322","-57.250","-2.920","14.068"
"00:20:05","-87.678","-55.314","-56.892","-2.825","14.012"
"00:20:06","-87.609","-55.322","-56.619","-2.818","14.164"
"00:20:07","-87.342","-55.352","-56.430","-2.841","14.182"
"00:20:08","-87.324","-55.390","-56.548","-2.955","14.067"
"00:20:09","-87.403","-55.458","-56.758","-3.107","13.818"
"00:20:10","-87.445","-55.483","-56.809","-3.153","13.773"
"00:20:11","-87.417","-55.488","-56.717","-3.176","13.720"
"00:20:12","-87.086","-55.513","-57.163","-3.336","13.653"
"00:20:13","-87.215","-55.472","-56.751","-3.032","13.995"
"00:20:14","-87.289","-55.417","-56.339","-2.976","13.976"
"00:20:15","-87.308","-55.556","-56.747","-3.360","13.720"
"00:20:16","-87.543","-55.603","-57.072","-3.295","13.653"
"00:20:17","-87.539","-55.590","-57.122","-3.345","13.578"
"00:20:18","-87.521","-55.637","-57.346","-3.592","13.165"
"00:20:19","-87.645","-55.633","-57.367","-3.535","13.124"
"00:20:20","-87.733","-55.646","-57.329","-3.562","13.165"
"00:20:21","-87.840","-55.701","-57.364","-3.616","13.194"
"00:20:22","-87.928","-55.739","-57.625","-3.772","13.027"
"00:20:23","-87.905","-55.748","-57.701","-3.787","13.038"
"00:20:24","-87.970","-55.765","-58.101","-3.890","12.837"
"00:20:25","-88.021","-55.740","-58.038","-3.852","12.840"
"00:20:26","-88.044","-55.761","-58.005","-3.875","12.781"
"00:20:27","-87.971","-55.748","-57.655","-3.948","12.873"
"00:20:28","-88.225","-55.829","-58.022","-4.028","12.810"
"00:20:29","-87.939","-55.829","-58.031","-3.998","12.802"
"00:20:30","-88.253","-55.834","-57.686","-3.861","12.962"
"00:20:31","-87.870","-55.859","-57.665","-3.998","12.973"
"00:20:32","-87.820","-55.889","-57.833","-4.097","12.839"
"00:20:33","-87.862","-55.893","-57.737","-4.052","12.727"
"00:20:34","-87.839","-55.910","-57.594","-4.132","12.586"
"00:20:35","-87.788","-55.923","-57.447","-4.048","12.697"
"00:20:36","-87.622","-55.873","-56.740","-3.995","12.756"
"00:20:37","-87.415","-55.928","-57.157","-4.258","12.604"
"00:20:38","-87.471","-55.974","-57.385","-4.289","12.548"
"00:20:39","-87.554","-55.992","-57.494","-4.277","12.466"
"00:20:40","-87.730","-56.046","-57.857","-4.399","12.306"
"00:20:41","-87.656","-56.051","-57.932","-4.452","12.287"
"00:20:42","-87.596","-56.080","-58.126","-4.513","12.376"
"00:20:43","-87.795","-56.081","-57.874","-4.385","12.439"
"00:20:44","-87.744","-56.098","-57.937","-4.445","12.339"
"00:20:45","-87.758","-56.119","-57.963","-4.499","12.238"
"00:20:46","-87.971","-56.161","-58.018","-4.602","12.052"
"00:20:47","-87.874","-56.141","-57.631","-4.515","12.063"
"00:20:48","-87.704","-56.183","-57.964","-4.804","11.917"
"00:20:49","-87.815","-56.196","-58.098","-4.633","12.048"
"00:20:50","-87.820","-56.133","-57.598","-4.485","12.207"
"00:20:51","-87.719","-56.222","-57.804","-4.801","11.965"
"00:20:52","-87.788","-56.239","-58.011","-4.820","11.965"
"00:20:53","-87.733","-56.260","-58.209","-4.919","11.850"
"00:20:54","-87.803","-56.269","-58.487","-4.885","11.871"
"00:20:55","-87.734","-56.282","-58.546","-4.961","11.756"
"00:20:56","-87.831","-56.282","-58.551","-4.927","11.715"
"00:20:57","-87.739","-56.291","-58.475","-4.988","11.648"
"00:20:58","-87.979","-56.337","-58.712","-5.095","11.540"
"00:20:59","-88.062","-56.346","-58.699","-5.054","11.484"
"00:21:00","-88.067","-56.376","-58.720","-5.172","11.361"
"00:21:01","-88.022","-56.355","-58.531","-5.092","11.573"
"00:21:02","-88.063","-56.397","-58.674","-5.225","11.387"
"00:21:03","-88.068","-56.389","-58.620","-5.153","11.323"
"00:21:04","-88.405","-56.389","-58.384","-5.009","11.542"
"00:21:05","-88.286","-56.419","-58.347","-5.150","11.412"
"00:21:06","-88.341","-56.449","-58.545","-5.169","11.386"
"00:21:07","-88.263","-56.449","-58.499","-5.253","11.274"
"00:21:08","-88.309","-56.470","-58.533","-5.215","11.237"
"00:21:09","-88.503","-56.475","-58.369","-5.212","11.304"
"00:21:10","-88.370","-56.509","-58.677","-5.505","10.968"
"00:21:11","-88.453","-56.517","-58.832","-5.509","10.920"
"00:21:12","-88.311","-56.530","-58.888","-5.505","11.013"
"00:21:13","-88.371","-56.543","-59.082","-5.604","10.908"
"00:21:14","-88.464","-56.577","-59.221","-5.620","10.886"
"00:21:15","-88.482","-56.598","-59.398","-5.669","10.774"
"00:21:16","-88.478","-56.620","-59.381","-5.662","10.711"
"00:21:17","-88.510","-56.595","-59.150","-5.525","10.811"
"00:21:18","-88.645","-56.637","-58.847","-5.545","10.722"
"00:21:19","-88.631","-56.650","-58.793","-5.553","10.784"
"00:21:20","-88.558","-56.659","-58.780","-5.617","10.632"
"00:21:21","-88.701","-56.646","-58.456","-5.610","10.528"
"00:21:22","-88.503","-56.689","-58.722","-5.732","10.487"
"00:21:23","-88.554","-56.693","-58.705","-5.694","10.505"
"00:21:24","-88.605","-56.727","-58.781","-5.713","10.460"
"00:21:25","-88.499","-56.736","-58.937","-5.858","10.334"
"00:21:26","-88.472","-56.736","-59.005","-5.877","10.296"
"00:21:27","-88.384","-56.753","-59.342","-5.988","10.300"
"00:21:28","-88.472","-56.762","-59.620","-5.977","10.173"
"00:21:29","-88.413","-56.733","-59.427","-5.874","10.306"
"00:21:30","-88.496","-56.783","-59.498","-6.046","10.106"
"00:21:31","-88.533","-56.788","-59.411","-5.981","10.035"
"00:21:32","-88.529","-56.780","-59.343","-6.000","10.031"
"00:21:33","-88.584","-56.793","-59.049","-5.856","10.090"
"00:21:34","-88.686","-56.810","-58.952","-5.940","9.982"
"00:21:35","-88.783","-56.802","-58.763","-5.899","10.026"
"00:21:36","-88.493","-56.806","-58.675","-6.024","9.948"
"00:21:37","-88.341","-56.819","-58.924","-6.123","9.959"
"00:21:38","-88.687","-56.823","-58.688","-5.929","10.078"
"00:21:39","-88.521","-56.853","-58.802","-6.013","10.178"
"00:21:40","-88.374","-56.811","-58.596","-5.976","10.096"
"00:21:41","-88.254","-56.774","-58.508","-5.983","10.200"
"00:21:42","-88.734","-56.841","-58.445","-6.006","10.062"
"00:21:43","-88.868","-56.879","-58.576","-6.048","9.860"
"00:21:44","-88.790","-56.909","-58.685","-6.094","9.785"
"00:21:45","-88.855","-56.917","-58.635","-6.075","9.781"
"00:21:46","-88.698","-56.939","-58.900","-6.288","9.473"
"00:21:47","-88.791","-56.926","-58.922","-6.239","9.529"
"00:21:48","-88.740","-56.935","-59.052","-6.300","9.585"
"00:21:49","-88.713","-56.927","-58.994","-6.167","9.645"
"00:21:50","-88.893","-56.923","-58.804","-6.012","9.735"
"00:21:51","-88.654","-56.961","-58.948","-6.328","9.682"
"00:21:52","-88.719","-56.957","-58.986","-6.290","9.629"
"00:21:53","-88.742","-56.983","-59.142","-6.389","9.512"
"00:21:54","-88.913","-56.983","-59.008","-6.279","9.613"
"00:21:55","-88.969","-57.004","-58.873","-6.180","9.696"
"00:21:56","-88.904","-57.021","-58.936","-6.344","9.448"
"00:21:57","-88.900","-57.047","-59.130","-6.454","9.335"
"00:21:58","-88.946","-57.060","-59.168","-6.428","9.354"
"00:21:59","-88.974","-57.056","-59.152","-6.398","9.387"
"00:22:00","-88.767","-57.031","-59.043","-6.535","9.199"
"00:22:01","-88.758","-57.048","-59.173","-6.520","9.263"
"00:22:02","-88.938","-57.077","-59.047","-6.440","9.278"
"00:22:03","-88.873","-57.077","-59.060","-6.547","9.342"
"00:22:04","-88.800","-57.078","-59.136","-6.429","9.360"
"00:22:05","-88.966","-57.078","-59.006","-6.338","9.416"
"00:22:06","-88.823","-57.078","-58.913","-6.555","9.225"
"00:22:07","-88.750","-57.083","-58.998","-6.563","9.183"
"00:22:08","-88.986","-57.138","-59.183","-6.647","9.018"
"00:22:09","-88.833","-57.150","-59.373","-6.692","9.059"
"00:22:10","-88.908","-57.146","-59.285","-6.617","9.025"
"00:22:11","-88.935","-57.151","-59.255","-6.636","9.044"
"00:22:12","-88.834","-57.159","-59.458","-6.750","8.934"
"00:22:13","-88.714","-57.138","-59.445","-6.788","8.942"
"00:22:14","-88.687","-57.152","-59.698","-6.857","9.024"
"00:22:15","-88.969","-57.210","-60.032","-6.876","8.998"
"00:22:16","-88.706","-57.190","-60.045","-6.842","9.095"
"00:22:17","-88.789","-57.198","-60.045","-6.819","9.023"
"00:22:18","-88.716","-57.199","-59.880","-6.835","8.914"
"00:22:19","-88.725","-57.207","-59.918","-6.877","8.828"
"00:22:20","-88.794","-57.241","-59.956","-6.907","8.726"
"00:22:21","-88.864","-57.245","-59.982","-6.904","8.692"
"00:22:22","-88.564","-57.187","-59.468","-6.760","8.820"
"00:22:23","-88.703","-57.233","-59.506","-6.866","8.778"
"00:22:24","-88.777","-57.259","-59.523","-6.870","8.876"
"00:22:25","-88.823","-57.276","-59.637","-6.886","8.677"
"00:22:26","-88.634","-57.259","-59.549","-6.840","8.688"
"00:22:27","-88.920","-57.284","-59.507","-6.886","8.669"
"00:22:28","-88.565","-57.255","-59.276","-6.913","8.534"
"00:22:29","-88.667","-57.268","-59.259","-6.947","8.477"
"00:22:30","-88.580","-57.285","-59.289","-7.038","8.575"
"00:22:31","-88.667","-57.344","-59.672","-7.016","8.533"
"00:22:32","-88.866","-57.348","-59.701","-6.936","8.597"
"00:22:33","-88.497","-57.319","-59.677","-7.027","8.555"
"00:22:34","-88.654","-57.332","-59.824","-7.024","8.506"
"00:22:35","-88.631","-57.341","-59.837","-7.047","8.416"
"00:22:36","-88.567","-57.320","-59.656","-6.944","8.532"
"00:22:37","-88.392","-57.337","-59.665","-7.081","8.450"
"00:22:38","-88.387","-57.362","-59.829","-7.157","8.405"
"00:22:39","-88.609","-57.392","-59.913","-7.021","8.434"
"00:22:40","-88.540","-57.400","-59.745","-6.994","8.498"
"00:22:41","-88.503","-57.392","-59.674","-6.979","8.550"
"00:22:42","-88.402","-57.418","-59.766","-7.173","8.321"
"00:22:43","-88.347","-57.376","-59.544","-7.052","8.396"
"00:22:44","-88.292","-57.401","-59.535","-7.090","8.389"
"00:22:45","-88.389","-57.418","-59.502","-7.117","8.358"
"00:22:46","-88.500","-57.431","-59.422","-7.079","8.287"
"00:22:47","-88.565","-57.435","-59.431","-7.109","8.287"
"00:22:48","-88.486","-57.461","-59.557","-7.197","8.271"
"00:22:49","-88.754","-57.457","-59.574","-7.144","8.245"
"00:22:50","-88.722","-57.482","-59.638","-7.201","8.158"
"00:22:51","-88.570","-57.495","-59.861","-7.258","8.080"
"00:22:52","-88.607","-57.478","-59.806","-7.186","8.098"
"00:22:53","-88.630","-57.487","-59.899","-7.236","8.076"
"00:22:54","-88.621","-57.487","-59.807","-7.255","8.124"
"00:22:55","-88.861","-57.487","-59.672","-7.152","8.117"
"00:22:56","-88.931","-57.508","-59.697","-7.145","8.098"
"00:22:57","-88.866","-57.509","-59.773","-7.248","7.962"
"00:22:58","-88.996","-57.509","-59.790","-7.206","7.996"
"00:22:59","-89.097","-57.517","-59.685","-7.187","7.973"
"00:23:00","-88.987","-57.484","-59.424","-7.077","8.037"
"00:23:01","-89.042","-57.501","-59.429","-7.168","7.958"
"00:23:02","-89.250","-57.492","-59.336","-7.070","8.104"
"00:23:03","-89.227","-57.539","-59.517","-7.229","8.108"
"00:23:04","-88.909","-57.480","-59.395","-7.256","7.943"
"00:23:05","-88.771","-57.455","-59.484","-7.363","7.890"
"00:23:06","-89.241","-57.539","-59.703","-7.314","7.864"
"00:23:07","-89.348","-57.582","-59.716","-7.272","7.912"
"00:23:08","-89.311","-57.561","-59.573","-7.166","8.073"
"00:23:09","-88.877","-57.523","-59.602","-7.405","7.848"
"00:23:10","-88.896","-57.548","-59.809","-7.466","7.758"
"00:23:11","-88.979","-57.569","-59.847","-7.451","7.773"
"00:23:12","-88.993","-57.578","-59.872","-7.371","7.822"
"00:23:13","-88.897","-57.587","-59.902","-7.455","7.709"
"00:23:14","-88.786","-57.566","-59.868","-7.455","7.769"
"00:23:15","-88.924","-57.583","-59.961","-7.463","7.716"
"00:23:16","-88.865","-57.587","-59.864","-7.524","7.652"
"00:23:17","-88.832","-57.612","-60.021","-7.585","7.622"
"00:23:18","-88.888","-57.612","-60.129","-7.554","7.637"
"00:23:19","-88.920","-57.600","-59.907","-7.460","7.648"
"00:23:20","-88.796","-57.588","-59.772","-7.464","7.719"
"00:23:21","-89.133","-57.651","-59.777","-7.426","7.693"
"00:23:22","-89.100","-57.651","-59.646","-7.521","7.543"
"00:23:23","-89.008","-57.647","-59.659","-7.521","7.528"
"00:23:24","-89.096","-57.638","-59.368","-7.361","7.659"
"00:23:25","-89.037","-57.685","-59.584","-7.479","7.553"
"00:23:26","-89.004","-57.639","-59.470","-7.407","7.655"
"00:23:27","-88.820","-57.660","-59.824","-7.689","7.456"
"00:23:28","-88.917","-57.626","-59.500","-7.350","7.700"
"00:23:29","-89.069","-57.622","-59.386","-7.389","7.643"
"00:23:30","-88.894","-57.660","-59.365","-7.487","7.474"
"00:23:31","-89.065","-57.715","-59.407","-7.469","7.478"
"00:23:32","-89.074","-57.703","-59.412","-7.472","7.553"
"00:23:33","-88.678","-57.694","-59.690","-7.628","7.481"
"00:23:34","-88.950","-57.690","-59.639","-7.476","7.463"
"00:23:35","-89.066","-57.716","-59.681","-7.488","7.470"
"00:23:36","-88.969","-57.686","-59.349","-7.488","7.459"
"00:23:37","-88.794","-57.720","-59.791","-7.716","7.229"
"00:23:38","-88.766","-57.716","-59.808","-7.656","7.214"
"00:23:39","-88.831","-57.683","-59.556","-7.470","7.462"
"00:23:40","-88.993","-57.738","-59.602","-7.648","7.281"
"00:23:41","-88.937","-57.746","-59.775","-7.683","7.278"
"00:23:42","-88.822","-57.734","-59.725","-7.531","7.266"
"00:23:43","-88.984","-57.755","-59.640","-7.584","7.232"
"00:23:44","-88.642","-57.734","-59.640","-7.614","7.319"
"00:23:45","-88.670","-57.763","-60.007","-7.812","7.153"
"00:23:46","-88.855","-57.768","-60.137","-7.756","7.123"
"00:23:47","-88.800","-57.768","-60.124","-7.729","7.134"
"00:23:48","-88.735","-57.747","-59.940","-7.687","7.134"
"00:23:49","-88.772","-57.768","-60.068","-7.805","7.044"
"00:23:50","-88.694","-57.768","-59.924","-7.703","7.141"
"00:23:51","-88.846","-57.777","-59.696","-7.661","7.277"
"00:23:52","-88.713","-57.815","-60.108","-7.870","6.999"
"00:23:53","-88.736","-57.811","-60.155","-7.733","7.168"
"00:23:54","-88.782","-57.798","-60.091","-7.699","7.209"
"00:23:55","-88.953","-57.794","-59.991","-7.700","7.250"
"00:23:56","-88.741","-57.815","-60.113","-7.829","7.092"
"00:23:57","-88.764","-57.790","-60.048","-7.742","7.148"
"00:23:58","-88.958","-57.824","-60.013","-7.757","7.024"
"00:23:59","-88.889","-57.820","-60.039","-7.803","7.062"
"00:24:00","-89.129","-57.845","-59.954","-7.753","7.001"
"00:24:01","-88.885","-57.837","-60.127","-7.872","6.877"
"00:24:02","-88.599","-57.761","-59.929","-7.738","7.058"
"00:24:03","-88.973","-57.816","-59.875","-7.773","7.091"
"00:24:04","-89.038","-57.846","-59.812","-7.803","7.072"
"00:24:05","-88.973","-57.863","-59.833","-7.819","7.038"
"00:24:06","-89.167","-57.850","-59.673","-7.602","7.234"
"00:24:07","-88.973","-57.876","-59.875","-7.838","7.117"
"00:24:08","-88.978","-57.880","-59.955","-7.857","7.001"
"00:24:09","-89.043","-57.901","-60.197","-7.933","6.824"
"00:24:10","-89.209","-57.906","-60.115","-7.789","7.015"
"00:24:11","-89.168","-57.922","-60.188","-7.941","6.805"
"00:24:12","-88.993","-57.906","-60.375","-8.009","6.726"
"00:24:13","-89.210","-57.940","-60.501","-7.911","6.782"
"00:24:14","-89.191","-57.931","-60.449","-7.907","6.756"
"00:24:15","-89.279","-57.940","-60.332","-7.801","6.801"
"00:24:16","-89.335","-57.940","-60.146","-7.828","6.812"
"00:24:17","-89.076","-57.936","-60.284","-8.006","6.635"
"00:24:18","-89.349","-57.932","-60.107","-7.824","6.763"
"00:24:19","-89.326","-57.936","-60.163","-7.873","6.658"
"00:24:20","-89.233","-57.949","-60.194","-7.862","6.684"
"00:24:21","-89.354","-57.962","-60.112","-7.866","6.635"
"00:24:22","-89.363","-57.962","-60.068","-7.908","6.658"
"00:24:23","-89.330","-57.970","-60.103","-7.934","6.609"
"00:24:24","-89.280","-57.970","-60.099","-7.893","6.710"
"00:24:25","-89.165","-57.962","-60.329","-8.106","6.545"
"00:24:26","-89.165","-57.966","-60.541","-8.117","6.612"
"00:24:27","-89.276","-57.975","-60.576","-8.022","6.612"
"00:24:28","-89.340","-57.987","-60.472","-8.026","6.560"
"00:24:29","-89.271","-57.979","-60.459","-8.030","6.537"
"00:24:30","-89.405","-57.979","-60.294","-7.996","6.488"
"00:24:31","-89.364","-57.996","-60.130","-7.977","6.604"
"00:24:32","-89.234","-57.975","-60.047","-7.973","6.586"
"00:24:33","-89.391","-58.013","-60.203","-8.129","6.435"
"00:24:34","-89.225","-58.009","-60.407","-8.106","6.649"
"00:24:35","-89.498","-58.022","-60.351","-7.947","6.721"
"00:24:36","-89.235","-57.988","-60.295","-8.046","6.698"
"00:24:37","-89.433","-58.022","-60.433","-8.133","6.401"
"00:24:38","-89.470","-58.030","-60.403","-8.076","6.427"
"00:24:39","-89.650","-58.039","-60.135","-8.023","6.446"
"00:24:40","-89.770","-58.060","-59.980","-7.997","6.450"
"00:24:41","-89.660","-58.068","-60.122","-8.130","6.363"
"00:24:42","-89.378","-58.056","-60.490","-8.194","6.446"
"00:24:43","-89.526","-58.052","-60.520","-8.111","6.412"
"00:24:44","-89.494","-58.064","-60.555","-8.130","6.352"
"00:24:45","-89.531","-58.052","-60.434","-8.107","6.269"
"00:24:46","-89.572","-58.073","-60.533","-8.152","6.311"
"00:24:47","-89.522","-58.069","-60.542","-8.172","6.284"
"00:24:48","-89.559","-58.081","-60.473","-8.229","6.187"
"00:24:49","-89.490","-58.073","-60.387","-8.183","6.149"
"00:24:50","-89.305","-58.060","-60.490","-8.210","6.281"
"00:24:51","-89.393","-58.086","-60.439","-8.142","6.393"
"00:24:52","-89.577","-58.090","-60.391","-8.100","6.404"
"00:24:53","-89.411","-58.103","-60.530","-8.240","6.213"
"00:24:54","-89.411","-58.086","-60.460","-8.134","6.303"
"00:24:55","-89.619","-58.116","-60.352","-8.058","6.272"
"00:24:56","-89.402","-58.107","-60.322","-8.073","6.246"
"00:24:57","-89.582","-58.074","-59.858","-7.971","6.396"
"00:24:58","-89.361","-58.061","-59.888","-8.085","6.483"
"00:24:59","-89.384","-58.095","-59.976","-8.142","6.329"
"00:25:00","-89.458","-58.116","-60.114","-8.138","6.209"
"00:25:01","-89.260","-58.107","-60.205","-8.207","6.171"
"00:25:02","-89.232","-58.082","-60.045","-8.096","6.160"
"00:25:03","-89.426","-58.112","-60.023","-8.161","6.077"
"00:25:04","-89.130","-58.107","-60.062","-8.252","5.998"
"00:25:05","-89.140","-58.108","-60.188","-8.287","5.979"
"00:25:06","-89.140","-58.133","-60.439","-8.329","5.976"
"00:25:07","-88.900","-58.125","-60.773","-8.401","5.961"
"00:25:08","-88.873","-58.121","-60.708","-8.325","5.972"
"00:25:09","-88.937","-58.116","-60.370","-8.165","6.118"
"00:25:10","-88.896","-58.129","-60.345","-8.287","5.975"
"00:25:11","-88.887","-58.146","-60.319","-8.219","5.964"
"00:25:12","-88.905","-58.134","-60.163","-8.249","5.907"
"00:25:13","-88.868","-58.146","-60.267","-8.246","6.046"
"00:25:14","-88.776","-58.125","-60.302","-8.234","6.155"
"00:25:15","-89.071","-58.171","-60.397","-8.253","6.080"
"00:25:16","-89.136","-58.176","-60.496","-8.318","5.874"
"00:25:17","-89.104","-58.155","-60.462","-8.310","5.926"
"00:25:18","-89.265","-58.180","-60.605","-8.326","5.881"
"00:25:19","-89.344","-58.172","-60.475","-8.273","5.881"
"00:25:20","-89.390","-58.180","-60.388","-8.269","5.900"
"00:25:21","-89.450","-58.197","-60.414","-8.379","5.772"
"00:25:22","-89.478","-58.210","-60.462","-8.303","5.884"
"00:25:23","-89.547","-58.201","-60.423","-8.250","5.930"
"00:25:24","-89.552","-58.181","-60.341","-8.307","5.783"
"00:25:25","-89.630","-58.197","-60.198","-8.265","5.787"
"00:25:26","-89.695","-58.210","-60.164","-8.231","5.824"
"00:25:27","-89.649","-58.210","-60.025","-8.231","5.899"
"00:25:28","-89.585","-58.215","-60.073","-8.292","5.817"
"00:25:29","-89.515","-58.206","-60.138","-8.284","5.858"
"00:25:30","-89.654","-58.215","-60.073","-8.235","5.937"
"00:25:31","-89.524","-58.223","-60.155","-8.322","5.738"
"00:25:32","-89.640","-58.210","-60.025","-8.178","5.884"
"00:25:33","-89.594","-58.215","-60.116","-8.360","5.655"
"00:25:34","-89.520","-58.223","-60.307","-8.433","5.542"
"00:25:35","-89.631","-58.215","-60.264","-8.387","5.576"
"00:25:36","-89.728","-58.240","-60.229","-8.330","5.651"
"00:25:37","-89.677","-58.236","-60.164","-8.300","5.674"
"00:25:38","-89.594","-58.231","-60.212","-8.368","5.621"
"00:25:39","-89.599","-58.236","-60.064","-8.330","5.617"
"00:25:40","-89.797","-58.257","-59.983","-8.304","5.662"
"00:25:41","-89.834","-58.261","-59.979","-8.300","5.628"
"00:25:42","-89.373","-58.223","-59.941","-8.311","5.647"
"00:25:43","-89.525","-58.257","-60.034","-8.300","5.681"
"00:25:44","-89.438","-58.240","-60.026","-8.331","5.658"
"00:25:45","-89.392","-58.253","-60.160","-8.418","5.549"
"00:25:46","-89.309","-58.220","-59.962","-8.338","5.602"
"00:25:47","-89.327","-58.240","-59.949","-8.350","5.501"
"00:25:48","-89.387","-58.249","-59.987","-8.319","5.557"
"00:25:49","-89.475","-58.262","-59.941","-8.300","5.681"
"00:25:50","-89.240","-58.245","-59.996","-8.308","5.635"
"00:25:51","-89.198","-58.253","-60.161","-8.426","5.572"
"00:25:52","-89.350","-58.249","-60.100","-8.335","5.553"
"00:25:53","-89.406","-58.258","-60.039","-8.301","5.568"
"00:25:54","-89.369","-58.253","-59.904","-8.339","5.568"
"00:25:55","-89.272","-58.266","-60.000","-8.422","5.421"
"00:25:56","-89.300","-58.271","-60.061","-8.438","5.414"
"00:25:57","-89.341","-58.275","-60.131","-8.434","5.474"
"00:25:58","-89.554","-58.279","-59.921","-8.240","5.541"
"00:25:59","-89.586","-58.279","-59.790","-8.248","5.564"
"00:26:00","-89.420","-58.254","-59.601","-8.290","5.571"
"00:26:01","-89.425","-58.288","-59.858","-8.426","5.436"
"00:26:02","-89.430","-58.271","-59.833","-8.343","5.530"
"00:26:03","-89.430","-58.288","-59.774","-8.282","5.473"
"00:26:04","-89.623","-58.284","-59.635","-8.271","5.548"
"00:26:05","-89.370","-58.288","-59.727","-8.377","5.432"
"00:26:06","-89.383","-58.313","-60.027","-8.480","5.365"
"00:26:07","-89.222","-58.279","-60.075","-8.438","5.361"
"00:26:08","-89.268","-58.284","-60.157","-8.453","5.350"
"00:26:09","-89.282","-58.309","-60.296","-8.476","5.342"
"00:26:10","-89.398","-58.318","-60.383","-8.446","5.301"
"00:26:11","-89.315","-58.318","-60.365","-8.472","5.255"
"00:26:12","-89.366","-58.297","-60.222","-8.404","5.379"
"00:26:13","-89.259","-58.309","-60.287","-8.476","5.300"
"00:26:14","-89.236","-58.297","-60.357","-8.510","5.233"
"00:26:15","-89.370","-58.305","-60.253","-8.408","5.338"
"00:26:16","-89.315","-58.305","-60.162","-8.442","5.274"
"00:26:17","-89.329","-58.284","-60.019","-8.393","5.304"
"00:26:18","-89.251","-58.301","-60.093","-8.503","5.142"
"00:26:19","-89.260","-58.310","-60.102","-8.496","5.199"
"00:26:20","-89.255","-58.318","-60.076","-8.465","5.274"
"00:26:21","-89.237","-58.310","-59.888","-8.355","5.360"
"00:26:22","-89.228","-58.293","-59.728","-8.355","5.307"
"00:26:23","-89.163","-58.314","-59.779","-8.443","5.262"
"00:26:24","-89.182","-58.302","-59.665","-8.378","5.367"
"00:26:25","-89.122","-58.306","-59.695","-8.439","5.292"
"00:26:26","-89.108","-58.306","-59.733","-8.435","5.247"
"00:26:27","-89.200","-58.293","-59.464","-8.344","5.423"
"00:26:28","-89.067","-58.302","-59.519","-8.424","5.359"
"00:26:29","-89.002","-58.302","-59.657","-8.436","5.378"
"00:26:30","-89.159","-58.294","-59.548","-8.375","5.232"
"00:26:31","-89.256","-58.323","-59.599","-8.413","5.213"
"00:26:32","-89.164","-58.327","-59.704","-8.485","5.093"
"00:26:33","-89.229","-58.332","-59.708","-8.413","5.213"
"00:26:34","-89.021","-58.260","-59.334","-8.341","5.265"
"00:26:35","-89.229","-58.285","-59.363","-8.424","5.239"
"00:26:36","-89.210","-58.311","-59.531","-8.440","5.156"
"00:26:37","-89.122","-58.319","-59.679","-8.470","5.156"
"00:26:38","-89.409","-58.315","-59.569","-8.462","5.070"
"00:26:39","-89.164","-58.315","-59.519","-8.474","5.059"
"00:26:40","-89.266","-58.332","-59.616","-8.508","5.062"
"00:26:41","-89.132","-58.345","-59.734","-8.542","4.991"
"00:26:42","-89.100","-58.324","-59.944","-8.588","5.032"
"00:26:43","-89.229","-58.336","-60.042","-8.535","4.946"
"00:26:44","-89.220","-58.320","-59.944","-8.512","4.983"
"00:26:45","-89.229","-58.341","-59.999","-8.543","5.040"
"00:26:46","-89.243","-58.353","-60.125","-8.566","4.972"
"00:26:47","-89.266","-58.358","-60.069","-8.516","5.025"
"00:26:48","-89.372","-58.328","-59.713","-8.467","5.021"
"00:26:49","-89.114","-58.345","-59.840","-8.566","4.987"
"00:26:50","-89.317","-58.362","-59.760","-8.456","5.077"
"00:26:51","-89.313","-58.349","-59.722","-8.509","5.006"
"00:26:52","-89.276","-58.345","-59.781","-8.559","5.024"
"00:26:53","-89.244","-58.358","-59.890","-8.581","4.994"
"00:26:54","-89.391","-58.358","-59.810","-8.448","5.005"
"00:26:55","-89.354","-58.350","-59.680","-8.521","5.005"
"00:26:56","-89.599","-58.362","-59.579","-8.406","5.129"
"00:26:57","-89.548","-58.345","-59.440","-8.452","5.032"
"00:26:58","-89.590","-58.363","-59.566","-8.517","4.953"
"00:26:59","-89.567","-58.337","-59.545","-8.479","5.031"
"00:27:00","-89.701","-58.346","-59.440","-8.418","5.031"
"00:27:01","-89.738","-58.350","-59.402","-8.471","4.968"
"00:27:02","-89.650","-58.346","-59.482","-8.540","4.915"
"00:27:03","-89.788","-58.337","-59.343","-8.376","5.043"
"00:27:04","-89.770","-58.341","-59.356","-8.422","5.001"
"00:27:05","-89.844","-58.346","-59.289","-8.399","5.020"
"00:27:06","-89.752","-58.337","-59.470","-8.528","4.840"
"00:27:07","-89.770","-58.371","-59.466","-8.453","4.885"
"00:27:08","-89.853","-58.388","-59.398","-8.487","4.881"
"00:27:09","-89.710","-58.334","-59.335","-8.491","4.870"
"00:27:10","-89.747","-58.351","-59.357","-8.495","4.899"
"00:27:11","-89.761","-58.342","-59.365","-8.491","4.907"
"00:27:12","-89.683","-58.355","-59.483","-8.525","4.884"
"00:27:13","-90.222","-58.498","-59.567","-8.510","4.975"
"00:27:14","-90.907","-58.725","-59.533","-8.460","4.896"
"00:27:15","-92.412","-59.231","-59.319","-8.350","5.181"
"00:27:16","-93.427","-59.879","-59.521","-8.461","5.162"
"00:27:17","-93.998","-60.217","-59.740","-8.541","5.117"
"00:27:18","-95.210","-60.954","-60.434","-8.575","5.230"
"00:27:19","-96.585","-61.716","-61.175","-8.628","5.196"
"00:27:20","-97.447","-62.128","-61.552","-8.655","5.181"
"00:27:21","-99.220","-63.038","-62.232","-8.670","5.184"
"00:27:22","-100.676","-63.964","-62.687","-8.620","5.301"
"00:27:23","-98.890","-63.891","-63.068","-8.742","5.207"
"00:27:24","-93.193","-62.180","-64.008","-8.883","5.057"
"00:27:25","-85.116","-58.532","-64.173","-8.860","5.256"
"00:27:26","-82.210","-56.937","-63.904","-8.853","5.282"
"00:27:27","-77.199","-54.045","-63.042","-8.898","5.113"
"00:27:28","-72.491","-51.347","-61.708","-8.932","5.015"
"00:27:29","-70.276","-50.092","-60.989","-8.925","4.952"
"00:27:30","-66.481","-47.719","-59.126","-8.689","5.068"
"00:27:31","-62.773","-45.496","-57.177","-8.700","4.955"
"00:27:32","-61.149","-44.455","-56.263","-8.659","4.835"
"00:27:33","-58.023","-42.454","-54.327","-8.465","4.922"
"00:27:34","-54.849","-40.520","-52.353","-8.377","4.865"
"00:27:35","-53.557","-39.640","-51.427","-8.237","4.933"
"00:27:36","-50.930","-37.993","-49.650","-8.134","4.944"
"00:27:37","-48.510","-36.435","-48.127","-7.971","4.820"
"00:27:38","-47.489","-35.695","-47.320","-7.875","4.809"
"00:27:39","-45.455","-34.298","-45.595","-7.640","4.940"
"00:27:40","-43.438","-32.976","-43.961","-8.024","4.876"
"00:27:41","-42.516","-32.346","-43.183","-7.397","4.828"
"00:27:42","-40.800","-31.137","-40.734","-7.279","4.764"
"00:27:43","-39.282","-29.980","-38.186","-7.032","4.854"
"00:27:44","-38.587","-29.448","-36.945","-6.906","4.910"
"00:27:45","-37.081","-28.396","-34.969","-6.865","4.865"
"00:27:46","-35.720","-27.375","-33.422","-6.640","4.779"
"00:27:47","-34.993","-26.882","-32.735","-6.534","4.798"
"00:27:48","-33.699","-25.912","-31.486","-6.344","4.704"
"00:27:49","-32.390","-24.946","-30.189","-6.177","4.681"
"00:27:50","-31.832","-24.481","-29.634","-5.990","4.790"
"00:27:51","-30.591","-23.567","-28.636","-5.891","4.767"
"00:27:52","-29.468","-22.672","-27.738","-5.675","4.865"
"00:27:53","-28.908","-22.258","-27.304","-5.553","4.981"
"00:27:54","-27.860","-21.426","-26.440","-5.409","5.015"
"00:27:55","-26.815","-20.606","-25.565","-5.230","4.996"
"00:27:56","-26.310","-20.200","-25.175","-5.173","5.019"
"00:27:57","-25.372","-19.459","-24.485","-5.021","5.098"
"00:27:58","-24.485","-18.760","-23.878","-4.842","5.147"
"00:27:59","-24.048","-18.424","-23.594","-4.736","5.244"
"00:28:00","-23.283","-17.776","-23.011","-4.554","5.338"
"00:28:01","-22.463","-17.143","-22.412","-4.420","5.319"
"00:28:02","-22.061","-16.846","-22.112","-4.318","5.390"
"00:28:03","-21.356","-16.282","-21.513","-4.189","5.394"
"00:28:04","-20.705","-15.753","-20.957","-4.022","5.413"
"00:28:05","-20.413","-15.498","-20.689","-3.972","5.431"
"00:28:06","-19.683","-15.020","-20.181","-3.854","5.435"
"00:28:07","-19.100","-14.510","-19.618","-3.680","5.510"
"00:28:08","-18.834","-14.286","-19.305","-3.600","5.510"
"00:28:09","-18.239","-13.850","-18.548","-3.516","5.503"
"00:28:10","-17.656","-13.425","-18.023","-3.360","5.593"
"00:28:11","-17.390","-13.197","-17.726","-3.265","5.597"
"00:28:12","-16.900","-12.781","-17.189","-3.121","5.668"
"00:28:13","-16.363","-12.383","-16.676","-3.014","5.735"
"00:28:14","-16.120","-12.179","-16.467","-2.919","5.825"
"00:28:15","-15.634","-11.816","-15.966","-2.813","5.837"
"00:28:16","-15.143","-11.484","-15.568","-2.745","5.769"
"00:28:17","-14.900","-11.294","-15.348","-2.699","5.818"
"00:28:18","-14.537","-10.893","-14.804","-2.543","6.009"
"00:28:19","-13.947","-10.584","-14.391","-2.486","5.945"
"00:28:20","-13.819","-10.407","-14.186","-2.410","6.047"
"00:28:21","-13.422","-10.098","-13.680","-2.292","6.122"
"00:28:22","-13.055","-9.800","-13.287","-2.220","6.201"
"00:28:23","-12.877","-9.671","-13.132","-2.201","6.144"
"00:28:24","-12.557","-9.393","-12.727","-2.114","6.234"
"00:28:25","-12.218","-9.093","-11.557","-2.061","6.253"
"00:28:26","-12.059","-8.937","-11.407","-2.000","6.276"
"00:28:27","-11.762","-8.637","-11.052","-1.905","6.380"
"00:28:28","-11.345","-8.378","-10.561","-1.852","6.377"
"00:28:29","-11.187","-8.257","-10.388","-1.817","6.418"
"00:28:30","-10.870","-8.055","-10.002","-1.745","6.414"
"00:28:31","-10.619","-7.842","-9.705","-1.696","6.347"
"00:28:32","-10.488","-7.747","-9.603","-1.643","6.429"
"00:28:33","-10.149","-7.546","-9.287","-1.590","6.504"
"00:28:34","-9.910","-7.371","-8.994","-1.521","6.572"
"00:28:35","-9.804","-7.269","-8.873","-1.491","6.639"
"00:28:36","-9.523","-7.105","-8.607","-1.491","6.606"
"00:28:37","-9.280","-6.931","-8.329","-1.415","6.673"
"00:28:38","-9.131","-6.847","-8.189","-1.365","6.722"
"00:28:39","-8.869","-6.653","-7.900","-1.335","6.703"
"00:28:40","-8.603","-6.463","-7.660","-1.282","6.774"
"00:28:41","-8.474","-6.364","-7.508","-1.244","6.801"
"00:28:42","-8.223","-6.197","-7.311","-1.191","6.849"
"00:28:43","-7.995","-6.045","-7.075","-1.115","6.909"
"00:28:44","-7.892","-5.973","-6.988","-1.061","6.992"
"00:28:45","-7.611","-5.817","-6.752","-0.970","7.120"
"00:28:46","-7.421","-5.661","-6.543","-0.887","7.146"
"00:28:47","-7.303","-5.577","-6.440","-0.890","7.101"
"00:28:48","-7.129","-5.418","-6.289","-0.834","7.134"
"00:28:49","-6.927","-5.277","-6.114","-0.776","7.179"
"00:28:50","-6.817","-5.213","-6.026","-0.750","7.164"
"00:28:51","-6.627","-5.061","-5.821","-0.700","7.213"
"00:28:52","-6.441","-4.916","-5.612","-0.663","7.269"
"00:28:53","-6.330","-4.806","-5.502","-0.617","7.284"
"00:28:54","-6.160","-4.658","-5.266","-0.564","7.374"
"00:28:55","-5.939","-4.551","-5.068","-0.514","7.502"
"00:28:56","-5.863","-4.517","-4.989","-0.511","7.472"
"00:28:57","-5.719","-4.419","-4.806","-0.454","7.622"
"00:28:58","-5.570","-4.354","-4.647","-0.404","7.592"
"00:28:59","-5.468","-4.278","-4.567","-0.382","7.592"
"00:29:00","-5.308","-4.202","-4.403","-0.363","7.543"
"00:29:01","-5.167","-4.130","-4.209","-0.294","7.618"
"00:29:02","-5.091","-4.092","-4.126","-0.294","7.637"
"00:29:03","-4.886","-3.951","-3.978","-0.252","7.656"
"00:29:04","-4.727","-3.849","-3.807","-0.184","7.734"
"00:29:05","-4.654","-3.822","-3.738","-0.180","7.768"
"00:29:06","-4.502","-3.742","-3.609","-0.176","7.854"
"00:29:07","-4.362","-3.624","-3.480","-0.146","7.821"
"00:29:08","-4.286","-3.575","-3.408","-0.112","7.866"
"00:29:09","-4.141","-3.506","-3.294","-0.112","7.836"
"00:29:10","-3.982","-3.427","-3.168","-0.078","7.854"
"00:29:11","-3.932","-3.366","-3.088","-0.051","7.922"
"00:29:12","-3.750","-3.267","-2.955","-0.036","7.948"
"00:29:13","-3.621","-3.149","-2.807","0.036","8.136"
"00:29:14","-3.560","-3.092","-2.720","0.028","8.083"
"00:29:15","-3.438","-2.993","-2.442","0.032","8.042"
"00:29:16","-3.320","-2.883","-2.359","0.100","8.117"
"00:29:17","-3.233","-2.830","-2.294","0.111","8.211"
"00:29:18","-3.096","-2.705","-2.161","0.126","8.188"
"00:29:19","-2.963","-2.560","-2.035","0.182","8.361"
"00:29:20","-2.906","-2.477","-1.998","0.205","8.353"
"00:29:21","-2.785","-2.340","-1.872","0.235","8.428"
"00:29:22","-2.613","-2.226","-1.781","0.272","8.432"
"00:29:23","-2.541","-2.173","-1.732","0.295","8.440"
"00:29:24","-2.420","-2.013","-1.614","0.328","8.635"
"00:29:25","-2.306","-1.918","-1.538","0.373","8.699"
"00:29:26","-2.256","-1.869","-1.511","0.373","8.691"
"00:29:27","-2.146","-1.770","-1.416","0.384","8.680"
"00:29:28","-2.032","-1.667","-1.333","0.418","8.710"
"00:29:29","-1.964","-1.618","-1.298","0.444","8.743"
"00:29:30","-1.861","-1.542","-1.219","0.463","8.829"
"00:29:31","-1.743","-1.454","-1.124","0.527","8.931"
"00:29:32","-1.694","-1.413","-1.090","0.553","8.949"
"00:29:33","-1.592","-1.325","-1.018","0.575","8.998"
"00:29:34","-1.512","-1.238","-0.968","0.613","9.107"
"00:29:35","-1.470","-1.208","-0.949","0.609","9.070"
"00:29:36","-1.360","-1.124","-0.911","0.628","9.054"
"00:29:37","-1.310","-1.056","-0.885","0.635","9.159"
"00:29:38","-1.268","-1.025","-0.881","0.654","9.261"
"00:29:39","-1.113","-0.930","-0.812","0.680","9.234"
"00:29:40","-1.018","-0.862","-0.794","0.665","9.306"
"00:29:41","-0.984","-0.832","-0.763","0.676","9.298"
"00:29:42","-0.839","-0.763","-0.721","0.688","9.471"
"00:29:43","-0.767","-0.691","-0.668","0.706","9.535"
"00:29:44","-0.718","-0.649","-0.630","0.703","9.553"
"00:29:45","-0.630","-0.592","-0.573","0.782","9.677"
"00:29:46","-0.513","-0.528","-0.494","0.766","9.636"
"00:29:47","-0.459","-0.497","-0.459","0.781","9.636"
"00:29:48","-0.349","-0.418","-0.364","0.815","9.801"
"00:29:49","-0.228","-0.319","-0.269","0.875","9.924"
"00:29:50","-0.228","-0.292","-0.243","0.871","10.000"
"00:29:51","-0.079","-0.231","-0.178","0.879","9.909"
"00:29:52","0.057","-0.125","-0.125","0.894","9.954"
"00:29:53","0.124","-0.083","-0.087","0.912","10.022"
"00:29:54","0.255","-0.015","-0.011","0.984","10.129"
"00:29:55","0.353","0.057","0.057","1.002","10.152"
"00:29:56","0.387","0.090","0.098","1.036","10.185"
"00:29:57","0.477","0.146","0.150","1.040","10.233"
"00:29:58","0.559","0.195","0.203","1.062","10.282"
"00:29:59","0.630","0.225","0.240","1.070","10.311"
"00:30:00","0.702","0.289","0.308","1.096","10.389"
"00:30:01","0.810","0.341","0.371","1.073","10.422"
"00:30:02","0.863","0.383","0.401","1.137","10.523"
"00:30:03","0.964","0.443","0.469","1.197","10.608"
"00:30:04","1.096","0.495","0.529","1.208","10.690"
"00:30:05","1.126","0.503","0.551","1.204","10.668"
"00:30:06","1.174","0.563","0.596","1.246","10.697"
"00:30:07","1.459","0.664","0.705","1.696","11.210"
"00:30:08","1.651","0.754","0.758","2.090","11.626"
"00:30:09","1.756","0.799","0.728","1.809","11.630"
"00:30:10","1.640","0.825","0.900","1.583","11.504"
"00:30:11","1.643","0.799","0.919","1.508","11.388"
"00:30:12","1.865","0.810","0.934","1.437","11.251"
"00:30:13","1.943","0.836","0.934","1.433","11.329"
"00:30:14","1.951","0.866","0.994","1.617","11.433"
"00:30:15","1.940","0.881","1.012","1.560","12.235"
"00:30:16","2.014","0.990","1.084","1.842","12.127"
"00:30:17","1.962","0.997","1.114","1.898","12.105"
"00:30:18","2.390","1.110","1.331","2.161","12.956"
"00:30:19","2.307","1.159","1.316","2.101","16.129"
"00:30:20","2.269","1.192","1.342","2.093","13.810"
"00:30:21","2.299","1.264","1.556","2.408","16.062"
"00:30:22","2.254","1.260","1.616","2.172","18.507"
"00:30:23","2.397","1.324","1.759","2.138","20.141"
"00:30:24","3.091","1.898","2.074","2.149","21.204"
"00:30:25","3.226","2.104","2.374","1.928","16.887"
"00:30:26","3.279","2.171","2.408","1.965","16.597"
"00:30:27","3.312","2.213","2.434","1.972","17.114"
"00:30:28","3.357","2.303","2.472","2.220","18.637"
"00:30:29","3.369","2.325","2.460","2.096","18.143"
"00:30:30","3.398","2.396","2.505","2.344","18.239"
"00:30:31","3.402","2.441","2.509","2.610","18.480"
"00:30:32","3.436","2.463","2.535","2.880","18.908"
"00:30:33","3.439","2.505","2.546","2.921","16.009"
"00:30:34","3.432","2.523","2.535","3.833","12.951"
"00:30:35","3.439","2.542","2.531","4.610","15.537"
"00:30:36","3.454","2.580","2.553","7.613","17.388"
"00:30:37","3.596","2.632","2.560","6.697","15.020"
"00:30:38","3.506","2.647","2.598","6.607","16.767"
"00:30:39","6.749","4.977","5.383","12.630","15.536"
"00:30:40","9.024","3.656","3.671","12.694","16.425"
"00:30:41","9.380","3.739","3.892","13.459","17.175"
"00:30:42","11.991","4.624","4.977","13.771","17.925"
"00:30:43","13.180","7.747","5.927","13.347","18.512"
"00:30:44","12.247","8.606","6.095","13.540","18.590"
"00:30:45","10.363","9.218","7.450","13.793","19.114"
"00:30:46","10.006","9.721","7.897","13.949","19.586"
"00:30:47","9.969","9.830","8.107","13.904","19.608"
"00:30:48","10.102","10.062","8.854","13.908","19.686"
"00:30:49","10.117","10.199","9.540","13.863","19.715"
"00:30:50","10.113","10.332","9.949","14.000","19.801"
"00:30:51","10.150","10.477","10.440","14.275","19.882"
"00:30:52","10.076","10.537","10.819","14.390","19.882"
"00:30:53","10.064","10.588","10.990","14.356","19.770"
"00:30:54","10.183","10.774","11.472","14.776","20.004"
"00:30:55","10.343","10.911","11.688","15.032","20.236"
"00:30:56","10.387","10.974","11.766","15.080","20.188"
"00:30:57","10.480","11.071","11.992","15.259","20.151"
"00:30:58","10.554","11.241","12.267","15.537","20.129"
"00:30:59","10.606","11.323","12.308","15.619","20.154"
